<annotation>
	<folder>anno</folder>
	<filename>2008_001501.jpg</filename>
	<source>
		<database>The anno Database</database>
		<annotation>VC anno</annotation>
		<image>Unknow</image>
		<flickrid>Unknow</flickrid>
	</source>
	<owner>
		<flickrid>Unknow</flickrid>
		<name>Unknow</name>
	</owner>
	<size>
		<width>500</width>
		<height>366</height>
		<depth>4</depth>
	</size>
	<segmented>1</segmented>
	<polygon>
		<tag>background</tag>
		<point>
			<X>25</X>
			<Y>62</Y>
		</point>
		<point>
			<X>27</X>
			<Y>62</Y>
		</point>
		<point>
			<X>28</X>
			<Y>62</Y>
		</point>
		<point>
			<X>31</X>
			<Y>62</Y>
		</point>
		<point>
			<X>36</X>
			<Y>62</Y>
		</point>
		<point>
			<X>40</X>
			<Y>62</Y>
		</point>
		<point>
			<X>40</X>
			<Y>62</Y>
		</point>
		<point>
			<X>47</X>
			<Y>62</Y>
		</point>
		<point>
			<X>47</X>
			<Y>62</Y>
		</point>
		<point>
			<X>61</X>
			<Y>62</Y>
		</point>
		<point>
			<X>61</X>
			<Y>62</Y>
		</point>
		<point>
			<X>74</X>
			<Y>62</Y>
		</point>
		<point>
			<X>74</X>
			<Y>62</Y>
		</point>
		<point>
			<X>89</X>
			<Y>62</Y>
		</point>
		<point>
			<X>89</X>
			<Y>62</Y>
		</point>
		<point>
			<X>102</X>
			<Y>62</Y>
		</point>
		<point>
			<X>102</X>
			<Y>62</Y>
		</point>
		<point>
			<X>115</X>
			<Y>62</Y>
		</point>
		<point>
			<X>115</X>
			<Y>62</Y>
		</point>
		<point>
			<X>125</X>
			<Y>62</Y>
		</point>
		<point>
			<X>125</X>
			<Y>62</Y>
		</point>
		<point>
			<X>140</X>
			<Y>62</Y>
		</point>
		<point>
			<X>140</X>
			<Y>62</Y>
		</point>
		<point>
			<X>155</X>
			<Y>62</Y>
		</point>
		<point>
			<X>155</X>
			<Y>62</Y>
		</point>
		<point>
			<X>169</X>
			<Y>66</Y>
		</point>
		<point>
			<X>169</X>
			<Y>66</Y>
		</point>
		<point>
			<X>181</X>
			<Y>66</Y>
		</point>
		<point>
			<X>196</X>
			<Y>66</Y>
		</point>
		<point>
			<X>206</X>
			<Y>67</Y>
		</point>
		<point>
			<X>206</X>
			<Y>67</Y>
		</point>
		<point>
			<X>217</X>
			<Y>67</Y>
		</point>
		<point>
			<X>222</X>
			<Y>67</Y>
		</point>
		<point>
			<X>229</X>
			<Y>70</Y>
		</point>
		<point>
			<X>229</X>
			<Y>70</Y>
		</point>
		<point>
			<X>235</X>
			<Y>70</Y>
		</point>
		<point>
			<X>239</X>
			<Y>71</Y>
		</point>
		<point>
			<X>239</X>
			<Y>71</Y>
		</point>
		<point>
			<X>245</X>
			<Y>72</Y>
		</point>
		<point>
			<X>245</X>
			<Y>72</Y>
		</point>
		<point>
			<X>254</X>
			<Y>72</Y>
		</point>
		<point>
			<X>257</X>
			<Y>73</Y>
		</point>
		<point>
			<X>257</X>
			<Y>73</Y>
		</point>
		<point>
			<X>265</X>
			<Y>75</Y>
		</point>
		<point>
			<X>265</X>
			<Y>75</Y>
		</point>
		<point>
			<X>274</X>
			<Y>77</Y>
		</point>
		<point>
			<X>274</X>
			<Y>77</Y>
		</point>
		<point>
			<X>281</X>
			<Y>78</Y>
		</point>
		<point>
			<X>281</X>
			<Y>78</Y>
		</point>
		<point>
			<X>285</X>
			<Y>78</Y>
		</point>
		<point>
			<X>292</X>
			<Y>82</Y>
		</point>
		<point>
			<X>292</X>
			<Y>82</Y>
		</point>
		<point>
			<X>300</X>
			<Y>83</Y>
		</point>
		<point>
			<X>300</X>
			<Y>83</Y>
		</point>
		<point>
			<X>306</X>
			<Y>85</Y>
		</point>
		<point>
			<X>306</X>
			<Y>85</Y>
		</point>
		<point>
			<X>312</X>
			<Y>87</Y>
		</point>
		<point>
			<X>312</X>
			<Y>87</Y>
		</point>
		<point>
			<X>316</X>
			<Y>87</Y>
		</point>
		<point>
			<X>320</X>
			<Y>87</Y>
		</point>
		<point>
			<X>325</X>
			<Y>90</Y>
		</point>
		<point>
			<X>325</X>
			<Y>90</Y>
		</point>
		<point>
			<X>326</X>
			<Y>92</Y>
		</point>
		<point>
			<X>326</X>
			<Y>92</Y>
		</point>
		<point>
			<X>328</X>
			<Y>92</Y>
		</point>
		<point>
			<X>332</X>
			<Y>92</Y>
		</point>
		<point>
			<X>336</X>
			<Y>95</Y>
		</point>
		<point>
			<X>336</X>
			<Y>95</Y>
		</point>
		<point>
			<X>337</X>
			<Y>96</Y>
		</point>
		<point>
			<X>337</X>
			<Y>96</Y>
		</point>
		<point>
			<X>341</X>
			<Y>96</Y>
		</point>
		<point>
			<X>346</X>
			<Y>97</Y>
		</point>
		<point>
			<X>346</X>
			<Y>97</Y>
		</point>
		<point>
			<X>348</X>
			<Y>100</Y>
		</point>
		<point>
			<X>348</X>
			<Y>100</Y>
		</point>
		<point>
			<X>351</X>
			<Y>100</Y>
		</point>
		<point>
			<X>353</X>
			<Y>101</Y>
		</point>
		<point>
			<X>353</X>
			<Y>101</Y>
		</point>
		<point>
			<X>355</X>
			<Y>102</Y>
		</point>
		<point>
			<X>355</X>
			<Y>102</Y>
		</point>
		<point>
			<X>357</X>
			<Y>103</Y>
		</point>
		<point>
			<X>357</X>
			<Y>103</Y>
		</point>
		<point>
			<X>361</X>
			<Y>105</Y>
		</point>
		<point>
			<X>361</X>
			<Y>105</Y>
		</point>
		<point>
			<X>363</X>
			<Y>106</Y>
		</point>
		<point>
			<X>363</X>
			<Y>106</Y>
		</point>
		<point>
			<X>365</X>
			<Y>108</Y>
		</point>
		<point>
			<X>365</X>
			<Y>108</Y>
		</point>
		<point>
			<X>368</X>
			<Y>110</Y>
		</point>
		<point>
			<X>368</X>
			<Y>110</Y>
		</point>
		<point>
			<X>370</X>
			<Y>111</Y>
		</point>
		<point>
			<X>370</X>
			<Y>111</Y>
		</point>
		<point>
			<X>372</X>
			<Y>113</Y>
		</point>
		<point>
			<X>372</X>
			<Y>113</Y>
		</point>
		<point>
			<X>373</X>
			<Y>115</Y>
		</point>
		<point>
			<X>373</X>
			<Y>115</Y>
		</point>
		<point>
			<X>377</X>
			<Y>115</Y>
		</point>
		<point>
			<X>377</X>
			<Y>115</Y>
		</point>
		<point>
			<X>378</X>
			<Y>117</Y>
		</point>
		<point>
			<X>378</X>
			<Y>117</Y>
		</point>
		<point>
			<X>384</X>
			<Y>120</Y>
		</point>
		<point>
			<X>384</X>
			<Y>120</Y>
		</point>
		<point>
			<X>386</X>
			<Y>122</Y>
		</point>
		<point>
			<X>386</X>
			<Y>122</Y>
		</point>
		<point>
			<X>387</X>
			<Y>125</Y>
		</point>
		<point>
			<X>387</X>
			<Y>125</Y>
		</point>
		<point>
			<X>392</X>
			<Y>128</Y>
		</point>
		<point>
			<X>392</X>
			<Y>128</Y>
		</point>
		<point>
			<X>394</X>
			<Y>131</Y>
		</point>
		<point>
			<X>394</X>
			<Y>131</Y>
		</point>
		<point>
			<X>399</X>
			<Y>136</Y>
		</point>
		<point>
			<X>399</X>
			<Y>136</Y>
		</point>
		<point>
			<X>402</X>
			<Y>140</Y>
		</point>
		<point>
			<X>402</X>
			<Y>140</Y>
		</point>
		<point>
			<X>405</X>
			<Y>141</Y>
		</point>
		<point>
			<X>405</X>
			<Y>141</Y>
		</point>
		<point>
			<X>412</X>
			<Y>147</Y>
		</point>
		<point>
			<X>412</X>
			<Y>147</Y>
		</point>
		<point>
			<X>416</X>
			<Y>151</Y>
		</point>
		<point>
			<X>416</X>
			<Y>151</Y>
		</point>
		<point>
			<X>421</X>
			<Y>155</Y>
		</point>
		<point>
			<X>421</X>
			<Y>155</Y>
		</point>
		<point>
			<X>425</X>
			<Y>158</Y>
		</point>
		<point>
			<X>425</X>
			<Y>158</Y>
		</point>
		<point>
			<X>430</X>
			<Y>161</Y>
		</point>
		<point>
			<X>430</X>
			<Y>161</Y>
		</point>
		<point>
			<X>431</X>
			<Y>163</Y>
		</point>
		<point>
			<X>431</X>
			<Y>163</Y>
		</point>
		<point>
			<X>434</X>
			<Y>166</Y>
		</point>
		<point>
			<X>434</X>
			<Y>166</Y>
		</point>
		<point>
			<X>435</X>
			<Y>166</Y>
		</point>
		<point>
			<X>435</X>
			<Y>166</Y>
		</point>
		<point>
			<X>437</X>
			<Y>170</Y>
		</point>
		<point>
			<X>440</X>
			<Y>171</Y>
		</point>
		<point>
			<X>440</X>
			<Y>171</Y>
		</point>
		<point>
			<X>442</X>
			<Y>173</Y>
		</point>
		<point>
			<X>442</X>
			<Y>173</Y>
		</point>
		<point>
			<X>444</X>
			<Y>175</Y>
		</point>
		<point>
			<X>444</X>
			<Y>175</Y>
		</point>
		<point>
			<X>446</X>
			<Y>176</Y>
		</point>
		<point>
			<X>446</X>
			<Y>176</Y>
		</point>
		<point>
			<X>447</X>
			<Y>176</Y>
		</point>
		<point>
			<X>450</X>
			<Y>178</Y>
		</point>
		<point>
			<X>450</X>
			<Y>178</Y>
		</point>
		<point>
			<X>450</X>
			<Y>180</Y>
		</point>
		<point>
			<X>450</X>
			<Y>180</Y>
		</point>
		<point>
			<X>451</X>
			<Y>180</Y>
		</point>
		<point>
			<X>451</X>
			<Y>181</Y>
		</point>
		<point>
			<X>453</X>
			<Y>181</Y>
		</point>
		<point>
			<X>453</X>
			<Y>181</Y>
		</point>
		<point>
			<X>453</X>
			<Y>181</Y>
		</point>
		<point>
			<X>456</X>
			<Y>181</Y>
		</point>
		<point>
			<X>457</X>
			<Y>181</Y>
		</point>
		<point>
			<X>458</X>
			<Y>183</Y>
		</point>
		<point>
			<X>458</X>
			<Y>183</Y>
		</point>
		<point>
			<X>460</X>
			<Y>185</Y>
		</point>
		<point>
			<X>460</X>
			<Y>185</Y>
		</point>
		<point>
			<X>460</X>
			<Y>186</Y>
		</point>
		<point>
			<X>460</X>
			<Y>186</Y>
		</point>
		<point>
			<X>460</X>
			<Y>188</Y>
		</point>
		<point>
			<X>460</X>
			<Y>188</Y>
		</point>
		<point>
			<X>460</X>
			<Y>190</Y>
		</point>
		<point>
			<X>460</X>
			<Y>190</Y>
		</point>
		<point>
			<X>460</X>
			<Y>191</Y>
		</point>
		<point>
			<X>460</X>
			<Y>191</Y>
		</point>
		<point>
			<X>460</X>
			<Y>193</Y>
		</point>
		<point>
			<X>460</X>
			<Y>193</Y>
		</point>
		<point>
			<X>460</X>
			<Y>195</Y>
		</point>
		<point>
			<X>460</X>
			<Y>195</Y>
		</point>
		<point>
			<X>460</X>
			<Y>197</Y>
		</point>
		<point>
			<X>460</X>
			<Y>197</Y>
		</point>
		<point>
			<X>460</X>
			<Y>200</Y>
		</point>
		<point>
			<X>460</X>
			<Y>200</Y>
		</point>
		<point>
			<X>460</X>
			<Y>203</Y>
		</point>
		<point>
			<X>460</X>
			<Y>203</Y>
		</point>
		<point>
			<X>460</X>
			<Y>206</Y>
		</point>
		<point>
			<X>460</X>
			<Y>206</Y>
		</point>
		<point>
			<X>460</X>
			<Y>208</Y>
		</point>
		<point>
			<X>460</X>
			<Y>208</Y>
		</point>
		<point>
			<X>460</X>
			<Y>211</Y>
		</point>
		<point>
			<X>460</X>
			<Y>211</Y>
		</point>
		<point>
			<X>460</X>
			<Y>212</Y>
		</point>
		<point>
			<X>460</X>
			<Y>212</Y>
		</point>
		<point>
			<X>460</X>
			<Y>215</Y>
		</point>
		<point>
			<X>460</X>
			<Y>215</Y>
		</point>
		<point>
			<X>460</X>
			<Y>218</Y>
		</point>
		<point>
			<X>460</X>
			<Y>218</Y>
		</point>
		<point>
			<X>458</X>
			<Y>221</Y>
		</point>
		<point>
			<X>458</X>
			<Y>221</Y>
		</point>
		<point>
			<X>458</X>
			<Y>223</Y>
		</point>
		<point>
			<X>458</X>
			<Y>223</Y>
		</point>
		<point>
			<X>458</X>
			<Y>225</Y>
		</point>
		<point>
			<X>458</X>
			<Y>225</Y>
		</point>
		<point>
			<X>457</X>
			<Y>228</Y>
		</point>
		<point>
			<X>457</X>
			<Y>228</Y>
		</point>
		<point>
			<X>457</X>
			<Y>230</Y>
		</point>
		<point>
			<X>457</X>
			<Y>231</Y>
		</point>
		<point>
			<X>457</X>
			<Y>231</Y>
		</point>
		<point>
			<X>457</X>
			<Y>233</Y>
		</point>
		<point>
			<X>457</X>
			<Y>233</Y>
		</point>
		<point>
			<X>457</X>
			<Y>236</Y>
		</point>
		<point>
			<X>457</X>
			<Y>236</Y>
		</point>
		<point>
			<X>457</X>
			<Y>240</Y>
		</point>
		<point>
			<X>457</X>
			<Y>240</Y>
		</point>
		<point>
			<X>457</X>
			<Y>243</Y>
		</point>
		<point>
			<X>457</X>
			<Y>243</Y>
		</point>
		<point>
			<X>457</X>
			<Y>246</Y>
		</point>
		<point>
			<X>457</X>
			<Y>246</Y>
		</point>
		<point>
			<X>457</X>
			<Y>246</Y>
		</point>
		<point>
			<X>457</X>
			<Y>246</Y>
		</point>
		<point>
			<X>457</X>
			<Y>250</Y>
		</point>
		<point>
			<X>457</X>
			<Y>250</Y>
		</point>
		<point>
			<X>457</X>
			<Y>251</Y>
		</point>
		<point>
			<X>457</X>
			<Y>251</Y>
		</point>
		<point>
			<X>457</X>
			<Y>253</Y>
		</point>
		<point>
			<X>457</X>
			<Y>253</Y>
		</point>
		<point>
			<X>457</X>
			<Y>256</Y>
		</point>
		<point>
			<X>457</X>
			<Y>256</Y>
		</point>
		<point>
			<X>457</X>
			<Y>258</Y>
		</point>
		<point>
			<X>457</X>
			<Y>258</Y>
		</point>
		<point>
			<X>457</X>
			<Y>261</Y>
		</point>
		<point>
			<X>457</X>
			<Y>261</Y>
		</point>
		<point>
			<X>457</X>
			<Y>263</Y>
		</point>
		<point>
			<X>457</X>
			<Y>263</Y>
		</point>
		<point>
			<X>457</X>
			<Y>266</Y>
		</point>
		<point>
			<X>457</X>
			<Y>266</Y>
		</point>
		<point>
			<X>457</X>
			<Y>268</Y>
		</point>
		<point>
			<X>457</X>
			<Y>268</Y>
		</point>
		<point>
			<X>457</X>
			<Y>270</Y>
		</point>
		<point>
			<X>457</X>
			<Y>270</Y>
		</point>
		<point>
			<X>457</X>
			<Y>271</Y>
		</point>
		<point>
			<X>457</X>
			<Y>271</Y>
		</point>
		<point>
			<X>456</X>
			<Y>275</Y>
		</point>
		<point>
			<X>456</X>
			<Y>275</Y>
		</point>
		<point>
			<X>456</X>
			<Y>276</Y>
		</point>
		<point>
			<X>456</X>
			<Y>276</Y>
		</point>
		<point>
			<X>455</X>
			<Y>278</Y>
		</point>
		<point>
			<X>455</X>
			<Y>278</Y>
		</point>
		<point>
			<X>453</X>
			<Y>282</Y>
		</point>
		<point>
			<X>453</X>
			<Y>282</Y>
		</point>
		<point>
			<X>452</X>
			<Y>283</Y>
		</point>
		<point>
			<X>452</X>
			<Y>283</Y>
		</point>
		<point>
			<X>451</X>
			<Y>285</Y>
		</point>
		<point>
			<X>451</X>
			<Y>285</Y>
		</point>
		<point>
			<X>450</X>
			<Y>287</Y>
		</point>
		<point>
			<X>450</X>
			<Y>287</Y>
		</point>
		<point>
			<X>448</X>
			<Y>288</Y>
		</point>
		<point>
			<X>448</X>
			<Y>288</Y>
		</point>
		<point>
			<X>447</X>
			<Y>291</Y>
		</point>
		<point>
			<X>447</X>
			<Y>291</Y>
		</point>
		<point>
			<X>445</X>
			<Y>293</Y>
		</point>
		<point>
			<X>445</X>
			<Y>293</Y>
		</point>
		<point>
			<X>441</X>
			<Y>297</Y>
		</point>
		<point>
			<X>441</X>
			<Y>297</Y>
		</point>
		<point>
			<X>439</X>
			<Y>301</Y>
		</point>
		<point>
			<X>439</X>
			<Y>301</Y>
		</point>
		<point>
			<X>436</X>
			<Y>302</Y>
		</point>
		<point>
			<X>436</X>
			<Y>302</Y>
		</point>
		<point>
			<X>434</X>
			<Y>303</Y>
		</point>
		<point>
			<X>434</X>
			<Y>303</Y>
		</point>
		<point>
			<X>429</X>
			<Y>307</Y>
		</point>
		<point>
			<X>429</X>
			<Y>307</Y>
		</point>
		<point>
			<X>425</X>
			<Y>308</Y>
		</point>
		<point>
			<X>425</X>
			<Y>308</Y>
		</point>
		<point>
			<X>422</X>
			<Y>311</Y>
		</point>
		<point>
			<X>422</X>
			<Y>311</Y>
		</point>
		<point>
			<X>417</X>
			<Y>312</Y>
		</point>
		<point>
			<X>417</X>
			<Y>312</Y>
		</point>
		<point>
			<X>412</X>
			<Y>316</Y>
		</point>
		<point>
			<X>412</X>
			<Y>316</Y>
		</point>
		<point>
			<X>407</X>
			<Y>316</Y>
		</point>
		<point>
			<X>407</X>
			<Y>316</Y>
		</point>
		<point>
			<X>401</X>
			<Y>318</Y>
		</point>
		<point>
			<X>401</X>
			<Y>318</Y>
		</point>
		<point>
			<X>399</X>
			<Y>320</Y>
		</point>
		<point>
			<X>399</X>
			<Y>320</Y>
		</point>
		<point>
			<X>395</X>
			<Y>320</Y>
		</point>
		<point>
			<X>395</X>
			<Y>320</Y>
		</point>
		<point>
			<X>390</X>
			<Y>321</Y>
		</point>
		<point>
			<X>390</X>
			<Y>321</Y>
		</point>
		<point>
			<X>384</X>
			<Y>323</Y>
		</point>
		<point>
			<X>384</X>
			<Y>323</Y>
		</point>
		<point>
			<X>377</X>
			<Y>326</Y>
		</point>
		<point>
			<X>377</X>
			<Y>326</Y>
		</point>
		<point>
			<X>372</X>
			<Y>326</Y>
		</point>
		<point>
			<X>372</X>
			<Y>326</Y>
		</point>
		<point>
			<X>367</X>
			<Y>328</Y>
		</point>
		<point>
			<X>367</X>
			<Y>328</Y>
		</point>
		<point>
			<X>361</X>
			<Y>328</Y>
		</point>
		<point>
			<X>361</X>
			<Y>328</Y>
		</point>
		<point>
			<X>357</X>
			<Y>330</Y>
		</point>
		<point>
			<X>357</X>
			<Y>330</Y>
		</point>
		<point>
			<X>351</X>
			<Y>330</Y>
		</point>
		<point>
			<X>351</X>
			<Y>330</Y>
		</point>
		<point>
			<X>345</X>
			<Y>330</Y>
		</point>
		<point>
			<X>345</X>
			<Y>330</Y>
		</point>
		<point>
			<X>342</X>
			<Y>331</Y>
		</point>
		<point>
			<X>342</X>
			<Y>331</Y>
		</point>
		<point>
			<X>338</X>
			<Y>331</Y>
		</point>
		<point>
			<X>338</X>
			<Y>331</Y>
		</point>
		<point>
			<X>332</X>
			<Y>332</Y>
		</point>
		<point>
			<X>332</X>
			<Y>332</Y>
		</point>
		<point>
			<X>327</X>
			<Y>332</Y>
		</point>
		<point>
			<X>327</X>
			<Y>332</Y>
		</point>
		<point>
			<X>323</X>
			<Y>332</Y>
		</point>
		<point>
			<X>323</X>
			<Y>332</Y>
		</point>
		<point>
			<X>319</X>
			<Y>333</Y>
		</point>
		<point>
			<X>319</X>
			<Y>333</Y>
		</point>
		<point>
			<X>315</X>
			<Y>333</Y>
		</point>
		<point>
			<X>315</X>
			<Y>333</Y>
		</point>
		<point>
			<X>311</X>
			<Y>333</Y>
		</point>
		<point>
			<X>311</X>
			<Y>333</Y>
		</point>
		<point>
			<X>306</X>
			<Y>336</Y>
		</point>
		<point>
			<X>306</X>
			<Y>336</Y>
		</point>
		<point>
			<X>301</X>
			<Y>336</Y>
		</point>
		<point>
			<X>301</X>
			<Y>336</Y>
		</point>
		<point>
			<X>295</X>
			<Y>336</Y>
		</point>
		<point>
			<X>295</X>
			<Y>336</Y>
		</point>
		<point>
			<X>289</X>
			<Y>336</Y>
		</point>
		<point>
			<X>289</X>
			<Y>336</Y>
		</point>
		<point>
			<X>281</X>
			<Y>336</Y>
		</point>
		<point>
			<X>281</X>
			<Y>336</Y>
		</point>
		<point>
			<X>276</X>
			<Y>336</Y>
		</point>
		<point>
			<X>276</X>
			<Y>336</Y>
		</point>
		<point>
			<X>272</X>
			<Y>336</Y>
		</point>
		<point>
			<X>272</X>
			<Y>336</Y>
		</point>
		<point>
			<X>267</X>
			<Y>336</Y>
		</point>
		<point>
			<X>267</X>
			<Y>336</Y>
		</point>
		<point>
			<X>264</X>
			<Y>336</Y>
		</point>
		<point>
			<X>264</X>
			<Y>336</Y>
		</point>
		<point>
			<X>259</X>
			<Y>336</Y>
		</point>
		<point>
			<X>259</X>
			<Y>336</Y>
		</point>
		<point>
			<X>255</X>
			<Y>336</Y>
		</point>
		<point>
			<X>255</X>
			<Y>336</Y>
		</point>
		<point>
			<X>251</X>
			<Y>336</Y>
		</point>
		<point>
			<X>251</X>
			<Y>336</Y>
		</point>
		<point>
			<X>249</X>
			<Y>336</Y>
		</point>
		<point>
			<X>249</X>
			<Y>336</Y>
		</point>
		<point>
			<X>245</X>
			<Y>336</Y>
		</point>
		<point>
			<X>245</X>
			<Y>336</Y>
		</point>
		<point>
			<X>241</X>
			<Y>336</Y>
		</point>
		<point>
			<X>241</X>
			<Y>336</Y>
		</point>
		<point>
			<X>240</X>
			<Y>336</Y>
		</point>
		<point>
			<X>240</X>
			<Y>336</Y>
		</point>
		<point>
			<X>236</X>
			<Y>336</Y>
		</point>
		<point>
			<X>236</X>
			<Y>336</Y>
		</point>
		<point>
			<X>231</X>
			<Y>336</Y>
		</point>
		<point>
			<X>231</X>
			<Y>336</Y>
		</point>
		<point>
			<X>226</X>
			<Y>336</Y>
		</point>
		<point>
			<X>226</X>
			<Y>336</Y>
		</point>
		<point>
			<X>222</X>
			<Y>336</Y>
		</point>
		<point>
			<X>222</X>
			<Y>336</Y>
		</point>
		<point>
			<X>220</X>
			<Y>336</Y>
		</point>
		<point>
			<X>220</X>
			<Y>336</Y>
		</point>
		<point>
			<X>215</X>
			<Y>336</Y>
		</point>
		<point>
			<X>215</X>
			<Y>336</Y>
		</point>
		<point>
			<X>207</X>
			<Y>336</Y>
		</point>
		<point>
			<X>207</X>
			<Y>336</Y>
		</point>
		<point>
			<X>201</X>
			<Y>336</Y>
		</point>
		<point>
			<X>201</X>
			<Y>336</Y>
		</point>
		<point>
			<X>192</X>
			<Y>336</Y>
		</point>
		<point>
			<X>192</X>
			<Y>336</Y>
		</point>
		<point>
			<X>189</X>
			<Y>336</Y>
		</point>
		<point>
			<X>189</X>
			<Y>336</Y>
		</point>
		<point>
			<X>185</X>
			<Y>336</Y>
		</point>
		<point>
			<X>185</X>
			<Y>336</Y>
		</point>
		<point>
			<X>179</X>
			<Y>336</Y>
		</point>
		<point>
			<X>179</X>
			<Y>336</Y>
		</point>
		<point>
			<X>176</X>
			<Y>336</Y>
		</point>
		<point>
			<X>176</X>
			<Y>336</Y>
		</point>
		<point>
			<X>171</X>
			<Y>336</Y>
		</point>
		<point>
			<X>171</X>
			<Y>336</Y>
		</point>
		<point>
			<X>166</X>
			<Y>337</Y>
		</point>
		<point>
			<X>166</X>
			<Y>337</Y>
		</point>
		<point>
			<X>165</X>
			<Y>337</Y>
		</point>
		<point>
			<X>160</X>
			<Y>337</Y>
		</point>
		<point>
			<X>160</X>
			<Y>337</Y>
		</point>
		<point>
			<X>156</X>
			<Y>338</Y>
		</point>
		<point>
			<X>156</X>
			<Y>338</Y>
		</point>
		<point>
			<X>149</X>
			<Y>338</Y>
		</point>
		<point>
			<X>149</X>
			<Y>338</Y>
		</point>
		<point>
			<X>142</X>
			<Y>338</Y>
		</point>
		<point>
			<X>142</X>
			<Y>338</Y>
		</point>
		<point>
			<X>139</X>
			<Y>338</Y>
		</point>
		<point>
			<X>139</X>
			<Y>338</Y>
		</point>
		<point>
			<X>131</X>
			<Y>338</Y>
		</point>
		<point>
			<X>131</X>
			<Y>338</Y>
		</point>
		<point>
			<X>125</X>
			<Y>340</Y>
		</point>
		<point>
			<X>125</X>
			<Y>340</Y>
		</point>
		<point>
			<X>119</X>
			<Y>340</Y>
		</point>
		<point>
			<X>119</X>
			<Y>340</Y>
		</point>
		<point>
			<X>114</X>
			<Y>340</Y>
		</point>
		<point>
			<X>114</X>
			<Y>340</Y>
		</point>
		<point>
			<X>109</X>
			<Y>340</Y>
		</point>
		<point>
			<X>109</X>
			<Y>340</Y>
		</point>
		<point>
			<X>100</X>
			<Y>340</Y>
		</point>
		<point>
			<X>100</X>
			<Y>340</Y>
		</point>
		<point>
			<X>90</X>
			<Y>340</Y>
		</point>
		<point>
			<X>90</X>
			<Y>340</Y>
		</point>
		<point>
			<X>82</X>
			<Y>340</Y>
		</point>
		<point>
			<X>82</X>
			<Y>340</Y>
		</point>
		<point>
			<X>77</X>
			<Y>340</Y>
		</point>
		<point>
			<X>77</X>
			<Y>340</Y>
		</point>
		<point>
			<X>74</X>
			<Y>340</Y>
		</point>
		<point>
			<X>74</X>
			<Y>340</Y>
		</point>
		<point>
			<X>67</X>
			<Y>340</Y>
		</point>
		<point>
			<X>67</X>
			<Y>340</Y>
		</point>
		<point>
			<X>64</X>
			<Y>340</Y>
		</point>
		<point>
			<X>64</X>
			<Y>340</Y>
		</point>
		<point>
			<X>60</X>
			<Y>340</Y>
		</point>
		<point>
			<X>60</X>
			<Y>340</Y>
		</point>
		<point>
			<X>56</X>
			<Y>340</Y>
		</point>
		<point>
			<X>56</X>
			<Y>340</Y>
		</point>
		<point>
			<X>54</X>
			<Y>340</Y>
		</point>
		<point>
			<X>54</X>
			<Y>340</Y>
		</point>
		<point>
			<X>50</X>
			<Y>340</Y>
		</point>
		<point>
			<X>50</X>
			<Y>340</Y>
		</point>
		<point>
			<X>47</X>
			<Y>340</Y>
		</point>
		<point>
			<X>47</X>
			<Y>340</Y>
		</point>
		<point>
			<X>46</X>
			<Y>340</Y>
		</point>
		<point>
			<X>46</X>
			<Y>340</Y>
		</point>
		<point>
			<X>44</X>
			<Y>340</Y>
		</point>
		<point>
			<X>44</X>
			<Y>340</Y>
		</point>
		<point>
			<X>42</X>
			<Y>340</Y>
		</point>
		<point>
			<X>42</X>
			<Y>340</Y>
		</point>
		<point>
			<X>40</X>
			<Y>340</Y>
		</point>
		<point>
			<X>40</X>
			<Y>340</Y>
		</point>
		<point>
			<X>36</X>
			<Y>340</Y>
		</point>
		<point>
			<X>36</X>
			<Y>340</Y>
		</point>
		<point>
			<X>32</X>
			<Y>340</Y>
		</point>
		<point>
			<X>32</X>
			<Y>340</Y>
		</point>
		<point>
			<X>30</X>
			<Y>340</Y>
		</point>
		<point>
			<X>30</X>
			<Y>340</Y>
		</point>
		<point>
			<X>28</X>
			<Y>340</Y>
		</point>
		<point>
			<X>28</X>
			<Y>340</Y>
		</point>
		<point>
			<X>27</X>
			<Y>340</Y>
		</point>
		<point>
			<X>27</X>
			<Y>340</Y>
		</point>
		<point>
			<X>25</X>
			<Y>340</Y>
		</point>
		<point>
			<X>25</X>
			<Y>340</Y>
		</point>
		<point>
			<X>24</X>
			<Y>340</Y>
		</point>
		<point>
			<X>24</X>
			<Y>340</Y>
		</point>
		<point>
			<X>21</X>
			<Y>340</Y>
		</point>
		<point>
			<X>21</X>
			<Y>340</Y>
		</point>
		<point>
			<X>19</X>
			<Y>340</Y>
		</point>
		<point>
			<X>19</X>
			<Y>340</Y>
		</point>
		<point>
			<X>17</X>
			<Y>340</Y>
		</point>
		<point>
			<X>17</X>
			<Y>340</Y>
		</point>
		<point>
			<X>16</X>
			<Y>340</Y>
		</point>
		<point>
			<X>16</X>
			<Y>340</Y>
		</point>
		<point>
			<X>15</X>
			<Y>340</Y>
		</point>
		<point>
			<X>15</X>
			<Y>340</Y>
		</point>
		<point>
			<X>14</X>
			<Y>340</Y>
		</point>
		<point>
			<X>14</X>
			<Y>340</Y>
		</point>
		<point>
			<X>14</X>
			<Y>340</Y>
		</point>
	</polygon>
	<polygon>
		<tag>person</tag>
		<point>
			<X>5</X>
			<Y>165</Y>
		</point>
		<point>
			<X>5</X>
			<Y>166</Y>
		</point>
		<point>
			<X>5</X>
			<Y>166</Y>
		</point>
		<point>
			<X>5</X>
			<Y>168</Y>
		</point>
		<point>
			<X>5</X>
			<Y>168</Y>
		</point>
		<point>
			<X>5</X>
			<Y>171</Y>
		</point>
		<point>
			<X>5</X>
			<Y>171</Y>
		</point>
		<point>
			<X>5</X>
			<Y>171</Y>
		</point>
		<point>
			<X>5</X>
			<Y>171</Y>
		</point>
		<point>
			<X>5</X>
			<Y>175</Y>
		</point>
		<point>
			<X>5</X>
			<Y>175</Y>
		</point>
		<point>
			<X>6</X>
			<Y>176</Y>
		</point>
		<point>
			<X>6</X>
			<Y>176</Y>
		</point>
		<point>
			<X>6</X>
			<Y>178</Y>
		</point>
		<point>
			<X>6</X>
			<Y>178</Y>
		</point>
		<point>
			<X>6</X>
			<Y>181</Y>
		</point>
		<point>
			<X>6</X>
			<Y>181</Y>
		</point>
		<point>
			<X>6</X>
			<Y>183</Y>
		</point>
		<point>
			<X>6</X>
			<Y>183</Y>
		</point>
		<point>
			<X>7</X>
			<Y>185</Y>
		</point>
		<point>
			<X>7</X>
			<Y>185</Y>
		</point>
		<point>
			<X>7</X>
			<Y>186</Y>
		</point>
		<point>
			<X>7</X>
			<Y>186</Y>
		</point>
		<point>
			<X>9</X>
			<Y>188</Y>
		</point>
		<point>
			<X>9</X>
			<Y>188</Y>
		</point>
		<point>
			<X>9</X>
			<Y>191</Y>
		</point>
		<point>
			<X>9</X>
			<Y>191</Y>
		</point>
		<point>
			<X>9</X>
			<Y>192</Y>
		</point>
		<point>
			<X>9</X>
			<Y>192</Y>
		</point>
		<point>
			<X>10</X>
			<Y>192</Y>
		</point>
		<point>
			<X>10</X>
			<Y>193</Y>
		</point>
		<point>
			<X>11</X>
			<Y>196</Y>
		</point>
		<point>
			<X>11</X>
			<Y>196</Y>
		</point>
		<point>
			<X>11</X>
			<Y>196</Y>
		</point>
	</polygon>
	<polygon>
		<tag>person</tag>
		<point>
			<X>52</X>
			<Y>136</Y>
		</point>
		<point>
			<X>54</X>
			<Y>137</Y>
		</point>
		<point>
			<X>54</X>
			<Y>137</Y>
		</point>
		<point>
			<X>54</X>
			<Y>140</Y>
		</point>
		<point>
			<X>54</X>
			<Y>140</Y>
		</point>
		<point>
			<X>54</X>
			<Y>141</Y>
		</point>
		<point>
			<X>54</X>
			<Y>141</Y>
		</point>
		<point>
			<X>54</X>
			<Y>142</Y>
		</point>
		<point>
			<X>54</X>
			<Y>142</Y>
		</point>
		<point>
			<X>54</X>
			<Y>146</Y>
		</point>
		<point>
			<X>54</X>
			<Y>146</Y>
		</point>
		<point>
			<X>54</X>
			<Y>147</Y>
		</point>
		<point>
			<X>54</X>
			<Y>147</Y>
		</point>
		<point>
			<X>55</X>
			<Y>150</Y>
		</point>
		<point>
			<X>55</X>
			<Y>150</Y>
		</point>
		<point>
			<X>57</X>
			<Y>155</Y>
		</point>
		<point>
			<X>57</X>
			<Y>155</Y>
		</point>
		<point>
			<X>57</X>
			<Y>156</Y>
		</point>
		<point>
			<X>57</X>
			<Y>156</Y>
		</point>
		<point>
			<X>57</X>
			<Y>160</Y>
		</point>
		<point>
			<X>57</X>
			<Y>160</Y>
		</point>
		<point>
			<X>57</X>
			<Y>165</Y>
		</point>
		<point>
			<X>57</X>
			<Y>165</Y>
		</point>
		<point>
			<X>57</X>
			<Y>166</Y>
		</point>
		<point>
			<X>57</X>
			<Y>166</Y>
		</point>
		<point>
			<X>57</X>
			<Y>170</Y>
		</point>
		<point>
			<X>57</X>
			<Y>170</Y>
		</point>
		<point>
			<X>57</X>
			<Y>173</Y>
		</point>
		<point>
			<X>57</X>
			<Y>173</Y>
		</point>
		<point>
			<X>57</X>
			<Y>176</Y>
		</point>
		<point>
			<X>57</X>
			<Y>176</Y>
		</point>
		<point>
			<X>57</X>
			<Y>178</Y>
		</point>
		<point>
			<X>57</X>
			<Y>178</Y>
		</point>
		<point>
			<X>57</X>
			<Y>180</Y>
		</point>
		<point>
			<X>57</X>
			<Y>180</Y>
		</point>
		<point>
			<X>57</X>
			<Y>181</Y>
		</point>
		<point>
			<X>57</X>
			<Y>181</Y>
		</point>
		<point>
			<X>57</X>
			<Y>183</Y>
		</point>
		<point>
			<X>57</X>
			<Y>183</Y>
		</point>
		<point>
			<X>57</X>
			<Y>186</Y>
		</point>
		<point>
			<X>57</X>
			<Y>186</Y>
		</point>
		<point>
			<X>57</X>
			<Y>188</Y>
		</point>
		<point>
			<X>57</X>
			<Y>188</Y>
		</point>
		<point>
			<X>57</X>
			<Y>191</Y>
		</point>
		<point>
			<X>57</X>
			<Y>191</Y>
		</point>
		<point>
			<X>57</X>
			<Y>192</Y>
		</point>
		<point>
			<X>57</X>
			<Y>192</Y>
		</point>
		<point>
			<X>57</X>
			<Y>193</Y>
		</point>
		<point>
			<X>57</X>
			<Y>193</Y>
		</point>
		<point>
			<X>57</X>
			<Y>196</Y>
		</point>
		<point>
			<X>57</X>
			<Y>196</Y>
		</point>
		<point>
			<X>57</X>
			<Y>198</Y>
		</point>
		<point>
			<X>57</X>
			<Y>198</Y>
		</point>
		<point>
			<X>57</X>
			<Y>202</Y>
		</point>
		<point>
			<X>57</X>
			<Y>202</Y>
		</point>
		<point>
			<X>57</X>
			<Y>203</Y>
		</point>
		<point>
			<X>57</X>
			<Y>203</Y>
		</point>
		<point>
			<X>56</X>
			<Y>206</Y>
		</point>
		<point>
			<X>56</X>
			<Y>206</Y>
		</point>
		<point>
			<X>56</X>
			<Y>208</Y>
		</point>
		<point>
			<X>56</X>
			<Y>208</Y>
		</point>
		<point>
			<X>56</X>
			<Y>210</Y>
		</point>
		<point>
			<X>56</X>
			<Y>210</Y>
		</point>
		<point>
			<X>56</X>
			<Y>211</Y>
		</point>
		<point>
			<X>56</X>
			<Y>211</Y>
		</point>
		<point>
			<X>56</X>
			<Y>213</Y>
		</point>
		<point>
			<X>56</X>
			<Y>213</Y>
		</point>
		<point>
			<X>55</X>
			<Y>216</Y>
		</point>
		<point>
			<X>55</X>
			<Y>216</Y>
		</point>
		<point>
			<X>55</X>
			<Y>217</Y>
		</point>
		<point>
			<X>55</X>
			<Y>217</Y>
		</point>
		<point>
			<X>55</X>
			<Y>218</Y>
		</point>
		<point>
			<X>55</X>
			<Y>218</Y>
		</point>
		<point>
			<X>55</X>
			<Y>220</Y>
		</point>
		<point>
			<X>55</X>
			<Y>220</Y>
		</point>
		<point>
			<X>55</X>
			<Y>221</Y>
		</point>
		<point>
			<X>55</X>
			<Y>221</Y>
		</point>
		<point>
			<X>55</X>
			<Y>223</Y>
		</point>
		<point>
			<X>55</X>
			<Y>223</Y>
		</point>
		<point>
			<X>55</X>
			<Y>225</Y>
		</point>
		<point>
			<X>55</X>
			<Y>225</Y>
		</point>
		<point>
			<X>55</X>
			<Y>226</Y>
		</point>
		<point>
			<X>55</X>
			<Y>226</Y>
		</point>
		<point>
			<X>55</X>
			<Y>228</Y>
		</point>
		<point>
			<X>55</X>
			<Y>228</Y>
		</point>
		<point>
			<X>55</X>
			<Y>230</Y>
		</point>
		<point>
			<X>55</X>
			<Y>230</Y>
		</point>
		<point>
			<X>55</X>
			<Y>233</Y>
		</point>
		<point>
			<X>55</X>
			<Y>233</Y>
		</point>
		<point>
			<X>55</X>
			<Y>235</Y>
		</point>
		<point>
			<X>55</X>
			<Y>235</Y>
		</point>
		<point>
			<X>57</X>
			<Y>240</Y>
		</point>
		<point>
			<X>57</X>
			<Y>240</Y>
		</point>
		<point>
			<X>57</X>
			<Y>241</Y>
		</point>
		<point>
			<X>57</X>
			<Y>241</Y>
		</point>
		<point>
			<X>59</X>
			<Y>246</Y>
		</point>
		<point>
			<X>59</X>
			<Y>246</Y>
		</point>
		<point>
			<X>59</X>
			<Y>246</Y>
		</point>
		<point>
			<X>59</X>
			<Y>246</Y>
		</point>
		<point>
			<X>59</X>
			<Y>248</Y>
		</point>
		<point>
			<X>59</X>
			<Y>248</Y>
		</point>
		<point>
			<X>59</X>
			<Y>250</Y>
		</point>
		<point>
			<X>59</X>
			<Y>250</Y>
		</point>
		<point>
			<X>59</X>
			<Y>251</Y>
		</point>
		<point>
			<X>59</X>
			<Y>251</Y>
		</point>
		<point>
			<X>59</X>
			<Y>251</Y>
		</point>
		<point>
			<X>59</X>
			<Y>251</Y>
		</point>
		<point>
			<X>59</X>
			<Y>253</Y>
		</point>
		<point>
			<X>59</X>
			<Y>253</Y>
		</point>
		<point>
			<X>57</X>
			<Y>255</Y>
		</point>
		<point>
			<X>57</X>
			<Y>255</Y>
		</point>
		<point>
			<X>57</X>
			<Y>256</Y>
		</point>
		<point>
			<X>57</X>
			<Y>256</Y>
		</point>
		<point>
			<X>56</X>
			<Y>257</Y>
		</point>
		<point>
			<X>56</X>
			<Y>257</Y>
		</point>
		<point>
			<X>56</X>
			<Y>260</Y>
		</point>
		<point>
			<X>56</X>
			<Y>260</Y>
		</point>
		<point>
			<X>56</X>
			<Y>261</Y>
		</point>
		<point>
			<X>56</X>
			<Y>261</Y>
		</point>
		<point>
			<X>55</X>
			<Y>262</Y>
		</point>
		<point>
			<X>55</X>
			<Y>262</Y>
		</point>
		<point>
			<X>54</X>
			<Y>263</Y>
		</point>
		<point>
			<X>54</X>
			<Y>263</Y>
		</point>
		<point>
			<X>54</X>
			<Y>265</Y>
		</point>
		<point>
			<X>54</X>
			<Y>265</Y>
		</point>
		<point>
			<X>54</X>
			<Y>266</Y>
		</point>
		<point>
			<X>54</X>
			<Y>266</Y>
		</point>
		<point>
			<X>52</X>
			<Y>267</Y>
		</point>
		<point>
			<X>52</X>
			<Y>267</Y>
		</point>
		<point>
			<X>52</X>
			<Y>268</Y>
		</point>
		<point>
			<X>52</X>
			<Y>268</Y>
		</point>
		<point>
			<X>51</X>
			<Y>268</Y>
		</point>
		<point>
			<X>51</X>
			<Y>270</Y>
		</point>
		<point>
			<X>51</X>
			<Y>270</Y>
		</point>
	</polygon>
	<polygon>
		<tag>person</tag>
		<point>
			<X>100</X>
			<Y>256</Y>
		</point>
		<point>
			<X>99</X>
			<Y>256</Y>
		</point>
		<point>
			<X>99</X>
			<Y>256</Y>
		</point>
		<point>
			<X>99</X>
			<Y>255</Y>
		</point>
		<point>
			<X>99</X>
			<Y>251</Y>
		</point>
		<point>
			<X>99</X>
			<Y>251</Y>
		</point>
		<point>
			<X>99</X>
			<Y>251</Y>
		</point>
		<point>
			<X>99</X>
			<Y>251</Y>
		</point>
		<point>
			<X>100</X>
			<Y>246</Y>
		</point>
		<point>
			<X>100</X>
			<Y>246</Y>
		</point>
		<point>
			<X>100</X>
			<Y>245</Y>
		</point>
		<point>
			<X>100</X>
			<Y>245</Y>
		</point>
		<point>
			<X>100</X>
			<Y>243</Y>
		</point>
		<point>
			<X>100</X>
			<Y>243</Y>
		</point>
		<point>
			<X>100</X>
			<Y>241</Y>
		</point>
		<point>
			<X>100</X>
			<Y>241</Y>
		</point>
		<point>
			<X>100</X>
			<Y>238</Y>
		</point>
		<point>
			<X>100</X>
			<Y>238</Y>
		</point>
		<point>
			<X>102</X>
			<Y>236</Y>
		</point>
		<point>
			<X>102</X>
			<Y>236</Y>
		</point>
		<point>
			<X>102</X>
			<Y>233</Y>
		</point>
		<point>
			<X>102</X>
			<Y>233</Y>
		</point>
		<point>
			<X>102</X>
			<Y>228</Y>
		</point>
		<point>
			<X>102</X>
			<Y>228</Y>
		</point>
		<point>
			<X>102</X>
			<Y>226</Y>
		</point>
		<point>
			<X>102</X>
			<Y>226</Y>
		</point>
		<point>
			<X>102</X>
			<Y>225</Y>
		</point>
		<point>
			<X>102</X>
			<Y>225</Y>
		</point>
		<point>
			<X>102</X>
			<Y>223</Y>
		</point>
		<point>
			<X>102</X>
			<Y>223</Y>
		</point>
		<point>
			<X>102</X>
			<Y>221</Y>
		</point>
		<point>
			<X>102</X>
			<Y>221</Y>
		</point>
		<point>
			<X>104</X>
			<Y>220</Y>
		</point>
		<point>
			<X>104</X>
			<Y>220</Y>
		</point>
		<point>
			<X>104</X>
			<Y>218</Y>
		</point>
		<point>
			<X>104</X>
			<Y>218</Y>
		</point>
		<point>
			<X>104</X>
			<Y>217</Y>
		</point>
		<point>
			<X>104</X>
			<Y>217</Y>
		</point>
		<point>
			<X>104</X>
			<Y>215</Y>
		</point>
		<point>
			<X>104</X>
			<Y>215</Y>
		</point>
		<point>
			<X>105</X>
			<Y>213</Y>
		</point>
		<point>
			<X>105</X>
			<Y>213</Y>
		</point>
		<point>
			<X>105</X>
			<Y>212</Y>
		</point>
		<point>
			<X>105</X>
			<Y>212</Y>
		</point>
		<point>
			<X>105</X>
			<Y>211</Y>
		</point>
		<point>
			<X>105</X>
			<Y>211</Y>
		</point>
		<point>
			<X>105</X>
			<Y>208</Y>
		</point>
		<point>
			<X>105</X>
			<Y>208</Y>
		</point>
		<point>
			<X>105</X>
			<Y>207</Y>
		</point>
		<point>
			<X>105</X>
			<Y>207</Y>
		</point>
		<point>
			<X>105</X>
			<Y>206</Y>
		</point>
		<point>
			<X>105</X>
			<Y>206</Y>
		</point>
		<point>
			<X>105</X>
			<Y>205</Y>
		</point>
		<point>
			<X>105</X>
			<Y>205</Y>
		</point>
		<point>
			<X>106</X>
			<Y>202</Y>
		</point>
		<point>
			<X>106</X>
			<Y>202</Y>
		</point>
		<point>
			<X>106</X>
			<Y>201</Y>
		</point>
		<point>
			<X>106</X>
			<Y>201</Y>
		</point>
		<point>
			<X>106</X>
			<Y>200</Y>
		</point>
		<point>
			<X>106</X>
			<Y>200</Y>
		</point>
		<point>
			<X>107</X>
			<Y>198</Y>
		</point>
		<point>
			<X>107</X>
			<Y>198</Y>
		</point>
		<point>
			<X>107</X>
			<Y>197</Y>
		</point>
		<point>
			<X>107</X>
			<Y>197</Y>
		</point>
		<point>
			<X>107</X>
			<Y>195</Y>
		</point>
		<point>
			<X>107</X>
			<Y>195</Y>
		</point>
		<point>
			<X>107</X>
			<Y>193</Y>
		</point>
		<point>
			<X>107</X>
			<Y>193</Y>
		</point>
		<point>
			<X>107</X>
			<Y>192</Y>
		</point>
		<point>
			<X>107</X>
			<Y>192</Y>
		</point>
		<point>
			<X>107</X>
			<Y>191</Y>
		</point>
		<point>
			<X>107</X>
			<Y>191</Y>
		</point>
		<point>
			<X>107</X>
			<Y>190</Y>
		</point>
		<point>
			<X>107</X>
			<Y>190</Y>
		</point>
		<point>
			<X>107</X>
			<Y>188</Y>
		</point>
		<point>
			<X>107</X>
			<Y>188</Y>
		</point>
		<point>
			<X>107</X>
			<Y>186</Y>
		</point>
		<point>
			<X>107</X>
			<Y>186</Y>
		</point>
		<point>
			<X>107</X>
			<Y>185</Y>
		</point>
		<point>
			<X>107</X>
			<Y>185</Y>
		</point>
		<point>
			<X>107</X>
			<Y>183</Y>
		</point>
		<point>
			<X>107</X>
			<Y>183</Y>
		</point>
		<point>
			<X>107</X>
			<Y>181</Y>
		</point>
		<point>
			<X>107</X>
			<Y>181</Y>
		</point>
		<point>
			<X>107</X>
			<Y>176</Y>
		</point>
		<point>
			<X>107</X>
			<Y>176</Y>
		</point>
		<point>
			<X>107</X>
			<Y>176</Y>
		</point>
		<point>
			<X>107</X>
			<Y>176</Y>
		</point>
		<point>
			<X>107</X>
			<Y>175</Y>
		</point>
		<point>
			<X>107</X>
			<Y>175</Y>
		</point>
		<point>
			<X>107</X>
			<Y>171</Y>
		</point>
		<point>
			<X>107</X>
			<Y>171</Y>
		</point>
		<point>
			<X>107</X>
			<Y>170</Y>
		</point>
		<point>
			<X>107</X>
			<Y>170</Y>
		</point>
		<point>
			<X>107</X>
			<Y>168</Y>
		</point>
		<point>
			<X>107</X>
			<Y>168</Y>
		</point>
		<point>
			<X>107</X>
			<Y>166</Y>
		</point>
		<point>
			<X>107</X>
			<Y>166</Y>
		</point>
		<point>
			<X>107</X>
			<Y>165</Y>
		</point>
		<point>
			<X>107</X>
			<Y>165</Y>
		</point>
		<point>
			<X>107</X>
			<Y>163</Y>
		</point>
		<point>
			<X>107</X>
			<Y>163</Y>
		</point>
		<point>
			<X>107</X>
			<Y>161</Y>
		</point>
		<point>
			<X>107</X>
			<Y>161</Y>
		</point>
		<point>
			<X>107</X>
			<Y>161</Y>
		</point>
		<point>
			<X>107</X>
			<Y>161</Y>
		</point>
		<point>
			<X>107</X>
			<Y>160</Y>
		</point>
		<point>
			<X>107</X>
			<Y>160</Y>
		</point>
		<point>
			<X>107</X>
			<Y>158</Y>
		</point>
		<point>
			<X>107</X>
			<Y>158</Y>
		</point>
		<point>
			<X>107</X>
			<Y>157</Y>
		</point>
		<point>
			<X>107</X>
			<Y>157</Y>
		</point>
		<point>
			<X>106</X>
			<Y>156</Y>
		</point>
		<point>
			<X>106</X>
			<Y>156</Y>
		</point>
		<point>
			<X>106</X>
			<Y>156</Y>
		</point>
	</polygon>
	<polygon>
		<tag>person</tag>
		<point>
			<X>152</X>
			<Y>128</Y>
		</point>
		<point>
			<X>154</X>
			<Y>128</Y>
		</point>
		<point>
			<X>154</X>
			<Y>128</Y>
		</point>
		<point>
			<X>154</X>
			<Y>130</Y>
		</point>
		<point>
			<X>154</X>
			<Y>131</Y>
		</point>
		<point>
			<X>154</X>
			<Y>131</Y>
		</point>
		<point>
			<X>154</X>
			<Y>132</Y>
		</point>
		<point>
			<X>154</X>
			<Y>132</Y>
		</point>
		<point>
			<X>154</X>
			<Y>133</Y>
		</point>
		<point>
			<X>154</X>
			<Y>133</Y>
		</point>
		<point>
			<X>154</X>
			<Y>135</Y>
		</point>
		<point>
			<X>154</X>
			<Y>135</Y>
		</point>
		<point>
			<X>154</X>
			<Y>137</Y>
		</point>
		<point>
			<X>154</X>
			<Y>137</Y>
		</point>
		<point>
			<X>154</X>
			<Y>138</Y>
		</point>
		<point>
			<X>154</X>
			<Y>138</Y>
		</point>
		<point>
			<X>154</X>
			<Y>140</Y>
		</point>
		<point>
			<X>154</X>
			<Y>140</Y>
		</point>
		<point>
			<X>154</X>
			<Y>141</Y>
		</point>
		<point>
			<X>154</X>
			<Y>141</Y>
		</point>
		<point>
			<X>154</X>
			<Y>142</Y>
		</point>
		<point>
			<X>154</X>
			<Y>142</Y>
		</point>
		<point>
			<X>154</X>
			<Y>143</Y>
		</point>
		<point>
			<X>154</X>
			<Y>143</Y>
		</point>
		<point>
			<X>154</X>
			<Y>146</Y>
		</point>
		<point>
			<X>154</X>
			<Y>146</Y>
		</point>
		<point>
			<X>154</X>
			<Y>148</Y>
		</point>
		<point>
			<X>154</X>
			<Y>148</Y>
		</point>
		<point>
			<X>155</X>
			<Y>148</Y>
		</point>
		<point>
			<X>155</X>
			<Y>150</Y>
		</point>
		<point>
			<X>155</X>
			<Y>151</Y>
		</point>
		<point>
			<X>155</X>
			<Y>151</Y>
		</point>
		<point>
			<X>155</X>
			<Y>153</Y>
		</point>
		<point>
			<X>155</X>
			<Y>153</Y>
		</point>
		<point>
			<X>155</X>
			<Y>155</Y>
		</point>
		<point>
			<X>155</X>
			<Y>155</Y>
		</point>
		<point>
			<X>156</X>
			<Y>156</Y>
		</point>
		<point>
			<X>156</X>
			<Y>156</Y>
		</point>
		<point>
			<X>156</X>
			<Y>157</Y>
		</point>
		<point>
			<X>156</X>
			<Y>157</Y>
		</point>
		<point>
			<X>156</X>
			<Y>160</Y>
		</point>
		<point>
			<X>156</X>
			<Y>160</Y>
		</point>
		<point>
			<X>156</X>
			<Y>161</Y>
		</point>
		<point>
			<X>156</X>
			<Y>161</Y>
		</point>
		<point>
			<X>156</X>
			<Y>163</Y>
		</point>
		<point>
			<X>156</X>
			<Y>163</Y>
		</point>
		<point>
			<X>161</X>
			<Y>168</Y>
		</point>
		<point>
			<X>161</X>
			<Y>168</Y>
		</point>
		<point>
			<X>161</X>
			<Y>170</Y>
		</point>
		<point>
			<X>161</X>
			<Y>170</Y>
		</point>
		<point>
			<X>161</X>
			<Y>171</Y>
		</point>
		<point>
			<X>161</X>
			<Y>171</Y>
		</point>
		<point>
			<X>161</X>
			<Y>171</Y>
		</point>
		<point>
			<X>161</X>
			<Y>171</Y>
		</point>
		<point>
			<X>161</X>
			<Y>175</Y>
		</point>
		<point>
			<X>161</X>
			<Y>175</Y>
		</point>
		<point>
			<X>161</X>
			<Y>176</Y>
		</point>
		<point>
			<X>161</X>
			<Y>176</Y>
		</point>
		<point>
			<X>161</X>
			<Y>176</Y>
		</point>
		<point>
			<X>161</X>
			<Y>178</Y>
		</point>
		<point>
			<X>164</X>
			<Y>181</Y>
		</point>
		<point>
			<X>164</X>
			<Y>181</Y>
		</point>
		<point>
			<X>164</X>
			<Y>181</Y>
		</point>
		<point>
			<X>164</X>
			<Y>181</Y>
		</point>
		<point>
			<X>164</X>
			<Y>183</Y>
		</point>
		<point>
			<X>164</X>
			<Y>183</Y>
		</point>
		<point>
			<X>164</X>
			<Y>185</Y>
		</point>
		<point>
			<X>164</X>
			<Y>185</Y>
		</point>
		<point>
			<X>164</X>
			<Y>186</Y>
		</point>
		<point>
			<X>164</X>
			<Y>186</Y>
		</point>
		<point>
			<X>165</X>
			<Y>188</Y>
		</point>
		<point>
			<X>165</X>
			<Y>188</Y>
		</point>
		<point>
			<X>165</X>
			<Y>190</Y>
		</point>
		<point>
			<X>165</X>
			<Y>190</Y>
		</point>
		<point>
			<X>166</X>
			<Y>191</Y>
		</point>
		<point>
			<X>166</X>
			<Y>191</Y>
		</point>
		<point>
			<X>166</X>
			<Y>192</Y>
		</point>
		<point>
			<X>166</X>
			<Y>192</Y>
		</point>
		<point>
			<X>166</X>
			<Y>193</Y>
		</point>
		<point>
			<X>166</X>
			<Y>193</Y>
		</point>
		<point>
			<X>166</X>
			<Y>195</Y>
		</point>
		<point>
			<X>166</X>
			<Y>195</Y>
		</point>
		<point>
			<X>166</X>
			<Y>196</Y>
		</point>
		<point>
			<X>166</X>
			<Y>196</Y>
		</point>
		<point>
			<X>166</X>
			<Y>197</Y>
		</point>
		<point>
			<X>166</X>
			<Y>197</Y>
		</point>
		<point>
			<X>166</X>
			<Y>198</Y>
		</point>
		<point>
			<X>166</X>
			<Y>198</Y>
		</point>
		<point>
			<X>166</X>
			<Y>200</Y>
		</point>
		<point>
			<X>166</X>
			<Y>200</Y>
		</point>
		<point>
			<X>166</X>
			<Y>201</Y>
		</point>
		<point>
			<X>166</X>
			<Y>201</Y>
		</point>
		<point>
			<X>166</X>
			<Y>203</Y>
		</point>
		<point>
			<X>166</X>
			<Y>203</Y>
		</point>
		<point>
			<X>166</X>
			<Y>205</Y>
		</point>
		<point>
			<X>166</X>
			<Y>205</Y>
		</point>
		<point>
			<X>166</X>
			<Y>206</Y>
		</point>
		<point>
			<X>166</X>
			<Y>206</Y>
		</point>
		<point>
			<X>166</X>
			<Y>208</Y>
		</point>
		<point>
			<X>166</X>
			<Y>208</Y>
		</point>
		<point>
			<X>166</X>
			<Y>210</Y>
		</point>
		<point>
			<X>166</X>
			<Y>210</Y>
		</point>
		<point>
			<X>169</X>
			<Y>211</Y>
		</point>
		<point>
			<X>169</X>
			<Y>211</Y>
		</point>
		<point>
			<X>169</X>
			<Y>212</Y>
		</point>
		<point>
			<X>169</X>
			<Y>212</Y>
		</point>
		<point>
			<X>169</X>
			<Y>213</Y>
		</point>
		<point>
			<X>169</X>
			<Y>213</Y>
		</point>
		<point>
			<X>169</X>
			<Y>215</Y>
		</point>
		<point>
			<X>169</X>
			<Y>215</Y>
		</point>
		<point>
			<X>169</X>
			<Y>217</Y>
		</point>
		<point>
			<X>169</X>
			<Y>217</Y>
		</point>
		<point>
			<X>169</X>
			<Y>218</Y>
		</point>
		<point>
			<X>169</X>
			<Y>218</Y>
		</point>
		<point>
			<X>169</X>
			<Y>220</Y>
		</point>
		<point>
			<X>169</X>
			<Y>220</Y>
		</point>
		<point>
			<X>169</X>
			<Y>221</Y>
		</point>
		<point>
			<X>169</X>
			<Y>221</Y>
		</point>
		<point>
			<X>169</X>
			<Y>222</Y>
		</point>
		<point>
			<X>169</X>
			<Y>222</Y>
		</point>
		<point>
			<X>169</X>
			<Y>223</Y>
		</point>
		<point>
			<X>169</X>
			<Y>223</Y>
		</point>
		<point>
			<X>169</X>
			<Y>225</Y>
		</point>
		<point>
			<X>169</X>
			<Y>225</Y>
		</point>
		<point>
			<X>169</X>
			<Y>226</Y>
		</point>
		<point>
			<X>169</X>
			<Y>226</Y>
		</point>
		<point>
			<X>169</X>
			<Y>226</Y>
		</point>
		<point>
			<X>169</X>
			<Y>226</Y>
		</point>
		<point>
			<X>169</X>
			<Y>228</Y>
		</point>
		<point>
			<X>169</X>
			<Y>228</Y>
		</point>
		<point>
			<X>169</X>
			<Y>230</Y>
		</point>
		<point>
			<X>169</X>
			<Y>230</Y>
		</point>
		<point>
			<X>169</X>
			<Y>231</Y>
		</point>
		<point>
			<X>169</X>
			<Y>231</Y>
		</point>
		<point>
			<X>169</X>
			<Y>231</Y>
		</point>
		<point>
			<X>169</X>
			<Y>231</Y>
		</point>
		<point>
			<X>169</X>
			<Y>233</Y>
		</point>
		<point>
			<X>169</X>
			<Y>233</Y>
		</point>
		<point>
			<X>169</X>
			<Y>236</Y>
		</point>
		<point>
			<X>169</X>
			<Y>236</Y>
		</point>
		<point>
			<X>169</X>
			<Y>236</Y>
		</point>
		<point>
			<X>169</X>
			<Y>236</Y>
		</point>
		<point>
			<X>169</X>
			<Y>238</Y>
		</point>
		<point>
			<X>169</X>
			<Y>238</Y>
		</point>
		<point>
			<X>169</X>
			<Y>240</Y>
		</point>
		<point>
			<X>169</X>
			<Y>240</Y>
		</point>
		<point>
			<X>169</X>
			<Y>241</Y>
		</point>
		<point>
			<X>169</X>
			<Y>241</Y>
		</point>
		<point>
			<X>169</X>
			<Y>241</Y>
		</point>
		<point>
			<X>169</X>
			<Y>241</Y>
		</point>
		<point>
			<X>170</X>
			<Y>243</Y>
		</point>
		<point>
			<X>170</X>
			<Y>243</Y>
		</point>
		<point>
			<X>170</X>
			<Y>245</Y>
		</point>
		<point>
			<X>170</X>
			<Y>245</Y>
		</point>
		<point>
			<X>170</X>
			<Y>246</Y>
		</point>
		<point>
			<X>170</X>
			<Y>246</Y>
		</point>
		<point>
			<X>170</X>
			<Y>246</Y>
		</point>
		<point>
			<X>170</X>
			<Y>246</Y>
		</point>
		<point>
			<X>171</X>
			<Y>248</Y>
		</point>
		<point>
			<X>171</X>
			<Y>248</Y>
		</point>
		<point>
			<X>171</X>
			<Y>248</Y>
		</point>
		<point>
			<X>171</X>
			<Y>248</Y>
		</point>
		<point>
			<X>174</X>
			<Y>248</Y>
		</point>
		<point>
			<X>175</X>
			<Y>251</Y>
		</point>
		<point>
			<X>175</X>
			<Y>251</Y>
		</point>
		<point>
			<X>176</X>
			<Y>251</Y>
		</point>
		<point>
			<X>176</X>
			<Y>251</Y>
		</point>
		<point>
			<X>176</X>
			<Y>253</Y>
		</point>
		<point>
			<X>176</X>
			<Y>253</Y>
		</point>
		<point>
			<X>176</X>
			<Y>255</Y>
		</point>
		<point>
			<X>176</X>
			<Y>255</Y>
		</point>
		<point>
			<X>176</X>
			<Y>255</Y>
		</point>
	</polygon>
	<polygon>
		<tag>person</tag>
		<point>
			<X>196</X>
			<Y>260</Y>
		</point>
		<point>
			<X>199</X>
			<Y>260</Y>
		</point>
		<point>
			<X>200</X>
			<Y>260</Y>
		</point>
		<point>
			<X>201</X>
			<Y>260</Y>
		</point>
		<point>
			<X>202</X>
			<Y>260</Y>
		</point>
		<point>
			<X>204</X>
			<Y>260</Y>
		</point>
		<point>
			<X>205</X>
			<Y>260</Y>
		</point>
		<point>
			<X>206</X>
			<Y>260</Y>
		</point>
		<point>
			<X>207</X>
			<Y>257</Y>
		</point>
		<point>
			<X>207</X>
			<Y>257</Y>
		</point>
		<point>
			<X>207</X>
			<Y>255</Y>
		</point>
		<point>
			<X>207</X>
			<Y>255</Y>
		</point>
		<point>
			<X>207</X>
			<Y>253</Y>
		</point>
		<point>
			<X>207</X>
			<Y>253</Y>
		</point>
		<point>
			<X>207</X>
			<Y>251</Y>
		</point>
		<point>
			<X>207</X>
			<Y>251</Y>
		</point>
		<point>
			<X>209</X>
			<Y>248</Y>
		</point>
		<point>
			<X>209</X>
			<Y>248</Y>
		</point>
		<point>
			<X>209</X>
			<Y>246</Y>
		</point>
		<point>
			<X>209</X>
			<Y>246</Y>
		</point>
		<point>
			<X>210</X>
			<Y>246</Y>
		</point>
		<point>
			<X>210</X>
			<Y>246</Y>
		</point>
		<point>
			<X>210</X>
			<Y>243</Y>
		</point>
		<point>
			<X>210</X>
			<Y>243</Y>
		</point>
		<point>
			<X>211</X>
			<Y>241</Y>
		</point>
		<point>
			<X>211</X>
			<Y>241</Y>
		</point>
		<point>
			<X>211</X>
			<Y>241</Y>
		</point>
		<point>
			<X>211</X>
			<Y>241</Y>
		</point>
		<point>
			<X>211</X>
			<Y>238</Y>
		</point>
		<point>
			<X>211</X>
			<Y>238</Y>
		</point>
		<point>
			<X>211</X>
			<Y>235</Y>
		</point>
		<point>
			<X>211</X>
			<Y>235</Y>
		</point>
		<point>
			<X>211</X>
			<Y>233</Y>
		</point>
		<point>
			<X>211</X>
			<Y>233</Y>
		</point>
		<point>
			<X>211</X>
			<Y>231</Y>
		</point>
		<point>
			<X>211</X>
			<Y>231</Y>
		</point>
		<point>
			<X>211</X>
			<Y>231</Y>
		</point>
		<point>
			<X>211</X>
			<Y>231</Y>
		</point>
		<point>
			<X>211</X>
			<Y>230</Y>
		</point>
		<point>
			<X>211</X>
			<Y>230</Y>
		</point>
		<point>
			<X>211</X>
			<Y>226</Y>
		</point>
		<point>
			<X>211</X>
			<Y>226</Y>
		</point>
		<point>
			<X>211</X>
			<Y>225</Y>
		</point>
		<point>
			<X>211</X>
			<Y>225</Y>
		</point>
		<point>
			<X>211</X>
			<Y>222</Y>
		</point>
		<point>
			<X>211</X>
			<Y>222</Y>
		</point>
		<point>
			<X>211</X>
			<Y>220</Y>
		</point>
		<point>
			<X>211</X>
			<Y>220</Y>
		</point>
		<point>
			<X>211</X>
			<Y>218</Y>
		</point>
		<point>
			<X>211</X>
			<Y>218</Y>
		</point>
		<point>
			<X>211</X>
			<Y>216</Y>
		</point>
		<point>
			<X>211</X>
			<Y>216</Y>
		</point>
		<point>
			<X>211</X>
			<Y>215</Y>
		</point>
		<point>
			<X>211</X>
			<Y>215</Y>
		</point>
		<point>
			<X>211</X>
			<Y>213</Y>
		</point>
		<point>
			<X>211</X>
			<Y>213</Y>
		</point>
		<point>
			<X>211</X>
			<Y>211</Y>
		</point>
		<point>
			<X>211</X>
			<Y>211</Y>
		</point>
		<point>
			<X>212</X>
			<Y>210</Y>
		</point>
		<point>
			<X>212</X>
			<Y>210</Y>
		</point>
		<point>
			<X>212</X>
			<Y>208</Y>
		</point>
		<point>
			<X>212</X>
			<Y>208</Y>
		</point>
		<point>
			<X>214</X>
			<Y>206</Y>
		</point>
		<point>
			<X>214</X>
			<Y>206</Y>
		</point>
		<point>
			<X>215</X>
			<Y>203</Y>
		</point>
		<point>
			<X>215</X>
			<Y>203</Y>
		</point>
		<point>
			<X>216</X>
			<Y>202</Y>
		</point>
		<point>
			<X>216</X>
			<Y>202</Y>
		</point>
		<point>
			<X>216</X>
			<Y>201</Y>
		</point>
		<point>
			<X>216</X>
			<Y>201</Y>
		</point>
		<point>
			<X>217</X>
			<Y>200</Y>
		</point>
		<point>
			<X>217</X>
			<Y>200</Y>
		</point>
		<point>
			<X>217</X>
			<Y>198</Y>
		</point>
		<point>
			<X>217</X>
			<Y>198</Y>
		</point>
		<point>
			<X>219</X>
			<Y>197</Y>
		</point>
		<point>
			<X>219</X>
			<Y>197</Y>
		</point>
		<point>
			<X>219</X>
			<Y>195</Y>
		</point>
		<point>
			<X>219</X>
			<Y>195</Y>
		</point>
		<point>
			<X>220</X>
			<Y>193</Y>
		</point>
		<point>
			<X>220</X>
			<Y>193</Y>
		</point>
		<point>
			<X>221</X>
			<Y>191</Y>
		</point>
		<point>
			<X>221</X>
			<Y>191</Y>
		</point>
		<point>
			<X>222</X>
			<Y>188</Y>
		</point>
		<point>
			<X>222</X>
			<Y>188</Y>
		</point>
		<point>
			<X>224</X>
			<Y>186</Y>
		</point>
		<point>
			<X>224</X>
			<Y>186</Y>
		</point>
		<point>
			<X>224</X>
			<Y>186</Y>
		</point>
		<point>
			<X>224</X>
			<Y>186</Y>
		</point>
		<point>
			<X>225</X>
			<Y>186</Y>
		</point>
		<point>
			<X>226</X>
			<Y>183</Y>
		</point>
		<point>
			<X>226</X>
			<Y>183</Y>
		</point>
		<point>
			<X>226</X>
			<Y>181</Y>
		</point>
		<point>
			<X>226</X>
			<Y>181</Y>
		</point>
		<point>
			<X>226</X>
			<Y>181</Y>
		</point>
		<point>
			<X>226</X>
			<Y>181</Y>
		</point>
		<point>
			<X>226</X>
			<Y>180</Y>
		</point>
		<point>
			<X>226</X>
			<Y>180</Y>
		</point>
		<point>
			<X>229</X>
			<Y>178</Y>
		</point>
		<point>
			<X>229</X>
			<Y>178</Y>
		</point>
		<point>
			<X>229</X>
			<Y>176</Y>
		</point>
		<point>
			<X>229</X>
			<Y>176</Y>
		</point>
		<point>
			<X>229</X>
			<Y>175</Y>
		</point>
		<point>
			<X>229</X>
			<Y>175</Y>
		</point>
		<point>
			<X>229</X>
			<Y>173</Y>
		</point>
		<point>
			<X>229</X>
			<Y>173</Y>
		</point>
		<point>
			<X>229</X>
			<Y>171</Y>
		</point>
		<point>
			<X>229</X>
			<Y>171</Y>
		</point>
		<point>
			<X>230</X>
			<Y>171</Y>
		</point>
		<point>
			<X>230</X>
			<Y>171</Y>
		</point>
		<point>
			<X>230</X>
			<Y>170</Y>
		</point>
		<point>
			<X>230</X>
			<Y>170</Y>
		</point>
		<point>
			<X>230</X>
			<Y>168</Y>
		</point>
		<point>
			<X>230</X>
			<Y>168</Y>
		</point>
		<point>
			<X>230</X>
			<Y>166</Y>
		</point>
		<point>
			<X>230</X>
			<Y>166</Y>
		</point>
		<point>
			<X>230</X>
			<Y>166</Y>
		</point>
		<point>
			<X>230</X>
			<Y>166</Y>
		</point>
		<point>
			<X>230</X>
			<Y>165</Y>
		</point>
		<point>
			<X>230</X>
			<Y>165</Y>
		</point>
		<point>
			<X>230</X>
			<Y>163</Y>
		</point>
		<point>
			<X>230</X>
			<Y>163</Y>
		</point>
		<point>
			<X>231</X>
			<Y>161</Y>
		</point>
		<point>
			<X>231</X>
			<Y>161</Y>
		</point>
		<point>
			<X>231</X>
			<Y>161</Y>
		</point>
		<point>
			<X>231</X>
			<Y>161</Y>
		</point>
		<point>
			<X>231</X>
			<Y>160</Y>
		</point>
		<point>
			<X>231</X>
			<Y>160</Y>
		</point>
		<point>
			<X>231</X>
			<Y>158</Y>
		</point>
		<point>
			<X>231</X>
			<Y>158</Y>
		</point>
		<point>
			<X>231</X>
			<Y>157</Y>
		</point>
		<point>
			<X>231</X>
			<Y>157</Y>
		</point>
		<point>
			<X>231</X>
			<Y>155</Y>
		</point>
		<point>
			<X>231</X>
			<Y>155</Y>
		</point>
		<point>
			<X>231</X>
			<Y>153</Y>
		</point>
		<point>
			<X>231</X>
			<Y>153</Y>
		</point>
		<point>
			<X>231</X>
			<Y>152</Y>
		</point>
		<point>
			<X>231</X>
			<Y>152</Y>
		</point>
		<point>
			<X>231</X>
			<Y>151</Y>
		</point>
		<point>
			<X>231</X>
			<Y>151</Y>
		</point>
		<point>
			<X>231</X>
			<Y>150</Y>
		</point>
		<point>
			<X>231</X>
			<Y>150</Y>
		</point>
		<point>
			<X>231</X>
			<Y>148</Y>
		</point>
		<point>
			<X>231</X>
			<Y>148</Y>
		</point>
		<point>
			<X>231</X>
			<Y>147</Y>
		</point>
		<point>
			<X>231</X>
			<Y>147</Y>
		</point>
		<point>
			<X>231</X>
			<Y>146</Y>
		</point>
		<point>
			<X>231</X>
			<Y>146</Y>
		</point>
		<point>
			<X>231</X>
			<Y>145</Y>
		</point>
		<point>
			<X>231</X>
			<Y>145</Y>
		</point>
		<point>
			<X>231</X>
			<Y>143</Y>
		</point>
		<point>
			<X>231</X>
			<Y>143</Y>
		</point>
		<point>
			<X>231</X>
			<Y>143</Y>
		</point>
		<point>
			<X>231</X>
			<Y>141</Y>
		</point>
		<point>
			<X>231</X>
			<Y>141</Y>
		</point>
		<point>
			<X>231</X>
			<Y>140</Y>
		</point>
		<point>
			<X>231</X>
			<Y>140</Y>
		</point>
		<point>
			<X>234</X>
			<Y>140</Y>
		</point>
		<point>
			<X>235</X>
			<Y>137</Y>
		</point>
		<point>
			<X>235</X>
			<Y>137</Y>
		</point>
		<point>
			<X>236</X>
			<Y>136</Y>
		</point>
		<point>
			<X>236</X>
			<Y>136</Y>
		</point>
		<point>
			<X>236</X>
			<Y>135</Y>
		</point>
		<point>
			<X>236</X>
			<Y>135</Y>
		</point>
		<point>
			<X>236</X>
			<Y>133</Y>
		</point>
		<point>
			<X>236</X>
			<Y>133</Y>
		</point>
		<point>
			<X>240</X>
			<Y>132</Y>
		</point>
		<point>
			<X>240</X>
			<Y>132</Y>
		</point>
		<point>
			<X>241</X>
			<Y>131</Y>
		</point>
		<point>
			<X>241</X>
			<Y>131</Y>
		</point>
		<point>
			<X>241</X>
			<Y>131</Y>
		</point>
		<point>
			<X>241</X>
			<Y>131</Y>
		</point>
		<point>
			<X>241</X>
			<Y>130</Y>
		</point>
		<point>
			<X>244</X>
			<Y>130</Y>
		</point>
		<point>
			<X>245</X>
			<Y>130</Y>
		</point>
		<point>
			<X>245</X>
			<Y>130</Y>
		</point>
	</polygon>
	<polygon>
		<tag>person</tag>
		<point>
			<X>301</X>
			<Y>152</Y>
		</point>
		<point>
			<X>301</X>
			<Y>155</Y>
		</point>
		<point>
			<X>301</X>
			<Y>155</Y>
		</point>
		<point>
			<X>300</X>
			<Y>157</Y>
		</point>
		<point>
			<X>300</X>
			<Y>157</Y>
		</point>
		<point>
			<X>299</X>
			<Y>158</Y>
		</point>
		<point>
			<X>299</X>
			<Y>158</Y>
		</point>
		<point>
			<X>299</X>
			<Y>161</Y>
		</point>
		<point>
			<X>299</X>
			<Y>161</Y>
		</point>
		<point>
			<X>297</X>
			<Y>161</Y>
		</point>
		<point>
			<X>297</X>
			<Y>161</Y>
		</point>
		<point>
			<X>297</X>
			<Y>165</Y>
		</point>
		<point>
			<X>297</X>
			<Y>165</Y>
		</point>
		<point>
			<X>296</X>
			<Y>168</Y>
		</point>
		<point>
			<X>296</X>
			<Y>168</Y>
		</point>
		<point>
			<X>295</X>
			<Y>168</Y>
		</point>
		<point>
			<X>295</X>
			<Y>168</Y>
		</point>
		<point>
			<X>294</X>
			<Y>170</Y>
		</point>
		<point>
			<X>294</X>
			<Y>170</Y>
		</point>
		<point>
			<X>294</X>
			<Y>171</Y>
		</point>
		<point>
			<X>294</X>
			<Y>171</Y>
		</point>
		<point>
			<X>292</X>
			<Y>171</Y>
		</point>
		<point>
			<X>292</X>
			<Y>171</Y>
		</point>
		<point>
			<X>291</X>
			<Y>171</Y>
		</point>
		<point>
			<X>291</X>
			<Y>171</Y>
		</point>
		<point>
			<X>291</X>
			<Y>175</Y>
		</point>
		<point>
			<X>291</X>
			<Y>175</Y>
		</point>
		<point>
			<X>289</X>
			<Y>176</Y>
		</point>
		<point>
			<X>289</X>
			<Y>176</Y>
		</point>
		<point>
			<X>287</X>
			<Y>178</Y>
		</point>
		<point>
			<X>287</X>
			<Y>178</Y>
		</point>
		<point>
			<X>285</X>
			<Y>181</Y>
		</point>
		<point>
			<X>285</X>
			<Y>181</Y>
		</point>
		<point>
			<X>285</X>
			<Y>183</Y>
		</point>
		<point>
			<X>285</X>
			<Y>183</Y>
		</point>
		<point>
			<X>284</X>
			<Y>185</Y>
		</point>
		<point>
			<X>284</X>
			<Y>185</Y>
		</point>
		<point>
			<X>282</X>
			<Y>186</Y>
		</point>
		<point>
			<X>282</X>
			<Y>186</Y>
		</point>
		<point>
			<X>281</X>
			<Y>186</Y>
		</point>
		<point>
			<X>281</X>
			<Y>186</Y>
		</point>
		<point>
			<X>279</X>
			<Y>188</Y>
		</point>
		<point>
			<X>279</X>
			<Y>188</Y>
		</point>
		<point>
			<X>279</X>
			<Y>190</Y>
		</point>
		<point>
			<X>279</X>
			<Y>190</Y>
		</point>
		<point>
			<X>277</X>
			<Y>191</Y>
		</point>
		<point>
			<X>277</X>
			<Y>191</Y>
		</point>
		<point>
			<X>274</X>
			<Y>191</Y>
		</point>
		<point>
			<X>274</X>
			<Y>191</Y>
		</point>
		<point>
			<X>274</X>
			<Y>192</Y>
		</point>
		<point>
			<X>272</X>
			<Y>192</Y>
		</point>
		<point>
			<X>271</X>
			<Y>193</Y>
		</point>
		<point>
			<X>271</X>
			<Y>193</Y>
		</point>
		<point>
			<X>270</X>
			<Y>195</Y>
		</point>
		<point>
			<X>270</X>
			<Y>195</Y>
		</point>
		<point>
			<X>269</X>
			<Y>195</Y>
		</point>
		<point>
			<X>269</X>
			<Y>195</Y>
		</point>
		<point>
			<X>266</X>
			<Y>197</Y>
		</point>
		<point>
			<X>266</X>
			<Y>197</Y>
		</point>
		<point>
			<X>265</X>
			<Y>197</Y>
		</point>
		<point>
			<X>265</X>
			<Y>197</Y>
		</point>
		<point>
			<X>264</X>
			<Y>197</Y>
		</point>
		<point>
			<X>264</X>
			<Y>197</Y>
		</point>
		<point>
			<X>264</X>
			<Y>198</Y>
		</point>
		<point>
			<X>262</X>
			<Y>198</Y>
		</point>
		<point>
			<X>261</X>
			<Y>198</Y>
		</point>
		<point>
			<X>261</X>
			<Y>198</Y>
		</point>
		<point>
			<X>260</X>
			<Y>198</Y>
		</point>
		<point>
			<X>260</X>
			<Y>198</Y>
		</point>
		<point>
			<X>259</X>
			<Y>198</Y>
		</point>
		<point>
			<X>259</X>
			<Y>198</Y>
		</point>
		<point>
			<X>257</X>
			<Y>201</Y>
		</point>
		<point>
			<X>257</X>
			<Y>201</Y>
		</point>
		<point>
			<X>255</X>
			<Y>201</Y>
		</point>
		<point>
			<X>255</X>
			<Y>201</Y>
		</point>
		<point>
			<X>254</X>
			<Y>201</Y>
		</point>
		<point>
			<X>254</X>
			<Y>201</Y>
		</point>
		<point>
			<X>251</X>
			<Y>202</Y>
		</point>
		<point>
			<X>251</X>
			<Y>202</Y>
		</point>
		<point>
			<X>251</X>
			<Y>206</Y>
		</point>
		<point>
			<X>251</X>
			<Y>206</Y>
		</point>
		<point>
			<X>251</X>
			<Y>207</Y>
		</point>
		<point>
			<X>251</X>
			<Y>207</Y>
		</point>
		<point>
			<X>250</X>
			<Y>207</Y>
		</point>
		<point>
			<X>250</X>
			<Y>208</Y>
		</point>
		<point>
			<X>250</X>
			<Y>211</Y>
		</point>
		<point>
			<X>250</X>
			<Y>211</Y>
		</point>
		<point>
			<X>250</X>
			<Y>212</Y>
		</point>
		<point>
			<X>250</X>
			<Y>212</Y>
		</point>
		<point>
			<X>249</X>
			<Y>215</Y>
		</point>
		<point>
			<X>249</X>
			<Y>215</Y>
		</point>
		<point>
			<X>249</X>
			<Y>216</Y>
		</point>
		<point>
			<X>249</X>
			<Y>216</Y>
		</point>
		<point>
			<X>249</X>
			<Y>218</Y>
		</point>
		<point>
			<X>249</X>
			<Y>218</Y>
		</point>
		<point>
			<X>250</X>
			<Y>220</Y>
		</point>
		<point>
			<X>250</X>
			<Y>220</Y>
		</point>
		<point>
			<X>250</X>
			<Y>221</Y>
		</point>
		<point>
			<X>250</X>
			<Y>221</Y>
		</point>
		<point>
			<X>250</X>
			<Y>223</Y>
		</point>
		<point>
			<X>250</X>
			<Y>223</Y>
		</point>
		<point>
			<X>251</X>
			<Y>225</Y>
		</point>
		<point>
			<X>251</X>
			<Y>225</Y>
		</point>
		<point>
			<X>251</X>
			<Y>226</Y>
		</point>
		<point>
			<X>251</X>
			<Y>226</Y>
		</point>
		<point>
			<X>251</X>
			<Y>228</Y>
		</point>
		<point>
			<X>251</X>
			<Y>228</Y>
		</point>
		<point>
			<X>251</X>
			<Y>230</Y>
		</point>
		<point>
			<X>251</X>
			<Y>230</Y>
		</point>
		<point>
			<X>251</X>
			<Y>231</Y>
		</point>
		<point>
			<X>251</X>
			<Y>231</Y>
		</point>
		<point>
			<X>254</X>
			<Y>233</Y>
		</point>
		<point>
			<X>254</X>
			<Y>233</Y>
		</point>
		<point>
			<X>255</X>
			<Y>235</Y>
		</point>
		<point>
			<X>255</X>
			<Y>235</Y>
		</point>
		<point>
			<X>255</X>
			<Y>236</Y>
		</point>
		<point>
			<X>255</X>
			<Y>236</Y>
		</point>
		<point>
			<X>255</X>
			<Y>236</Y>
		</point>
		<point>
			<X>255</X>
			<Y>236</Y>
		</point>
		<point>
			<X>255</X>
			<Y>238</Y>
		</point>
		<point>
			<X>255</X>
			<Y>238</Y>
		</point>
		<point>
			<X>255</X>
			<Y>240</Y>
		</point>
		<point>
			<X>255</X>
			<Y>240</Y>
		</point>
		<point>
			<X>255</X>
			<Y>241</Y>
		</point>
		<point>
			<X>255</X>
			<Y>241</Y>
		</point>
		<point>
			<X>256</X>
			<Y>241</Y>
		</point>
		<point>
			<X>256</X>
			<Y>241</Y>
		</point>
		<point>
			<X>256</X>
			<Y>243</Y>
		</point>
		<point>
			<X>256</X>
			<Y>243</Y>
		</point>
		<point>
			<X>256</X>
			<Y>245</Y>
		</point>
		<point>
			<X>256</X>
			<Y>245</Y>
		</point>
		<point>
			<X>256</X>
			<Y>246</Y>
		</point>
		<point>
			<X>256</X>
			<Y>246</Y>
		</point>
		<point>
			<X>256</X>
			<Y>246</Y>
		</point>
		<point>
			<X>256</X>
			<Y>246</Y>
		</point>
		<point>
			<X>256</X>
			<Y>248</Y>
		</point>
		<point>
			<X>256</X>
			<Y>248</Y>
		</point>
		<point>
			<X>256</X>
			<Y>250</Y>
		</point>
		<point>
			<X>256</X>
			<Y>250</Y>
		</point>
		<point>
			<X>257</X>
			<Y>251</Y>
		</point>
		<point>
			<X>257</X>
			<Y>251</Y>
		</point>
		<point>
			<X>257</X>
			<Y>253</Y>
		</point>
		<point>
			<X>257</X>
			<Y>253</Y>
		</point>
		<point>
			<X>257</X>
			<Y>255</Y>
		</point>
		<point>
			<X>257</X>
			<Y>255</Y>
		</point>
		<point>
			<X>259</X>
			<Y>255</Y>
		</point>
		<point>
			<X>259</X>
			<Y>256</Y>
		</point>
		<point>
			<X>259</X>
			<Y>257</Y>
		</point>
		<point>
			<X>259</X>
			<Y>257</Y>
		</point>
		<point>
			<X>260</X>
			<Y>257</Y>
		</point>
		<point>
			<X>260</X>
			<Y>258</Y>
		</point>
		<point>
			<X>260</X>
			<Y>260</Y>
		</point>
		<point>
			<X>260</X>
			<Y>260</Y>
		</point>
		<point>
			<X>261</X>
			<Y>261</Y>
		</point>
		<point>
			<X>261</X>
			<Y>261</Y>
		</point>
		<point>
			<X>262</X>
			<Y>261</Y>
		</point>
		<point>
			<X>262</X>
			<Y>261</Y>
		</point>
		<point>
			<X>262</X>
			<Y>262</Y>
		</point>
		<point>
			<X>264</X>
			<Y>263</Y>
		</point>
		<point>
			<X>264</X>
			<Y>263</Y>
		</point>
		<point>
			<X>264</X>
			<Y>265</Y>
		</point>
		<point>
			<X>264</X>
			<Y>265</Y>
		</point>
		<point>
			<X>265</X>
			<Y>265</Y>
		</point>
		<point>
			<X>265</X>
			<Y>265</Y>
		</point>
	</polygon>
	<polygon>
		<tag>person</tag>
		<point>
			<X>314</X>
			<Y>270</Y>
		</point>
		<point>
			<X>314</X>
			<Y>271</Y>
		</point>
		<point>
			<X>314</X>
			<Y>271</Y>
		</point>
		<point>
			<X>314</X>
			<Y>270</Y>
		</point>
		<point>
			<X>314</X>
			<Y>268</Y>
		</point>
		<point>
			<X>314</X>
			<Y>268</Y>
		</point>
		<point>
			<X>314</X>
			<Y>266</Y>
		</point>
		<point>
			<X>314</X>
			<Y>266</Y>
		</point>
		<point>
			<X>314</X>
			<Y>263</Y>
		</point>
		<point>
			<X>314</X>
			<Y>263</Y>
		</point>
		<point>
			<X>314</X>
			<Y>262</Y>
		</point>
		<point>
			<X>314</X>
			<Y>262</Y>
		</point>
		<point>
			<X>314</X>
			<Y>258</Y>
		</point>
		<point>
			<X>314</X>
			<Y>258</Y>
		</point>
		<point>
			<X>314</X>
			<Y>257</Y>
		</point>
		<point>
			<X>314</X>
			<Y>257</Y>
		</point>
		<point>
			<X>314</X>
			<Y>253</Y>
		</point>
		<point>
			<X>314</X>
			<Y>253</Y>
		</point>
		<point>
			<X>314</X>
			<Y>250</Y>
		</point>
		<point>
			<X>314</X>
			<Y>250</Y>
		</point>
		<point>
			<X>314</X>
			<Y>248</Y>
		</point>
		<point>
			<X>314</X>
			<Y>248</Y>
		</point>
		<point>
			<X>314</X>
			<Y>245</Y>
		</point>
		<point>
			<X>314</X>
			<Y>245</Y>
		</point>
		<point>
			<X>314</X>
			<Y>243</Y>
		</point>
		<point>
			<X>314</X>
			<Y>243</Y>
		</point>
		<point>
			<X>314</X>
			<Y>241</Y>
		</point>
		<point>
			<X>314</X>
			<Y>241</Y>
		</point>
		<point>
			<X>314</X>
			<Y>240</Y>
		</point>
		<point>
			<X>314</X>
			<Y>240</Y>
		</point>
		<point>
			<X>314</X>
			<Y>236</Y>
		</point>
		<point>
			<X>314</X>
			<Y>236</Y>
		</point>
		<point>
			<X>314</X>
			<Y>233</Y>
		</point>
		<point>
			<X>314</X>
			<Y>233</Y>
		</point>
		<point>
			<X>314</X>
			<Y>231</Y>
		</point>
		<point>
			<X>314</X>
			<Y>231</Y>
		</point>
		<point>
			<X>314</X>
			<Y>226</Y>
		</point>
		<point>
			<X>314</X>
			<Y>226</Y>
		</point>
		<point>
			<X>314</X>
			<Y>226</Y>
		</point>
		<point>
			<X>314</X>
			<Y>226</Y>
		</point>
		<point>
			<X>315</X>
			<Y>218</Y>
		</point>
		<point>
			<X>315</X>
			<Y>218</Y>
		</point>
		<point>
			<X>315</X>
			<Y>216</Y>
		</point>
		<point>
			<X>315</X>
			<Y>216</Y>
		</point>
		<point>
			<X>315</X>
			<Y>215</Y>
		</point>
		<point>
			<X>315</X>
			<Y>215</Y>
		</point>
		<point>
			<X>315</X>
			<Y>213</Y>
		</point>
		<point>
			<X>315</X>
			<Y>213</Y>
		</point>
		<point>
			<X>315</X>
			<Y>211</Y>
		</point>
		<point>
			<X>315</X>
			<Y>211</Y>
		</point>
		<point>
			<X>315</X>
			<Y>208</Y>
		</point>
		<point>
			<X>315</X>
			<Y>208</Y>
		</point>
		<point>
			<X>315</X>
			<Y>207</Y>
		</point>
		<point>
			<X>315</X>
			<Y>207</Y>
		</point>
		<point>
			<X>315</X>
			<Y>206</Y>
		</point>
		<point>
			<X>315</X>
			<Y>206</Y>
		</point>
		<point>
			<X>315</X>
			<Y>202</Y>
		</point>
		<point>
			<X>315</X>
			<Y>202</Y>
		</point>
		<point>
			<X>315</X>
			<Y>201</Y>
		</point>
		<point>
			<X>315</X>
			<Y>201</Y>
		</point>
		<point>
			<X>315</X>
			<Y>200</Y>
		</point>
		<point>
			<X>315</X>
			<Y>200</Y>
		</point>
		<point>
			<X>316</X>
			<Y>196</Y>
		</point>
		<point>
			<X>316</X>
			<Y>196</Y>
		</point>
		<point>
			<X>317</X>
			<Y>193</Y>
		</point>
		<point>
			<X>317</X>
			<Y>193</Y>
		</point>
		<point>
			<X>317</X>
			<Y>192</Y>
		</point>
		<point>
			<X>317</X>
			<Y>192</Y>
		</point>
		<point>
			<X>317</X>
			<Y>190</Y>
		</point>
		<point>
			<X>317</X>
			<Y>190</Y>
		</point>
		<point>
			<X>317</X>
			<Y>186</Y>
		</point>
		<point>
			<X>317</X>
			<Y>186</Y>
		</point>
		<point>
			<X>319</X>
			<Y>186</Y>
		</point>
		<point>
			<X>319</X>
			<Y>186</Y>
		</point>
		<point>
			<X>319</X>
			<Y>185</Y>
		</point>
		<point>
			<X>319</X>
			<Y>185</Y>
		</point>
		<point>
			<X>319</X>
			<Y>183</Y>
		</point>
		<point>
			<X>319</X>
			<Y>183</Y>
		</point>
		<point>
			<X>319</X>
			<Y>181</Y>
		</point>
		<point>
			<X>319</X>
			<Y>181</Y>
		</point>
		<point>
			<X>320</X>
			<Y>181</Y>
		</point>
		<point>
			<X>321</X>
			<Y>181</Y>
		</point>
		<point>
			<X>321</X>
			<Y>181</Y>
		</point>
		<point>
			<X>321</X>
			<Y>180</Y>
		</point>
		<point>
			<X>321</X>
			<Y>180</Y>
		</point>
		<point>
			<X>322</X>
			<Y>180</Y>
		</point>
		<point>
			<X>322</X>
			<Y>178</Y>
		</point>
		<point>
			<X>325</X>
			<Y>178</Y>
		</point>
		<point>
			<X>325</X>
			<Y>176</Y>
		</point>
		<point>
			<X>325</X>
			<Y>176</Y>
		</point>
		<point>
			<X>326</X>
			<Y>176</Y>
		</point>
		<point>
			<X>327</X>
			<Y>176</Y>
		</point>
		<point>
			<X>328</X>
			<Y>175</Y>
		</point>
		<point>
			<X>328</X>
			<Y>175</Y>
		</point>
		<point>
			<X>330</X>
			<Y>175</Y>
		</point>
		<point>
			<X>330</X>
			<Y>175</Y>
		</point>
		<point>
			<X>331</X>
			<Y>175</Y>
		</point>
		<point>
			<X>360</X>
			<Y>198</Y>
		</point>
	</polygon>
	<polygon>
		<tag>person</tag>
		<point>
			<X>421</X>
			<Y>201</Y>
		</point>
		<point>
			<X>421</X>
			<Y>202</Y>
		</point>
		<point>
			<X>421</X>
			<Y>202</Y>
		</point>
		<point>
			<X>421</X>
			<Y>205</Y>
		</point>
		<point>
			<X>421</X>
			<Y>205</Y>
		</point>
		<point>
			<X>421</X>
			<Y>207</Y>
		</point>
		<point>
			<X>421</X>
			<Y>207</Y>
		</point>
		<point>
			<X>421</X>
			<Y>208</Y>
		</point>
		<point>
			<X>421</X>
			<Y>208</Y>
		</point>
		<point>
			<X>421</X>
			<Y>210</Y>
		</point>
		<point>
			<X>421</X>
			<Y>210</Y>
		</point>
		<point>
			<X>421</X>
			<Y>212</Y>
		</point>
		<point>
			<X>421</X>
			<Y>212</Y>
		</point>
		<point>
			<X>421</X>
			<Y>213</Y>
		</point>
		<point>
			<X>421</X>
			<Y>213</Y>
		</point>
		<point>
			<X>421</X>
			<Y>215</Y>
		</point>
		<point>
			<X>421</X>
			<Y>215</Y>
		</point>
		<point>
			<X>421</X>
			<Y>218</Y>
		</point>
		<point>
			<X>421</X>
			<Y>218</Y>
		</point>
		<point>
			<X>421</X>
			<Y>220</Y>
		</point>
		<point>
			<X>421</X>
			<Y>220</Y>
		</point>
		<point>
			<X>421</X>
			<Y>221</Y>
		</point>
		<point>
			<X>421</X>
			<Y>221</Y>
		</point>
		<point>
			<X>421</X>
			<Y>223</Y>
		</point>
		<point>
			<X>421</X>
			<Y>223</Y>
		</point>
		<point>
			<X>421</X>
			<Y>226</Y>
		</point>
		<point>
			<X>421</X>
			<Y>226</Y>
		</point>
		<point>
			<X>420</X>
			<Y>226</Y>
		</point>
		<point>
			<X>420</X>
			<Y>226</Y>
		</point>
		<point>
			<X>420</X>
			<Y>228</Y>
		</point>
		<point>
			<X>420</X>
			<Y>231</Y>
		</point>
		<point>
			<X>420</X>
			<Y>231</Y>
		</point>
		<point>
			<X>420</X>
			<Y>233</Y>
		</point>
		<point>
			<X>420</X>
			<Y>233</Y>
		</point>
		<point>
			<X>419</X>
			<Y>235</Y>
		</point>
		<point>
			<X>419</X>
			<Y>235</Y>
		</point>
		<point>
			<X>419</X>
			<Y>236</Y>
		</point>
		<point>
			<X>419</X>
			<Y>236</Y>
		</point>
		<point>
			<X>419</X>
			<Y>236</Y>
		</point>
		<point>
			<X>419</X>
			<Y>236</Y>
		</point>
		<point>
			<X>419</X>
			<Y>238</Y>
		</point>
		<point>
			<X>419</X>
			<Y>238</Y>
		</point>
		<point>
			<X>419</X>
			<Y>241</Y>
		</point>
		<point>
			<X>419</X>
			<Y>241</Y>
		</point>
		<point>
			<X>419</X>
			<Y>241</Y>
		</point>
		<point>
			<X>419</X>
			<Y>241</Y>
		</point>
		<point>
			<X>419</X>
			<Y>243</Y>
		</point>
		<point>
			<X>419</X>
			<Y>243</Y>
		</point>
		<point>
			<X>419</X>
			<Y>245</Y>
		</point>
		<point>
			<X>419</X>
			<Y>245</Y>
		</point>
		<point>
			<X>419</X>
			<Y>246</Y>
		</point>
		<point>
			<X>419</X>
			<Y>246</Y>
		</point>
		<point>
			<X>419</X>
			<Y>246</Y>
		</point>
		<point>
			<X>419</X>
			<Y>246</Y>
		</point>
		<point>
			<X>419</X>
			<Y>248</Y>
		</point>
		<point>
			<X>419</X>
			<Y>248</Y>
		</point>
		<point>
			<X>419</X>
			<Y>251</Y>
		</point>
		<point>
			<X>419</X>
			<Y>251</Y>
		</point>
		<point>
			<X>419</X>
			<Y>251</Y>
		</point>
		<point>
			<X>419</X>
			<Y>251</Y>
		</point>
		<point>
			<X>419</X>
			<Y>255</Y>
		</point>
		<point>
			<X>419</X>
			<Y>255</Y>
		</point>
		<point>
			<X>417</X>
			<Y>256</Y>
		</point>
		<point>
			<X>417</X>
			<Y>256</Y>
		</point>
		<point>
			<X>417</X>
			<Y>257</Y>
		</point>
		<point>
			<X>417</X>
			<Y>257</Y>
		</point>
		<point>
			<X>417</X>
			<Y>261</Y>
		</point>
		<point>
			<X>417</X>
			<Y>261</Y>
		</point>
		<point>
			<X>416</X>
			<Y>263</Y>
		</point>
		<point>
			<X>416</X>
			<Y>263</Y>
		</point>
		<point>
			<X>416</X>
			<Y>265</Y>
		</point>
		<point>
			<X>416</X>
			<Y>265</Y>
		</point>
		<point>
			<X>415</X>
			<Y>267</Y>
		</point>
		<point>
			<X>415</X>
			<Y>267</Y>
		</point>
		<point>
			<X>414</X>
			<Y>270</Y>
		</point>
		<point>
			<X>414</X>
			<Y>270</Y>
		</point>
		<point>
			<X>412</X>
			<Y>272</Y>
		</point>
		<point>
			<X>412</X>
			<Y>272</Y>
		</point>
		<point>
			<X>412</X>
			<Y>273</Y>
		</point>
		<point>
			<X>412</X>
			<Y>273</Y>
		</point>
		<point>
			<X>411</X>
			<Y>276</Y>
		</point>
		<point>
			<X>411</X>
			<Y>276</Y>
		</point>
		<point>
			<X>410</X>
			<Y>280</Y>
		</point>
		<point>
			<X>410</X>
			<Y>280</Y>
		</point>
		<point>
			<X>410</X>
			<Y>281</Y>
		</point>
		<point>
			<X>410</X>
			<Y>281</Y>
		</point>
		<point>
			<X>410</X>
			<Y>282</Y>
		</point>
		<point>
			<X>410</X>
			<Y>282</Y>
		</point>
		<point>
			<X>410</X>
			<Y>283</Y>
		</point>
		<point>
			<X>410</X>
			<Y>283</Y>
		</point>
		<point>
			<X>410</X>
			<Y>283</Y>
		</point>
	</polygon>
	<polygon>
		<tag>person</tag>
		<point>
			<X>434</X>
			<Y>277</Y>
		</point>
		<point>
			<X>432</X>
			<Y>277</Y>
		</point>
		<point>
			<X>432</X>
			<Y>277</Y>
		</point>
		<point>
			<X>432</X>
			<Y>275</Y>
		</point>
		<point>
			<X>432</X>
			<Y>275</Y>
		</point>
		<point>
			<X>432</X>
			<Y>273</Y>
		</point>
		<point>
			<X>432</X>
			<Y>273</Y>
		</point>
		<point>
			<X>432</X>
			<Y>272</Y>
		</point>
		<point>
			<X>432</X>
			<Y>272</Y>
		</point>
		<point>
			<X>432</X>
			<Y>268</Y>
		</point>
		<point>
			<X>432</X>
			<Y>268</Y>
		</point>
		<point>
			<X>432</X>
			<Y>267</Y>
		</point>
		<point>
			<X>432</X>
			<Y>267</Y>
		</point>
		<point>
			<X>432</X>
			<Y>266</Y>
		</point>
		<point>
			<X>432</X>
			<Y>266</Y>
		</point>
		<point>
			<X>432</X>
			<Y>265</Y>
		</point>
		<point>
			<X>432</X>
			<Y>265</Y>
		</point>
		<point>
			<X>432</X>
			<Y>262</Y>
		</point>
		<point>
			<X>432</X>
			<Y>262</Y>
		</point>
		<point>
			<X>432</X>
			<Y>260</Y>
		</point>
		<point>
			<X>432</X>
			<Y>260</Y>
		</point>
		<point>
			<X>432</X>
			<Y>258</Y>
		</point>
		<point>
			<X>432</X>
			<Y>258</Y>
		</point>
		<point>
			<X>432</X>
			<Y>257</Y>
		</point>
		<point>
			<X>432</X>
			<Y>257</Y>
		</point>
		<point>
			<X>432</X>
			<Y>256</Y>
		</point>
		<point>
			<X>432</X>
			<Y>256</Y>
		</point>
		<point>
			<X>432</X>
			<Y>253</Y>
		</point>
		<point>
			<X>432</X>
			<Y>253</Y>
		</point>
		<point>
			<X>432</X>
			<Y>251</Y>
		</point>
		<point>
			<X>432</X>
			<Y>251</Y>
		</point>
		<point>
			<X>432</X>
			<Y>251</Y>
		</point>
		<point>
			<X>432</X>
			<Y>251</Y>
		</point>
		<point>
			<X>432</X>
			<Y>248</Y>
		</point>
		<point>
			<X>432</X>
			<Y>248</Y>
		</point>
		<point>
			<X>432</X>
			<Y>246</Y>
		</point>
		<point>
			<X>432</X>
			<Y>246</Y>
		</point>
		<point>
			<X>432</X>
			<Y>245</Y>
		</point>
		<point>
			<X>432</X>
			<Y>245</Y>
		</point>
		<point>
			<X>432</X>
			<Y>243</Y>
		</point>
		<point>
			<X>432</X>
			<Y>243</Y>
		</point>
		<point>
			<X>432</X>
			<Y>241</Y>
		</point>
		<point>
			<X>432</X>
			<Y>241</Y>
		</point>
		<point>
			<X>432</X>
			<Y>240</Y>
		</point>
		<point>
			<X>432</X>
			<Y>240</Y>
		</point>
		<point>
			<X>432</X>
			<Y>238</Y>
		</point>
		<point>
			<X>432</X>
			<Y>238</Y>
		</point>
		<point>
			<X>432</X>
			<Y>236</Y>
		</point>
		<point>
			<X>432</X>
			<Y>236</Y>
		</point>
		<point>
			<X>432</X>
			<Y>236</Y>
		</point>
		<point>
			<X>432</X>
			<Y>236</Y>
		</point>
		<point>
			<X>431</X>
			<Y>233</Y>
		</point>
		<point>
			<X>431</X>
			<Y>233</Y>
		</point>
		<point>
			<X>431</X>
			<Y>231</Y>
		</point>
		<point>
			<X>431</X>
			<Y>231</Y>
		</point>
		<point>
			<X>431</X>
			<Y>231</Y>
		</point>
		<point>
			<X>431</X>
			<Y>231</Y>
		</point>
		<point>
			<X>431</X>
			<Y>230</Y>
		</point>
		<point>
			<X>431</X>
			<Y>230</Y>
		</point>
		<point>
			<X>431</X>
			<Y>228</Y>
		</point>
		<point>
			<X>431</X>
			<Y>228</Y>
		</point>
		<point>
			<X>431</X>
			<Y>226</Y>
		</point>
		<point>
			<X>431</X>
			<Y>226</Y>
		</point>
		<point>
			<X>431</X>
			<Y>225</Y>
		</point>
		<point>
			<X>431</X>
			<Y>225</Y>
		</point>
		<point>
			<X>431</X>
			<Y>222</Y>
		</point>
		<point>
			<X>431</X>
			<Y>222</Y>
		</point>
		<point>
			<X>431</X>
			<Y>221</Y>
		</point>
		<point>
			<X>431</X>
			<Y>221</Y>
		</point>
		<point>
			<X>431</X>
			<Y>218</Y>
		</point>
		<point>
			<X>431</X>
			<Y>218</Y>
		</point>
		<point>
			<X>431</X>
			<Y>216</Y>
		</point>
		<point>
			<X>431</X>
			<Y>216</Y>
		</point>
		<point>
			<X>431</X>
			<Y>215</Y>
		</point>
		<point>
			<X>431</X>
			<Y>215</Y>
		</point>
		<point>
			<X>431</X>
			<Y>212</Y>
		</point>
		<point>
			<X>431</X>
			<Y>212</Y>
		</point>
		<point>
			<X>432</X>
			<Y>211</Y>
		</point>
		<point>
			<X>432</X>
			<Y>211</Y>
		</point>
		<point>
			<X>434</X>
			<Y>211</Y>
		</point>
		<point>
			<X>434</X>
			<Y>211</Y>
		</point>
		<point>
			<X>435</X>
			<Y>211</Y>
		</point>
		<point>
			<X>436</X>
			<Y>211</Y>
		</point>
		<point>
			<X>436</X>
			<Y>212</Y>
		</point>
		<point>
			<X>436</X>
			<Y>212</Y>
		</point>
		<point>
			<X>436</X>
			<Y>212</Y>
		</point>
	</polygon>
</annotation>