<annotation>
	<folder>anno</folder>
	<filename>2008_001299.jpg</filename>
	<source>
		<database>The anno Database</database>
		<annotation>VC anno</annotation>
		<image>Unknow</image>
		<flickrid>Unknow</flickrid>
	</source>
	<owner>
		<flickrid>Unknow</flickrid>
		<name>Unknow</name>
	</owner>
	<size>
		<width>500</width>
		<height>375</height>
		<depth>3</depth>
	</size>
	<segmented>1</segmented>
	<polygon>
		<tag>background</tag>
		<point>
			<X>16</X>
			<Y>258</Y>
		</point>
		<point>
			<X>16</X>
			<Y>253</Y>
		</point>
		<point>
			<X>16</X>
			<Y>253</Y>
		</point>
		<point>
			<X>16</X>
			<Y>245</Y>
		</point>
		<point>
			<X>16</X>
			<Y>245</Y>
		</point>
		<point>
			<X>16</X>
			<Y>234</Y>
		</point>
		<point>
			<X>16</X>
			<Y>234</Y>
		</point>
		<point>
			<X>16</X>
			<Y>225</Y>
		</point>
		<point>
			<X>16</X>
			<Y>225</Y>
		</point>
		<point>
			<X>16</X>
			<Y>211</Y>
		</point>
		<point>
			<X>16</X>
			<Y>211</Y>
		</point>
		<point>
			<X>16</X>
			<Y>199</Y>
		</point>
		<point>
			<X>16</X>
			<Y>199</Y>
		</point>
		<point>
			<X>16</X>
			<Y>188</Y>
		</point>
		<point>
			<X>16</X>
			<Y>188</Y>
		</point>
		<point>
			<X>16</X>
			<Y>179</Y>
		</point>
		<point>
			<X>16</X>
			<Y>179</Y>
		</point>
		<point>
			<X>16</X>
			<Y>169</Y>
		</point>
		<point>
			<X>16</X>
			<Y>169</Y>
		</point>
		<point>
			<X>16</X>
			<Y>156</Y>
		</point>
		<point>
			<X>16</X>
			<Y>156</Y>
		</point>
		<point>
			<X>16</X>
			<Y>146</Y>
		</point>
		<point>
			<X>16</X>
			<Y>146</Y>
		</point>
		<point>
			<X>16</X>
			<Y>138</Y>
		</point>
		<point>
			<X>16</X>
			<Y>138</Y>
		</point>
		<point>
			<X>19</X>
			<Y>130</Y>
		</point>
		<point>
			<X>19</X>
			<Y>130</Y>
		</point>
		<point>
			<X>19</X>
			<Y>126</Y>
		</point>
		<point>
			<X>19</X>
			<Y>126</Y>
		</point>
		<point>
			<X>22</X>
			<Y>119</Y>
		</point>
		<point>
			<X>22</X>
			<Y>119</Y>
		</point>
		<point>
			<X>24</X>
			<Y>115</Y>
		</point>
		<point>
			<X>24</X>
			<Y>115</Y>
		</point>
		<point>
			<X>27</X>
			<Y>110</Y>
		</point>
		<point>
			<X>27</X>
			<Y>110</Y>
		</point>
		<point>
			<X>31</X>
			<Y>104</Y>
		</point>
		<point>
			<X>31</X>
			<Y>104</Y>
		</point>
		<point>
			<X>34</X>
			<Y>100</Y>
		</point>
		<point>
			<X>34</X>
			<Y>100</Y>
		</point>
		<point>
			<X>36</X>
			<Y>95</Y>
		</point>
		<point>
			<X>36</X>
			<Y>95</Y>
		</point>
		<point>
			<X>39</X>
			<Y>93</Y>
		</point>
		<point>
			<X>39</X>
			<Y>93</Y>
		</point>
		<point>
			<X>39</X>
			<Y>90</Y>
		</point>
		<point>
			<X>39</X>
			<Y>90</Y>
		</point>
		<point>
			<X>41</X>
			<Y>89</Y>
		</point>
		<point>
			<X>41</X>
			<Y>89</Y>
		</point>
		<point>
			<X>42</X>
			<Y>88</Y>
		</point>
		<point>
			<X>42</X>
			<Y>88</Y>
		</point>
		<point>
			<X>45</X>
			<Y>85</Y>
		</point>
		<point>
			<X>45</X>
			<Y>85</Y>
		</point>
		<point>
			<X>47</X>
			<Y>80</Y>
		</point>
		<point>
			<X>47</X>
			<Y>80</Y>
		</point>
		<point>
			<X>51</X>
			<Y>78</Y>
		</point>
		<point>
			<X>51</X>
			<Y>78</Y>
		</point>
		<point>
			<X>55</X>
			<Y>76</Y>
		</point>
		<point>
			<X>55</X>
			<Y>76</Y>
		</point>
		<point>
			<X>55</X>
			<Y>75</Y>
		</point>
		<point>
			<X>55</X>
			<Y>75</Y>
		</point>
		<point>
			<X>59</X>
			<Y>71</Y>
		</point>
		<point>
			<X>59</X>
			<Y>71</Y>
		</point>
		<point>
			<X>61</X>
			<Y>70</Y>
		</point>
		<point>
			<X>61</X>
			<Y>70</Y>
		</point>
		<point>
			<X>66</X>
			<Y>69</Y>
		</point>
		<point>
			<X>66</X>
			<Y>69</Y>
		</point>
		<point>
			<X>72</X>
			<Y>66</Y>
		</point>
		<point>
			<X>72</X>
			<Y>66</Y>
		</point>
		<point>
			<X>77</X>
			<Y>64</Y>
		</point>
		<point>
			<X>77</X>
			<Y>64</Y>
		</point>
		<point>
			<X>87</X>
			<Y>61</Y>
		</point>
		<point>
			<X>87</X>
			<Y>61</Y>
		</point>
		<point>
			<X>96</X>
			<Y>58</Y>
		</point>
		<point>
			<X>96</X>
			<Y>58</Y>
		</point>
		<point>
			<X>100</X>
			<Y>56</Y>
		</point>
		<point>
			<X>100</X>
			<Y>56</Y>
		</point>
		<point>
			<X>107</X>
			<Y>56</Y>
		</point>
		<point>
			<X>107</X>
			<Y>56</Y>
		</point>
		<point>
			<X>115</X>
			<Y>53</Y>
		</point>
		<point>
			<X>115</X>
			<Y>53</Y>
		</point>
		<point>
			<X>120</X>
			<Y>50</Y>
		</point>
		<point>
			<X>120</X>
			<Y>50</Y>
		</point>
		<point>
			<X>124</X>
			<Y>50</Y>
		</point>
		<point>
			<X>124</X>
			<Y>50</Y>
		</point>
		<point>
			<X>130</X>
			<Y>48</Y>
		</point>
		<point>
			<X>130</X>
			<Y>48</Y>
		</point>
		<point>
			<X>135</X>
			<Y>46</Y>
		</point>
		<point>
			<X>135</X>
			<Y>46</Y>
		</point>
		<point>
			<X>137</X>
			<Y>46</Y>
		</point>
		<point>
			<X>137</X>
			<Y>46</Y>
		</point>
		<point>
			<X>145</X>
			<Y>45</Y>
		</point>
		<point>
			<X>145</X>
			<Y>45</Y>
		</point>
		<point>
			<X>150</X>
			<Y>41</Y>
		</point>
		<point>
			<X>150</X>
			<Y>41</Y>
		</point>
		<point>
			<X>155</X>
			<Y>40</Y>
		</point>
		<point>
			<X>155</X>
			<Y>40</Y>
		</point>
		<point>
			<X>159</X>
			<Y>39</Y>
		</point>
		<point>
			<X>159</X>
			<Y>39</Y>
		</point>
		<point>
			<X>166</X>
			<Y>38</Y>
		</point>
		<point>
			<X>166</X>
			<Y>38</Y>
		</point>
		<point>
			<X>171</X>
			<Y>35</Y>
		</point>
		<point>
			<X>171</X>
			<Y>35</Y>
		</point>
		<point>
			<X>176</X>
			<Y>33</Y>
		</point>
		<point>
			<X>176</X>
			<Y>33</Y>
		</point>
		<point>
			<X>180</X>
			<Y>31</Y>
		</point>
		<point>
			<X>180</X>
			<Y>31</Y>
		</point>
		<point>
			<X>186</X>
			<Y>29</Y>
		</point>
		<point>
			<X>186</X>
			<Y>29</Y>
		</point>
		<point>
			<X>191</X>
			<Y>29</Y>
		</point>
		<point>
			<X>195</X>
			<Y>29</Y>
		</point>
		<point>
			<X>201</X>
			<Y>26</Y>
		</point>
		<point>
			<X>201</X>
			<Y>26</Y>
		</point>
		<point>
			<X>204</X>
			<Y>26</Y>
		</point>
		<point>
			<X>207</X>
			<Y>25</Y>
		</point>
		<point>
			<X>207</X>
			<Y>25</Y>
		</point>
		<point>
			<X>212</X>
			<Y>23</Y>
		</point>
		<point>
			<X>212</X>
			<Y>23</Y>
		</point>
		<point>
			<X>216</X>
			<Y>21</Y>
		</point>
		<point>
			<X>216</X>
			<Y>21</Y>
		</point>
		<point>
			<X>221</X>
			<Y>21</Y>
		</point>
		<point>
			<X>225</X>
			<Y>21</Y>
		</point>
		<point>
			<X>229</X>
			<Y>21</Y>
		</point>
		<point>
			<X>237</X>
			<Y>21</Y>
		</point>
		<point>
			<X>245</X>
			<Y>20</Y>
		</point>
		<point>
			<X>245</X>
			<Y>20</Y>
		</point>
		<point>
			<X>247</X>
			<Y>20</Y>
		</point>
		<point>
			<X>255</X>
			<Y>19</Y>
		</point>
		<point>
			<X>255</X>
			<Y>19</Y>
		</point>
		<point>
			<X>262</X>
			<Y>19</Y>
		</point>
		<point>
			<X>266</X>
			<Y>19</Y>
		</point>
		<point>
			<X>274</X>
			<Y>19</Y>
		</point>
		<point>
			<X>276</X>
			<Y>19</Y>
		</point>
		<point>
			<X>281</X>
			<Y>19</Y>
		</point>
		<point>
			<X>284</X>
			<Y>19</Y>
		</point>
		<point>
			<X>285</X>
			<Y>19</Y>
		</point>
		<point>
			<X>286</X>
			<Y>19</Y>
		</point>
		<point>
			<X>287</X>
			<Y>19</Y>
		</point>
		<point>
			<X>291</X>
			<Y>19</Y>
		</point>
		<point>
			<X>292</X>
			<Y>19</Y>
		</point>
		<point>
			<X>295</X>
			<Y>21</Y>
		</point>
		<point>
			<X>295</X>
			<Y>21</Y>
		</point>
		<point>
			<X>300</X>
			<Y>24</Y>
		</point>
		<point>
			<X>300</X>
			<Y>24</Y>
		</point>
		<point>
			<X>302</X>
			<Y>25</Y>
		</point>
		<point>
			<X>302</X>
			<Y>25</Y>
		</point>
		<point>
			<X>306</X>
			<Y>28</Y>
		</point>
		<point>
			<X>306</X>
			<Y>28</Y>
		</point>
		<point>
			<X>310</X>
			<Y>30</Y>
		</point>
		<point>
			<X>310</X>
			<Y>30</Y>
		</point>
		<point>
			<X>312</X>
			<Y>33</Y>
		</point>
		<point>
			<X>312</X>
			<Y>33</Y>
		</point>
		<point>
			<X>319</X>
			<Y>36</Y>
		</point>
		<point>
			<X>319</X>
			<Y>36</Y>
		</point>
		<point>
			<X>321</X>
			<Y>38</Y>
		</point>
		<point>
			<X>321</X>
			<Y>38</Y>
		</point>
		<point>
			<X>327</X>
			<Y>44</Y>
		</point>
		<point>
			<X>327</X>
			<Y>44</Y>
		</point>
		<point>
			<X>331</X>
			<Y>48</Y>
		</point>
		<point>
			<X>331</X>
			<Y>48</Y>
		</point>
		<point>
			<X>337</X>
			<Y>58</Y>
		</point>
		<point>
			<X>337</X>
			<Y>58</Y>
		</point>
		<point>
			<X>342</X>
			<Y>64</Y>
		</point>
		<point>
			<X>342</X>
			<Y>64</Y>
		</point>
		<point>
			<X>346</X>
			<Y>68</Y>
		</point>
		<point>
			<X>346</X>
			<Y>68</Y>
		</point>
		<point>
			<X>352</X>
			<Y>78</Y>
		</point>
		<point>
			<X>352</X>
			<Y>78</Y>
		</point>
		<point>
			<X>358</X>
			<Y>89</Y>
		</point>
		<point>
			<X>358</X>
			<Y>89</Y>
		</point>
		<point>
			<X>362</X>
			<Y>94</Y>
		</point>
		<point>
			<X>362</X>
			<Y>94</Y>
		</point>
		<point>
			<X>368</X>
			<Y>103</Y>
		</point>
		<point>
			<X>368</X>
			<Y>103</Y>
		</point>
		<point>
			<X>372</X>
			<Y>111</Y>
		</point>
		<point>
			<X>372</X>
			<Y>111</Y>
		</point>
		<point>
			<X>377</X>
			<Y>120</Y>
		</point>
		<point>
			<X>377</X>
			<Y>120</Y>
		</point>
		<point>
			<X>381</X>
			<Y>126</Y>
		</point>
		<point>
			<X>381</X>
			<Y>126</Y>
		</point>
		<point>
			<X>384</X>
			<Y>135</Y>
		</point>
		<point>
			<X>384</X>
			<Y>135</Y>
		</point>
		<point>
			<X>390</X>
			<Y>145</Y>
		</point>
		<point>
			<X>390</X>
			<Y>145</Y>
		</point>
		<point>
			<X>394</X>
			<Y>158</Y>
		</point>
		<point>
			<X>394</X>
			<Y>158</Y>
		</point>
		<point>
			<X>399</X>
			<Y>168</Y>
		</point>
		<point>
			<X>399</X>
			<Y>168</Y>
		</point>
		<point>
			<X>400</X>
			<Y>175</Y>
		</point>
		<point>
			<X>400</X>
			<Y>175</Y>
		</point>
		<point>
			<X>405</X>
			<Y>188</Y>
		</point>
		<point>
			<X>405</X>
			<Y>188</Y>
		</point>
		<point>
			<X>409</X>
			<Y>196</Y>
		</point>
		<point>
			<X>409</X>
			<Y>196</Y>
		</point>
		<point>
			<X>412</X>
			<Y>206</Y>
		</point>
		<point>
			<X>412</X>
			<Y>206</Y>
		</point>
		<point>
			<X>415</X>
			<Y>216</Y>
		</point>
		<point>
			<X>415</X>
			<Y>216</Y>
		</point>
		<point>
			<X>417</X>
			<Y>223</Y>
		</point>
		<point>
			<X>417</X>
			<Y>223</Y>
		</point>
		<point>
			<X>420</X>
			<Y>231</Y>
		</point>
		<point>
			<X>420</X>
			<Y>231</Y>
		</point>
		<point>
			<X>421</X>
			<Y>239</Y>
		</point>
		<point>
			<X>421</X>
			<Y>239</Y>
		</point>
		<point>
			<X>424</X>
			<Y>246</Y>
		</point>
		<point>
			<X>424</X>
			<Y>246</Y>
		</point>
		<point>
			<X>425</X>
			<Y>253</Y>
		</point>
		<point>
			<X>425</X>
			<Y>253</Y>
		</point>
		<point>
			<X>427</X>
			<Y>260</Y>
		</point>
		<point>
			<X>427</X>
			<Y>260</Y>
		</point>
		<point>
			<X>427</X>
			<Y>266</Y>
		</point>
		<point>
			<X>427</X>
			<Y>266</Y>
		</point>
		<point>
			<X>430</X>
			<Y>273</Y>
		</point>
		<point>
			<X>430</X>
			<Y>273</Y>
		</point>
		<point>
			<X>430</X>
			<Y>276</Y>
		</point>
		<point>
			<X>430</X>
			<Y>276</Y>
		</point>
		<point>
			<X>432</X>
			<Y>281</Y>
		</point>
		<point>
			<X>432</X>
			<Y>281</Y>
		</point>
		<point>
			<X>432</X>
			<Y>285</Y>
		</point>
		<point>
			<X>432</X>
			<Y>285</Y>
		</point>
		<point>
			<X>434</X>
			<Y>291</Y>
		</point>
		<point>
			<X>434</X>
			<Y>291</Y>
		</point>
		<point>
			<X>435</X>
			<Y>296</Y>
		</point>
		<point>
			<X>435</X>
			<Y>296</Y>
		</point>
		<point>
			<X>436</X>
			<Y>301</Y>
		</point>
		<point>
			<X>436</X>
			<Y>301</Y>
		</point>
		<point>
			<X>437</X>
			<Y>305</Y>
		</point>
		<point>
			<X>437</X>
			<Y>305</Y>
		</point>
		<point>
			<X>440</X>
			<Y>311</Y>
		</point>
		<point>
			<X>440</X>
			<Y>311</Y>
		</point>
		<point>
			<X>440</X>
			<Y>319</Y>
		</point>
		<point>
			<X>440</X>
			<Y>319</Y>
		</point>
		<point>
			<X>442</X>
			<Y>323</Y>
		</point>
		<point>
			<X>442</X>
			<Y>323</Y>
		</point>
		<point>
			<X>444</X>
			<Y>333</Y>
		</point>
		<point>
			<X>444</X>
			<Y>333</Y>
		</point>
		<point>
			<X>445</X>
			<Y>335</Y>
		</point>
		<point>
			<X>445</X>
			<Y>335</Y>
		</point>
		<point>
			<X>446</X>
			<Y>343</Y>
		</point>
		<point>
			<X>446</X>
			<Y>343</Y>
		</point>
		<point>
			<X>447</X>
			<Y>346</Y>
		</point>
		<point>
			<X>447</X>
			<Y>346</Y>
		</point>
		<point>
			<X>449</X>
			<Y>353</Y>
		</point>
		<point>
			<X>449</X>
			<Y>353</Y>
		</point>
		<point>
			<X>450</X>
			<Y>356</Y>
		</point>
		<point>
			<X>450</X>
			<Y>356</Y>
		</point>
		<point>
			<X>450</X>
			<Y>363</Y>
		</point>
		<point>
			<X>450</X>
			<Y>363</Y>
		</point>
		<point>
			<X>451</X>
			<Y>370</Y>
		</point>
		<point>
			<X>451</X>
			<Y>370</Y>
		</point>
	</polygon>
	<polygon>
		<tag>person</tag>
		<point>
			<X>214</X>
			<Y>109</Y>
		</point>
		<point>
			<X>215</X>
			<Y>108</Y>
		</point>
		<point>
			<X>215</X>
			<Y>108</Y>
		</point>
		<point>
			<X>216</X>
			<Y>108</Y>
		</point>
		<point>
			<X>216</X>
			<Y>108</Y>
		</point>
		<point>
			<X>216</X>
			<Y>110</Y>
		</point>
		<point>
			<X>216</X>
			<Y>110</Y>
		</point>
		<point>
			<X>217</X>
			<Y>111</Y>
		</point>
		<point>
			<X>217</X>
			<Y>111</Y>
		</point>
		<point>
			<X>219</X>
			<Y>114</Y>
		</point>
		<point>
			<X>219</X>
			<Y>114</Y>
		</point>
		<point>
			<X>219</X>
			<Y>115</Y>
		</point>
		<point>
			<X>219</X>
			<Y>115</Y>
		</point>
		<point>
			<X>219</X>
			<Y>121</Y>
		</point>
		<point>
			<X>219</X>
			<Y>121</Y>
		</point>
		<point>
			<X>222</X>
			<Y>125</Y>
		</point>
		<point>
			<X>222</X>
			<Y>125</Y>
		</point>
		<point>
			<X>222</X>
			<Y>134</Y>
		</point>
		<point>
			<X>222</X>
			<Y>134</Y>
		</point>
		<point>
			<X>222</X>
			<Y>136</Y>
		</point>
		<point>
			<X>222</X>
			<Y>136</Y>
		</point>
		<point>
			<X>222</X>
			<Y>144</Y>
		</point>
		<point>
			<X>222</X>
			<Y>144</Y>
		</point>
		<point>
			<X>222</X>
			<Y>151</Y>
		</point>
		<point>
			<X>222</X>
			<Y>151</Y>
		</point>
		<point>
			<X>222</X>
			<Y>159</Y>
		</point>
		<point>
			<X>222</X>
			<Y>159</Y>
		</point>
		<point>
			<X>222</X>
			<Y>165</Y>
		</point>
		<point>
			<X>222</X>
			<Y>165</Y>
		</point>
		<point>
			<X>222</X>
			<Y>171</Y>
		</point>
		<point>
			<X>222</X>
			<Y>171</Y>
		</point>
		<point>
			<X>222</X>
			<Y>176</Y>
		</point>
		<point>
			<X>222</X>
			<Y>176</Y>
		</point>
		<point>
			<X>222</X>
			<Y>188</Y>
		</point>
		<point>
			<X>222</X>
			<Y>188</Y>
		</point>
		<point>
			<X>222</X>
			<Y>194</Y>
		</point>
		<point>
			<X>222</X>
			<Y>194</Y>
		</point>
		<point>
			<X>222</X>
			<Y>203</Y>
		</point>
		<point>
			<X>222</X>
			<Y>203</Y>
		</point>
		<point>
			<X>222</X>
			<Y>210</Y>
		</point>
		<point>
			<X>222</X>
			<Y>210</Y>
		</point>
		<point>
			<X>222</X>
			<Y>220</Y>
		</point>
		<point>
			<X>222</X>
			<Y>220</Y>
		</point>
		<point>
			<X>222</X>
			<Y>230</Y>
		</point>
		<point>
			<X>222</X>
			<Y>230</Y>
		</point>
		<point>
			<X>222</X>
			<Y>239</Y>
		</point>
		<point>
			<X>222</X>
			<Y>239</Y>
		</point>
		<point>
			<X>222</X>
			<Y>249</Y>
		</point>
		<point>
			<X>222</X>
			<Y>249</Y>
		</point>
		<point>
			<X>222</X>
			<Y>254</Y>
		</point>
		<point>
			<X>222</X>
			<Y>254</Y>
		</point>
		<point>
			<X>224</X>
			<Y>265</Y>
		</point>
		<point>
			<X>224</X>
			<Y>265</Y>
		</point>
		<point>
			<X>224</X>
			<Y>271</Y>
		</point>
		<point>
			<X>224</X>
			<Y>271</Y>
		</point>
		<point>
			<X>224</X>
			<Y>280</Y>
		</point>
		<point>
			<X>224</X>
			<Y>280</Y>
		</point>
		<point>
			<X>224</X>
			<Y>288</Y>
		</point>
		<point>
			<X>224</X>
			<Y>288</Y>
		</point>
		<point>
			<X>224</X>
			<Y>298</Y>
		</point>
		<point>
			<X>224</X>
			<Y>298</Y>
		</point>
		<point>
			<X>224</X>
			<Y>306</Y>
		</point>
		<point>
			<X>224</X>
			<Y>306</Y>
		</point>
		<point>
			<X>224</X>
			<Y>313</Y>
		</point>
		<point>
			<X>224</X>
			<Y>313</Y>
		</point>
		<point>
			<X>224</X>
			<Y>320</Y>
		</point>
		<point>
			<X>224</X>
			<Y>320</Y>
		</point>
		<point>
			<X>224</X>
			<Y>328</Y>
		</point>
		<point>
			<X>224</X>
			<Y>328</Y>
		</point>
		<point>
			<X>224</X>
			<Y>333</Y>
		</point>
		<point>
			<X>224</X>
			<Y>341</Y>
		</point>
		<point>
			<X>224</X>
			<Y>341</Y>
		</point>
		<point>
			<X>224</X>
			<Y>345</Y>
		</point>
		<point>
			<X>224</X>
			<Y>345</Y>
		</point>
		<point>
			<X>224</X>
			<Y>353</Y>
		</point>
		<point>
			<X>224</X>
			<Y>353</Y>
		</point>
		<point>
			<X>224</X>
			<Y>356</Y>
		</point>
		<point>
			<X>224</X>
			<Y>356</Y>
		</point>
		<point>
			<X>221</X>
			<Y>363</Y>
		</point>
		<point>
			<X>221</X>
			<Y>363</Y>
		</point>
		<point>
			<X>220</X>
			<Y>366</Y>
		</point>
		<point>
			<X>220</X>
			<Y>366</Y>
		</point>
		<point>
			<X>219</X>
			<Y>371</Y>
		</point>
		<point>
			<X>219</X>
			<Y>371</Y>
		</point>
		<point>
			<X>217</X>
			<Y>373</Y>
		</point>
		<point>
			<X>217</X>
			<Y>373</Y>
		</point>
	</polygon>
</annotation>