<annotation>
	<folder>anno</folder>
	<filename>2008_001500.jpg</filename>
	<source>
		<database>The anno Database</database>
		<annotation>VC anno</annotation>
		<image>Unknow</image>
		<flickrid>Unknow</flickrid>
	</source>
	<owner>
		<flickrid>Unknow</flickrid>
		<name>Unknow</name>
	</owner>
	<size>
		<width>335</width>
		<height>500</height>
		<depth>3</depth>
	</size>
	<segmented>1</segmented>
	<polygon>
		<tag>car</tag>
		<point>
			<X>257</X>
			<Y>295</Y>
		</point>
		<point>
			<X>256</X>
			<Y>295</Y>
		</point>
		<point>
			<X>256</X>
			<Y>295</Y>
		</point>
		<point>
			<X>254</X>
			<Y>295</Y>
		</point>
		<point>
			<X>254</X>
			<Y>295</Y>
		</point>
		<point>
			<X>253</X>
			<Y>295</Y>
		</point>
		<point>
			<X>253</X>
			<Y>295</Y>
		</point>
		<point>
			<X>251</X>
			<Y>296</Y>
		</point>
		<point>
			<X>251</X>
			<Y>296</Y>
		</point>
		<point>
			<X>249</X>
			<Y>297</Y>
		</point>
		<point>
			<X>249</X>
			<Y>297</Y>
		</point>
		<point>
			<X>248</X>
			<Y>298</Y>
		</point>
		<point>
			<X>248</X>
			<Y>298</Y>
		</point>
		<point>
			<X>246</X>
			<Y>299</Y>
		</point>
		<point>
			<X>246</X>
			<Y>299</Y>
		</point>
		<point>
			<X>244</X>
			<Y>300</Y>
		</point>
		<point>
			<X>244</X>
			<Y>300</Y>
		</point>
		<point>
			<X>243</X>
			<Y>300</Y>
		</point>
		<point>
			<X>243</X>
			<Y>300</Y>
		</point>
		<point>
			<X>242</X>
			<Y>300</Y>
		</point>
		<point>
			<X>242</X>
			<Y>300</Y>
		</point>
		<point>
			<X>242</X>
			<Y>301</Y>
		</point>
		<point>
			<X>241</X>
			<Y>301</Y>
		</point>
		<point>
			<X>239</X>
			<Y>301</Y>
		</point>
		<point>
			<X>239</X>
			<Y>301</Y>
		</point>
		<point>
			<X>238</X>
			<Y>303</Y>
		</point>
		<point>
			<X>238</X>
			<Y>303</Y>
		</point>
		<point>
			<X>238</X>
			<Y>304</Y>
		</point>
		<point>
			<X>238</X>
			<Y>304</Y>
		</point>
		<point>
			<X>237</X>
			<Y>305</Y>
		</point>
		<point>
			<X>237</X>
			<Y>305</Y>
		</point>
		<point>
			<X>236</X>
			<Y>305</Y>
		</point>
		<point>
			<X>236</X>
			<Y>305</Y>
		</point>
		<point>
			<X>234</X>
			<Y>305</Y>
		</point>
		<point>
			<X>234</X>
			<Y>305</Y>
		</point>
		<point>
			<X>234</X>
			<Y>305</Y>
		</point>
		<point>
			<X>233</X>
			<Y>307</Y>
		</point>
		<point>
			<X>233</X>
			<Y>307</Y>
		</point>
		<point>
			<X>232</X>
			<Y>308</Y>
		</point>
		<point>
			<X>232</X>
			<Y>308</Y>
		</point>
		<point>
			<X>231</X>
			<Y>309</Y>
		</point>
		<point>
			<X>231</X>
			<Y>309</Y>
		</point>
		<point>
			<X>229</X>
			<Y>310</Y>
		</point>
		<point>
			<X>229</X>
			<Y>310</Y>
		</point>
		<point>
			<X>229</X>
			<Y>310</Y>
		</point>
		<point>
			<X>229</X>
			<Y>310</Y>
		</point>
		<point>
			<X>228</X>
			<Y>310</Y>
		</point>
		<point>
			<X>228</X>
			<Y>310</Y>
		</point>
		<point>
			<X>228</X>
			<Y>310</Y>
		</point>
		<point>
			<X>228</X>
			<Y>310</Y>
		</point>
		<point>
			<X>226</X>
			<Y>313</Y>
		</point>
		<point>
			<X>226</X>
			<Y>313</Y>
		</point>
		<point>
			<X>222</X>
			<Y>313</Y>
		</point>
		<point>
			<X>222</X>
			<Y>313</Y>
		</point>
		<point>
			<X>222</X>
			<Y>313</Y>
		</point>
	</polygon>
	<polygon>
		<tag>background</tag>
		<point>
			<X>329</X>
			<Y>5</Y>
		</point>
		<point>
			<X>329</X>
			<Y>5</Y>
		</point>
		<point>
			<X>329</X>
			<Y>5</Y>
		</point>
		<point>
			<X>329</X>
			<Y>6</Y>
		</point>
		<point>
			<X>329</X>
			<Y>6</Y>
		</point>
		<point>
			<X>329</X>
			<Y>7</Y>
		</point>
		<point>
			<X>329</X>
			<Y>7</Y>
		</point>
		<point>
			<X>329</X>
			<Y>9</Y>
		</point>
		<point>
			<X>329</X>
			<Y>9</Y>
		</point>
		<point>
			<X>329</X>
			<Y>10</Y>
		</point>
		<point>
			<X>329</X>
			<Y>10</Y>
		</point>
		<point>
			<X>328</X>
			<Y>11</Y>
		</point>
		<point>
			<X>328</X>
			<Y>11</Y>
		</point>
		<point>
			<X>328</X>
			<Y>14</Y>
		</point>
		<point>
			<X>328</X>
			<Y>14</Y>
		</point>
		<point>
			<X>327</X>
			<Y>14</Y>
		</point>
		<point>
			<X>327</X>
			<Y>14</Y>
		</point>
		<point>
			<X>325</X>
			<Y>16</Y>
		</point>
		<point>
			<X>325</X>
			<Y>16</Y>
		</point>
		<point>
			<X>324</X>
			<Y>18</Y>
		</point>
		<point>
			<X>324</X>
			<Y>18</Y>
		</point>
		<point>
			<X>323</X>
			<Y>20</Y>
		</point>
		<point>
			<X>323</X>
			<Y>20</Y>
		</point>
		<point>
			<X>319</X>
			<Y>24</Y>
		</point>
		<point>
			<X>319</X>
			<Y>24</Y>
		</point>
		<point>
			<X>318</X>
			<Y>25</Y>
		</point>
		<point>
			<X>318</X>
			<Y>25</Y>
		</point>
		<point>
			<X>315</X>
			<Y>29</Y>
		</point>
		<point>
			<X>315</X>
			<Y>29</Y>
		</point>
		<point>
			<X>314</X>
			<Y>32</Y>
		</point>
		<point>
			<X>314</X>
			<Y>32</Y>
		</point>
		<point>
			<X>310</X>
			<Y>36</Y>
		</point>
		<point>
			<X>310</X>
			<Y>36</Y>
		</point>
		<point>
			<X>307</X>
			<Y>40</Y>
		</point>
		<point>
			<X>307</X>
			<Y>40</Y>
		</point>
		<point>
			<X>302</X>
			<Y>43</Y>
		</point>
		<point>
			<X>302</X>
			<Y>43</Y>
		</point>
		<point>
			<X>300</X>
			<Y>46</Y>
		</point>
		<point>
			<X>300</X>
			<Y>46</Y>
		</point>
		<point>
			<X>297</X>
			<Y>51</Y>
		</point>
		<point>
			<X>297</X>
			<Y>51</Y>
		</point>
		<point>
			<X>293</X>
			<Y>54</Y>
		</point>
		<point>
			<X>293</X>
			<Y>54</Y>
		</point>
		<point>
			<X>290</X>
			<Y>57</Y>
		</point>
		<point>
			<X>290</X>
			<Y>57</Y>
		</point>
		<point>
			<X>288</X>
			<Y>59</Y>
		</point>
		<point>
			<X>288</X>
			<Y>59</Y>
		</point>
		<point>
			<X>285</X>
			<Y>65</Y>
		</point>
		<point>
			<X>285</X>
			<Y>65</Y>
		</point>
		<point>
			<X>282</X>
			<Y>68</Y>
		</point>
		<point>
			<X>282</X>
			<Y>68</Y>
		</point>
		<point>
			<X>277</X>
			<Y>72</Y>
		</point>
		<point>
			<X>277</X>
			<Y>72</Y>
		</point>
		<point>
			<X>272</X>
			<Y>75</Y>
		</point>
		<point>
			<X>272</X>
			<Y>75</Y>
		</point>
		<point>
			<X>268</X>
			<Y>80</Y>
		</point>
		<point>
			<X>268</X>
			<Y>80</Y>
		</point>
		<point>
			<X>262</X>
			<Y>83</Y>
		</point>
		<point>
			<X>262</X>
			<Y>83</Y>
		</point>
		<point>
			<X>258</X>
			<Y>90</Y>
		</point>
		<point>
			<X>258</X>
			<Y>90</Y>
		</point>
		<point>
			<X>254</X>
			<Y>93</Y>
		</point>
		<point>
			<X>254</X>
			<Y>93</Y>
		</point>
		<point>
			<X>247</X>
			<Y>98</Y>
		</point>
		<point>
			<X>247</X>
			<Y>98</Y>
		</point>
		<point>
			<X>242</X>
			<Y>103</Y>
		</point>
		<point>
			<X>237</X>
			<Y>108</Y>
		</point>
		<point>
			<X>237</X>
			<Y>108</Y>
		</point>
		<point>
			<X>229</X>
			<Y>114</Y>
		</point>
		<point>
			<X>224</X>
			<Y>118</Y>
		</point>
		<point>
			<X>219</X>
			<Y>123</Y>
		</point>
		<point>
			<X>219</X>
			<Y>123</Y>
		</point>
		<point>
			<X>215</X>
			<Y>127</Y>
		</point>
		<point>
			<X>215</X>
			<Y>127</Y>
		</point>
		<point>
			<X>210</X>
			<Y>131</Y>
		</point>
		<point>
			<X>210</X>
			<Y>131</Y>
		</point>
		<point>
			<X>206</X>
			<Y>135</Y>
		</point>
		<point>
			<X>206</X>
			<Y>135</Y>
		</point>
		<point>
			<X>204</X>
			<Y>137</Y>
		</point>
		<point>
			<X>204</X>
			<Y>137</Y>
		</point>
		<point>
			<X>199</X>
			<Y>142</Y>
		</point>
		<point>
			<X>199</X>
			<Y>142</Y>
		</point>
		<point>
			<X>196</X>
			<Y>145</Y>
		</point>
		<point>
			<X>196</X>
			<Y>145</Y>
		</point>
		<point>
			<X>192</X>
			<Y>148</Y>
		</point>
		<point>
			<X>192</X>
			<Y>148</Y>
		</point>
		<point>
			<X>187</X>
			<Y>151</Y>
		</point>
		<point>
			<X>187</X>
			<Y>151</Y>
		</point>
		<point>
			<X>184</X>
			<Y>155</Y>
		</point>
		<point>
			<X>184</X>
			<Y>155</Y>
		</point>
		<point>
			<X>180</X>
			<Y>157</Y>
		</point>
		<point>
			<X>180</X>
			<Y>157</Y>
		</point>
		<point>
			<X>176</X>
			<Y>161</Y>
		</point>
		<point>
			<X>176</X>
			<Y>161</Y>
		</point>
		<point>
			<X>170</X>
			<Y>165</Y>
		</point>
		<point>
			<X>170</X>
			<Y>165</Y>
		</point>
		<point>
			<X>167</X>
			<Y>167</Y>
		</point>
		<point>
			<X>167</X>
			<Y>167</Y>
		</point>
		<point>
			<X>162</X>
			<Y>172</Y>
		</point>
		<point>
			<X>162</X>
			<Y>172</Y>
		</point>
		<point>
			<X>157</X>
			<Y>176</Y>
		</point>
		<point>
			<X>157</X>
			<Y>176</Y>
		</point>
		<point>
			<X>152</X>
			<Y>179</Y>
		</point>
		<point>
			<X>152</X>
			<Y>179</Y>
		</point>
		<point>
			<X>148</X>
			<Y>182</Y>
		</point>
		<point>
			<X>148</X>
			<Y>182</Y>
		</point>
		<point>
			<X>145</X>
			<Y>186</Y>
		</point>
		<point>
			<X>145</X>
			<Y>186</Y>
		</point>
		<point>
			<X>139</X>
			<Y>189</Y>
		</point>
		<point>
			<X>139</X>
			<Y>189</Y>
		</point>
		<point>
			<X>135</X>
			<Y>194</Y>
		</point>
		<point>
			<X>135</X>
			<Y>194</Y>
		</point>
		<point>
			<X>131</X>
			<Y>197</Y>
		</point>
		<point>
			<X>131</X>
			<Y>197</Y>
		</point>
		<point>
			<X>127</X>
			<Y>201</Y>
		</point>
		<point>
			<X>127</X>
			<Y>201</Y>
		</point>
		<point>
			<X>121</X>
			<Y>206</Y>
		</point>
		<point>
			<X>121</X>
			<Y>206</Y>
		</point>
		<point>
			<X>118</X>
			<Y>209</Y>
		</point>
		<point>
			<X>118</X>
			<Y>209</Y>
		</point>
		<point>
			<X>114</X>
			<Y>212</Y>
		</point>
		<point>
			<X>114</X>
			<Y>212</Y>
		</point>
		<point>
			<X>112</X>
			<Y>215</Y>
		</point>
		<point>
			<X>112</X>
			<Y>215</Y>
		</point>
		<point>
			<X>107</X>
			<Y>219</Y>
		</point>
		<point>
			<X>107</X>
			<Y>219</Y>
		</point>
		<point>
			<X>103</X>
			<Y>224</Y>
		</point>
		<point>
			<X>103</X>
			<Y>224</Y>
		</point>
		<point>
			<X>98</X>
			<Y>229</Y>
		</point>
		<point>
			<X>98</X>
			<Y>229</Y>
		</point>
		<point>
			<X>96</X>
			<Y>234</Y>
		</point>
		<point>
			<X>96</X>
			<Y>234</Y>
		</point>
		<point>
			<X>92</X>
			<Y>239</Y>
		</point>
		<point>
			<X>92</X>
			<Y>239</Y>
		</point>
		<point>
			<X>88</X>
			<Y>244</Y>
		</point>
		<point>
			<X>88</X>
			<Y>244</Y>
		</point>
		<point>
			<X>86</X>
			<Y>249</Y>
		</point>
		<point>
			<X>86</X>
			<Y>249</Y>
		</point>
		<point>
			<X>83</X>
			<Y>257</Y>
		</point>
		<point>
			<X>83</X>
			<Y>257</Y>
		</point>
		<point>
			<X>80</X>
			<Y>263</Y>
		</point>
		<point>
			<X>80</X>
			<Y>263</Y>
		</point>
		<point>
			<X>78</X>
			<Y>270</Y>
		</point>
		<point>
			<X>78</X>
			<Y>270</Y>
		</point>
		<point>
			<X>76</X>
			<Y>275</Y>
		</point>
		<point>
			<X>76</X>
			<Y>275</Y>
		</point>
		<point>
			<X>75</X>
			<Y>281</Y>
		</point>
		<point>
			<X>75</X>
			<Y>281</Y>
		</point>
		<point>
			<X>74</X>
			<Y>288</Y>
		</point>
		<point>
			<X>74</X>
			<Y>288</Y>
		</point>
		<point>
			<X>73</X>
			<Y>295</Y>
		</point>
		<point>
			<X>73</X>
			<Y>295</Y>
		</point>
		<point>
			<X>73</X>
			<Y>300</Y>
		</point>
		<point>
			<X>73</X>
			<Y>300</Y>
		</point>
		<point>
			<X>73</X>
			<Y>305</Y>
		</point>
		<point>
			<X>73</X>
			<Y>305</Y>
		</point>
		<point>
			<X>73</X>
			<Y>310</Y>
		</point>
		<point>
			<X>73</X>
			<Y>310</Y>
		</point>
		<point>
			<X>73</X>
			<Y>315</Y>
		</point>
		<point>
			<X>73</X>
			<Y>315</Y>
		</point>
		<point>
			<X>73</X>
			<Y>320</Y>
		</point>
		<point>
			<X>73</X>
			<Y>320</Y>
		</point>
		<point>
			<X>73</X>
			<Y>324</Y>
		</point>
		<point>
			<X>73</X>
			<Y>324</Y>
		</point>
		<point>
			<X>74</X>
			<Y>329</Y>
		</point>
		<point>
			<X>74</X>
			<Y>329</Y>
		</point>
		<point>
			<X>75</X>
			<Y>334</Y>
		</point>
		<point>
			<X>75</X>
			<Y>334</Y>
		</point>
		<point>
			<X>78</X>
			<Y>337</Y>
		</point>
		<point>
			<X>78</X>
			<Y>337</Y>
		</point>
		<point>
			<X>80</X>
			<Y>343</Y>
		</point>
		<point>
			<X>80</X>
			<Y>343</Y>
		</point>
		<point>
			<X>83</X>
			<Y>345</Y>
		</point>
		<point>
			<X>83</X>
			<Y>345</Y>
		</point>
		<point>
			<X>83</X>
			<Y>349</Y>
		</point>
		<point>
			<X>83</X>
			<Y>349</Y>
		</point>
		<point>
			<X>87</X>
			<Y>355</Y>
		</point>
		<point>
			<X>87</X>
			<Y>355</Y>
		</point>
		<point>
			<X>88</X>
			<Y>360</Y>
		</point>
		<point>
			<X>92</X>
			<Y>364</Y>
		</point>
		<point>
			<X>92</X>
			<Y>364</Y>
		</point>
		<point>
			<X>96</X>
			<Y>375</Y>
		</point>
		<point>
			<X>96</X>
			<Y>375</Y>
		</point>
		<point>
			<X>98</X>
			<Y>380</Y>
		</point>
		<point>
			<X>98</X>
			<Y>380</Y>
		</point>
		<point>
			<X>98</X>
			<Y>384</Y>
		</point>
		<point>
			<X>98</X>
			<Y>384</Y>
		</point>
		<point>
			<X>101</X>
			<Y>387</Y>
		</point>
		<point>
			<X>101</X>
			<Y>387</Y>
		</point>
		<point>
			<X>103</X>
			<Y>392</Y>
		</point>
		<point>
			<X>103</X>
			<Y>392</Y>
		</point>
		<point>
			<X>103</X>
			<Y>394</Y>
		</point>
		<point>
			<X>103</X>
			<Y>394</Y>
		</point>
		<point>
			<X>107</X>
			<Y>398</Y>
		</point>
		<point>
			<X>107</X>
			<Y>398</Y>
		</point>
		<point>
			<X>108</X>
			<Y>402</Y>
		</point>
		<point>
			<X>108</X>
			<Y>402</Y>
		</point>
		<point>
			<X>108</X>
			<Y>404</Y>
		</point>
		<point>
			<X>108</X>
			<Y>404</Y>
		</point>
		<point>
			<X>111</X>
			<Y>407</Y>
		</point>
		<point>
			<X>111</X>
			<Y>407</Y>
		</point>
		<point>
			<X>112</X>
			<Y>409</Y>
		</point>
		<point>
			<X>112</X>
			<Y>409</Y>
		</point>
		<point>
			<X>114</X>
			<Y>413</Y>
		</point>
		<point>
			<X>114</X>
			<Y>413</Y>
		</point>
		<point>
			<X>114</X>
			<Y>415</Y>
		</point>
		<point>
			<X>114</X>
			<Y>415</Y>
		</point>
		<point>
			<X>114</X>
			<Y>417</Y>
		</point>
		<point>
			<X>114</X>
			<Y>417</Y>
		</point>
		<point>
			<X>116</X>
			<Y>418</Y>
		</point>
		<point>
			<X>116</X>
			<Y>418</Y>
		</point>
		<point>
			<X>117</X>
			<Y>420</Y>
		</point>
		<point>
			<X>117</X>
			<Y>420</Y>
		</point>
		<point>
			<X>117</X>
			<Y>423</Y>
		</point>
		<point>
			<X>117</X>
			<Y>423</Y>
		</point>
		<point>
			<X>118</X>
			<Y>424</Y>
		</point>
		<point>
			<X>118</X>
			<Y>424</Y>
		</point>
		<point>
			<X>118</X>
			<Y>425</Y>
		</point>
		<point>
			<X>118</X>
			<Y>425</Y>
		</point>
		<point>
			<X>119</X>
			<Y>428</Y>
		</point>
		<point>
			<X>119</X>
			<Y>428</Y>
		</point>
		<point>
			<X>119</X>
			<Y>429</Y>
		</point>
		<point>
			<X>119</X>
			<Y>429</Y>
		</point>
		<point>
			<X>119</X>
			<Y>430</Y>
		</point>
		<point>
			<X>119</X>
			<Y>430</Y>
		</point>
		<point>
			<X>119</X>
			<Y>430</Y>
		</point>
		<point>
			<X>119</X>
			<Y>430</Y>
		</point>
		<point>
			<X>119</X>
			<Y>432</Y>
		</point>
		<point>
			<X>119</X>
			<Y>432</Y>
		</point>
		<point>
			<X>119</X>
			<Y>433</Y>
		</point>
		<point>
			<X>119</X>
			<Y>433</Y>
		</point>
		<point>
			<X>119</X>
			<Y>434</Y>
		</point>
		<point>
			<X>119</X>
			<Y>434</Y>
		</point>
		<point>
			<X>119</X>
			<Y>434</Y>
		</point>
		<point>
			<X>119</X>
			<Y>434</Y>
		</point>
		<point>
			<X>119</X>
			<Y>434</Y>
		</point>
		<point>
			<X>119</X>
			<Y>434</Y>
		</point>
		<point>
			<X>119</X>
			<Y>435</Y>
		</point>
		<point>
			<X>119</X>
			<Y>435</Y>
		</point>
		<point>
			<X>119</X>
			<Y>437</Y>
		</point>
		<point>
			<X>119</X>
			<Y>437</Y>
		</point>
		<point>
			<X>118</X>
			<Y>438</Y>
		</point>
		<point>
			<X>118</X>
			<Y>438</Y>
		</point>
		<point>
			<X>118</X>
			<Y>439</Y>
		</point>
		<point>
			<X>118</X>
			<Y>439</Y>
		</point>
		<point>
			<X>116</X>
			<Y>439</Y>
		</point>
		<point>
			<X>116</X>
			<Y>439</Y>
		</point>
		<point>
			<X>114</X>
			<Y>442</Y>
		</point>
		<point>
			<X>114</X>
			<Y>442</Y>
		</point>
		<point>
			<X>111</X>
			<Y>444</Y>
		</point>
		<point>
			<X>111</X>
			<Y>444</Y>
		</point>
		<point>
			<X>107</X>
			<Y>445</Y>
		</point>
		<point>
			<X>107</X>
			<Y>445</Y>
		</point>
		<point>
			<X>103</X>
			<Y>449</Y>
		</point>
		<point>
			<X>103</X>
			<Y>449</Y>
		</point>
		<point>
			<X>98</X>
			<Y>451</Y>
		</point>
		<point>
			<X>98</X>
			<Y>451</Y>
		</point>
		<point>
			<X>96</X>
			<Y>453</Y>
		</point>
		<point>
			<X>96</X>
			<Y>453</Y>
		</point>
		<point>
			<X>92</X>
			<Y>454</Y>
		</point>
		<point>
			<X>92</X>
			<Y>454</Y>
		</point>
		<point>
			<X>88</X>
			<Y>454</Y>
		</point>
		<point>
			<X>88</X>
			<Y>454</Y>
		</point>
		<point>
			<X>88</X>
			<Y>454</Y>
		</point>
		<point>
			<X>88</X>
			<Y>454</Y>
		</point>
		<point>
			<X>86</X>
			<Y>454</Y>
		</point>
		<point>
			<X>86</X>
			<Y>454</Y>
		</point>
		<point>
			<X>83</X>
			<Y>456</Y>
		</point>
		<point>
			<X>83</X>
			<Y>456</Y>
		</point>
		<point>
			<X>83</X>
			<Y>457</Y>
		</point>
		<point>
			<X>83</X>
			<Y>457</Y>
		</point>
		<point>
			<X>82</X>
			<Y>457</Y>
		</point>
		<point>
			<X>82</X>
			<Y>457</Y>
		</point>
		<point>
			<X>81</X>
			<Y>457</Y>
		</point>
		<point>
			<X>81</X>
			<Y>457</Y>
		</point>
		<point>
			<X>81</X>
			<Y>458</Y>
		</point>
		<point>
			<X>78</X>
			<Y>459</Y>
		</point>
		<point>
			<X>78</X>
			<Y>459</Y>
		</point>
		<point>
			<X>78</X>
			<Y>459</Y>
		</point>
		<point>
			<X>78</X>
			<Y>459</Y>
		</point>
		<point>
			<X>78</X>
			<Y>459</Y>
		</point>
		<point>
			<X>77</X>
			<Y>461</Y>
		</point>
		<point>
			<X>77</X>
			<Y>461</Y>
		</point>
		<point>
			<X>75</X>
			<Y>461</Y>
		</point>
		<point>
			<X>75</X>
			<Y>461</Y>
		</point>
		<point>
			<X>74</X>
			<Y>462</Y>
		</point>
		<point>
			<X>74</X>
			<Y>462</Y>
		</point>
		<point>
			<X>71</X>
			<Y>463</Y>
		</point>
		<point>
			<X>71</X>
			<Y>463</Y>
		</point>
		<point>
			<X>70</X>
			<Y>463</Y>
		</point>
		<point>
			<X>70</X>
			<Y>463</Y>
		</point>
		<point>
			<X>69</X>
			<Y>464</Y>
		</point>
		<point>
			<X>69</X>
			<Y>464</Y>
		</point>
		<point>
			<X>68</X>
			<Y>464</Y>
		</point>
		<point>
			<X>68</X>
			<Y>464</Y>
		</point>
		<point>
			<X>67</X>
			<Y>464</Y>
		</point>
		<point>
			<X>67</X>
			<Y>464</Y>
		</point>
		<point>
			<X>66</X>
			<Y>464</Y>
		</point>
		<point>
			<X>66</X>
			<Y>464</Y>
		</point>
		<point>
			<X>64</X>
			<Y>464</Y>
		</point>
		<point>
			<X>64</X>
			<Y>464</Y>
		</point>
		<point>
			<X>62</X>
			<Y>464</Y>
		</point>
		<point>
			<X>62</X>
			<Y>464</Y>
		</point>
		<point>
			<X>61</X>
			<Y>466</Y>
		</point>
		<point>
			<X>61</X>
			<Y>466</Y>
		</point>
		<point>
			<X>59</X>
			<Y>466</Y>
		</point>
		<point>
			<X>59</X>
			<Y>466</Y>
		</point>
		<point>
			<X>59</X>
			<Y>467</Y>
		</point>
		<point>
			<X>59</X>
			<Y>467</Y>
		</point>
		<point>
			<X>58</X>
			<Y>467</Y>
		</point>
		<point>
			<X>58</X>
			<Y>467</Y>
		</point>
		<point>
			<X>58</X>
			<Y>468</Y>
		</point>
		<point>
			<X>57</X>
			<Y>468</Y>
		</point>
		<point>
			<X>56</X>
			<Y>469</Y>
		</point>
		<point>
			<X>56</X>
			<Y>469</Y>
		</point>
		<point>
			<X>54</X>
			<Y>469</Y>
		</point>
		<point>
			<X>54</X>
			<Y>469</Y>
		</point>
		<point>
			<X>51</X>
			<Y>469</Y>
		</point>
		<point>
			<X>51</X>
			<Y>469</Y>
		</point>
		<point>
			<X>50</X>
			<Y>471</Y>
		</point>
		<point>
			<X>50</X>
			<Y>471</Y>
		</point>
		<point>
			<X>48</X>
			<Y>471</Y>
		</point>
		<point>
			<X>48</X>
			<Y>471</Y>
		</point>
		<point>
			<X>46</X>
			<Y>472</Y>
		</point>
		<point>
			<X>46</X>
			<Y>472</Y>
		</point>
		<point>
			<X>44</X>
			<Y>473</Y>
		</point>
		<point>
			<X>44</X>
			<Y>473</Y>
		</point>
		<point>
			<X>41</X>
			<Y>473</Y>
		</point>
		<point>
			<X>41</X>
			<Y>473</Y>
		</point>
		<point>
			<X>39</X>
			<Y>474</Y>
		</point>
		<point>
			<X>39</X>
			<Y>474</Y>
		</point>
		<point>
			<X>36</X>
			<Y>474</Y>
		</point>
		<point>
			<X>36</X>
			<Y>474</Y>
		</point>
		<point>
			<X>35</X>
			<Y>474</Y>
		</point>
		<point>
			<X>35</X>
			<Y>474</Y>
		</point>
		<point>
			<X>33</X>
			<Y>474</Y>
		</point>
		<point>
			<X>33</X>
			<Y>474</Y>
		</point>
		<point>
			<X>31</X>
			<Y>474</Y>
		</point>
		<point>
			<X>31</X>
			<Y>474</Y>
		</point>
		<point>
			<X>29</X>
			<Y>474</Y>
		</point>
		<point>
			<X>29</X>
			<Y>474</Y>
		</point>
		<point>
			<X>27</X>
			<Y>477</Y>
		</point>
		<point>
			<X>27</X>
			<Y>477</Y>
		</point>
		<point>
			<X>25</X>
			<Y>477</Y>
		</point>
		<point>
			<X>25</X>
			<Y>477</Y>
		</point>
		<point>
			<X>24</X>
			<Y>478</Y>
		</point>
		<point>
			<X>24</X>
			<Y>478</Y>
		</point>
		<point>
			<X>23</X>
			<Y>478</Y>
		</point>
		<point>
			<X>23</X>
			<Y>478</Y>
		</point>
		<point>
			<X>22</X>
			<Y>478</Y>
		</point>
		<point>
			<X>22</X>
			<Y>478</Y>
		</point>
		<point>
			<X>20</X>
			<Y>478</Y>
		</point>
		<point>
			<X>20</X>
			<Y>478</Y>
		</point>
		<point>
			<X>20</X>
			<Y>479</Y>
		</point>
		<point>
			<X>20</X>
			<Y>479</Y>
		</point>
		<point>
			<X>19</X>
			<Y>479</Y>
		</point>
		<point>
			<X>19</X>
			<Y>479</Y>
		</point>
		<point>
			<X>18</X>
			<Y>479</Y>
		</point>
		<point>
			<X>18</X>
			<Y>479</Y>
		</point>
		<point>
			<X>18</X>
			<Y>479</Y>
		</point>
		<point>
			<X>18</X>
			<Y>479</Y>
		</point>
		<point>
			<X>17</X>
			<Y>479</Y>
		</point>
		<point>
			<X>17</X>
			<Y>479</Y>
		</point>
		<point>
			<X>17</X>
			<Y>481</Y>
		</point>
		<point>
			<X>17</X>
			<Y>482</Y>
		</point>
		<point>
			<X>17</X>
			<Y>482</Y>
		</point>
		<point>
			<X>17</X>
			<Y>483</Y>
		</point>
		<point>
			<X>17</X>
			<Y>483</Y>
		</point>
		<point>
			<X>17</X>
			<Y>484</Y>
		</point>
		<point>
			<X>17</X>
			<Y>484</Y>
		</point>
		<point>
			<X>18</X>
			<Y>484</Y>
		</point>
		<point>
			<X>18</X>
			<Y>484</Y>
		</point>
		<point>
			<X>18</X>
			<Y>484</Y>
		</point>
		<point>
			<X>20</X>
			<Y>484</Y>
		</point>
		<point>
			<X>20</X>
			<Y>484</Y>
		</point>
		<point>
			<X>20</X>
			<Y>484</Y>
		</point>
		<point>
			<X>20</X>
			<Y>484</Y>
		</point>
		<point>
			<X>22</X>
			<Y>484</Y>
		</point>
		<point>
			<X>22</X>
			<Y>484</Y>
		</point>
		<point>
			<X>24</X>
			<Y>484</Y>
		</point>
		<point>
			<X>24</X>
			<Y>484</Y>
		</point>
		<point>
			<X>28</X>
			<Y>484</Y>
		</point>
		<point>
			<X>28</X>
			<Y>484</Y>
		</point>
		<point>
			<X>31</X>
			<Y>484</Y>
		</point>
		<point>
			<X>31</X>
			<Y>484</Y>
		</point>
		<point>
			<X>33</X>
			<Y>484</Y>
		</point>
		<point>
			<X>33</X>
			<Y>484</Y>
		</point>
		<point>
			<X>37</X>
			<Y>484</Y>
		</point>
		<point>
			<X>37</X>
			<Y>484</Y>
		</point>
		<point>
			<X>40</X>
			<Y>484</Y>
		</point>
		<point>
			<X>40</X>
			<Y>484</Y>
		</point>
		<point>
			<X>44</X>
			<Y>484</Y>
		</point>
		<point>
			<X>44</X>
			<Y>484</Y>
		</point>
		<point>
			<X>48</X>
			<Y>484</Y>
		</point>
		<point>
			<X>48</X>
			<Y>484</Y>
		</point>
		<point>
			<X>56</X>
			<Y>484</Y>
		</point>
		<point>
			<X>56</X>
			<Y>484</Y>
		</point>
		<point>
			<X>59</X>
			<Y>484</Y>
		</point>
		<point>
			<X>59</X>
			<Y>484</Y>
		</point>
		<point>
			<X>65</X>
			<Y>484</Y>
		</point>
		<point>
			<X>65</X>
			<Y>484</Y>
		</point>
		<point>
			<X>69</X>
			<Y>484</Y>
		</point>
		<point>
			<X>69</X>
			<Y>484</Y>
		</point>
		<point>
			<X>72</X>
			<Y>484</Y>
		</point>
		<point>
			<X>72</X>
			<Y>484</Y>
		</point>
		<point>
			<X>75</X>
			<Y>484</Y>
		</point>
		<point>
			<X>75</X>
			<Y>484</Y>
		</point>
		<point>
			<X>77</X>
			<Y>484</Y>
		</point>
		<point>
			<X>77</X>
			<Y>484</Y>
		</point>
		<point>
			<X>78</X>
			<Y>484</Y>
		</point>
		<point>
			<X>78</X>
			<Y>484</Y>
		</point>
		<point>
			<X>80</X>
			<Y>484</Y>
		</point>
		<point>
			<X>80</X>
			<Y>484</Y>
		</point>
		<point>
			<X>81</X>
			<Y>484</Y>
		</point>
		<point>
			<X>81</X>
			<Y>484</Y>
		</point>
		<point>
			<X>82</X>
			<Y>484</Y>
		</point>
		<point>
			<X>82</X>
			<Y>484</Y>
		</point>
		<point>
			<X>83</X>
			<Y>484</Y>
		</point>
		<point>
			<X>83</X>
			<Y>484</Y>
		</point>
		<point>
			<X>83</X>
			<Y>484</Y>
		</point>
		<point>
			<X>83</X>
			<Y>484</Y>
		</point>
		<point>
			<X>85</X>
			<Y>484</Y>
		</point>
		<point>
			<X>85</X>
			<Y>484</Y>
		</point>
		<point>
			<X>86</X>
			<Y>484</Y>
		</point>
		<point>
			<X>86</X>
			<Y>484</Y>
		</point>
		<point>
			<X>87</X>
			<Y>484</Y>
		</point>
		<point>
			<X>87</X>
			<Y>484</Y>
		</point>
		<point>
			<X>91</X>
			<Y>484</Y>
		</point>
		<point>
			<X>91</X>
			<Y>484</Y>
		</point>
		<point>
			<X>93</X>
			<Y>484</Y>
		</point>
		<point>
			<X>93</X>
			<Y>484</Y>
		</point>
		<point>
			<X>96</X>
			<Y>484</Y>
		</point>
		<point>
			<X>96</X>
			<Y>484</Y>
		</point>
		<point>
			<X>98</X>
			<Y>484</Y>
		</point>
		<point>
			<X>98</X>
			<Y>484</Y>
		</point>
		<point>
			<X>103</X>
			<Y>484</Y>
		</point>
		<point>
			<X>103</X>
			<Y>484</Y>
		</point>
		<point>
			<X>108</X>
			<Y>484</Y>
		</point>
		<point>
			<X>108</X>
			<Y>484</Y>
		</point>
		<point>
			<X>111</X>
			<Y>484</Y>
		</point>
		<point>
			<X>111</X>
			<Y>484</Y>
		</point>
		<point>
			<X>118</X>
			<Y>484</Y>
		</point>
		<point>
			<X>118</X>
			<Y>484</Y>
		</point>
		<point>
			<X>123</X>
			<Y>486</Y>
		</point>
		<point>
			<X>123</X>
			<Y>486</Y>
		</point>
		<point>
			<X>128</X>
			<Y>486</Y>
		</point>
		<point>
			<X>128</X>
			<Y>486</Y>
		</point>
		<point>
			<X>133</X>
			<Y>488</Y>
		</point>
		<point>
			<X>133</X>
			<Y>488</Y>
		</point>
		<point>
			<X>138</X>
			<Y>488</Y>
		</point>
		<point>
			<X>138</X>
			<Y>488</Y>
		</point>
		<point>
			<X>142</X>
			<Y>488</Y>
		</point>
		<point>
			<X>142</X>
			<Y>488</Y>
		</point>
		<point>
			<X>147</X>
			<Y>488</Y>
		</point>
		<point>
			<X>147</X>
			<Y>488</Y>
		</point>
		<point>
			<X>150</X>
			<Y>489</Y>
		</point>
		<point>
			<X>150</X>
			<Y>489</Y>
		</point>
		<point>
			<X>154</X>
			<Y>489</Y>
		</point>
		<point>
			<X>154</X>
			<Y>489</Y>
		</point>
		<point>
			<X>157</X>
			<Y>489</Y>
		</point>
		<point>
			<X>157</X>
			<Y>489</Y>
		</point>
		<point>
			<X>162</X>
			<Y>489</Y>
		</point>
		<point>
			<X>162</X>
			<Y>489</Y>
		</point>
		<point>
			<X>167</X>
			<Y>489</Y>
		</point>
		<point>
			<X>167</X>
			<Y>489</Y>
		</point>
		<point>
			<X>170</X>
			<Y>489</Y>
		</point>
		<point>
			<X>170</X>
			<Y>489</Y>
		</point>
		<point>
			<X>175</X>
			<Y>489</Y>
		</point>
		<point>
			<X>175</X>
			<Y>489</Y>
		</point>
		<point>
			<X>177</X>
			<Y>489</Y>
		</point>
		<point>
			<X>177</X>
			<Y>489</Y>
		</point>
		<point>
			<X>181</X>
			<Y>489</Y>
		</point>
		<point>
			<X>181</X>
			<Y>489</Y>
		</point>
		<point>
			<X>186</X>
			<Y>489</Y>
		</point>
		<point>
			<X>186</X>
			<Y>489</Y>
		</point>
		<point>
			<X>187</X>
			<Y>489</Y>
		</point>
		<point>
			<X>187</X>
			<Y>489</Y>
		</point>
		<point>
			<X>191</X>
			<Y>489</Y>
		</point>
		<point>
			<X>191</X>
			<Y>489</Y>
		</point>
		<point>
			<X>194</X>
			<Y>489</Y>
		</point>
		<point>
			<X>194</X>
			<Y>489</Y>
		</point>
		<point>
			<X>197</X>
			<Y>489</Y>
		</point>
		<point>
			<X>197</X>
			<Y>489</Y>
		</point>
		<point>
			<X>201</X>
			<Y>489</Y>
		</point>
		<point>
			<X>201</X>
			<Y>489</Y>
		</point>
		<point>
			<X>204</X>
			<Y>489</Y>
		</point>
		<point>
			<X>204</X>
			<Y>489</Y>
		</point>
		<point>
			<X>207</X>
			<Y>489</Y>
		</point>
		<point>
			<X>207</X>
			<Y>489</Y>
		</point>
		<point>
			<X>210</X>
			<Y>489</Y>
		</point>
		<point>
			<X>210</X>
			<Y>489</Y>
		</point>
		<point>
			<X>212</X>
			<Y>489</Y>
		</point>
		<point>
			<X>212</X>
			<Y>489</Y>
		</point>
		<point>
			<X>215</X>
			<Y>489</Y>
		</point>
		<point>
			<X>215</X>
			<Y>489</Y>
		</point>
		<point>
			<X>217</X>
			<Y>489</Y>
		</point>
		<point>
			<X>221</X>
			<Y>489</Y>
		</point>
		<point>
			<X>221</X>
			<Y>489</Y>
		</point>
		<point>
			<X>222</X>
			<Y>489</Y>
		</point>
		<point>
			<X>222</X>
			<Y>489</Y>
		</point>
		<point>
			<X>226</X>
			<Y>489</Y>
		</point>
		<point>
			<X>226</X>
			<Y>489</Y>
		</point>
		<point>
			<X>228</X>
			<Y>489</Y>
		</point>
		<point>
			<X>228</X>
			<Y>489</Y>
		</point>
		<point>
			<X>229</X>
			<Y>489</Y>
		</point>
		<point>
			<X>229</X>
			<Y>489</Y>
		</point>
		<point>
			<X>234</X>
			<Y>489</Y>
		</point>
		<point>
			<X>234</X>
			<Y>489</Y>
		</point>
		<point>
			<X>236</X>
			<Y>492</Y>
		</point>
		<point>
			<X>236</X>
			<Y>492</Y>
		</point>
		<point>
			<X>238</X>
			<Y>492</Y>
		</point>
		<point>
			<X>238</X>
			<Y>492</Y>
		</point>
		<point>
			<X>239</X>
			<Y>492</Y>
		</point>
		<point>
			<X>239</X>
			<Y>492</Y>
		</point>
		<point>
			<X>243</X>
			<Y>492</Y>
		</point>
		<point>
			<X>243</X>
			<Y>492</Y>
		</point>
		<point>
			<X>246</X>
			<Y>492</Y>
		</point>
		<point>
			<X>248</X>
			<Y>492</Y>
		</point>
		<point>
			<X>248</X>
			<Y>492</Y>
		</point>
		<point>
			<X>249</X>
			<Y>492</Y>
		</point>
		<point>
			<X>251</X>
			<Y>493</Y>
		</point>
		<point>
			<X>251</X>
			<Y>493</Y>
		</point>
		<point>
			<X>254</X>
			<Y>493</Y>
		</point>
		<point>
			<X>254</X>
			<Y>493</Y>
		</point>
		<point>
			<X>257</X>
			<Y>493</Y>
		</point>
		<point>
			<X>257</X>
			<Y>493</Y>
		</point>
		<point>
			<X>258</X>
			<Y>493</Y>
		</point>
		<point>
			<X>258</X>
			<Y>493</Y>
		</point>
		<point>
			<X>259</X>
			<Y>494</Y>
		</point>
		<point>
			<X>259</X>
			<Y>494</Y>
		</point>
		<point>
			<X>261</X>
			<Y>494</Y>
		</point>
		<point>
			<X>263</X>
			<Y>494</Y>
		</point>
		<point>
			<X>263</X>
			<Y>494</Y>
		</point>
		<point>
			<X>264</X>
			<Y>494</Y>
		</point>
		<point>
			<X>264</X>
			<Y>494</Y>
		</point>
		<point>
			<X>265</X>
			<Y>494</Y>
		</point>
		<point>
			<X>265</X>
			<Y>494</Y>
		</point>
		<point>
			<X>268</X>
			<Y>494</Y>
		</point>
		<point>
			<X>268</X>
			<Y>494</Y>
		</point>
		<point>
			<X>269</X>
			<Y>494</Y>
		</point>
		<point>
			<X>269</X>
			<Y>494</Y>
		</point>
		<point>
			<X>272</X>
			<Y>494</Y>
		</point>
		<point>
			<X>276</X>
			<Y>494</Y>
		</point>
		<point>
			<X>276</X>
			<Y>494</Y>
		</point>
		<point>
			<X>278</X>
			<Y>494</Y>
		</point>
		<point>
			<X>279</X>
			<Y>494</Y>
		</point>
		<point>
			<X>279</X>
			<Y>494</Y>
		</point>
		<point>
			<X>280</X>
			<Y>494</Y>
		</point>
		<point>
			<X>280</X>
			<Y>494</Y>
		</point>
		<point>
			<X>281</X>
			<Y>494</Y>
		</point>
		<point>
			<X>281</X>
			<Y>494</Y>
		</point>
		<point>
			<X>283</X>
			<Y>494</Y>
		</point>
		<point>
			<X>283</X>
			<Y>494</Y>
		</point>
		<point>
			<X>285</X>
			<Y>496</Y>
		</point>
		<point>
			<X>285</X>
			<Y>496</Y>
		</point>
		<point>
			<X>286</X>
			<Y>496</Y>
		</point>
		<point>
			<X>286</X>
			<Y>496</Y>
		</point>
		<point>
			<X>287</X>
			<Y>496</Y>
		</point>
		<point>
			<X>287</X>
			<Y>496</Y>
		</point>
		<point>
			<X>288</X>
			<Y>496</Y>
		</point>
		<point>
			<X>288</X>
			<Y>496</Y>
		</point>
		<point>
			<X>289</X>
			<Y>496</Y>
		</point>
		<point>
			<X>289</X>
			<Y>496</Y>
		</point>
		<point>
			<X>291</X>
			<Y>496</Y>
		</point>
		<point>
			<X>291</X>
			<Y>496</Y>
		</point>
		<point>
			<X>292</X>
			<Y>496</Y>
		</point>
		<point>
			<X>292</X>
			<Y>496</Y>
		</point>
		<point>
			<X>293</X>
			<Y>496</Y>
		</point>
		<point>
			<X>293</X>
			<Y>496</Y>
		</point>
		<point>
			<X>295</X>
			<Y>496</Y>
		</point>
		<point>
			<X>295</X>
			<Y>496</Y>
		</point>
		<point>
			<X>296</X>
			<Y>496</Y>
		</point>
		<point>
			<X>296</X>
			<Y>496</Y>
		</point>
		<point>
			<X>297</X>
			<Y>496</Y>
		</point>
		<point>
			<X>297</X>
			<Y>496</Y>
		</point>
		<point>
			<X>298</X>
			<Y>496</Y>
		</point>
		<point>
			<X>298</X>
			<Y>496</Y>
		</point>
		<point>
			<X>299</X>
			<Y>496</Y>
		</point>
		<point>
			<X>299</X>
			<Y>496</Y>
		</point>
		<point>
			<X>300</X>
			<Y>496</Y>
		</point>
		<point>
			<X>300</X>
			<Y>496</Y>
		</point>
		<point>
			<X>301</X>
			<Y>496</Y>
		</point>
		<point>
			<X>301</X>
			<Y>496</Y>
		</point>
		<point>
			<X>302</X>
			<Y>496</Y>
		</point>
		<point>
			<X>302</X>
			<Y>496</Y>
		</point>
		<point>
			<X>303</X>
			<Y>496</Y>
		</point>
		<point>
			<X>303</X>
			<Y>496</Y>
		</point>
		<point>
			<X>304</X>
			<Y>496</Y>
		</point>
		<point>
			<X>304</X>
			<Y>496</Y>
		</point>
		<point>
			<X>305</X>
			<Y>496</Y>
		</point>
		<point>
			<X>305</X>
			<Y>496</Y>
		</point>
		<point>
			<X>305</X>
			<Y>496</Y>
		</point>
		<point>
			<X>305</X>
			<Y>496</Y>
		</point>
		<point>
			<X>308</X>
			<Y>497</Y>
		</point>
		<point>
			<X>308</X>
			<Y>497</Y>
		</point>
		<point>
			<X>308</X>
			<Y>497</Y>
		</point>
		<point>
			<X>308</X>
			<Y>497</Y>
		</point>
		<point>
			<X>309</X>
			<Y>497</Y>
		</point>
		<point>
			<X>309</X>
			<Y>497</Y>
		</point>
		<point>
			<X>310</X>
			<Y>498</Y>
		</point>
		<point>
			<X>310</X>
			<Y>498</Y>
		</point>
		<point>
			<X>310</X>
			<Y>498</Y>
		</point>
		<point>
			<X>310</X>
			<Y>498</Y>
		</point>
		<point>
			<X>312</X>
			<Y>498</Y>
		</point>
		<point>
			<X>312</X>
			<Y>498</Y>
		</point>
		<point>
			<X>313</X>
			<Y>498</Y>
		</point>
		<point>
			<X>313</X>
			<Y>498</Y>
		</point>
		<point>
			<X>314</X>
			<Y>499</Y>
		</point>
		<point>
			<X>314</X>
			<Y>499</Y>
		</point>
		<point>
			<X>315</X>
			<Y>499</Y>
		</point>
		<point>
			<X>315</X>
			<Y>499</Y>
		</point>
		<point>
			<X>317</X>
			<Y>499</Y>
		</point>
		<point>
			<X>317</X>
			<Y>499</Y>
		</point>
		<point>
			<X>318</X>
			<Y>499</Y>
		</point>
		<point>
			<X>318</X>
			<Y>499</Y>
		</point>
	</polygon>
</annotation>