<annotation>
	<folder>anno</folder>
	<filename>2008_007039.jpg</filename>
	<source>
		<database>The anno Database</database>
		<annotation>VC anno</annotation>
		<image>Unknow</image>
		<flickrid>Unknow</flickrid>
	</source>
	<owner>
		<flickrid>Unknow</flickrid>
		<name>Unknow</name>
	</owner>
	<size>
		<width>500</width>
		<height>375</height>
		<depth>3</depth>
	</size>
	<segmented>1</segmented>
	<polygon>
		<tag>cat</tag>
		<point>
			<X>57</X>
			<Y>84</Y>
		</point>
		<point>
			<X>61</X>
			<Y>84</Y>
		</point>
		<point>
			<X>61</X>
			<Y>84</Y>
		</point>
		<point>
			<X>64</X>
			<Y>85</Y>
		</point>
		<point>
			<X>64</X>
			<Y>85</Y>
		</point>
		<point>
			<X>69</X>
			<Y>89</Y>
		</point>
		<point>
			<X>69</X>
			<Y>89</Y>
		</point>
		<point>
			<X>75</X>
			<Y>93</Y>
		</point>
		<point>
			<X>75</X>
			<Y>93</Y>
		</point>
		<point>
			<X>82</X>
			<Y>95</Y>
		</point>
		<point>
			<X>82</X>
			<Y>95</Y>
		</point>
		<point>
			<X>89</X>
			<Y>100</Y>
		</point>
		<point>
			<X>89</X>
			<Y>100</Y>
		</point>
		<point>
			<X>96</X>
			<Y>104</Y>
		</point>
		<point>
			<X>96</X>
			<Y>104</Y>
		</point>
		<point>
			<X>101</X>
			<Y>108</Y>
		</point>
		<point>
			<X>101</X>
			<Y>108</Y>
		</point>
		<point>
			<X>107</X>
			<Y>113</Y>
		</point>
		<point>
			<X>107</X>
			<Y>113</Y>
		</point>
		<point>
			<X>114</X>
			<Y>116</Y>
		</point>
		<point>
			<X>114</X>
			<Y>116</Y>
		</point>
		<point>
			<X>117</X>
			<Y>119</Y>
		</point>
		<point>
			<X>117</X>
			<Y>119</Y>
		</point>
		<point>
			<X>124</X>
			<Y>124</Y>
		</point>
		<point>
			<X>124</X>
			<Y>124</Y>
		</point>
		<point>
			<X>130</X>
			<Y>129</Y>
		</point>
		<point>
			<X>130</X>
			<Y>129</Y>
		</point>
		<point>
			<X>136</X>
			<Y>133</Y>
		</point>
		<point>
			<X>136</X>
			<Y>133</Y>
		</point>
		<point>
			<X>141</X>
			<Y>138</Y>
		</point>
		<point>
			<X>141</X>
			<Y>138</Y>
		</point>
		<point>
			<X>147</X>
			<Y>140</Y>
		</point>
		<point>
			<X>147</X>
			<Y>140</Y>
		</point>
		<point>
			<X>154</X>
			<Y>144</Y>
		</point>
		<point>
			<X>154</X>
			<Y>144</Y>
		</point>
		<point>
			<X>159</X>
			<Y>148</Y>
		</point>
		<point>
			<X>159</X>
			<Y>148</Y>
		</point>
		<point>
			<X>165</X>
			<Y>150</Y>
		</point>
		<point>
			<X>165</X>
			<Y>150</Y>
		</point>
		<point>
			<X>171</X>
			<Y>154</Y>
		</point>
		<point>
			<X>171</X>
			<Y>154</Y>
		</point>
		<point>
			<X>180</X>
			<Y>158</Y>
		</point>
		<point>
			<X>180</X>
			<Y>158</Y>
		</point>
		<point>
			<X>186</X>
			<Y>161</Y>
		</point>
		<point>
			<X>186</X>
			<Y>161</Y>
		</point>
		<point>
			<X>192</X>
			<Y>165</Y>
		</point>
		<point>
			<X>192</X>
			<Y>165</Y>
		</point>
		<point>
			<X>201</X>
			<Y>169</Y>
		</point>
		<point>
			<X>201</X>
			<Y>169</Y>
		</point>
		<point>
			<X>207</X>
			<Y>173</Y>
		</point>
		<point>
			<X>207</X>
			<Y>173</Y>
		</point>
		<point>
			<X>214</X>
			<Y>175</Y>
		</point>
		<point>
			<X>214</X>
			<Y>175</Y>
		</point>
		<point>
			<X>219</X>
			<Y>179</Y>
		</point>
		<point>
			<X>219</X>
			<Y>179</Y>
		</point>
		<point>
			<X>224</X>
			<Y>181</Y>
		</point>
		<point>
			<X>224</X>
			<Y>181</Y>
		</point>
		<point>
			<X>227</X>
			<Y>184</Y>
		</point>
		<point>
			<X>227</X>
			<Y>184</Y>
		</point>
		<point>
			<X>234</X>
			<Y>188</Y>
		</point>
		<point>
			<X>234</X>
			<Y>188</Y>
		</point>
		<point>
			<X>240</X>
			<Y>193</Y>
		</point>
		<point>
			<X>240</X>
			<Y>193</Y>
		</point>
		<point>
			<X>247</X>
			<Y>198</Y>
		</point>
		<point>
			<X>247</X>
			<Y>198</Y>
		</point>
		<point>
			<X>256</X>
			<Y>201</Y>
		</point>
		<point>
			<X>256</X>
			<Y>201</Y>
		</point>
		<point>
			<X>264</X>
			<Y>206</Y>
		</point>
		<point>
			<X>264</X>
			<Y>206</Y>
		</point>
		<point>
			<X>272</X>
			<Y>211</Y>
		</point>
		<point>
			<X>272</X>
			<Y>211</Y>
		</point>
		<point>
			<X>281</X>
			<Y>213</Y>
		</point>
		<point>
			<X>281</X>
			<Y>213</Y>
		</point>
		<point>
			<X>289</X>
			<Y>215</Y>
		</point>
		<point>
			<X>289</X>
			<Y>215</Y>
		</point>
		<point>
			<X>296</X>
			<Y>218</Y>
		</point>
		<point>
			<X>296</X>
			<Y>218</Y>
		</point>
		<point>
			<X>301</X>
			<Y>219</Y>
		</point>
		<point>
			<X>301</X>
			<Y>219</Y>
		</point>
		<point>
			<X>306</X>
			<Y>220</Y>
		</point>
		<point>
			<X>306</X>
			<Y>220</Y>
		</point>
		<point>
			<X>312</X>
			<Y>221</Y>
		</point>
		<point>
			<X>312</X>
			<Y>221</Y>
		</point>
		<point>
			<X>317</X>
			<Y>221</Y>
		</point>
		<point>
			<X>323</X>
			<Y>223</Y>
		</point>
		<point>
			<X>323</X>
			<Y>223</Y>
		</point>
		<point>
			<X>330</X>
			<Y>224</Y>
		</point>
		<point>
			<X>330</X>
			<Y>224</Y>
		</point>
		<point>
			<X>335</X>
			<Y>225</Y>
		</point>
		<point>
			<X>335</X>
			<Y>225</Y>
		</point>
		<point>
			<X>338</X>
			<Y>225</Y>
		</point>
		<point>
			<X>341</X>
			<Y>226</Y>
		</point>
		<point>
			<X>341</X>
			<Y>226</Y>
		</point>
		<point>
			<X>345</X>
			<Y>228</Y>
		</point>
		<point>
			<X>345</X>
			<Y>228</Y>
		</point>
		<point>
			<X>346</X>
			<Y>228</Y>
		</point>
		<point>
			<X>347</X>
			<Y>228</Y>
		</point>
		<point>
			<X>348</X>
			<Y>229</Y>
		</point>
		<point>
			<X>348</X>
			<Y>229</Y>
		</point>
		<point>
			<X>350</X>
			<Y>229</Y>
		</point>
		<point>
			<X>350</X>
			<Y>229</Y>
		</point>
		<point>
			<X>351</X>
			<Y>229</Y>
		</point>
		<point>
			<X>353</X>
			<Y>230</Y>
		</point>
		<point>
			<X>353</X>
			<Y>230</Y>
		</point>
		<point>
			<X>355</X>
			<Y>231</Y>
		</point>
		<point>
			<X>355</X>
			<Y>231</Y>
		</point>
		<point>
			<X>356</X>
			<Y>233</Y>
		</point>
		<point>
			<X>356</X>
			<Y>233</Y>
		</point>
		<point>
			<X>358</X>
			<Y>233</Y>
		</point>
		<point>
			<X>361</X>
			<Y>234</Y>
		</point>
		<point>
			<X>361</X>
			<Y>234</Y>
		</point>
		<point>
			<X>362</X>
			<Y>235</Y>
		</point>
		<point>
			<X>362</X>
			<Y>235</Y>
		</point>
		<point>
			<X>363</X>
			<Y>235</Y>
		</point>
		<point>
			<X>363</X>
			<Y>235</Y>
		</point>
		<point>
			<X>365</X>
			<Y>238</Y>
		</point>
		<point>
			<X>365</X>
			<Y>238</Y>
		</point>
		<point>
			<X>366</X>
			<Y>240</Y>
		</point>
		<point>
			<X>366</X>
			<Y>240</Y>
		</point>
		<point>
			<X>367</X>
			<Y>243</Y>
		</point>
		<point>
			<X>367</X>
			<Y>243</Y>
		</point>
		<point>
			<X>370</X>
			<Y>245</Y>
		</point>
		<point>
			<X>370</X>
			<Y>245</Y>
		</point>
		<point>
			<X>371</X>
			<Y>246</Y>
		</point>
		<point>
			<X>371</X>
			<Y>246</Y>
		</point>
		<point>
			<X>372</X>
			<Y>249</Y>
		</point>
		<point>
			<X>372</X>
			<Y>249</Y>
		</point>
		<point>
			<X>373</X>
			<Y>251</Y>
		</point>
		<point>
			<X>373</X>
			<Y>251</Y>
		</point>
		<point>
			<X>375</X>
			<Y>251</Y>
		</point>
		<point>
			<X>375</X>
			<Y>251</Y>
		</point>
		<point>
			<X>375</X>
			<Y>253</Y>
		</point>
		<point>
			<X>375</X>
			<Y>255</Y>
		</point>
		<point>
			<X>375</X>
			<Y>255</Y>
		</point>
		<point>
			<X>375</X>
			<Y>256</Y>
		</point>
		<point>
			<X>375</X>
			<Y>256</Y>
		</point>
		<point>
			<X>375</X>
			<Y>259</Y>
		</point>
		<point>
			<X>375</X>
			<Y>259</Y>
		</point>
		<point>
			<X>375</X>
			<Y>260</Y>
		</point>
		<point>
			<X>375</X>
			<Y>260</Y>
		</point>
		<point>
			<X>373</X>
			<Y>261</Y>
		</point>
		<point>
			<X>373</X>
			<Y>261</Y>
		</point>
		<point>
			<X>373</X>
			<Y>263</Y>
		</point>
		<point>
			<X>373</X>
			<Y>263</Y>
		</point>
		<point>
			<X>373</X>
			<Y>264</Y>
		</point>
		<point>
			<X>373</X>
			<Y>264</Y>
		</point>
		<point>
			<X>372</X>
			<Y>265</Y>
		</point>
		<point>
			<X>372</X>
			<Y>265</Y>
		</point>
		<point>
			<X>372</X>
			<Y>268</Y>
		</point>
		<point>
			<X>372</X>
			<Y>268</Y>
		</point>
		<point>
			<X>371</X>
			<Y>269</Y>
		</point>
		<point>
			<X>371</X>
			<Y>269</Y>
		</point>
		<point>
			<X>371</X>
			<Y>270</Y>
		</point>
		<point>
			<X>371</X>
			<Y>270</Y>
		</point>
		<point>
			<X>370</X>
			<Y>274</Y>
		</point>
		<point>
			<X>370</X>
			<Y>274</Y>
		</point>
		<point>
			<X>367</X>
			<Y>276</Y>
		</point>
		<point>
			<X>367</X>
			<Y>276</Y>
		</point>
		<point>
			<X>367</X>
			<Y>279</Y>
		</point>
		<point>
			<X>367</X>
			<Y>279</Y>
		</point>
		<point>
			<X>366</X>
			<Y>280</Y>
		</point>
		<point>
			<X>366</X>
			<Y>280</Y>
		</point>
		<point>
			<X>365</X>
			<Y>281</Y>
		</point>
		<point>
			<X>365</X>
			<Y>281</Y>
		</point>
		<point>
			<X>365</X>
			<Y>284</Y>
		</point>
		<point>
			<X>365</X>
			<Y>284</Y>
		</point>
		<point>
			<X>363</X>
			<Y>284</Y>
		</point>
		<point>
			<X>363</X>
			<Y>285</Y>
		</point>
		<point>
			<X>362</X>
			<Y>285</Y>
		</point>
		<point>
			<X>362</X>
			<Y>286</Y>
		</point>
		<point>
			<X>361</X>
			<Y>286</Y>
		</point>
		<point>
			<X>361</X>
			<Y>286</Y>
		</point>
	</polygon>
	<polygon>
		<tag>background</tag>
		<point>
			<X>430</X>
			<Y>338</Y>
		</point>
		<point>
			<X>432</X>
			<Y>338</Y>
		</point>
		<point>
			<X>434</X>
			<Y>338</Y>
		</point>
		<point>
			<X>435</X>
			<Y>336</Y>
		</point>
		<point>
			<X>435</X>
			<Y>336</Y>
		</point>
		<point>
			<X>437</X>
			<Y>335</Y>
		</point>
		<point>
			<X>437</X>
			<Y>335</Y>
		</point>
		<point>
			<X>440</X>
			<Y>335</Y>
		</point>
		<point>
			<X>442</X>
			<Y>333</Y>
		</point>
		<point>
			<X>442</X>
			<Y>333</Y>
		</point>
		<point>
			<X>445</X>
			<Y>330</Y>
		</point>
		<point>
			<X>445</X>
			<Y>330</Y>
		</point>
		<point>
			<X>449</X>
			<Y>328</Y>
		</point>
		<point>
			<X>449</X>
			<Y>328</Y>
		</point>
		<point>
			<X>450</X>
			<Y>328</Y>
		</point>
		<point>
			<X>450</X>
			<Y>328</Y>
		</point>
		<point>
			<X>451</X>
			<Y>325</Y>
		</point>
		<point>
			<X>451</X>
			<Y>325</Y>
		</point>
		<point>
			<X>454</X>
			<Y>323</Y>
		</point>
		<point>
			<X>454</X>
			<Y>323</Y>
		</point>
		<point>
			<X>455</X>
			<Y>323</Y>
		</point>
		<point>
			<X>455</X>
			<Y>323</Y>
		</point>
		<point>
			<X>456</X>
			<Y>321</Y>
		</point>
		<point>
			<X>456</X>
			<Y>321</Y>
		</point>
		<point>
			<X>457</X>
			<Y>320</Y>
		</point>
		<point>
			<X>457</X>
			<Y>320</Y>
		</point>
		<point>
			<X>457</X>
			<Y>318</Y>
		</point>
		<point>
			<X>457</X>
			<Y>318</Y>
		</point>
		<point>
			<X>459</X>
			<Y>315</Y>
		</point>
		<point>
			<X>459</X>
			<Y>315</Y>
		</point>
		<point>
			<X>460</X>
			<Y>314</Y>
		</point>
		<point>
			<X>460</X>
			<Y>314</Y>
		</point>
		<point>
			<X>460</X>
			<Y>310</Y>
		</point>
		<point>
			<X>460</X>
			<Y>310</Y>
		</point>
		<point>
			<X>460</X>
			<Y>308</Y>
		</point>
		<point>
			<X>460</X>
			<Y>308</Y>
		</point>
		<point>
			<X>461</X>
			<Y>306</Y>
		</point>
		<point>
			<X>461</X>
			<Y>306</Y>
		</point>
		<point>
			<X>461</X>
			<Y>304</Y>
		</point>
		<point>
			<X>461</X>
			<Y>304</Y>
		</point>
		<point>
			<X>462</X>
			<Y>301</Y>
		</point>
		<point>
			<X>462</X>
			<Y>301</Y>
		</point>
		<point>
			<X>464</X>
			<Y>299</Y>
		</point>
		<point>
			<X>464</X>
			<Y>299</Y>
		</point>
		<point>
			<X>464</X>
			<Y>295</Y>
		</point>
		<point>
			<X>464</X>
			<Y>295</Y>
		</point>
		<point>
			<X>466</X>
			<Y>290</Y>
		</point>
		<point>
			<X>466</X>
			<Y>290</Y>
		</point>
		<point>
			<X>467</X>
			<Y>288</Y>
		</point>
		<point>
			<X>467</X>
			<Y>288</Y>
		</point>
		<point>
			<X>467</X>
			<Y>286</Y>
		</point>
		<point>
			<X>467</X>
			<Y>286</Y>
		</point>
		<point>
			<X>467</X>
			<Y>285</Y>
		</point>
		<point>
			<X>467</X>
			<Y>285</Y>
		</point>
		<point>
			<X>467</X>
			<Y>284</Y>
		</point>
		<point>
			<X>467</X>
			<Y>284</Y>
		</point>
		<point>
			<X>467</X>
			<Y>283</Y>
		</point>
		<point>
			<X>467</X>
			<Y>283</Y>
		</point>
		<point>
			<X>467</X>
			<Y>281</Y>
		</point>
		<point>
			<X>467</X>
			<Y>281</Y>
		</point>
		<point>
			<X>467</X>
			<Y>280</Y>
		</point>
		<point>
			<X>467</X>
			<Y>280</Y>
		</point>
		<point>
			<X>467</X>
			<Y>278</Y>
		</point>
		<point>
			<X>467</X>
			<Y>278</Y>
		</point>
		<point>
			<X>467</X>
			<Y>275</Y>
		</point>
		<point>
			<X>467</X>
			<Y>275</Y>
		</point>
		<point>
			<X>467</X>
			<Y>273</Y>
		</point>
		<point>
			<X>467</X>
			<Y>273</Y>
		</point>
		<point>
			<X>467</X>
			<Y>270</Y>
		</point>
		<point>
			<X>467</X>
			<Y>270</Y>
		</point>
		<point>
			<X>467</X>
			<Y>266</Y>
		</point>
		<point>
			<X>467</X>
			<Y>266</Y>
		</point>
		<point>
			<X>467</X>
			<Y>264</Y>
		</point>
		<point>
			<X>467</X>
			<Y>264</Y>
		</point>
		<point>
			<X>469</X>
			<Y>259</Y>
		</point>
		<point>
			<X>469</X>
			<Y>259</Y>
		</point>
		<point>
			<X>469</X>
			<Y>256</Y>
		</point>
		<point>
			<X>469</X>
			<Y>256</Y>
		</point>
		<point>
			<X>469</X>
			<Y>253</Y>
		</point>
		<point>
			<X>469</X>
			<Y>253</Y>
		</point>
		<point>
			<X>469</X>
			<Y>249</Y>
		</point>
		<point>
			<X>469</X>
			<Y>249</Y>
		</point>
		<point>
			<X>469</X>
			<Y>245</Y>
		</point>
		<point>
			<X>469</X>
			<Y>245</Y>
		</point>
		<point>
			<X>469</X>
			<Y>241</Y>
		</point>
		<point>
			<X>469</X>
			<Y>241</Y>
		</point>
		<point>
			<X>469</X>
			<Y>238</Y>
		</point>
		<point>
			<X>469</X>
			<Y>238</Y>
		</point>
		<point>
			<X>469</X>
			<Y>235</Y>
		</point>
		<point>
			<X>469</X>
			<Y>235</Y>
		</point>
		<point>
			<X>469</X>
			<Y>234</Y>
		</point>
		<point>
			<X>469</X>
			<Y>234</Y>
		</point>
		<point>
			<X>469</X>
			<Y>230</Y>
		</point>
		<point>
			<X>469</X>
			<Y>230</Y>
		</point>
		<point>
			<X>469</X>
			<Y>228</Y>
		</point>
		<point>
			<X>469</X>
			<Y>228</Y>
		</point>
		<point>
			<X>469</X>
			<Y>226</Y>
		</point>
		<point>
			<X>469</X>
			<Y>226</Y>
		</point>
		<point>
			<X>469</X>
			<Y>224</Y>
		</point>
		<point>
			<X>469</X>
			<Y>224</Y>
		</point>
		<point>
			<X>469</X>
			<Y>221</Y>
		</point>
		<point>
			<X>469</X>
			<Y>221</Y>
		</point>
		<point>
			<X>469</X>
			<Y>219</Y>
		</point>
		<point>
			<X>469</X>
			<Y>219</Y>
		</point>
		<point>
			<X>469</X>
			<Y>218</Y>
		</point>
		<point>
			<X>469</X>
			<Y>218</Y>
		</point>
		<point>
			<X>467</X>
			<Y>214</Y>
		</point>
		<point>
			<X>467</X>
			<Y>214</Y>
		</point>
		<point>
			<X>466</X>
			<Y>210</Y>
		</point>
		<point>
			<X>466</X>
			<Y>210</Y>
		</point>
		<point>
			<X>466</X>
			<Y>206</Y>
		</point>
		<point>
			<X>466</X>
			<Y>206</Y>
		</point>
		<point>
			<X>464</X>
			<Y>203</Y>
		</point>
		<point>
			<X>464</X>
			<Y>203</Y>
		</point>
		<point>
			<X>462</X>
			<Y>198</Y>
		</point>
		<point>
			<X>462</X>
			<Y>198</Y>
		</point>
		<point>
			<X>460</X>
			<Y>191</Y>
		</point>
		<point>
			<X>460</X>
			<Y>191</Y>
		</point>
		<point>
			<X>459</X>
			<Y>188</Y>
		</point>
		<point>
			<X>459</X>
			<Y>188</Y>
		</point>
		<point>
			<X>456</X>
			<Y>180</Y>
		</point>
		<point>
			<X>456</X>
			<Y>180</Y>
		</point>
		<point>
			<X>454</X>
			<Y>176</Y>
		</point>
		<point>
			<X>454</X>
			<Y>176</Y>
		</point>
		<point>
			<X>451</X>
			<Y>173</Y>
		</point>
		<point>
			<X>451</X>
			<Y>173</Y>
		</point>
		<point>
			<X>450</X>
			<Y>169</Y>
		</point>
		<point>
			<X>450</X>
			<Y>169</Y>
		</point>
		<point>
			<X>447</X>
			<Y>165</Y>
		</point>
		<point>
			<X>447</X>
			<Y>165</Y>
		</point>
		<point>
			<X>446</X>
			<Y>163</Y>
		</point>
		<point>
			<X>446</X>
			<Y>163</Y>
		</point>
		<point>
			<X>444</X>
			<Y>159</Y>
		</point>
		<point>
			<X>444</X>
			<Y>159</Y>
		</point>
		<point>
			<X>442</X>
			<Y>155</Y>
		</point>
		<point>
			<X>442</X>
			<Y>155</Y>
		</point>
		<point>
			<X>439</X>
			<Y>153</Y>
		</point>
		<point>
			<X>439</X>
			<Y>153</Y>
		</point>
		<point>
			<X>437</X>
			<Y>150</Y>
		</point>
		<point>
			<X>437</X>
			<Y>150</Y>
		</point>
		<point>
			<X>435</X>
			<Y>146</Y>
		</point>
		<point>
			<X>435</X>
			<Y>146</Y>
		</point>
		<point>
			<X>432</X>
			<Y>143</Y>
		</point>
		<point>
			<X>432</X>
			<Y>143</Y>
		</point>
		<point>
			<X>430</X>
			<Y>140</Y>
		</point>
		<point>
			<X>430</X>
			<Y>140</Y>
		</point>
		<point>
			<X>427</X>
			<Y>136</Y>
		</point>
		<point>
			<X>427</X>
			<Y>136</Y>
		</point>
		<point>
			<X>424</X>
			<Y>131</Y>
		</point>
		<point>
			<X>424</X>
			<Y>131</Y>
		</point>
		<point>
			<X>420</X>
			<Y>129</Y>
		</point>
		<point>
			<X>420</X>
			<Y>129</Y>
		</point>
		<point>
			<X>414</X>
			<Y>124</Y>
		</point>
		<point>
			<X>414</X>
			<Y>124</Y>
		</point>
		<point>
			<X>409</X>
			<Y>121</Y>
		</point>
		<point>
			<X>409</X>
			<Y>121</Y>
		</point>
		<point>
			<X>404</X>
			<Y>116</Y>
		</point>
		<point>
			<X>404</X>
			<Y>116</Y>
		</point>
		<point>
			<X>396</X>
			<Y>113</Y>
		</point>
		<point>
			<X>396</X>
			<Y>113</Y>
		</point>
		<point>
			<X>392</X>
			<Y>110</Y>
		</point>
		<point>
			<X>392</X>
			<Y>110</Y>
		</point>
		<point>
			<X>387</X>
			<Y>106</Y>
		</point>
		<point>
			<X>387</X>
			<Y>106</Y>
		</point>
		<point>
			<X>381</X>
			<Y>103</Y>
		</point>
		<point>
			<X>381</X>
			<Y>103</Y>
		</point>
		<point>
			<X>377</X>
			<Y>100</Y>
		</point>
		<point>
			<X>377</X>
			<Y>100</Y>
		</point>
		<point>
			<X>371</X>
			<Y>96</Y>
		</point>
		<point>
			<X>371</X>
			<Y>96</Y>
		</point>
		<point>
			<X>367</X>
			<Y>94</Y>
		</point>
		<point>
			<X>367</X>
			<Y>94</Y>
		</point>
		<point>
			<X>363</X>
			<Y>90</Y>
		</point>
		<point>
			<X>363</X>
			<Y>90</Y>
		</point>
		<point>
			<X>358</X>
			<Y>89</Y>
		</point>
		<point>
			<X>358</X>
			<Y>89</Y>
		</point>
		<point>
			<X>353</X>
			<Y>85</Y>
		</point>
		<point>
			<X>353</X>
			<Y>85</Y>
		</point>
		<point>
			<X>347</X>
			<Y>84</Y>
		</point>
		<point>
			<X>347</X>
			<Y>84</Y>
		</point>
		<point>
			<X>340</X>
			<Y>80</Y>
		</point>
		<point>
			<X>340</X>
			<Y>80</Y>
		</point>
		<point>
			<X>331</X>
			<Y>78</Y>
		</point>
		<point>
			<X>331</X>
			<Y>78</Y>
		</point>
		<point>
			<X>323</X>
			<Y>74</Y>
		</point>
		<point>
			<X>323</X>
			<Y>74</Y>
		</point>
		<point>
			<X>316</X>
			<Y>71</Y>
		</point>
		<point>
			<X>316</X>
			<Y>71</Y>
		</point>
		<point>
			<X>307</X>
			<Y>68</Y>
		</point>
		<point>
			<X>307</X>
			<Y>68</Y>
		</point>
		<point>
			<X>299</X>
			<Y>65</Y>
		</point>
		<point>
			<X>299</X>
			<Y>65</Y>
		</point>
		<point>
			<X>292</X>
			<Y>63</Y>
		</point>
		<point>
			<X>292</X>
			<Y>63</Y>
		</point>
		<point>
			<X>284</X>
			<Y>60</Y>
		</point>
		<point>
			<X>284</X>
			<Y>60</Y>
		</point>
		<point>
			<X>274</X>
			<Y>58</Y>
		</point>
		<point>
			<X>274</X>
			<Y>58</Y>
		</point>
		<point>
			<X>265</X>
			<Y>54</Y>
		</point>
		<point>
			<X>265</X>
			<Y>54</Y>
		</point>
		<point>
			<X>259</X>
			<Y>51</Y>
		</point>
		<point>
			<X>259</X>
			<Y>51</Y>
		</point>
		<point>
			<X>247</X>
			<Y>48</Y>
		</point>
		<point>
			<X>247</X>
			<Y>48</Y>
		</point>
		<point>
			<X>240</X>
			<Y>44</Y>
		</point>
		<point>
			<X>240</X>
			<Y>44</Y>
		</point>
		<point>
			<X>230</X>
			<Y>41</Y>
		</point>
		<point>
			<X>230</X>
			<Y>41</Y>
		</point>
		<point>
			<X>221</X>
			<Y>36</Y>
		</point>
		<point>
			<X>221</X>
			<Y>36</Y>
		</point>
		<point>
			<X>211</X>
			<Y>34</Y>
		</point>
		<point>
			<X>211</X>
			<Y>34</Y>
		</point>
		<point>
			<X>200</X>
			<Y>30</Y>
		</point>
		<point>
			<X>200</X>
			<Y>30</Y>
		</point>
		<point>
			<X>191</X>
			<Y>26</Y>
		</point>
		<point>
			<X>191</X>
			<Y>26</Y>
		</point>
		<point>
			<X>179</X>
			<Y>24</Y>
		</point>
		<point>
			<X>179</X>
			<Y>24</Y>
		</point>
		<point>
			<X>169</X>
			<Y>20</Y>
		</point>
		<point>
			<X>169</X>
			<Y>20</Y>
		</point>
		<point>
			<X>159</X>
			<Y>18</Y>
		</point>
		<point>
			<X>159</X>
			<Y>18</Y>
		</point>
		<point>
			<X>150</X>
			<Y>14</Y>
		</point>
		<point>
			<X>150</X>
			<Y>14</Y>
		</point>
		<point>
			<X>137</X>
			<Y>10</Y>
		</point>
		<point>
			<X>137</X>
			<Y>10</Y>
		</point>
		<point>
			<X>129</X>
			<Y>8</Y>
		</point>
		<point>
			<X>129</X>
			<Y>8</Y>
		</point>
		<point>
			<X>119</X>
			<Y>4</Y>
		</point>
		<point>
			<X>119</X>
			<Y>4</Y>
		</point>
		<point>
			<X>107</X>
			<Y>1</Y>
		</point>
		<point>
			<X>107</X>
			<Y>1</Y>
		</point>
		<point>
			<X>10</X>
			<Y>1</Y>
		</point>
		<point>
			<X>10</X>
			<Y>1</Y>
		</point>
		<point>
			<X>7</X>
			<Y>4</Y>
		</point>
		<point>
			<X>7</X>
			<Y>4</Y>
		</point>
		<point>
			<X>6</X>
			<Y>8</Y>
		</point>
		<point>
			<X>6</X>
			<Y>8</Y>
		</point>
		<point>
			<X>5</X>
			<Y>10</Y>
		</point>
		<point>
			<X>5</X>
			<Y>10</Y>
		</point>
		<point>
			<X>4</X>
			<Y>13</Y>
		</point>
		<point>
			<X>4</X>
			<Y>13</Y>
		</point>
		<point>
			<X>1</X>
			<Y>15</Y>
		</point>
		<point>
			<X>1</X>
			<Y>15</Y>
		</point>
		<point>
			<X>0</X>
			<Y>19</Y>
		</point>
		<point>
			<X>0</X>
			<Y>19</Y>
		</point>
		<point>
			<X>0</X>
			<Y>50</Y>
		</point>
		<point>
			<X>0</X>
			<Y>50</Y>
		</point>
		<point>
			<X>0</X>
			<Y>51</Y>
		</point>
		<point>
			<X>0</X>
			<Y>51</Y>
		</point>
		<point>
			<X>0</X>
			<Y>54</Y>
		</point>
		<point>
			<X>0</X>
			<Y>54</Y>
		</point>
		<point>
			<X>2</X>
			<Y>55</Y>
		</point>
		<point>
			<X>2</X>
			<Y>55</Y>
		</point>
		<point>
			<X>2</X>
			<Y>59</Y>
		</point>
		<point>
			<X>2</X>
			<Y>59</Y>
		</point>
		<point>
			<X>5</X>
			<Y>61</Y>
		</point>
		<point>
			<X>5</X>
			<Y>61</Y>
		</point>
		<point>
			<X>6</X>
			<Y>68</Y>
		</point>
		<point>
			<X>6</X>
			<Y>68</Y>
		</point>
		<point>
			<X>9</X>
			<Y>74</Y>
		</point>
		<point>
			<X>9</X>
			<Y>74</Y>
		</point>
		<point>
			<X>11</X>
			<Y>80</Y>
		</point>
		<point>
			<X>11</X>
			<Y>80</Y>
		</point>
		<point>
			<X>12</X>
			<Y>88</Y>
		</point>
		<point>
			<X>12</X>
			<Y>88</Y>
		</point>
		<point>
			<X>14</X>
			<Y>93</Y>
		</point>
		<point>
			<X>14</X>
			<Y>93</Y>
		</point>
		<point>
			<X>15</X>
			<Y>98</Y>
		</point>
		<point>
			<X>15</X>
			<Y>98</Y>
		</point>
		<point>
			<X>16</X>
			<Y>105</Y>
		</point>
		<point>
			<X>16</X>
			<Y>105</Y>
		</point>
		<point>
			<X>17</X>
			<Y>110</Y>
		</point>
		<point>
			<X>17</X>
			<Y>110</Y>
		</point>
		<point>
			<X>17</X>
			<Y>114</Y>
		</point>
		<point>
			<X>17</X>
			<Y>114</Y>
		</point>
		<point>
			<X>17</X>
			<Y>119</Y>
		</point>
		<point>
			<X>17</X>
			<Y>119</Y>
		</point>
		<point>
			<X>17</X>
			<Y>126</Y>
		</point>
		<point>
			<X>17</X>
			<Y>126</Y>
		</point>
		<point>
			<X>19</X>
			<Y>131</Y>
		</point>
		<point>
			<X>19</X>
			<Y>131</Y>
		</point>
		<point>
			<X>19</X>
			<Y>138</Y>
		</point>
		<point>
			<X>19</X>
			<Y>138</Y>
		</point>
		<point>
			<X>19</X>
			<Y>143</Y>
		</point>
		<point>
			<X>19</X>
			<Y>143</Y>
		</point>
		<point>
			<X>20</X>
			<Y>150</Y>
		</point>
		<point>
			<X>20</X>
			<Y>150</Y>
		</point>
		<point>
			<X>21</X>
			<Y>155</Y>
		</point>
		<point>
			<X>21</X>
			<Y>155</Y>
		</point>
		<point>
			<X>21</X>
			<Y>161</Y>
		</point>
		<point>
			<X>21</X>
			<Y>161</Y>
		</point>
		<point>
			<X>21</X>
			<Y>166</Y>
		</point>
		<point>
			<X>21</X>
			<Y>166</Y>
		</point>
		<point>
			<X>21</X>
			<Y>169</Y>
		</point>
		<point>
			<X>21</X>
			<Y>169</Y>
		</point>
		<point>
			<X>21</X>
			<Y>173</Y>
		</point>
		<point>
			<X>21</X>
			<Y>173</Y>
		</point>
		<point>
			<X>21</X>
			<Y>176</Y>
		</point>
		<point>
			<X>21</X>
			<Y>176</Y>
		</point>
		<point>
			<X>22</X>
			<Y>180</Y>
		</point>
		<point>
			<X>22</X>
			<Y>180</Y>
		</point>
		<point>
			<X>22</X>
			<Y>186</Y>
		</point>
		<point>
			<X>22</X>
			<Y>186</Y>
		</point>
		<point>
			<X>22</X>
			<Y>194</Y>
		</point>
		<point>
			<X>22</X>
			<Y>194</Y>
		</point>
		<point>
			<X>22</X>
			<Y>199</Y>
		</point>
		<point>
			<X>22</X>
			<Y>199</Y>
		</point>
		<point>
			<X>22</X>
			<Y>205</Y>
		</point>
		<point>
			<X>22</X>
			<Y>205</Y>
		</point>
		<point>
			<X>22</X>
			<Y>213</Y>
		</point>
		<point>
			<X>22</X>
			<Y>213</Y>
		</point>
		<point>
			<X>22</X>
			<Y>218</Y>
		</point>
		<point>
			<X>22</X>
			<Y>218</Y>
		</point>
		<point>
			<X>22</X>
			<Y>221</Y>
		</point>
		<point>
			<X>22</X>
			<Y>221</Y>
		</point>
		<point>
			<X>22</X>
			<Y>224</Y>
		</point>
		<point>
			<X>22</X>
			<Y>224</Y>
		</point>
		<point>
			<X>22</X>
			<Y>225</Y>
		</point>
		<point>
			<X>22</X>
			<Y>225</Y>
		</point>
		<point>
			<X>22</X>
			<Y>228</Y>
		</point>
		<point>
			<X>22</X>
			<Y>228</Y>
		</point>
		<point>
			<X>22</X>
			<Y>229</Y>
		</point>
		<point>
			<X>22</X>
			<Y>229</Y>
		</point>
		<point>
			<X>24</X>
			<Y>230</Y>
		</point>
		<point>
			<X>24</X>
			<Y>230</Y>
		</point>
		<point>
			<X>24</X>
			<Y>231</Y>
		</point>
		<point>
			<X>24</X>
			<Y>231</Y>
		</point>
		<point>
			<X>24</X>
			<Y>234</Y>
		</point>
		<point>
			<X>24</X>
			<Y>234</Y>
		</point>
		<point>
			<X>24</X>
			<Y>238</Y>
		</point>
		<point>
			<X>24</X>
			<Y>238</Y>
		</point>
		<point>
			<X>24</X>
			<Y>240</Y>
		</point>
		<point>
			<X>24</X>
			<Y>240</Y>
		</point>
		<point>
			<X>24</X>
			<Y>244</Y>
		</point>
		<point>
			<X>24</X>
			<Y>244</Y>
		</point>
		<point>
			<X>24</X>
			<Y>248</Y>
		</point>
		<point>
			<X>24</X>
			<Y>248</Y>
		</point>
		<point>
			<X>25</X>
			<Y>251</Y>
		</point>
		<point>
			<X>25</X>
			<Y>251</Y>
		</point>
		<point>
			<X>25</X>
			<Y>255</Y>
		</point>
		<point>
			<X>25</X>
			<Y>255</Y>
		</point>
		<point>
			<X>26</X>
			<Y>258</Y>
		</point>
		<point>
			<X>26</X>
			<Y>258</Y>
		</point>
		<point>
			<X>27</X>
			<Y>260</Y>
		</point>
		<point>
			<X>27</X>
			<Y>260</Y>
		</point>
		<point>
			<X>27</X>
			<Y>263</Y>
		</point>
		<point>
			<X>27</X>
			<Y>263</Y>
		</point>
		<point>
			<X>27</X>
			<Y>265</Y>
		</point>
		<point>
			<X>27</X>
			<Y>265</Y>
		</point>
		<point>
			<X>30</X>
			<Y>268</Y>
		</point>
		<point>
			<X>30</X>
			<Y>268</Y>
		</point>
		<point>
			<X>31</X>
			<Y>270</Y>
		</point>
		<point>
			<X>31</X>
			<Y>270</Y>
		</point>
		<point>
			<X>32</X>
			<Y>276</Y>
		</point>
		<point>
			<X>32</X>
			<Y>276</Y>
		</point>
		<point>
			<X>35</X>
			<Y>280</Y>
		</point>
		<point>
			<X>35</X>
			<Y>280</Y>
		</point>
		<point>
			<X>39</X>
			<Y>288</Y>
		</point>
		<point>
			<X>39</X>
			<Y>288</Y>
		</point>
		<point>
			<X>42</X>
			<Y>295</Y>
		</point>
		<point>
			<X>42</X>
			<Y>295</Y>
		</point>
		<point>
			<X>46</X>
			<Y>303</Y>
		</point>
		<point>
			<X>46</X>
			<Y>303</Y>
		</point>
		<point>
			<X>51</X>
			<Y>310</Y>
		</point>
		<point>
			<X>51</X>
			<Y>310</Y>
		</point>
		<point>
			<X>55</X>
			<Y>316</Y>
		</point>
		<point>
			<X>55</X>
			<Y>316</Y>
		</point>
		<point>
			<X>59</X>
			<Y>321</Y>
		</point>
		<point>
			<X>59</X>
			<Y>321</Y>
		</point>
		<point>
			<X>62</X>
			<Y>328</Y>
		</point>
		<point>
			<X>62</X>
			<Y>328</Y>
		</point>
		<point>
			<X>67</X>
			<Y>331</Y>
		</point>
		<point>
			<X>67</X>
			<Y>331</Y>
		</point>
		<point>
			<X>71</X>
			<Y>338</Y>
		</point>
		<point>
			<X>71</X>
			<Y>338</Y>
		</point>
		<point>
			<X>76</X>
			<Y>343</Y>
		</point>
		<point>
			<X>76</X>
			<Y>343</Y>
		</point>
		<point>
			<X>79</X>
			<Y>348</Y>
		</point>
		<point>
			<X>79</X>
			<Y>348</Y>
		</point>
		<point>
			<X>85</X>
			<Y>355</Y>
		</point>
		<point>
			<X>85</X>
			<Y>355</Y>
		</point>
		<point>
			<X>90</X>
			<Y>363</Y>
		</point>
		<point>
			<X>90</X>
			<Y>363</Y>
		</point>
		<point>
			<X>97</X>
			<Y>368</Y>
		</point>
		<point>
			<X>97</X>
			<Y>368</Y>
		</point>
		<point>
			<X>216</X>
			<Y>373</Y>
		</point>
		<point>
			<X>216</X>
			<Y>373</Y>
		</point>
		<point>
			<X>222</X>
			<Y>368</Y>
		</point>
		<point>
			<X>222</X>
			<Y>368</Y>
		</point>
		<point>
			<X>227</X>
			<Y>363</Y>
		</point>
		<point>
			<X>227</X>
			<Y>363</Y>
		</point>
		<point>
			<X>234</X>
			<Y>355</Y>
		</point>
		<point>
			<X>234</X>
			<Y>355</Y>
		</point>
		<point>
			<X>240</X>
			<Y>350</Y>
		</point>
		<point>
			<X>240</X>
			<Y>350</Y>
		</point>
		<point>
			<X>241</X>
			<Y>345</Y>
		</point>
		<point>
			<X>241</X>
			<Y>345</Y>
		</point>
		<point>
			<X>245</X>
			<Y>340</Y>
		</point>
		<point>
			<X>245</X>
			<Y>340</Y>
		</point>
		<point>
			<X>246</X>
			<Y>338</Y>
		</point>
		<point>
			<X>246</X>
			<Y>338</Y>
		</point>
		<point>
			<X>246</X>
			<Y>338</Y>
		</point>
		<point>
			<X>246</X>
			<Y>338</Y>
		</point>
		<point>
			<X>246</X>
			<Y>336</Y>
		</point>
		<point>
			<X>246</X>
			<Y>336</Y>
		</point>
		<point>
			<X>246</X>
			<Y>335</Y>
		</point>
		<point>
			<X>246</X>
			<Y>335</Y>
		</point>
		<point>
			<X>246</X>
			<Y>333</Y>
		</point>
		<point>
			<X>246</X>
			<Y>333</Y>
		</point>
		<point>
			<X>246</X>
			<Y>333</Y>
		</point>
		<point>
			<X>246</X>
			<Y>333</Y>
		</point>
		<point>
			<X>246</X>
			<Y>331</Y>
		</point>
		<point>
			<X>246</X>
			<Y>331</Y>
		</point>
		<point>
			<X>247</X>
			<Y>331</Y>
		</point>
		<point>
			<X>249</X>
			<Y>331</Y>
		</point>
		<point>
			<X>249</X>
			<Y>331</Y>
		</point>
	</polygon>
</annotation>