<annotation>
	<folder>anno</folder>
	<filename>2008_006092.jpg</filename>
	<source>
		<database>The anno Database</database>
		<annotation>VC anno</annotation>
		<image>Unknow</image>
		<flickrid>Unknow</flickrid>
	</source>
	<owner>
		<flickrid>Unknow</flickrid>
		<name>Unknow</name>
	</owner>
	<size>
		<width>375</width>
		<height>500</height>
		<depth>3</depth>
	</size>
	<segmented>1</segmented>
	<polygon>
		<tag>car</tag>
		<point>
			<X>253</X>
			<Y>293</Y>
		</point>
		<point>
			<X>254</X>
			<Y>293</Y>
		</point>
		<point>
			<X>254</X>
			<Y>292</Y>
		</point>
		<point>
			<X>254</X>
			<Y>292</Y>
		</point>
		<point>
			<X>255</X>
			<Y>291</Y>
		</point>
		<point>
			<X>255</X>
			<Y>291</Y>
		</point>
		<point>
			<X>255</X>
			<Y>290</Y>
		</point>
		<point>
			<X>255</X>
			<Y>290</Y>
		</point>
		<point>
			<X>257</X>
			<Y>288</Y>
		</point>
		<point>
			<X>257</X>
			<Y>288</Y>
		</point>
		<point>
			<X>258</X>
			<Y>286</Y>
		</point>
		<point>
			<X>258</X>
			<Y>286</Y>
		</point>
		<point>
			<X>260</X>
			<Y>284</Y>
		</point>
		<point>
			<X>260</X>
			<Y>284</Y>
		</point>
		<point>
			<X>261</X>
			<Y>283</Y>
		</point>
		<point>
			<X>261</X>
			<Y>283</Y>
		</point>
		<point>
			<X>263</X>
			<Y>282</Y>
		</point>
		<point>
			<X>263</X>
			<Y>282</Y>
		</point>
		<point>
			<X>263</X>
			<Y>281</Y>
		</point>
		<point>
			<X>263</X>
			<Y>281</Y>
		</point>
		<point>
			<X>264</X>
			<Y>281</Y>
		</point>
		<point>
			<X>264</X>
			<Y>280</Y>
		</point>
		<point>
			<X>266</X>
			<Y>280</Y>
		</point>
		<point>
			<X>266</X>
			<Y>279</Y>
		</point>
		<point>
			<X>266</X>
			<Y>279</Y>
		</point>
		<point>
			<X>267</X>
			<Y>279</Y>
		</point>
		<point>
			<X>269</X>
			<Y>278</Y>
		</point>
		<point>
			<X>269</X>
			<Y>278</Y>
		</point>
		<point>
			<X>270</X>
			<Y>277</Y>
		</point>
		<point>
			<X>270</X>
			<Y>277</Y>
		</point>
		<point>
			<X>271</X>
			<Y>277</Y>
		</point>
		<point>
			<X>271</X>
			<Y>277</Y>
		</point>
		<point>
			<X>274</X>
			<Y>276</Y>
		</point>
		<point>
			<X>274</X>
			<Y>276</Y>
		</point>
		<point>
			<X>276</X>
			<Y>275</Y>
		</point>
		<point>
			<X>276</X>
			<Y>275</Y>
		</point>
		<point>
			<X>277</X>
			<Y>275</Y>
		</point>
		<point>
			<X>278</X>
			<Y>275</Y>
		</point>
		<point>
			<X>281</X>
			<Y>274</Y>
		</point>
		<point>
			<X>281</X>
			<Y>274</Y>
		</point>
		<point>
			<X>282</X>
			<Y>274</Y>
		</point>
		<point>
			<X>282</X>
			<Y>273</Y>
		</point>
		<point>
			<X>282</X>
			<Y>273</Y>
		</point>
		<point>
			<X>283</X>
			<Y>273</Y>
		</point>
		<point>
			<X>284</X>
			<Y>273</Y>
		</point>
		<point>
			<X>286</X>
			<Y>273</Y>
		</point>
		<point>
			<X>287</X>
			<Y>273</Y>
		</point>
		<point>
			<X>288</X>
			<Y>273</Y>
		</point>
		<point>
			<X>290</X>
			<Y>272</Y>
		</point>
		<point>
			<X>290</X>
			<Y>272</Y>
		</point>
		<point>
			<X>291</X>
			<Y>272</Y>
		</point>
		<point>
			<X>292</X>
			<Y>272</Y>
		</point>
		<point>
			<X>293</X>
			<Y>272</Y>
		</point>
		<point>
			<X>294</X>
			<Y>271</Y>
		</point>
		<point>
			<X>294</X>
			<Y>271</Y>
		</point>
		<point>
			<X>295</X>
			<Y>271</Y>
		</point>
		<point>
			<X>295</X>
			<Y>271</Y>
		</point>
		<point>
			<X>296</X>
			<Y>271</Y>
		</point>
		<point>
			<X>298</X>
			<Y>271</Y>
		</point>
		<point>
			<X>299</X>
			<Y>271</Y>
		</point>
		<point>
			<X>300</X>
			<Y>270</Y>
		</point>
		<point>
			<X>300</X>
			<Y>270</Y>
		</point>
		<point>
			<X>301</X>
			<Y>269</Y>
		</point>
		<point>
			<X>301</X>
			<Y>269</Y>
		</point>
		<point>
			<X>302</X>
			<Y>269</Y>
		</point>
		<point>
			<X>302</X>
			<Y>269</Y>
		</point>
		<point>
			<X>305</X>
			<Y>267</Y>
		</point>
		<point>
			<X>305</X>
			<Y>267</Y>
		</point>
		<point>
			<X>305</X>
			<Y>267</Y>
		</point>
		<point>
			<X>307</X>
			<Y>267</Y>
		</point>
		<point>
			<X>309</X>
			<Y>266</Y>
		</point>
		<point>
			<X>309</X>
			<Y>266</Y>
		</point>
		<point>
			<X>310</X>
			<Y>265</Y>
		</point>
		<point>
			<X>310</X>
			<Y>265</Y>
		</point>
		<point>
			<X>313</X>
			<Y>265</Y>
		</point>
		<point>
			<X>315</X>
			<Y>265</Y>
		</point>
		<point>
			<X>315</X>
			<Y>264</Y>
		</point>
		<point>
			<X>315</X>
			<Y>264</Y>
		</point>
		<point>
			<X>315</X>
			<Y>264</Y>
		</point>
		<point>
			<X>315</X>
			<Y>264</Y>
		</point>
	</polygon>
	<polygon>
		<tag>background</tag>
		<point>
			<X>25</X>
			<Y>88</Y>
		</point>
		<point>
			<X>25</X>
			<Y>87</Y>
		</point>
		<point>
			<X>25</X>
			<Y>87</Y>
		</point>
		<point>
			<X>25</X>
			<Y>87</Y>
		</point>
		<point>
			<X>25</X>
			<Y>85</Y>
		</point>
		<point>
			<X>25</X>
			<Y>85</Y>
		</point>
		<point>
			<X>27</X>
			<Y>82</Y>
		</point>
		<point>
			<X>27</X>
			<Y>82</Y>
		</point>
		<point>
			<X>28</X>
			<Y>78</Y>
		</point>
		<point>
			<X>28</X>
			<Y>78</Y>
		</point>
		<point>
			<X>30</X>
			<Y>75</Y>
		</point>
		<point>
			<X>30</X>
			<Y>75</Y>
		</point>
		<point>
			<X>31</X>
			<Y>69</Y>
		</point>
		<point>
			<X>31</X>
			<Y>69</Y>
		</point>
		<point>
			<X>31</X>
			<Y>66</Y>
		</point>
		<point>
			<X>31</X>
			<Y>66</Y>
		</point>
		<point>
			<X>32</X>
			<Y>63</Y>
		</point>
		<point>
			<X>32</X>
			<Y>63</Y>
		</point>
		<point>
			<X>33</X>
			<Y>59</Y>
		</point>
		<point>
			<X>33</X>
			<Y>59</Y>
		</point>
		<point>
			<X>34</X>
			<Y>56</Y>
		</point>
		<point>
			<X>34</X>
			<Y>56</Y>
		</point>
		<point>
			<X>35</X>
			<Y>51</Y>
		</point>
		<point>
			<X>35</X>
			<Y>51</Y>
		</point>
		<point>
			<X>36</X>
			<Y>51</Y>
		</point>
		<point>
			<X>36</X>
			<Y>51</Y>
		</point>
		<point>
			<X>36</X>
			<Y>50</Y>
		</point>
		<point>
			<X>36</X>
			<Y>50</Y>
		</point>
		<point>
			<X>37</X>
			<Y>46</Y>
		</point>
		<point>
			<X>37</X>
			<Y>46</Y>
		</point>
		<point>
			<X>37</X>
			<Y>46</Y>
		</point>
		<point>
			<X>37</X>
			<Y>46</Y>
		</point>
		<point>
			<X>37</X>
			<Y>46</Y>
		</point>
		<point>
			<X>37</X>
			<Y>46</Y>
		</point>
		<point>
			<X>38</X>
			<Y>44</Y>
		</point>
		<point>
			<X>38</X>
			<Y>44</Y>
		</point>
		<point>
			<X>38</X>
			<Y>41</Y>
		</point>
		<point>
			<X>38</X>
			<Y>41</Y>
		</point>
		<point>
			<X>39</X>
			<Y>40</Y>
		</point>
		<point>
			<X>39</X>
			<Y>40</Y>
		</point>
		<point>
			<X>40</X>
			<Y>37</Y>
		</point>
		<point>
			<X>40</X>
			<Y>37</Y>
		</point>
		<point>
			<X>41</X>
			<Y>35</Y>
		</point>
		<point>
			<X>41</X>
			<Y>35</Y>
		</point>
		<point>
			<X>43</X>
			<Y>32</Y>
		</point>
		<point>
			<X>43</X>
			<Y>32</Y>
		</point>
		<point>
			<X>44</X>
			<Y>30</Y>
		</point>
		<point>
			<X>44</X>
			<Y>30</Y>
		</point>
		<point>
			<X>45</X>
			<Y>29</Y>
		</point>
		<point>
			<X>45</X>
			<Y>29</Y>
		</point>
		<point>
			<X>46</X>
			<Y>28</Y>
		</point>
		<point>
			<X>46</X>
			<Y>28</Y>
		</point>
		<point>
			<X>46</X>
			<Y>25</Y>
		</point>
		<point>
			<X>46</X>
			<Y>25</Y>
		</point>
		<point>
			<X>46</X>
			<Y>25</Y>
		</point>
		<point>
			<X>46</X>
			<Y>25</Y>
		</point>
		<point>
			<X>46</X>
			<Y>23</Y>
		</point>
		<point>
			<X>46</X>
			<Y>23</Y>
		</point>
		<point>
			<X>50</X>
			<Y>23</Y>
		</point>
		<point>
			<X>50</X>
			<Y>23</Y>
		</point>
		<point>
			<X>53</X>
			<Y>20</Y>
		</point>
		<point>
			<X>53</X>
			<Y>20</Y>
		</point>
		<point>
			<X>54</X>
			<Y>20</Y>
		</point>
		<point>
			<X>54</X>
			<Y>20</Y>
		</point>
		<point>
			<X>56</X>
			<Y>18</Y>
		</point>
		<point>
			<X>56</X>
			<Y>18</Y>
		</point>
		<point>
			<X>59</X>
			<Y>18</Y>
		</point>
		<point>
			<X>59</X>
			<Y>18</Y>
		</point>
		<point>
			<X>60</X>
			<Y>17</Y>
		</point>
		<point>
			<X>60</X>
			<Y>17</Y>
		</point>
		<point>
			<X>61</X>
			<Y>16</Y>
		</point>
		<point>
			<X>61</X>
			<Y>16</Y>
		</point>
		<point>
			<X>63</X>
			<Y>16</Y>
		</point>
		<point>
			<X>63</X>
			<Y>16</Y>
		</point>
		<point>
			<X>66</X>
			<Y>16</Y>
		</point>
		<point>
			<X>66</X>
			<Y>16</Y>
		</point>
		<point>
			<X>67</X>
			<Y>16</Y>
		</point>
		<point>
			<X>67</X>
			<Y>16</Y>
		</point>
		<point>
			<X>69</X>
			<Y>16</Y>
		</point>
		<point>
			<X>71</X>
			<Y>16</Y>
		</point>
		<point>
			<X>71</X>
			<Y>16</Y>
		</point>
		<point>
			<X>73</X>
			<Y>16</Y>
		</point>
		<point>
			<X>73</X>
			<Y>16</Y>
		</point>
		<point>
			<X>76</X>
			<Y>16</Y>
		</point>
		<point>
			<X>76</X>
			<Y>16</Y>
		</point>
		<point>
			<X>78</X>
			<Y>16</Y>
		</point>
		<point>
			<X>78</X>
			<Y>16</Y>
		</point>
		<point>
			<X>83</X>
			<Y>16</Y>
		</point>
		<point>
			<X>83</X>
			<Y>16</Y>
		</point>
		<point>
			<X>90</X>
			<Y>16</Y>
		</point>
		<point>
			<X>90</X>
			<Y>16</Y>
		</point>
		<point>
			<X>97</X>
			<Y>18</Y>
		</point>
		<point>
			<X>97</X>
			<Y>18</Y>
		</point>
		<point>
			<X>107</X>
			<Y>22</Y>
		</point>
		<point>
			<X>107</X>
			<Y>22</Y>
		</point>
		<point>
			<X>116</X>
			<Y>23</Y>
		</point>
		<point>
			<X>116</X>
			<Y>23</Y>
		</point>
		<point>
			<X>127</X>
			<Y>25</Y>
		</point>
		<point>
			<X>127</X>
			<Y>25</Y>
		</point>
		<point>
			<X>138</X>
			<Y>27</Y>
		</point>
		<point>
			<X>138</X>
			<Y>27</Y>
		</point>
		<point>
			<X>149</X>
			<Y>28</Y>
		</point>
		<point>
			<X>149</X>
			<Y>28</Y>
		</point>
		<point>
			<X>159</X>
			<Y>28</Y>
		</point>
		<point>
			<X>169</X>
			<Y>29</Y>
		</point>
		<point>
			<X>169</X>
			<Y>29</Y>
		</point>
		<point>
			<X>175</X>
			<Y>29</Y>
		</point>
		<point>
			<X>181</X>
			<Y>30</Y>
		</point>
		<point>
			<X>181</X>
			<Y>30</Y>
		</point>
		<point>
			<X>185</X>
			<Y>31</Y>
		</point>
		<point>
			<X>185</X>
			<Y>31</Y>
		</point>
		<point>
			<X>187</X>
			<Y>31</Y>
		</point>
		<point>
			<X>190</X>
			<Y>31</Y>
		</point>
		<point>
			<X>191</X>
			<Y>31</Y>
		</point>
		<point>
			<X>191</X>
			<Y>33</Y>
		</point>
		<point>
			<X>191</X>
			<Y>33</Y>
		</point>
		<point>
			<X>196</X>
			<Y>35</Y>
		</point>
		<point>
			<X>196</X>
			<Y>35</Y>
		</point>
		<point>
			<X>199</X>
			<Y>38</Y>
		</point>
		<point>
			<X>199</X>
			<Y>38</Y>
		</point>
		<point>
			<X>204</X>
			<Y>41</Y>
		</point>
		<point>
			<X>204</X>
			<Y>41</Y>
		</point>
		<point>
			<X>210</X>
			<Y>46</Y>
		</point>
		<point>
			<X>210</X>
			<Y>46</Y>
		</point>
		<point>
			<X>216</X>
			<Y>50</Y>
		</point>
		<point>
			<X>216</X>
			<Y>50</Y>
		</point>
		<point>
			<X>222</X>
			<Y>53</Y>
		</point>
		<point>
			<X>222</X>
			<Y>53</Y>
		</point>
		<point>
			<X>228</X>
			<Y>58</Y>
		</point>
		<point>
			<X>228</X>
			<Y>58</Y>
		</point>
		<point>
			<X>234</X>
			<Y>62</Y>
		</point>
		<point>
			<X>234</X>
			<Y>62</Y>
		</point>
		<point>
			<X>240</X>
			<Y>66</Y>
		</point>
		<point>
			<X>240</X>
			<Y>66</Y>
		</point>
		<point>
			<X>246</X>
			<Y>71</Y>
		</point>
		<point>
			<X>246</X>
			<Y>71</Y>
		</point>
		<point>
			<X>251</X>
			<Y>75</Y>
		</point>
		<point>
			<X>251</X>
			<Y>75</Y>
		</point>
		<point>
			<X>256</X>
			<Y>78</Y>
		</point>
		<point>
			<X>256</X>
			<Y>78</Y>
		</point>
		<point>
			<X>260</X>
			<Y>83</Y>
		</point>
		<point>
			<X>260</X>
			<Y>83</Y>
		</point>
		<point>
			<X>264</X>
			<Y>86</Y>
		</point>
		<point>
			<X>264</X>
			<Y>86</Y>
		</point>
		<point>
			<X>268</X>
			<Y>88</Y>
		</point>
		<point>
			<X>268</X>
			<Y>88</Y>
		</point>
		<point>
			<X>270</X>
			<Y>92</Y>
		</point>
		<point>
			<X>270</X>
			<Y>92</Y>
		</point>
		<point>
			<X>273</X>
			<Y>95</Y>
		</point>
		<point>
			<X>273</X>
			<Y>95</Y>
		</point>
		<point>
			<X>275</X>
			<Y>98</Y>
		</point>
		<point>
			<X>275</X>
			<Y>98</Y>
		</point>
		<point>
			<X>277</X>
			<Y>102</Y>
		</point>
		<point>
			<X>277</X>
			<Y>102</Y>
		</point>
		<point>
			<X>280</X>
			<Y>106</Y>
		</point>
		<point>
			<X>280</X>
			<Y>106</Y>
		</point>
		<point>
			<X>281</X>
			<Y>108</Y>
		</point>
		<point>
			<X>281</X>
			<Y>108</Y>
		</point>
		<point>
			<X>283</X>
			<Y>113</Y>
		</point>
		<point>
			<X>283</X>
			<Y>113</Y>
		</point>
		<point>
			<X>286</X>
			<Y>116</Y>
		</point>
		<point>
			<X>286</X>
			<Y>116</Y>
		</point>
		<point>
			<X>286</X>
			<Y>118</Y>
		</point>
		<point>
			<X>286</X>
			<Y>118</Y>
		</point>
		<point>
			<X>288</X>
			<Y>120</Y>
		</point>
		<point>
			<X>288</X>
			<Y>120</Y>
		</point>
		<point>
			<X>290</X>
			<Y>123</Y>
		</point>
		<point>
			<X>290</X>
			<Y>123</Y>
		</point>
		<point>
			<X>291</X>
			<Y>124</Y>
		</point>
		<point>
			<X>291</X>
			<Y>124</Y>
		</point>
		<point>
			<X>291</X>
			<Y>126</Y>
		</point>
		<point>
			<X>291</X>
			<Y>126</Y>
		</point>
		<point>
			<X>292</X>
			<Y>127</Y>
		</point>
		<point>
			<X>292</X>
			<Y>127</Y>
		</point>
		<point>
			<X>294</X>
			<Y>129</Y>
		</point>
		<point>
			<X>294</X>
			<Y>129</Y>
		</point>
		<point>
			<X>294</X>
			<Y>130</Y>
		</point>
		<point>
			<X>294</X>
			<Y>130</Y>
		</point>
		<point>
			<X>296</X>
			<Y>134</Y>
		</point>
		<point>
			<X>296</X>
			<Y>134</Y>
		</point>
		<point>
			<X>297</X>
			<Y>137</Y>
		</point>
		<point>
			<X>297</X>
			<Y>137</Y>
		</point>
		<point>
			<X>297</X>
			<Y>140</Y>
		</point>
		<point>
			<X>297</X>
			<Y>140</Y>
		</point>
		<point>
			<X>299</X>
			<Y>143</Y>
		</point>
		<point>
			<X>299</X>
			<Y>143</Y>
		</point>
		<point>
			<X>301</X>
			<Y>145</Y>
		</point>
		<point>
			<X>301</X>
			<Y>145</Y>
		</point>
		<point>
			<X>302</X>
			<Y>147</Y>
		</point>
		<point>
			<X>302</X>
			<Y>147</Y>
		</point>
		<point>
			<X>303</X>
			<Y>150</Y>
		</point>
		<point>
			<X>303</X>
			<Y>150</Y>
		</point>
		<point>
			<X>304</X>
			<Y>152</Y>
		</point>
		<point>
			<X>304</X>
			<Y>152</Y>
		</point>
		<point>
			<X>305</X>
			<Y>155</Y>
		</point>
		<point>
			<X>305</X>
			<Y>155</Y>
		</point>
		<point>
			<X>307</X>
			<Y>159</Y>
		</point>
		<point>
			<X>307</X>
			<Y>159</Y>
		</point>
		<point>
			<X>308</X>
			<Y>160</Y>
		</point>
		<point>
			<X>308</X>
			<Y>160</Y>
		</point>
		<point>
			<X>309</X>
			<Y>161</Y>
		</point>
		<point>
			<X>309</X>
			<Y>161</Y>
		</point>
		<point>
			<X>310</X>
			<Y>162</Y>
		</point>
		<point>
			<X>310</X>
			<Y>162</Y>
		</point>
		<point>
			<X>310</X>
			<Y>164</Y>
		</point>
		<point>
			<X>310</X>
			<Y>164</Y>
		</point>
		<point>
			<X>312</X>
			<Y>165</Y>
		</point>
		<point>
			<X>312</X>
			<Y>165</Y>
		</point>
		<point>
			<X>312</X>
			<Y>166</Y>
		</point>
		<point>
			<X>312</X>
			<Y>166</Y>
		</point>
		<point>
			<X>313</X>
			<Y>166</Y>
		</point>
		<point>
			<X>313</X>
			<Y>167</Y>
		</point>
		<point>
			<X>314</X>
			<Y>167</Y>
		</point>
		<point>
			<X>314</X>
			<Y>167</Y>
		</point>
		<point>
			<X>315</X>
			<Y>169</Y>
		</point>
		<point>
			<X>315</X>
			<Y>169</Y>
		</point>
		<point>
			<X>317</X>
			<Y>170</Y>
		</point>
		<point>
			<X>317</X>
			<Y>170</Y>
		</point>
		<point>
			<X>317</X>
			<Y>171</Y>
		</point>
		<point>
			<X>317</X>
			<Y>171</Y>
		</point>
		<point>
			<X>320</X>
			<Y>172</Y>
		</point>
		<point>
			<X>320</X>
			<Y>172</Y>
		</point>
		<point>
			<X>320</X>
			<Y>172</Y>
		</point>
		<point>
			<X>320</X>
			<Y>172</Y>
		</point>
		<point>
			<X>322</X>
			<Y>174</Y>
		</point>
		<point>
			<X>322</X>
			<Y>174</Y>
		</point>
		<point>
			<X>323</X>
			<Y>175</Y>
		</point>
		<point>
			<X>323</X>
			<Y>175</Y>
		</point>
		<point>
			<X>325</X>
			<Y>177</Y>
		</point>
		<point>
			<X>325</X>
			<Y>177</Y>
		</point>
		<point>
			<X>328</X>
			<Y>179</Y>
		</point>
		<point>
			<X>328</X>
			<Y>179</Y>
		</point>
		<point>
			<X>330</X>
			<Y>181</Y>
		</point>
		<point>
			<X>330</X>
			<Y>181</Y>
		</point>
		<point>
			<X>333</X>
			<Y>185</Y>
		</point>
		<point>
			<X>333</X>
			<Y>185</Y>
		</point>
		<point>
			<X>334</X>
			<Y>187</Y>
		</point>
		<point>
			<X>334</X>
			<Y>187</Y>
		</point>
		<point>
			<X>335</X>
			<Y>191</Y>
		</point>
		<point>
			<X>335</X>
			<Y>191</Y>
		</point>
		<point>
			<X>340</X>
			<Y>195</Y>
		</point>
		<point>
			<X>340</X>
			<Y>195</Y>
		</point>
		<point>
			<X>340</X>
			<Y>197</Y>
		</point>
		<point>
			<X>340</X>
			<Y>197</Y>
		</point>
		<point>
			<X>344</X>
			<Y>201</Y>
		</point>
		<point>
			<X>344</X>
			<Y>201</Y>
		</point>
		<point>
			<X>344</X>
			<Y>202</Y>
		</point>
		<point>
			<X>344</X>
			<Y>202</Y>
		</point>
		<point>
			<X>347</X>
			<Y>205</Y>
		</point>
		<point>
			<X>347</X>
			<Y>205</Y>
		</point>
		<point>
			<X>347</X>
			<Y>206</Y>
		</point>
		<point>
			<X>347</X>
			<Y>206</Y>
		</point>
		<point>
			<X>348</X>
			<Y>210</Y>
		</point>
		<point>
			<X>348</X>
			<Y>210</Y>
		</point>
		<point>
			<X>349</X>
			<Y>212</Y>
		</point>
		<point>
			<X>349</X>
			<Y>212</Y>
		</point>
		<point>
			<X>350</X>
			<Y>215</Y>
		</point>
		<point>
			<X>350</X>
			<Y>215</Y>
		</point>
		<point>
			<X>350</X>
			<Y>217</Y>
		</point>
		<point>
			<X>350</X>
			<Y>217</Y>
		</point>
		<point>
			<X>350</X>
			<Y>221</Y>
		</point>
		<point>
			<X>350</X>
			<Y>221</Y>
		</point>
		<point>
			<X>352</X>
			<Y>224</Y>
		</point>
		<point>
			<X>352</X>
			<Y>224</Y>
		</point>
		<point>
			<X>353</X>
			<Y>230</Y>
		</point>
		<point>
			<X>353</X>
			<Y>230</Y>
		</point>
		<point>
			<X>354</X>
			<Y>236</Y>
		</point>
		<point>
			<X>354</X>
			<Y>236</Y>
		</point>
		<point>
			<X>354</X>
			<Y>240</Y>
		</point>
		<point>
			<X>354</X>
			<Y>240</Y>
		</point>
		<point>
			<X>354</X>
			<Y>245</Y>
		</point>
		<point>
			<X>354</X>
			<Y>245</Y>
		</point>
		<point>
			<X>354</X>
			<Y>250</Y>
		</point>
		<point>
			<X>354</X>
			<Y>250</Y>
		</point>
		<point>
			<X>354</X>
			<Y>255</Y>
		</point>
		<point>
			<X>354</X>
			<Y>255</Y>
		</point>
		<point>
			<X>354</X>
			<Y>260</Y>
		</point>
		<point>
			<X>354</X>
			<Y>260</Y>
		</point>
		<point>
			<X>354</X>
			<Y>264</Y>
		</point>
		<point>
			<X>354</X>
			<Y>264</Y>
		</point>
		<point>
			<X>354</X>
			<Y>271</Y>
		</point>
		<point>
			<X>354</X>
			<Y>271</Y>
		</point>
		<point>
			<X>354</X>
			<Y>276</Y>
		</point>
		<point>
			<X>354</X>
			<Y>276</Y>
		</point>
		<point>
			<X>354</X>
			<Y>282</Y>
		</point>
		<point>
			<X>354</X>
			<Y>282</Y>
		</point>
		<point>
			<X>354</X>
			<Y>288</Y>
		</point>
		<point>
			<X>354</X>
			<Y>288</Y>
		</point>
		<point>
			<X>354</X>
			<Y>293</Y>
		</point>
		<point>
			<X>354</X>
			<Y>293</Y>
		</point>
		<point>
			<X>354</X>
			<Y>297</Y>
		</point>
		<point>
			<X>354</X>
			<Y>297</Y>
		</point>
		<point>
			<X>354</X>
			<Y>300</Y>
		</point>
		<point>
			<X>354</X>
			<Y>300</Y>
		</point>
		<point>
			<X>354</X>
			<Y>302</Y>
		</point>
		<point>
			<X>354</X>
			<Y>302</Y>
		</point>
		<point>
			<X>354</X>
			<Y>303</Y>
		</point>
		<point>
			<X>354</X>
			<Y>303</Y>
		</point>
		<point>
			<X>354</X>
			<Y>305</Y>
		</point>
		<point>
			<X>354</X>
			<Y>305</Y>
		</point>
		<point>
			<X>354</X>
			<Y>308</Y>
		</point>
		<point>
			<X>354</X>
			<Y>308</Y>
		</point>
		<point>
			<X>354</X>
			<Y>310</Y>
		</point>
		<point>
			<X>354</X>
			<Y>310</Y>
		</point>
		<point>
			<X>354</X>
			<Y>315</Y>
		</point>
		<point>
			<X>354</X>
			<Y>315</Y>
		</point>
		<point>
			<X>353</X>
			<Y>320</Y>
		</point>
		<point>
			<X>353</X>
			<Y>320</Y>
		</point>
		<point>
			<X>350</X>
			<Y>324</Y>
		</point>
		<point>
			<X>350</X>
			<Y>324</Y>
		</point>
		<point>
			<X>350</X>
			<Y>330</Y>
		</point>
		<point>
			<X>350</X>
			<Y>330</Y>
		</point>
		<point>
			<X>349</X>
			<Y>334</Y>
		</point>
		<point>
			<X>349</X>
			<Y>334</Y>
		</point>
		<point>
			<X>349</X>
			<Y>339</Y>
		</point>
		<point>
			<X>349</X>
			<Y>339</Y>
		</point>
		<point>
			<X>347</X>
			<Y>343</Y>
		</point>
		<point>
			<X>347</X>
			<Y>343</Y>
		</point>
		<point>
			<X>345</X>
			<Y>347</Y>
		</point>
		<point>
			<X>345</X>
			<Y>347</Y>
		</point>
		<point>
			<X>344</X>
			<Y>352</Y>
		</point>
		<point>
			<X>344</X>
			<Y>352</Y>
		</point>
		<point>
			<X>343</X>
			<Y>355</Y>
		</point>
		<point>
			<X>343</X>
			<Y>355</Y>
		</point>
		<point>
			<X>342</X>
			<Y>358</Y>
		</point>
		<point>
			<X>342</X>
			<Y>358</Y>
		</point>
		<point>
			<X>338</X>
			<Y>363</Y>
		</point>
		<point>
			<X>338</X>
			<Y>363</Y>
		</point>
		<point>
			<X>335</X>
			<Y>365</Y>
		</point>
		<point>
			<X>335</X>
			<Y>365</Y>
		</point>
		<point>
			<X>333</X>
			<Y>370</Y>
		</point>
		<point>
			<X>333</X>
			<Y>370</Y>
		</point>
		<point>
			<X>330</X>
			<Y>375</Y>
		</point>
		<point>
			<X>330</X>
			<Y>375</Y>
		</point>
		<point>
			<X>327</X>
			<Y>380</Y>
		</point>
		<point>
			<X>327</X>
			<Y>380</Y>
		</point>
		<point>
			<X>324</X>
			<Y>385</Y>
		</point>
		<point>
			<X>324</X>
			<Y>385</Y>
		</point>
		<point>
			<X>320</X>
			<Y>390</Y>
		</point>
		<point>
			<X>320</X>
			<Y>390</Y>
		</point>
		<point>
			<X>315</X>
			<Y>395</Y>
		</point>
		<point>
			<X>315</X>
			<Y>395</Y>
		</point>
		<point>
			<X>313</X>
			<Y>398</Y>
		</point>
		<point>
			<X>313</X>
			<Y>398</Y>
		</point>
		<point>
			<X>308</X>
			<Y>402</Y>
		</point>
		<point>
			<X>308</X>
			<Y>402</Y>
		</point>
		<point>
			<X>304</X>
			<Y>405</Y>
		</point>
		<point>
			<X>304</X>
			<Y>405</Y>
		</point>
		<point>
			<X>300</X>
			<Y>408</Y>
		</point>
		<point>
			<X>300</X>
			<Y>408</Y>
		</point>
		<point>
			<X>295</X>
			<Y>408</Y>
		</point>
		<point>
			<X>295</X>
			<Y>408</Y>
		</point>
		<point>
			<X>292</X>
			<Y>410</Y>
		</point>
		<point>
			<X>292</X>
			<Y>410</Y>
		</point>
		<point>
			<X>287</X>
			<Y>413</Y>
		</point>
		<point>
			<X>287</X>
			<Y>413</Y>
		</point>
		<point>
			<X>280</X>
			<Y>415</Y>
		</point>
		<point>
			<X>280</X>
			<Y>415</Y>
		</point>
		<point>
			<X>275</X>
			<Y>417</Y>
		</point>
		<point>
			<X>275</X>
			<Y>417</Y>
		</point>
		<point>
			<X>269</X>
			<Y>420</Y>
		</point>
		<point>
			<X>269</X>
			<Y>420</Y>
		</point>
		<point>
			<X>262</X>
			<Y>422</Y>
		</point>
		<point>
			<X>262</X>
			<Y>422</Y>
		</point>
		<point>
			<X>253</X>
			<Y>424</Y>
		</point>
		<point>
			<X>253</X>
			<Y>424</Y>
		</point>
		<point>
			<X>246</X>
			<Y>427</Y>
		</point>
		<point>
			<X>246</X>
			<Y>427</Y>
		</point>
		<point>
			<X>239</X>
			<Y>430</Y>
		</point>
		<point>
			<X>239</X>
			<Y>430</Y>
		</point>
		<point>
			<X>232</X>
			<Y>432</Y>
		</point>
		<point>
			<X>232</X>
			<Y>432</Y>
		</point>
		<point>
			<X>226</X>
			<Y>434</Y>
		</point>
		<point>
			<X>226</X>
			<Y>434</Y>
		</point>
		<point>
			<X>222</X>
			<Y>437</Y>
		</point>
		<point>
			<X>222</X>
			<Y>437</Y>
		</point>
		<point>
			<X>217</X>
			<Y>438</Y>
		</point>
		<point>
			<X>217</X>
			<Y>438</Y>
		</point>
		<point>
			<X>212</X>
			<Y>439</Y>
		</point>
		<point>
			<X>212</X>
			<Y>439</Y>
		</point>
		<point>
			<X>209</X>
			<Y>440</Y>
		</point>
		<point>
			<X>209</X>
			<Y>440</Y>
		</point>
		<point>
			<X>202</X>
			<Y>442</Y>
		</point>
		<point>
			<X>202</X>
			<Y>442</Y>
		</point>
		<point>
			<X>196</X>
			<Y>444</Y>
		</point>
		<point>
			<X>196</X>
			<Y>444</Y>
		</point>
		<point>
			<X>187</X>
			<Y>445</Y>
		</point>
		<point>
			<X>187</X>
			<Y>445</Y>
		</point>
		<point>
			<X>182</X>
			<Y>448</Y>
		</point>
		<point>
			<X>182</X>
			<Y>448</Y>
		</point>
		<point>
			<X>175</X>
			<Y>449</Y>
		</point>
		<point>
			<X>175</X>
			<Y>449</Y>
		</point>
		<point>
			<X>169</X>
			<Y>450</Y>
		</point>
		<point>
			<X>169</X>
			<Y>450</Y>
		</point>
		<point>
			<X>162</X>
			<Y>451</Y>
		</point>
		<point>
			<X>162</X>
			<Y>451</Y>
		</point>
		<point>
			<X>155</X>
			<Y>452</Y>
		</point>
		<point>
			<X>155</X>
			<Y>452</Y>
		</point>
		<point>
			<X>151</X>
			<Y>453</Y>
		</point>
		<point>
			<X>151</X>
			<Y>453</Y>
		</point>
		<point>
			<X>144</X>
			<Y>454</Y>
		</point>
		<point>
			<X>144</X>
			<Y>454</Y>
		</point>
		<point>
			<X>137</X>
			<Y>455</Y>
		</point>
		<point>
			<X>137</X>
			<Y>455</Y>
		</point>
		<point>
			<X>131</X>
			<Y>456</Y>
		</point>
		<point>
			<X>131</X>
			<Y>456</Y>
		</point>
		<point>
			<X>123</X>
			<Y>458</Y>
		</point>
		<point>
			<X>123</X>
			<Y>458</Y>
		</point>
		<point>
			<X>115</X>
			<Y>460</Y>
		</point>
		<point>
			<X>115</X>
			<Y>460</Y>
		</point>
		<point>
			<X>108</X>
			<Y>462</Y>
		</point>
		<point>
			<X>108</X>
			<Y>462</Y>
		</point>
		<point>
			<X>100</X>
			<Y>465</Y>
		</point>
		<point>
			<X>100</X>
			<Y>465</Y>
		</point>
		<point>
			<X>95</X>
			<Y>466</Y>
		</point>
		<point>
			<X>95</X>
			<Y>466</Y>
		</point>
		<point>
			<X>88</X>
			<Y>468</Y>
		</point>
		<point>
			<X>88</X>
			<Y>468</Y>
		</point>
		<point>
			<X>83</X>
			<Y>470</Y>
		</point>
		<point>
			<X>83</X>
			<Y>470</Y>
		</point>
		<point>
			<X>81</X>
			<Y>470</Y>
		</point>
		<point>
			<X>81</X>
			<Y>470</Y>
		</point>
		<point>
			<X>76</X>
			<Y>472</Y>
		</point>
		<point>
			<X>76</X>
			<Y>472</Y>
		</point>
		<point>
			<X>70</X>
			<Y>473</Y>
		</point>
		<point>
			<X>70</X>
			<Y>473</Y>
		</point>
		<point>
			<X>64</X>
			<Y>476</Y>
		</point>
		<point>
			<X>64</X>
			<Y>476</Y>
		</point>
		<point>
			<X>57</X>
			<Y>478</Y>
		</point>
		<point>
			<X>57</X>
			<Y>478</Y>
		</point>
		<point>
			<X>49</X>
			<Y>481</Y>
		</point>
		<point>
			<X>49</X>
			<Y>481</Y>
		</point>
		<point>
			<X>41</X>
			<Y>483</Y>
		</point>
		<point>
			<X>41</X>
			<Y>483</Y>
		</point>
		<point>
			<X>32</X>
			<Y>488</Y>
		</point>
		<point>
			<X>32</X>
			<Y>488</Y>
		</point>
		<point>
			<X>27</X>
			<Y>489</Y>
		</point>
		<point>
			<X>27</X>
			<Y>489</Y>
		</point>
		<point>
			<X>20</X>
			<Y>492</Y>
		</point>
		<point>
			<X>20</X>
			<Y>492</Y>
		</point>
		<point>
			<X>19</X>
			<Y>492</Y>
		</point>
		<point>
			<X>19</X>
			<Y>492</Y>
		</point>
		<point>
			<X>17</X>
			<Y>492</Y>
		</point>
		<point>
			<X>17</X>
			<Y>492</Y>
		</point>
		<point>
			<X>18</X>
			<Y>492</Y>
		</point>
		<point>
			<X>19</X>
			<Y>492</Y>
		</point>
		<point>
			<X>20</X>
			<Y>491</Y>
		</point>
		<point>
			<X>20</X>
			<Y>490</Y>
		</point>
		<point>
			<X>20</X>
			<Y>490</Y>
		</point>
		<point>
			<X>20</X>
			<Y>490</Y>
		</point>
	</polygon>
</annotation>