<annotation>
	<folder>anno</folder>
	<filename>2008_003263.jpg</filename>
	<source>
		<database>The anno Database</database>
		<annotation>VC anno</annotation>
		<image>Unknow</image>
		<flickrid>Unknow</flickrid>
	</source>
	<owner>
		<flickrid>Unknow</flickrid>
		<name>Unknow</name>
	</owner>
	<size>
		<width>500</width>
		<height>375</height>
		<depth>3</depth>
	</size>
	<segmented>1</segmented>
	<polygon>
		<tag>background</tag>
		<point>
			<X>107</X>
			<Y>49</Y>
		</point>
		<point>
			<X>109</X>
			<Y>48</Y>
		</point>
		<point>
			<X>109</X>
			<Y>48</Y>
		</point>
		<point>
			<X>111</X>
			<Y>48</Y>
		</point>
		<point>
			<X>111</X>
			<Y>48</Y>
		</point>
		<point>
			<X>117</X>
			<Y>46</Y>
		</point>
		<point>
			<X>117</X>
			<Y>46</Y>
		</point>
		<point>
			<X>125</X>
			<Y>46</Y>
		</point>
		<point>
			<X>125</X>
			<Y>46</Y>
		</point>
		<point>
			<X>137</X>
			<Y>46</Y>
		</point>
		<point>
			<X>137</X>
			<Y>46</Y>
		</point>
		<point>
			<X>149</X>
			<Y>46</Y>
		</point>
		<point>
			<X>149</X>
			<Y>46</Y>
		</point>
		<point>
			<X>161</X>
			<Y>46</Y>
		</point>
		<point>
			<X>175</X>
			<Y>46</Y>
		</point>
		<point>
			<X>189</X>
			<Y>46</Y>
		</point>
		<point>
			<X>200</X>
			<Y>48</Y>
		</point>
		<point>
			<X>200</X>
			<Y>48</Y>
		</point>
		<point>
			<X>212</X>
			<Y>48</Y>
		</point>
		<point>
			<X>222</X>
			<Y>48</Y>
		</point>
		<point>
			<X>232</X>
			<Y>48</Y>
		</point>
		<point>
			<X>240</X>
			<Y>48</Y>
		</point>
		<point>
			<X>249</X>
			<Y>48</Y>
		</point>
		<point>
			<X>259</X>
			<Y>48</Y>
		</point>
		<point>
			<X>269</X>
			<Y>48</Y>
		</point>
		<point>
			<X>281</X>
			<Y>48</Y>
		</point>
		<point>
			<X>292</X>
			<Y>48</Y>
		</point>
		<point>
			<X>304</X>
			<Y>48</Y>
		</point>
		<point>
			<X>316</X>
			<Y>48</Y>
		</point>
		<point>
			<X>327</X>
			<Y>48</Y>
		</point>
		<point>
			<X>338</X>
			<Y>48</Y>
		</point>
		<point>
			<X>348</X>
			<Y>48</Y>
		</point>
		<point>
			<X>361</X>
			<Y>48</Y>
		</point>
		<point>
			<X>371</X>
			<Y>49</Y>
		</point>
		<point>
			<X>371</X>
			<Y>49</Y>
		</point>
		<point>
			<X>380</X>
			<Y>50</Y>
		</point>
		<point>
			<X>380</X>
			<Y>50</Y>
		</point>
		<point>
			<X>386</X>
			<Y>51</Y>
		</point>
		<point>
			<X>386</X>
			<Y>51</Y>
		</point>
		<point>
			<X>394</X>
			<Y>51</Y>
		</point>
		<point>
			<X>400</X>
			<Y>51</Y>
		</point>
		<point>
			<X>406</X>
			<Y>53</Y>
		</point>
		<point>
			<X>406</X>
			<Y>53</Y>
		</point>
		<point>
			<X>411</X>
			<Y>54</Y>
		</point>
		<point>
			<X>411</X>
			<Y>54</Y>
		</point>
		<point>
			<X>416</X>
			<Y>55</Y>
		</point>
		<point>
			<X>416</X>
			<Y>55</Y>
		</point>
		<point>
			<X>420</X>
			<Y>56</Y>
		</point>
		<point>
			<X>420</X>
			<Y>56</Y>
		</point>
		<point>
			<X>426</X>
			<Y>58</Y>
		</point>
		<point>
			<X>426</X>
			<Y>58</Y>
		</point>
		<point>
			<X>431</X>
			<Y>58</Y>
		</point>
		<point>
			<X>436</X>
			<Y>59</Y>
		</point>
		<point>
			<X>436</X>
			<Y>59</Y>
		</point>
		<point>
			<X>442</X>
			<Y>60</Y>
		</point>
		<point>
			<X>442</X>
			<Y>60</Y>
		</point>
		<point>
			<X>446</X>
			<Y>61</Y>
		</point>
		<point>
			<X>446</X>
			<Y>61</Y>
		</point>
		<point>
			<X>450</X>
			<Y>63</Y>
		</point>
		<point>
			<X>450</X>
			<Y>63</Y>
		</point>
		<point>
			<X>454</X>
			<Y>63</Y>
		</point>
		<point>
			<X>456</X>
			<Y>64</Y>
		</point>
		<point>
			<X>456</X>
			<Y>64</Y>
		</point>
		<point>
			<X>457</X>
			<Y>64</Y>
		</point>
		<point>
			<X>459</X>
			<Y>65</Y>
		</point>
		<point>
			<X>459</X>
			<Y>65</Y>
		</point>
		<point>
			<X>460</X>
			<Y>65</Y>
		</point>
		<point>
			<X>460</X>
			<Y>65</Y>
		</point>
		<point>
			<X>461</X>
			<Y>65</Y>
		</point>
		<point>
			<X>461</X>
			<Y>66</Y>
		</point>
		<point>
			<X>461</X>
			<Y>66</Y>
		</point>
		<point>
			<X>462</X>
			<Y>66</Y>
		</point>
		<point>
			<X>462</X>
			<Y>68</Y>
		</point>
		<point>
			<X>464</X>
			<Y>69</Y>
		</point>
		<point>
			<X>464</X>
			<Y>69</Y>
		</point>
		<point>
			<X>465</X>
			<Y>70</Y>
		</point>
		<point>
			<X>465</X>
			<Y>70</Y>
		</point>
		<point>
			<X>465</X>
			<Y>71</Y>
		</point>
		<point>
			<X>465</X>
			<Y>71</Y>
		</point>
		<point>
			<X>466</X>
			<Y>73</Y>
		</point>
		<point>
			<X>466</X>
			<Y>73</Y>
		</point>
		<point>
			<X>466</X>
			<Y>74</Y>
		</point>
		<point>
			<X>466</X>
			<Y>74</Y>
		</point>
		<point>
			<X>467</X>
			<Y>75</Y>
		</point>
		<point>
			<X>467</X>
			<Y>75</Y>
		</point>
		<point>
			<X>469</X>
			<Y>78</Y>
		</point>
		<point>
			<X>469</X>
			<Y>78</Y>
		</point>
		<point>
			<X>470</X>
			<Y>80</Y>
		</point>
		<point>
			<X>470</X>
			<Y>80</Y>
		</point>
		<point>
			<X>470</X>
			<Y>84</Y>
		</point>
		<point>
			<X>470</X>
			<Y>84</Y>
		</point>
		<point>
			<X>470</X>
			<Y>89</Y>
		</point>
		<point>
			<X>470</X>
			<Y>89</Y>
		</point>
		<point>
			<X>470</X>
			<Y>94</Y>
		</point>
		<point>
			<X>470</X>
			<Y>94</Y>
		</point>
		<point>
			<X>471</X>
			<Y>99</Y>
		</point>
		<point>
			<X>471</X>
			<Y>99</Y>
		</point>
		<point>
			<X>471</X>
			<Y>106</Y>
		</point>
		<point>
			<X>471</X>
			<Y>106</Y>
		</point>
		<point>
			<X>471</X>
			<Y>113</Y>
		</point>
		<point>
			<X>471</X>
			<Y>113</Y>
		</point>
		<point>
			<X>472</X>
			<Y>119</Y>
		</point>
		<point>
			<X>472</X>
			<Y>119</Y>
		</point>
		<point>
			<X>474</X>
			<Y>125</Y>
		</point>
		<point>
			<X>474</X>
			<Y>125</Y>
		</point>
		<point>
			<X>474</X>
			<Y>133</Y>
		</point>
		<point>
			<X>474</X>
			<Y>133</Y>
		</point>
		<point>
			<X>474</X>
			<Y>140</Y>
		</point>
		<point>
			<X>474</X>
			<Y>140</Y>
		</point>
		<point>
			<X>474</X>
			<Y>149</Y>
		</point>
		<point>
			<X>474</X>
			<Y>149</Y>
		</point>
		<point>
			<X>474</X>
			<Y>159</Y>
		</point>
		<point>
			<X>474</X>
			<Y>159</Y>
		</point>
		<point>
			<X>474</X>
			<Y>169</Y>
		</point>
		<point>
			<X>474</X>
			<Y>169</Y>
		</point>
		<point>
			<X>474</X>
			<Y>181</Y>
		</point>
		<point>
			<X>474</X>
			<Y>181</Y>
		</point>
		<point>
			<X>472</X>
			<Y>194</Y>
		</point>
		<point>
			<X>472</X>
			<Y>194</Y>
		</point>
		<point>
			<X>471</X>
			<Y>206</Y>
		</point>
		<point>
			<X>471</X>
			<Y>206</Y>
		</point>
		<point>
			<X>470</X>
			<Y>218</Y>
		</point>
		<point>
			<X>470</X>
			<Y>218</Y>
		</point>
		<point>
			<X>469</X>
			<Y>228</Y>
		</point>
		<point>
			<X>469</X>
			<Y>228</Y>
		</point>
		<point>
			<X>467</X>
			<Y>236</Y>
		</point>
		<point>
			<X>467</X>
			<Y>236</Y>
		</point>
		<point>
			<X>466</X>
			<Y>244</Y>
		</point>
		<point>
			<X>466</X>
			<Y>244</Y>
		</point>
		<point>
			<X>465</X>
			<Y>249</Y>
		</point>
		<point>
			<X>465</X>
			<Y>249</Y>
		</point>
		<point>
			<X>464</X>
			<Y>255</Y>
		</point>
		<point>
			<X>464</X>
			<Y>255</Y>
		</point>
		<point>
			<X>464</X>
			<Y>260</Y>
		</point>
		<point>
			<X>464</X>
			<Y>260</Y>
		</point>
		<point>
			<X>462</X>
			<Y>265</Y>
		</point>
		<point>
			<X>462</X>
			<Y>265</Y>
		</point>
		<point>
			<X>461</X>
			<Y>270</Y>
		</point>
		<point>
			<X>461</X>
			<Y>270</Y>
		</point>
		<point>
			<X>461</X>
			<Y>276</Y>
		</point>
		<point>
			<X>461</X>
			<Y>276</Y>
		</point>
		<point>
			<X>460</X>
			<Y>283</Y>
		</point>
		<point>
			<X>460</X>
			<Y>283</Y>
		</point>
		<point>
			<X>459</X>
			<Y>289</Y>
		</point>
		<point>
			<X>459</X>
			<Y>289</Y>
		</point>
		<point>
			<X>459</X>
			<Y>293</Y>
		</point>
		<point>
			<X>459</X>
			<Y>293</Y>
		</point>
		<point>
			<X>459</X>
			<Y>296</Y>
		</point>
		<point>
			<X>459</X>
			<Y>296</Y>
		</point>
		<point>
			<X>457</X>
			<Y>300</Y>
		</point>
		<point>
			<X>457</X>
			<Y>300</Y>
		</point>
		<point>
			<X>457</X>
			<Y>304</Y>
		</point>
		<point>
			<X>457</X>
			<Y>304</Y>
		</point>
		<point>
			<X>457</X>
			<Y>306</Y>
		</point>
		<point>
			<X>457</X>
			<Y>306</Y>
		</point>
		<point>
			<X>456</X>
			<Y>310</Y>
		</point>
		<point>
			<X>456</X>
			<Y>310</Y>
		</point>
		<point>
			<X>456</X>
			<Y>314</Y>
		</point>
		<point>
			<X>456</X>
			<Y>314</Y>
		</point>
		<point>
			<X>455</X>
			<Y>318</Y>
		</point>
		<point>
			<X>455</X>
			<Y>318</Y>
		</point>
		<point>
			<X>455</X>
			<Y>321</Y>
		</point>
		<point>
			<X>455</X>
			<Y>321</Y>
		</point>
		<point>
			<X>454</X>
			<Y>325</Y>
		</point>
		<point>
			<X>454</X>
			<Y>325</Y>
		</point>
		<point>
			<X>452</X>
			<Y>328</Y>
		</point>
		<point>
			<X>452</X>
			<Y>328</Y>
		</point>
		<point>
			<X>451</X>
			<Y>331</Y>
		</point>
		<point>
			<X>451</X>
			<Y>331</Y>
		</point>
		<point>
			<X>451</X>
			<Y>333</Y>
		</point>
		<point>
			<X>451</X>
			<Y>333</Y>
		</point>
		<point>
			<X>450</X>
			<Y>333</Y>
		</point>
		<point>
			<X>447</X>
			<Y>333</Y>
		</point>
		<point>
			<X>447</X>
			<Y>333</Y>
		</point>
		<point>
			<X>442</X>
			<Y>333</Y>
		</point>
		<point>
			<X>442</X>
			<Y>333</Y>
		</point>
		<point>
			<X>436</X>
			<Y>333</Y>
		</point>
		<point>
			<X>436</X>
			<Y>333</Y>
		</point>
		<point>
			<X>427</X>
			<Y>333</Y>
		</point>
		<point>
			<X>427</X>
			<Y>333</Y>
		</point>
		<point>
			<X>416</X>
			<Y>333</Y>
		</point>
		<point>
			<X>416</X>
			<Y>333</Y>
		</point>
		<point>
			<X>402</X>
			<Y>333</Y>
		</point>
		<point>
			<X>402</X>
			<Y>333</Y>
		</point>
		<point>
			<X>389</X>
			<Y>333</Y>
		</point>
		<point>
			<X>389</X>
			<Y>333</Y>
		</point>
		<point>
			<X>375</X>
			<Y>333</Y>
		</point>
		<point>
			<X>375</X>
			<Y>333</Y>
		</point>
		<point>
			<X>361</X>
			<Y>335</Y>
		</point>
		<point>
			<X>361</X>
			<Y>335</Y>
		</point>
		<point>
			<X>347</X>
			<Y>335</Y>
		</point>
		<point>
			<X>347</X>
			<Y>335</Y>
		</point>
		<point>
			<X>336</X>
			<Y>336</Y>
		</point>
		<point>
			<X>336</X>
			<Y>336</Y>
		</point>
		<point>
			<X>326</X>
			<Y>336</Y>
		</point>
		<point>
			<X>326</X>
			<Y>336</Y>
		</point>
		<point>
			<X>316</X>
			<Y>336</Y>
		</point>
		<point>
			<X>316</X>
			<Y>336</Y>
		</point>
		<point>
			<X>307</X>
			<Y>336</Y>
		</point>
		<point>
			<X>307</X>
			<Y>336</Y>
		</point>
		<point>
			<X>302</X>
			<Y>336</Y>
		</point>
		<point>
			<X>302</X>
			<Y>336</Y>
		</point>
		<point>
			<X>295</X>
			<Y>336</Y>
		</point>
		<point>
			<X>295</X>
			<Y>336</Y>
		</point>
		<point>
			<X>289</X>
			<Y>336</Y>
		</point>
		<point>
			<X>289</X>
			<Y>336</Y>
		</point>
		<point>
			<X>281</X>
			<Y>338</Y>
		</point>
		<point>
			<X>281</X>
			<Y>338</Y>
		</point>
		<point>
			<X>275</X>
			<Y>338</Y>
		</point>
		<point>
			<X>275</X>
			<Y>338</Y>
		</point>
		<point>
			<X>267</X>
			<Y>340</Y>
		</point>
		<point>
			<X>267</X>
			<Y>340</Y>
		</point>
		<point>
			<X>259</X>
			<Y>341</Y>
		</point>
		<point>
			<X>259</X>
			<Y>341</Y>
		</point>
		<point>
			<X>250</X>
			<Y>343</Y>
		</point>
		<point>
			<X>250</X>
			<Y>343</Y>
		</point>
		<point>
			<X>240</X>
			<Y>343</Y>
		</point>
		<point>
			<X>240</X>
			<Y>343</Y>
		</point>
		<point>
			<X>231</X>
			<Y>343</Y>
		</point>
		<point>
			<X>231</X>
			<Y>343</Y>
		</point>
		<point>
			<X>221</X>
			<Y>343</Y>
		</point>
		<point>
			<X>221</X>
			<Y>343</Y>
		</point>
		<point>
			<X>211</X>
			<Y>343</Y>
		</point>
		<point>
			<X>211</X>
			<Y>343</Y>
		</point>
		<point>
			<X>201</X>
			<Y>343</Y>
		</point>
		<point>
			<X>201</X>
			<Y>343</Y>
		</point>
		<point>
			<X>194</X>
			<Y>343</Y>
		</point>
		<point>
			<X>194</X>
			<Y>343</Y>
		</point>
		<point>
			<X>185</X>
			<Y>343</Y>
		</point>
		<point>
			<X>185</X>
			<Y>343</Y>
		</point>
		<point>
			<X>176</X>
			<Y>343</Y>
		</point>
		<point>
			<X>176</X>
			<Y>343</Y>
		</point>
		<point>
			<X>169</X>
			<Y>343</Y>
		</point>
		<point>
			<X>169</X>
			<Y>343</Y>
		</point>
		<point>
			<X>161</X>
			<Y>343</Y>
		</point>
		<point>
			<X>161</X>
			<Y>343</Y>
		</point>
		<point>
			<X>157</X>
			<Y>343</Y>
		</point>
		<point>
			<X>157</X>
			<Y>343</Y>
		</point>
		<point>
			<X>155</X>
			<Y>343</Y>
		</point>
		<point>
			<X>155</X>
			<Y>343</Y>
		</point>
		<point>
			<X>151</X>
			<Y>343</Y>
		</point>
		<point>
			<X>151</X>
			<Y>343</Y>
		</point>
		<point>
			<X>147</X>
			<Y>343</Y>
		</point>
		<point>
			<X>147</X>
			<Y>343</Y>
		</point>
		<point>
			<X>144</X>
			<Y>343</Y>
		</point>
		<point>
			<X>144</X>
			<Y>343</Y>
		</point>
		<point>
			<X>140</X>
			<Y>343</Y>
		</point>
		<point>
			<X>140</X>
			<Y>343</Y>
		</point>
		<point>
			<X>135</X>
			<Y>343</Y>
		</point>
		<point>
			<X>135</X>
			<Y>343</Y>
		</point>
		<point>
			<X>127</X>
			<Y>343</Y>
		</point>
		<point>
			<X>127</X>
			<Y>343</Y>
		</point>
		<point>
			<X>121</X>
			<Y>343</Y>
		</point>
		<point>
			<X>121</X>
			<Y>343</Y>
		</point>
		<point>
			<X>111</X>
			<Y>341</Y>
		</point>
		<point>
			<X>111</X>
			<Y>341</Y>
		</point>
		<point>
			<X>102</X>
			<Y>341</Y>
		</point>
		<point>
			<X>102</X>
			<Y>341</Y>
		</point>
		<point>
			<X>94</X>
			<Y>341</Y>
		</point>
		<point>
			<X>94</X>
			<Y>341</Y>
		</point>
		<point>
			<X>84</X>
			<Y>341</Y>
		</point>
		<point>
			<X>84</X>
			<Y>341</Y>
		</point>
		<point>
			<X>77</X>
			<Y>341</Y>
		</point>
		<point>
			<X>77</X>
			<Y>341</Y>
		</point>
		<point>
			<X>70</X>
			<Y>340</Y>
		</point>
		<point>
			<X>70</X>
			<Y>340</Y>
		</point>
		<point>
			<X>65</X>
			<Y>340</Y>
		</point>
		<point>
			<X>65</X>
			<Y>340</Y>
		</point>
		<point>
			<X>60</X>
			<Y>338</Y>
		</point>
		<point>
			<X>60</X>
			<Y>338</Y>
		</point>
		<point>
			<X>56</X>
			<Y>338</Y>
		</point>
		<point>
			<X>56</X>
			<Y>338</Y>
		</point>
		<point>
			<X>55</X>
			<Y>338</Y>
		</point>
		<point>
			<X>55</X>
			<Y>338</Y>
		</point>
		<point>
			<X>52</X>
			<Y>338</Y>
		</point>
		<point>
			<X>52</X>
			<Y>338</Y>
		</point>
		<point>
			<X>51</X>
			<Y>338</Y>
		</point>
		<point>
			<X>51</X>
			<Y>338</Y>
		</point>
		<point>
			<X>51</X>
			<Y>338</Y>
		</point>
	</polygon>
	<polygon>
		<tag>train</tag>
		<point>
			<X>1</X>
			<Y>164</Y>
		</point>
		<point>
			<X>2</X>
			<Y>164</Y>
		</point>
		<point>
			<X>2</X>
			<Y>164</Y>
		</point>
		<point>
			<X>4</X>
			<Y>164</Y>
		</point>
		<point>
			<X>4</X>
			<Y>164</Y>
		</point>
		<point>
			<X>4</X>
			<Y>165</Y>
		</point>
		<point>
			<X>6</X>
			<Y>166</Y>
		</point>
		<point>
			<X>6</X>
			<Y>166</Y>
		</point>
		<point>
			<X>10</X>
			<Y>166</Y>
		</point>
		<point>
			<X>16</X>
			<Y>168</Y>
		</point>
		<point>
			<X>16</X>
			<Y>168</Y>
		</point>
		<point>
			<X>21</X>
			<Y>169</Y>
		</point>
		<point>
			<X>21</X>
			<Y>169</Y>
		</point>
		<point>
			<X>29</X>
			<Y>170</Y>
		</point>
		<point>
			<X>29</X>
			<Y>170</Y>
		</point>
		<point>
			<X>37</X>
			<Y>171</Y>
		</point>
		<point>
			<X>37</X>
			<Y>171</Y>
		</point>
		<point>
			<X>45</X>
			<Y>173</Y>
		</point>
		<point>
			<X>45</X>
			<Y>173</Y>
		</point>
		<point>
			<X>54</X>
			<Y>174</Y>
		</point>
		<point>
			<X>54</X>
			<Y>174</Y>
		</point>
		<point>
			<X>61</X>
			<Y>175</Y>
		</point>
		<point>
			<X>61</X>
			<Y>175</Y>
		</point>
		<point>
			<X>66</X>
			<Y>176</Y>
		</point>
		<point>
			<X>66</X>
			<Y>176</Y>
		</point>
		<point>
			<X>72</X>
			<Y>178</Y>
		</point>
		<point>
			<X>72</X>
			<Y>178</Y>
		</point>
		<point>
			<X>76</X>
			<Y>178</Y>
		</point>
		<point>
			<X>76</X>
			<Y>178</Y>
		</point>
		<point>
			<X>80</X>
			<Y>179</Y>
		</point>
		<point>
			<X>80</X>
			<Y>179</Y>
		</point>
		<point>
			<X>82</X>
			<Y>179</Y>
		</point>
		<point>
			<X>82</X>
			<Y>179</Y>
		</point>
		<point>
			<X>85</X>
			<Y>180</Y>
		</point>
		<point>
			<X>85</X>
			<Y>180</Y>
		</point>
		<point>
			<X>90</X>
			<Y>181</Y>
		</point>
		<point>
			<X>90</X>
			<Y>181</Y>
		</point>
		<point>
			<X>95</X>
			<Y>181</Y>
		</point>
		<point>
			<X>95</X>
			<Y>181</Y>
		</point>
		<point>
			<X>101</X>
			<Y>183</Y>
		</point>
		<point>
			<X>101</X>
			<Y>183</Y>
		</point>
		<point>
			<X>107</X>
			<Y>183</Y>
		</point>
		<point>
			<X>107</X>
			<Y>183</Y>
		</point>
		<point>
			<X>114</X>
			<Y>183</Y>
		</point>
		<point>
			<X>114</X>
			<Y>183</Y>
		</point>
		<point>
			<X>121</X>
			<Y>183</Y>
		</point>
		<point>
			<X>121</X>
			<Y>183</Y>
		</point>
		<point>
			<X>130</X>
			<Y>184</Y>
		</point>
		<point>
			<X>130</X>
			<Y>184</Y>
		</point>
		<point>
			<X>139</X>
			<Y>185</Y>
		</point>
		<point>
			<X>139</X>
			<Y>185</Y>
		</point>
		<point>
			<X>149</X>
			<Y>186</Y>
		</point>
		<point>
			<X>149</X>
			<Y>186</Y>
		</point>
		<point>
			<X>156</X>
			<Y>186</Y>
		</point>
		<point>
			<X>156</X>
			<Y>186</Y>
		</point>
		<point>
			<X>165</X>
			<Y>186</Y>
		</point>
		<point>
			<X>174</X>
			<Y>186</Y>
		</point>
		<point>
			<X>180</X>
			<Y>186</Y>
		</point>
		<point>
			<X>185</X>
			<Y>186</Y>
		</point>
		<point>
			<X>191</X>
			<Y>186</Y>
		</point>
		<point>
			<X>195</X>
			<Y>186</Y>
		</point>
		<point>
			<X>199</X>
			<Y>186</Y>
		</point>
		<point>
			<X>201</X>
			<Y>186</Y>
		</point>
		<point>
			<X>204</X>
			<Y>186</Y>
		</point>
		<point>
			<X>207</X>
			<Y>186</Y>
		</point>
		<point>
			<X>210</X>
			<Y>186</Y>
		</point>
		<point>
			<X>212</X>
			<Y>186</Y>
		</point>
		<point>
			<X>216</X>
			<Y>186</Y>
		</point>
		<point>
			<X>221</X>
			<Y>186</Y>
		</point>
		<point>
			<X>226</X>
			<Y>186</Y>
		</point>
		<point>
			<X>231</X>
			<Y>186</Y>
		</point>
		<point>
			<X>236</X>
			<Y>186</Y>
		</point>
		<point>
			<X>242</X>
			<Y>186</Y>
		</point>
		<point>
			<X>247</X>
			<Y>186</Y>
		</point>
		<point>
			<X>252</X>
			<Y>186</Y>
		</point>
		<point>
			<X>256</X>
			<Y>186</Y>
		</point>
		<point>
			<X>261</X>
			<Y>186</Y>
		</point>
		<point>
			<X>266</X>
			<Y>186</Y>
		</point>
		<point>
			<X>271</X>
			<Y>186</Y>
		</point>
		<point>
			<X>276</X>
			<Y>186</Y>
		</point>
		<point>
			<X>281</X>
			<Y>186</Y>
		</point>
		<point>
			<X>286</X>
			<Y>186</Y>
		</point>
		<point>
			<X>290</X>
			<Y>186</Y>
		</point>
		<point>
			<X>294</X>
			<Y>186</Y>
		</point>
		<point>
			<X>296</X>
			<Y>186</Y>
		</point>
		<point>
			<X>297</X>
			<Y>186</Y>
		</point>
		<point>
			<X>299</X>
			<Y>186</Y>
		</point>
		<point>
			<X>301</X>
			<Y>186</Y>
		</point>
		<point>
			<X>305</X>
			<Y>186</Y>
		</point>
		<point>
			<X>307</X>
			<Y>186</Y>
		</point>
		<point>
			<X>311</X>
			<Y>186</Y>
		</point>
		<point>
			<X>315</X>
			<Y>186</Y>
		</point>
		<point>
			<X>320</X>
			<Y>186</Y>
		</point>
		<point>
			<X>325</X>
			<Y>186</Y>
		</point>
		<point>
			<X>330</X>
			<Y>186</Y>
		</point>
		<point>
			<X>335</X>
			<Y>186</Y>
		</point>
		<point>
			<X>340</X>
			<Y>186</Y>
		</point>
		<point>
			<X>343</X>
			<Y>186</Y>
		</point>
		<point>
			<X>346</X>
			<Y>186</Y>
		</point>
		<point>
			<X>350</X>
			<Y>186</Y>
		</point>
		<point>
			<X>352</X>
			<Y>186</Y>
		</point>
		<point>
			<X>356</X>
			<Y>186</Y>
		</point>
		<point>
			<X>358</X>
			<Y>186</Y>
		</point>
		<point>
			<X>360</X>
			<Y>186</Y>
		</point>
		<point>
			<X>361</X>
			<Y>186</Y>
		</point>
		<point>
			<X>363</X>
			<Y>186</Y>
		</point>
		<point>
			<X>365</X>
			<Y>186</Y>
		</point>
		<point>
			<X>366</X>
			<Y>186</Y>
		</point>
		<point>
			<X>367</X>
			<Y>186</Y>
		</point>
		<point>
			<X>368</X>
			<Y>186</Y>
		</point>
		<point>
			<X>371</X>
			<Y>186</Y>
		</point>
		<point>
			<X>373</X>
			<Y>186</Y>
		</point>
		<point>
			<X>377</X>
			<Y>186</Y>
		</point>
		<point>
			<X>381</X>
			<Y>186</Y>
		</point>
		<point>
			<X>385</X>
			<Y>186</Y>
		</point>
		<point>
			<X>386</X>
			<Y>186</Y>
		</point>
		<point>
			<X>387</X>
			<Y>186</Y>
		</point>
		<point>
			<X>389</X>
			<Y>186</Y>
		</point>
		<point>
			<X>390</X>
			<Y>186</Y>
		</point>
		<point>
			<X>391</X>
			<Y>186</Y>
		</point>
		<point>
			<X>392</X>
			<Y>186</Y>
		</point>
		<point>
			<X>394</X>
			<Y>186</Y>
		</point>
		<point>
			<X>395</X>
			<Y>186</Y>
		</point>
		<point>
			<X>396</X>
			<Y>186</Y>
		</point>
		<point>
			<X>397</X>
			<Y>186</Y>
		</point>
		<point>
			<X>399</X>
			<Y>186</Y>
		</point>
		<point>
			<X>400</X>
			<Y>186</Y>
		</point>
		<point>
			<X>401</X>
			<Y>186</Y>
		</point>
		<point>
			<X>401</X>
			<Y>186</Y>
		</point>
	</polygon>
</annotation>