<annotation>
	<folder>anno</folder>
	<filename>2008_005564.jpg</filename>
	<source>
		<database>The anno Database</database>
		<annotation>VC anno</annotation>
		<image>Unknow</image>
		<flickrid>Unknow</flickrid>
	</source>
	<owner>
		<flickrid>Unknow</flickrid>
		<name>Unknow</name>
	</owner>
	<size>
		<width>432</width>
		<height>324</height>
		<depth>4</depth>
	</size>
	<segmented>1</segmented>
	<polygon>
		<tag>dog</tag>
		<point>
			<X>207</X>
			<Y>132</Y>
		</point>
		<point>
			<X>208</X>
			<Y>132</Y>
		</point>
		<point>
			<X>208</X>
			<Y>133</Y>
		</point>
		<point>
			<X>208</X>
			<Y>133</Y>
		</point>
		<point>
			<X>208</X>
			<Y>135</Y>
		</point>
		<point>
			<X>208</X>
			<Y>135</Y>
		</point>
		<point>
			<X>207</X>
			<Y>137</Y>
		</point>
		<point>
			<X>207</X>
			<Y>137</Y>
		</point>
		<point>
			<X>207</X>
			<Y>138</Y>
		</point>
		<point>
			<X>207</X>
			<Y>138</Y>
		</point>
		<point>
			<X>203</X>
			<Y>140</Y>
		</point>
		<point>
			<X>203</X>
			<Y>140</Y>
		</point>
		<point>
			<X>202</X>
			<Y>143</Y>
		</point>
		<point>
			<X>202</X>
			<Y>143</Y>
		</point>
		<point>
			<X>200</X>
			<Y>147</Y>
		</point>
		<point>
			<X>200</X>
			<Y>147</Y>
		</point>
		<point>
			<X>197</X>
			<Y>149</Y>
		</point>
		<point>
			<X>197</X>
			<Y>149</Y>
		</point>
		<point>
			<X>194</X>
			<Y>151</Y>
		</point>
		<point>
			<X>194</X>
			<Y>151</Y>
		</point>
		<point>
			<X>191</X>
			<Y>155</Y>
		</point>
		<point>
			<X>191</X>
			<Y>155</Y>
		</point>
		<point>
			<X>187</X>
			<Y>157</Y>
		</point>
		<point>
			<X>187</X>
			<Y>157</Y>
		</point>
		<point>
			<X>184</X>
			<Y>160</Y>
		</point>
		<point>
			<X>184</X>
			<Y>160</Y>
		</point>
		<point>
			<X>181</X>
			<Y>162</Y>
		</point>
		<point>
			<X>181</X>
			<Y>162</Y>
		</point>
		<point>
			<X>180</X>
			<Y>162</Y>
		</point>
		<point>
			<X>180</X>
			<Y>162</Y>
		</point>
		<point>
			<X>179</X>
			<Y>167</Y>
		</point>
		<point>
			<X>179</X>
			<Y>167</Y>
		</point>
		<point>
			<X>177</X>
			<Y>169</Y>
		</point>
		<point>
			<X>177</X>
			<Y>169</Y>
		</point>
		<point>
			<X>175</X>
			<Y>170</Y>
		</point>
		<point>
			<X>175</X>
			<Y>170</Y>
		</point>
		<point>
			<X>174</X>
			<Y>172</Y>
		</point>
		<point>
			<X>174</X>
			<Y>172</Y>
		</point>
		<point>
			<X>172</X>
			<Y>175</Y>
		</point>
		<point>
			<X>172</X>
			<Y>175</Y>
		</point>
		<point>
			<X>172</X>
			<Y>177</Y>
		</point>
		<point>
			<X>172</X>
			<Y>177</Y>
		</point>
		<point>
			<X>170</X>
			<Y>180</Y>
		</point>
		<point>
			<X>170</X>
			<Y>180</Y>
		</point>
		<point>
			<X>167</X>
			<Y>185</Y>
		</point>
		<point>
			<X>167</X>
			<Y>185</Y>
		</point>
		<point>
			<X>165</X>
			<Y>187</Y>
		</point>
		<point>
			<X>165</X>
			<Y>187</Y>
		</point>
		<point>
			<X>162</X>
			<Y>191</Y>
		</point>
		<point>
			<X>162</X>
			<Y>191</Y>
		</point>
		<point>
			<X>161</X>
			<Y>195</Y>
		</point>
		<point>
			<X>161</X>
			<Y>195</Y>
		</point>
		<point>
			<X>159</X>
			<Y>197</Y>
		</point>
		<point>
			<X>159</X>
			<Y>197</Y>
		</point>
		<point>
			<X>157</X>
			<Y>197</Y>
		</point>
		<point>
			<X>157</X>
			<Y>197</Y>
		</point>
		<point>
			<X>154</X>
			<Y>200</Y>
		</point>
		<point>
			<X>154</X>
			<Y>200</Y>
		</point>
		<point>
			<X>152</X>
			<Y>200</Y>
		</point>
		<point>
			<X>152</X>
			<Y>200</Y>
		</point>
		<point>
			<X>152</X>
			<Y>200</Y>
		</point>
		<point>
			<X>152</X>
			<Y>200</Y>
		</point>
		<point>
			<X>152</X>
			<Y>201</Y>
		</point>
		<point>
			<X>151</X>
			<Y>201</Y>
		</point>
		<point>
			<X>150</X>
			<Y>201</Y>
		</point>
		<point>
			<X>150</X>
			<Y>201</Y>
		</point>
		<point>
			<X>150</X>
			<Y>202</Y>
		</point>
		<point>
			<X>149</X>
			<Y>202</Y>
		</point>
		<point>
			<X>149</X>
			<Y>202</Y>
		</point>
		<point>
			<X>148</X>
			<Y>202</Y>
		</point>
		<point>
			<X>148</X>
			<Y>202</Y>
		</point>
		<point>
			<X>145</X>
			<Y>206</Y>
		</point>
		<point>
			<X>145</X>
			<Y>206</Y>
		</point>
		<point>
			<X>143</X>
			<Y>207</Y>
		</point>
		<point>
			<X>143</X>
			<Y>207</Y>
		</point>
		<point>
			<X>140</X>
			<Y>207</Y>
		</point>
		<point>
			<X>140</X>
			<Y>207</Y>
		</point>
		<point>
			<X>134</X>
			<Y>210</Y>
		</point>
		<point>
			<X>134</X>
			<Y>210</Y>
		</point>
		<point>
			<X>132</X>
			<Y>211</Y>
		</point>
		<point>
			<X>132</X>
			<Y>211</Y>
		</point>
		<point>
			<X>129</X>
			<Y>212</Y>
		</point>
		<point>
			<X>129</X>
			<Y>212</Y>
		</point>
		<point>
			<X>126</X>
			<Y>212</Y>
		</point>
		<point>
			<X>126</X>
			<Y>212</Y>
		</point>
		<point>
			<X>124</X>
			<Y>215</Y>
		</point>
		<point>
			<X>124</X>
			<Y>215</Y>
		</point>
		<point>
			<X>121</X>
			<Y>216</Y>
		</point>
		<point>
			<X>121</X>
			<Y>216</Y>
		</point>
		<point>
			<X>121</X>
			<Y>217</Y>
		</point>
		<point>
			<X>121</X>
			<Y>217</Y>
		</point>
		<point>
			<X>121</X>
			<Y>217</Y>
		</point>
		<point>
			<X>121</X>
			<Y>217</Y>
		</point>
		<point>
			<X>120</X>
			<Y>217</Y>
		</point>
		<point>
			<X>120</X>
			<Y>217</Y>
		</point>
		<point>
			<X>119</X>
			<Y>217</Y>
		</point>
		<point>
			<X>119</X>
			<Y>217</Y>
		</point>
		<point>
			<X>116</X>
			<Y>218</Y>
		</point>
		<point>
			<X>116</X>
			<Y>218</Y>
		</point>
		<point>
			<X>115</X>
			<Y>220</Y>
		</point>
		<point>
			<X>115</X>
			<Y>220</Y>
		</point>
		<point>
			<X>114</X>
			<Y>220</Y>
		</point>
		<point>
			<X>114</X>
			<Y>220</Y>
		</point>
		<point>
			<X>111</X>
			<Y>221</Y>
		</point>
		<point>
			<X>111</X>
			<Y>221</Y>
		</point>
		<point>
			<X>111</X>
			<Y>222</Y>
		</point>
		<point>
			<X>111</X>
			<Y>222</Y>
		</point>
		<point>
			<X>110</X>
			<Y>222</Y>
		</point>
		<point>
			<X>110</X>
			<Y>222</Y>
		</point>
		<point>
			<X>108</X>
			<Y>225</Y>
		</point>
		<point>
			<X>108</X>
			<Y>225</Y>
		</point>
		<point>
			<X>108</X>
			<Y>226</Y>
		</point>
		<point>
			<X>108</X>
			<Y>226</Y>
		</point>
		<point>
			<X>108</X>
			<Y>227</Y>
		</point>
		<point>
			<X>108</X>
			<Y>227</Y>
		</point>
		<point>
			<X>106</X>
			<Y>227</Y>
		</point>
		<point>
			<X>106</X>
			<Y>228</Y>
		</point>
		<point>
			<X>106</X>
			<Y>228</Y>
		</point>
		<point>
			<X>106</X>
			<Y>228</Y>
		</point>
		<point>
			<X>106</X>
			<Y>230</Y>
		</point>
		<point>
			<X>106</X>
			<Y>230</Y>
		</point>
		<point>
			<X>106</X>
			<Y>231</Y>
		</point>
		<point>
			<X>106</X>
			<Y>231</Y>
		</point>
		<point>
			<X>106</X>
			<Y>232</Y>
		</point>
		<point>
			<X>106</X>
			<Y>232</Y>
		</point>
		<point>
			<X>106</X>
			<Y>233</Y>
		</point>
		<point>
			<X>106</X>
			<Y>233</Y>
		</point>
		<point>
			<X>106</X>
			<Y>235</Y>
		</point>
		<point>
			<X>106</X>
			<Y>235</Y>
		</point>
		<point>
			<X>106</X>
			<Y>236</Y>
		</point>
		<point>
			<X>106</X>
			<Y>236</Y>
		</point>
		<point>
			<X>106</X>
			<Y>237</Y>
		</point>
		<point>
			<X>106</X>
			<Y>237</Y>
		</point>
		<point>
			<X>108</X>
			<Y>237</Y>
		</point>
		<point>
			<X>108</X>
			<Y>238</Y>
		</point>
		<point>
			<X>108</X>
			<Y>238</Y>
		</point>
		<point>
			<X>108</X>
			<Y>240</Y>
		</point>
		<point>
			<X>108</X>
			<Y>240</Y>
		</point>
		<point>
			<X>108</X>
			<Y>242</Y>
		</point>
		<point>
			<X>108</X>
			<Y>242</Y>
		</point>
		<point>
			<X>108</X>
			<Y>245</Y>
		</point>
		<point>
			<X>108</X>
			<Y>245</Y>
		</point>
		<point>
			<X>108</X>
			<Y>247</Y>
		</point>
		<point>
			<X>108</X>
			<Y>247</Y>
		</point>
		<point>
			<X>108</X>
			<Y>248</Y>
		</point>
		<point>
			<X>108</X>
			<Y>248</Y>
		</point>
		<point>
			<X>108</X>
			<Y>250</Y>
		</point>
		<point>
			<X>108</X>
			<Y>250</Y>
		</point>
		<point>
			<X>108</X>
			<Y>252</Y>
		</point>
		<point>
			<X>108</X>
			<Y>252</Y>
		</point>
		<point>
			<X>108</X>
			<Y>253</Y>
		</point>
		<point>
			<X>108</X>
			<Y>253</Y>
		</point>
		<point>
			<X>110</X>
			<Y>255</Y>
		</point>
		<point>
			<X>110</X>
			<Y>255</Y>
		</point>
		<point>
			<X>111</X>
			<Y>256</Y>
		</point>
		<point>
			<X>111</X>
			<Y>256</Y>
		</point>
		<point>
			<X>111</X>
			<Y>257</Y>
		</point>
		<point>
			<X>111</X>
			<Y>257</Y>
		</point>
		<point>
			<X>111</X>
			<Y>258</Y>
		</point>
		<point>
			<X>111</X>
			<Y>258</Y>
		</point>
		<point>
			<X>111</X>
			<Y>259</Y>
		</point>
		<point>
			<X>111</X>
			<Y>259</Y>
		</point>
		<point>
			<X>111</X>
			<Y>260</Y>
		</point>
		<point>
			<X>111</X>
			<Y>260</Y>
		</point>
		<point>
			<X>111</X>
			<Y>261</Y>
		</point>
		<point>
			<X>111</X>
			<Y>261</Y>
		</point>
		<point>
			<X>111</X>
			<Y>262</Y>
		</point>
		<point>
			<X>111</X>
			<Y>262</Y>
		</point>
		<point>
			<X>111</X>
			<Y>263</Y>
		</point>
		<point>
			<X>111</X>
			<Y>263</Y>
		</point>
		<point>
			<X>111</X>
			<Y>266</Y>
		</point>
		<point>
			<X>111</X>
			<Y>266</Y>
		</point>
		<point>
			<X>111</X>
			<Y>267</Y>
		</point>
		<point>
			<X>111</X>
			<Y>267</Y>
		</point>
		<point>
			<X>111</X>
			<Y>268</Y>
		</point>
		<point>
			<X>111</X>
			<Y>268</Y>
		</point>
		<point>
			<X>113</X>
			<Y>269</Y>
		</point>
		<point>
			<X>113</X>
			<Y>269</Y>
		</point>
		<point>
			<X>114</X>
			<Y>269</Y>
		</point>
		<point>
			<X>114</X>
			<Y>269</Y>
		</point>
		<point>
			<X>114</X>
			<Y>270</Y>
		</point>
		<point>
			<X>115</X>
			<Y>270</Y>
		</point>
		<point>
			<X>115</X>
			<Y>271</Y>
		</point>
		<point>
			<X>115</X>
			<Y>272</Y>
		</point>
		<point>
			<X>115</X>
			<Y>272</Y>
		</point>
		<point>
			<X>116</X>
			<Y>272</Y>
		</point>
		<point>
			<X>116</X>
			<Y>272</Y>
		</point>
	</polygon>
	<polygon>
		<tag>dog</tag>
		<point>
			<X>298</X>
			<Y>88</Y>
		</point>
		<point>
			<X>299</X>
			<Y>88</Y>
		</point>
		<point>
			<X>301</X>
			<Y>88</Y>
		</point>
		<point>
			<X>305</X>
			<Y>88</Y>
		</point>
		<point>
			<X>305</X>
			<Y>88</Y>
		</point>
		<point>
			<X>310</X>
			<Y>88</Y>
		</point>
		<point>
			<X>319</X>
			<Y>87</Y>
		</point>
		<point>
			<X>319</X>
			<Y>87</Y>
		</point>
		<point>
			<X>328</X>
			<Y>86</Y>
		</point>
		<point>
			<X>328</X>
			<Y>86</Y>
		</point>
		<point>
			<X>337</X>
			<Y>85</Y>
		</point>
		<point>
			<X>337</X>
			<Y>85</Y>
		</point>
		<point>
			<X>342</X>
			<Y>85</Y>
		</point>
		<point>
			<X>347</X>
			<Y>85</Y>
		</point>
		<point>
			<X>350</X>
			<Y>83</Y>
		</point>
		<point>
			<X>350</X>
			<Y>83</Y>
		</point>
		<point>
			<X>353</X>
			<Y>83</Y>
		</point>
		<point>
			<X>354</X>
			<Y>83</Y>
		</point>
		<point>
			<X>357</X>
			<Y>83</Y>
		</point>
		<point>
			<X>358</X>
			<Y>83</Y>
		</point>
		<point>
			<X>359</X>
			<Y>85</Y>
		</point>
		<point>
			<X>359</X>
			<Y>85</Y>
		</point>
		<point>
			<X>360</X>
			<Y>86</Y>
		</point>
		<point>
			<X>360</X>
			<Y>86</Y>
		</point>
		<point>
			<X>360</X>
			<Y>87</Y>
		</point>
		<point>
			<X>360</X>
			<Y>87</Y>
		</point>
		<point>
			<X>362</X>
			<Y>88</Y>
		</point>
		<point>
			<X>362</X>
			<Y>88</Y>
		</point>
		<point>
			<X>363</X>
			<Y>88</Y>
		</point>
		<point>
			<X>363</X>
			<Y>88</Y>
		</point>
		<point>
			<X>363</X>
			<Y>90</Y>
		</point>
		<point>
			<X>363</X>
			<Y>90</Y>
		</point>
		<point>
			<X>363</X>
			<Y>91</Y>
		</point>
		<point>
			<X>363</X>
			<Y>91</Y>
		</point>
		<point>
			<X>364</X>
			<Y>93</Y>
		</point>
		<point>
			<X>364</X>
			<Y>93</Y>
		</point>
		<point>
			<X>364</X>
			<Y>96</Y>
		</point>
		<point>
			<X>364</X>
			<Y>96</Y>
		</point>
		<point>
			<X>364</X>
			<Y>97</Y>
		</point>
		<point>
			<X>364</X>
			<Y>97</Y>
		</point>
		<point>
			<X>364</X>
			<Y>98</Y>
		</point>
		<point>
			<X>364</X>
			<Y>98</Y>
		</point>
		<point>
			<X>364</X>
			<Y>101</Y>
		</point>
		<point>
			<X>364</X>
			<Y>101</Y>
		</point>
		<point>
			<X>364</X>
			<Y>103</Y>
		</point>
		<point>
			<X>364</X>
			<Y>103</Y>
		</point>
		<point>
			<X>362</X>
			<Y>106</Y>
		</point>
		<point>
			<X>362</X>
			<Y>106</Y>
		</point>
		<point>
			<X>360</X>
			<Y>108</Y>
		</point>
		<point>
			<X>360</X>
			<Y>108</Y>
		</point>
		<point>
			<X>360</X>
			<Y>111</Y>
		</point>
		<point>
			<X>360</X>
			<Y>111</Y>
		</point>
		<point>
			<X>359</X>
			<Y>111</Y>
		</point>
		<point>
			<X>359</X>
			<Y>111</Y>
		</point>
		<point>
			<X>359</X>
			<Y>115</Y>
		</point>
		<point>
			<X>359</X>
			<Y>115</Y>
		</point>
		<point>
			<X>359</X>
			<Y>116</Y>
		</point>
		<point>
			<X>359</X>
			<Y>116</Y>
		</point>
		<point>
			<X>359</X>
			<Y>118</Y>
		</point>
		<point>
			<X>359</X>
			<Y>118</Y>
		</point>
		<point>
			<X>358</X>
			<Y>119</Y>
		</point>
		<point>
			<X>358</X>
			<Y>119</Y>
		</point>
		<point>
			<X>357</X>
			<Y>121</Y>
		</point>
		<point>
			<X>357</X>
			<Y>121</Y>
		</point>
		<point>
			<X>357</X>
			<Y>123</Y>
		</point>
		<point>
			<X>357</X>
			<Y>123</Y>
		</point>
		<point>
			<X>355</X>
			<Y>126</Y>
		</point>
		<point>
			<X>355</X>
			<Y>126</Y>
		</point>
		<point>
			<X>355</X>
			<Y>128</Y>
		</point>
		<point>
			<X>355</X>
			<Y>128</Y>
		</point>
		<point>
			<X>355</X>
			<Y>130</Y>
		</point>
		<point>
			<X>355</X>
			<Y>130</Y>
		</point>
		<point>
			<X>354</X>
			<Y>132</Y>
		</point>
		<point>
			<X>354</X>
			<Y>132</Y>
		</point>
		<point>
			<X>353</X>
			<Y>136</Y>
		</point>
		<point>
			<X>353</X>
			<Y>136</Y>
		</point>
		<point>
			<X>352</X>
			<Y>138</Y>
		</point>
		<point>
			<X>352</X>
			<Y>138</Y>
		</point>
		<point>
			<X>352</X>
			<Y>140</Y>
		</point>
		<point>
			<X>352</X>
			<Y>140</Y>
		</point>
		<point>
			<X>350</X>
			<Y>142</Y>
		</point>
		<point>
			<X>350</X>
			<Y>142</Y>
		</point>
		<point>
			<X>350</X>
			<Y>145</Y>
		</point>
		<point>
			<X>350</X>
			<Y>145</Y>
		</point>
		<point>
			<X>350</X>
			<Y>148</Y>
		</point>
		<point>
			<X>350</X>
			<Y>148</Y>
		</point>
		<point>
			<X>350</X>
			<Y>149</Y>
		</point>
		<point>
			<X>350</X>
			<Y>149</Y>
		</point>
		<point>
			<X>350</X>
			<Y>151</Y>
		</point>
		<point>
			<X>350</X>
			<Y>151</Y>
		</point>
		<point>
			<X>350</X>
			<Y>152</Y>
		</point>
		<point>
			<X>350</X>
			<Y>152</Y>
		</point>
		<point>
			<X>350</X>
			<Y>152</Y>
		</point>
		<point>
			<X>350</X>
			<Y>152</Y>
		</point>
		<point>
			<X>350</X>
			<Y>155</Y>
		</point>
		<point>
			<X>350</X>
			<Y>155</Y>
		</point>
		<point>
			<X>350</X>
			<Y>156</Y>
		</point>
		<point>
			<X>350</X>
			<Y>156</Y>
		</point>
		<point>
			<X>350</X>
			<Y>157</Y>
		</point>
		<point>
			<X>350</X>
			<Y>157</Y>
		</point>
		<point>
			<X>350</X>
			<Y>157</Y>
		</point>
		<point>
			<X>352</X>
			<Y>157</Y>
		</point>
		<point>
			<X>352</X>
			<Y>157</Y>
		</point>
		<point>
			<X>352</X>
			<Y>160</Y>
		</point>
		<point>
			<X>352</X>
			<Y>160</Y>
		</point>
		<point>
			<X>353</X>
			<Y>161</Y>
		</point>
		<point>
			<X>353</X>
			<Y>161</Y>
		</point>
		<point>
			<X>353</X>
			<Y>162</Y>
		</point>
		<point>
			<X>353</X>
			<Y>162</Y>
		</point>
		<point>
			<X>353</X>
			<Y>162</Y>
		</point>
		<point>
			<X>353</X>
			<Y>162</Y>
		</point>
		<point>
			<X>353</X>
			<Y>165</Y>
		</point>
		<point>
			<X>353</X>
			<Y>165</Y>
		</point>
		<point>
			<X>354</X>
			<Y>165</Y>
		</point>
		<point>
			<X>354</X>
			<Y>166</Y>
		</point>
		<point>
			<X>354</X>
			<Y>167</Y>
		</point>
		<point>
			<X>354</X>
			<Y>167</Y>
		</point>
		<point>
			<X>354</X>
			<Y>167</Y>
		</point>
		<point>
			<X>354</X>
			<Y>167</Y>
		</point>
		<point>
			<X>355</X>
			<Y>170</Y>
		</point>
		<point>
			<X>355</X>
			<Y>170</Y>
		</point>
		<point>
			<X>355</X>
			<Y>171</Y>
		</point>
		<point>
			<X>355</X>
			<Y>171</Y>
		</point>
		<point>
			<X>355</X>
			<Y>172</Y>
		</point>
		<point>
			<X>355</X>
			<Y>172</Y>
		</point>
		<point>
			<X>357</X>
			<Y>172</Y>
		</point>
		<point>
			<X>357</X>
			<Y>172</Y>
		</point>
		<point>
			<X>357</X>
			<Y>175</Y>
		</point>
		<point>
			<X>357</X>
			<Y>175</Y>
		</point>
		<point>
			<X>357</X>
			<Y>176</Y>
		</point>
		<point>
			<X>357</X>
			<Y>176</Y>
		</point>
		<point>
			<X>357</X>
			<Y>177</Y>
		</point>
		<point>
			<X>357</X>
			<Y>177</Y>
		</point>
		<point>
			<X>357</X>
			<Y>177</Y>
		</point>
		<point>
			<X>357</X>
			<Y>177</Y>
		</point>
		<point>
			<X>357</X>
			<Y>179</Y>
		</point>
		<point>
			<X>357</X>
			<Y>179</Y>
		</point>
		<point>
			<X>357</X>
			<Y>180</Y>
		</point>
		<point>
			<X>357</X>
			<Y>180</Y>
		</point>
		<point>
			<X>357</X>
			<Y>181</Y>
		</point>
		<point>
			<X>357</X>
			<Y>181</Y>
		</point>
		<point>
			<X>357</X>
			<Y>181</Y>
		</point>
	</polygon>
	<polygon>
		<tag>background</tag>
		<point>
			<X>264</X>
			<Y>268</Y>
		</point>
		<point>
			<X>265</X>
			<Y>268</Y>
		</point>
		<point>
			<X>267</X>
			<Y>268</Y>
		</point>
		<point>
			<X>268</X>
			<Y>268</Y>
		</point>
		<point>
			<X>271</X>
			<Y>269</Y>
		</point>
		<point>
			<X>271</X>
			<Y>269</Y>
		</point>
		<point>
			<X>274</X>
			<Y>269</Y>
		</point>
		<point>
			<X>280</X>
			<Y>271</Y>
		</point>
		<point>
			<X>280</X>
			<Y>271</Y>
		</point>
		<point>
			<X>287</X>
			<Y>271</Y>
		</point>
		<point>
			<X>292</X>
			<Y>272</Y>
		</point>
		<point>
			<X>292</X>
			<Y>272</Y>
		</point>
		<point>
			<X>300</X>
			<Y>273</Y>
		</point>
		<point>
			<X>300</X>
			<Y>273</Y>
		</point>
		<point>
			<X>309</X>
			<Y>273</Y>
		</point>
		<point>
			<X>315</X>
			<Y>273</Y>
		</point>
		<point>
			<X>320</X>
			<Y>273</Y>
		</point>
		<point>
			<X>328</X>
			<Y>273</Y>
		</point>
		<point>
			<X>332</X>
			<Y>273</Y>
		</point>
		<point>
			<X>335</X>
			<Y>273</Y>
		</point>
		<point>
			<X>338</X>
			<Y>273</Y>
		</point>
		<point>
			<X>340</X>
			<Y>273</Y>
		</point>
		<point>
			<X>342</X>
			<Y>272</Y>
		</point>
		<point>
			<X>342</X>
			<Y>272</Y>
		</point>
		<point>
			<X>345</X>
			<Y>272</Y>
		</point>
		<point>
			<X>348</X>
			<Y>271</Y>
		</point>
		<point>
			<X>348</X>
			<Y>271</Y>
		</point>
		<point>
			<X>349</X>
			<Y>270</Y>
		</point>
		<point>
			<X>349</X>
			<Y>270</Y>
		</point>
		<point>
			<X>350</X>
			<Y>269</Y>
		</point>
		<point>
			<X>350</X>
			<Y>269</Y>
		</point>
		<point>
			<X>355</X>
			<Y>268</Y>
		</point>
		<point>
			<X>355</X>
			<Y>268</Y>
		</point>
		<point>
			<X>358</X>
			<Y>267</Y>
		</point>
		<point>
			<X>358</X>
			<Y>267</Y>
		</point>
		<point>
			<X>360</X>
			<Y>266</Y>
		</point>
		<point>
			<X>360</X>
			<Y>266</Y>
		</point>
		<point>
			<X>364</X>
			<Y>265</Y>
		</point>
		<point>
			<X>364</X>
			<Y>265</Y>
		</point>
		<point>
			<X>367</X>
			<Y>263</Y>
		</point>
		<point>
			<X>367</X>
			<Y>263</Y>
		</point>
		<point>
			<X>369</X>
			<Y>261</Y>
		</point>
		<point>
			<X>369</X>
			<Y>261</Y>
		</point>
		<point>
			<X>372</X>
			<Y>260</Y>
		</point>
		<point>
			<X>372</X>
			<Y>260</Y>
		</point>
		<point>
			<X>373</X>
			<Y>258</Y>
		</point>
		<point>
			<X>373</X>
			<Y>258</Y>
		</point>
		<point>
			<X>375</X>
			<Y>257</Y>
		</point>
		<point>
			<X>375</X>
			<Y>257</Y>
		</point>
		<point>
			<X>375</X>
			<Y>256</Y>
		</point>
		<point>
			<X>375</X>
			<Y>256</Y>
		</point>
		<point>
			<X>375</X>
			<Y>255</Y>
		</point>
		<point>
			<X>375</X>
			<Y>255</Y>
		</point>
		<point>
			<X>375</X>
			<Y>253</Y>
		</point>
		<point>
			<X>375</X>
			<Y>253</Y>
		</point>
		<point>
			<X>378</X>
			<Y>252</Y>
		</point>
		<point>
			<X>378</X>
			<Y>252</Y>
		</point>
		<point>
			<X>379</X>
			<Y>250</Y>
		</point>
		<point>
			<X>379</X>
			<Y>250</Y>
		</point>
		<point>
			<X>379</X>
			<Y>248</Y>
		</point>
		<point>
			<X>379</X>
			<Y>248</Y>
		</point>
		<point>
			<X>380</X>
			<Y>247</Y>
		</point>
		<point>
			<X>380</X>
			<Y>247</Y>
		</point>
		<point>
			<X>380</X>
			<Y>243</Y>
		</point>
		<point>
			<X>380</X>
			<Y>243</Y>
		</point>
		<point>
			<X>383</X>
			<Y>242</Y>
		</point>
		<point>
			<X>383</X>
			<Y>242</Y>
		</point>
		<point>
			<X>384</X>
			<Y>238</Y>
		</point>
		<point>
			<X>384</X>
			<Y>238</Y>
		</point>
		<point>
			<X>385</X>
			<Y>237</Y>
		</point>
		<point>
			<X>385</X>
			<Y>237</Y>
		</point>
		<point>
			<X>388</X>
			<Y>233</Y>
		</point>
		<point>
			<X>388</X>
			<Y>233</Y>
		</point>
		<point>
			<X>389</X>
			<Y>231</Y>
		</point>
		<point>
			<X>389</X>
			<Y>231</Y>
		</point>
		<point>
			<X>390</X>
			<Y>228</Y>
		</point>
		<point>
			<X>390</X>
			<Y>228</Y>
		</point>
		<point>
			<X>390</X>
			<Y>226</Y>
		</point>
		<point>
			<X>390</X>
			<Y>226</Y>
		</point>
		<point>
			<X>392</X>
			<Y>222</Y>
		</point>
		<point>
			<X>392</X>
			<Y>222</Y>
		</point>
		<point>
			<X>392</X>
			<Y>220</Y>
		</point>
		<point>
			<X>392</X>
			<Y>220</Y>
		</point>
		<point>
			<X>394</X>
			<Y>217</Y>
		</point>
		<point>
			<X>394</X>
			<Y>217</Y>
		</point>
		<point>
			<X>394</X>
			<Y>216</Y>
		</point>
		<point>
			<X>394</X>
			<Y>216</Y>
		</point>
		<point>
			<X>394</X>
			<Y>215</Y>
		</point>
		<point>
			<X>394</X>
			<Y>215</Y>
		</point>
		<point>
			<X>395</X>
			<Y>212</Y>
		</point>
		<point>
			<X>395</X>
			<Y>212</Y>
		</point>
		<point>
			<X>397</X>
			<Y>208</Y>
		</point>
		<point>
			<X>397</X>
			<Y>208</Y>
		</point>
		<point>
			<X>397</X>
			<Y>207</Y>
		</point>
		<point>
			<X>397</X>
			<Y>207</Y>
		</point>
		<point>
			<X>397</X>
			<Y>205</Y>
		</point>
		<point>
			<X>397</X>
			<Y>205</Y>
		</point>
		<point>
			<X>397</X>
			<Y>202</Y>
		</point>
		<point>
			<X>397</X>
			<Y>202</Y>
		</point>
		<point>
			<X>397</X>
			<Y>198</Y>
		</point>
		<point>
			<X>397</X>
			<Y>198</Y>
		</point>
		<point>
			<X>399</X>
			<Y>196</Y>
		</point>
		<point>
			<X>399</X>
			<Y>196</Y>
		</point>
		<point>
			<X>399</X>
			<Y>192</Y>
		</point>
		<point>
			<X>399</X>
			<Y>192</Y>
		</point>
		<point>
			<X>400</X>
			<Y>189</Y>
		</point>
		<point>
			<X>400</X>
			<Y>189</Y>
		</point>
		<point>
			<X>400</X>
			<Y>187</Y>
		</point>
		<point>
			<X>400</X>
			<Y>187</Y>
		</point>
		<point>
			<X>400</X>
			<Y>182</Y>
		</point>
		<point>
			<X>400</X>
			<Y>182</Y>
		</point>
		<point>
			<X>400</X>
			<Y>182</Y>
		</point>
		<point>
			<X>400</X>
			<Y>182</Y>
		</point>
		<point>
			<X>400</X>
			<Y>180</Y>
		</point>
		<point>
			<X>400</X>
			<Y>180</Y>
		</point>
		<point>
			<X>400</X>
			<Y>177</Y>
		</point>
		<point>
			<X>400</X>
			<Y>177</Y>
		</point>
		<point>
			<X>400</X>
			<Y>175</Y>
		</point>
		<point>
			<X>400</X>
			<Y>175</Y>
		</point>
		<point>
			<X>400</X>
			<Y>172</Y>
		</point>
		<point>
			<X>400</X>
			<Y>172</Y>
		</point>
		<point>
			<X>400</X>
			<Y>170</Y>
		</point>
		<point>
			<X>400</X>
			<Y>170</Y>
		</point>
		<point>
			<X>400</X>
			<Y>167</Y>
		</point>
		<point>
			<X>400</X>
			<Y>167</Y>
		</point>
		<point>
			<X>400</X>
			<Y>166</Y>
		</point>
		<point>
			<X>400</X>
			<Y>166</Y>
		</point>
		<point>
			<X>400</X>
			<Y>162</Y>
		</point>
		<point>
			<X>400</X>
			<Y>162</Y>
		</point>
		<point>
			<X>400</X>
			<Y>161</Y>
		</point>
		<point>
			<X>400</X>
			<Y>161</Y>
		</point>
		<point>
			<X>400</X>
			<Y>157</Y>
		</point>
		<point>
			<X>400</X>
			<Y>157</Y>
		</point>
		<point>
			<X>400</X>
			<Y>157</Y>
		</point>
		<point>
			<X>400</X>
			<Y>157</Y>
		</point>
		<point>
			<X>400</X>
			<Y>155</Y>
		</point>
		<point>
			<X>400</X>
			<Y>155</Y>
		</point>
		<point>
			<X>400</X>
			<Y>152</Y>
		</point>
		<point>
			<X>400</X>
			<Y>152</Y>
		</point>
		<point>
			<X>400</X>
			<Y>152</Y>
		</point>
		<point>
			<X>400</X>
			<Y>152</Y>
		</point>
		<point>
			<X>400</X>
			<Y>149</Y>
		</point>
		<point>
			<X>400</X>
			<Y>149</Y>
		</point>
		<point>
			<X>400</X>
			<Y>148</Y>
		</point>
		<point>
			<X>400</X>
			<Y>148</Y>
		</point>
		<point>
			<X>400</X>
			<Y>146</Y>
		</point>
		<point>
			<X>400</X>
			<Y>146</Y>
		</point>
		<point>
			<X>400</X>
			<Y>145</Y>
		</point>
		<point>
			<X>400</X>
			<Y>145</Y>
		</point>
		<point>
			<X>400</X>
			<Y>141</Y>
		</point>
		<point>
			<X>400</X>
			<Y>141</Y>
		</point>
		<point>
			<X>400</X>
			<Y>139</Y>
		</point>
		<point>
			<X>400</X>
			<Y>139</Y>
		</point>
		<point>
			<X>400</X>
			<Y>138</Y>
		</point>
		<point>
			<X>400</X>
			<Y>138</Y>
		</point>
		<point>
			<X>400</X>
			<Y>137</Y>
		</point>
		<point>
			<X>400</X>
			<Y>137</Y>
		</point>
		<point>
			<X>400</X>
			<Y>135</Y>
		</point>
		<point>
			<X>400</X>
			<Y>135</Y>
		</point>
		<point>
			<X>400</X>
			<Y>132</Y>
		</point>
		<point>
			<X>400</X>
			<Y>132</Y>
		</point>
		<point>
			<X>400</X>
			<Y>131</Y>
		</point>
		<point>
			<X>400</X>
			<Y>131</Y>
		</point>
		<point>
			<X>400</X>
			<Y>129</Y>
		</point>
		<point>
			<X>400</X>
			<Y>129</Y>
		</point>
		<point>
			<X>399</X>
			<Y>126</Y>
		</point>
		<point>
			<X>399</X>
			<Y>126</Y>
		</point>
		<point>
			<X>399</X>
			<Y>125</Y>
		</point>
		<point>
			<X>399</X>
			<Y>125</Y>
		</point>
		<point>
			<X>399</X>
			<Y>121</Y>
		</point>
		<point>
			<X>399</X>
			<Y>121</Y>
		</point>
		<point>
			<X>399</X>
			<Y>120</Y>
		</point>
		<point>
			<X>399</X>
			<Y>120</Y>
		</point>
		<point>
			<X>399</X>
			<Y>118</Y>
		</point>
		<point>
			<X>399</X>
			<Y>118</Y>
		</point>
		<point>
			<X>399</X>
			<Y>116</Y>
		</point>
		<point>
			<X>399</X>
			<Y>116</Y>
		</point>
		<point>
			<X>399</X>
			<Y>115</Y>
		</point>
		<point>
			<X>399</X>
			<Y>115</Y>
		</point>
		<point>
			<X>399</X>
			<Y>111</Y>
		</point>
		<point>
			<X>399</X>
			<Y>111</Y>
		</point>
		<point>
			<X>399</X>
			<Y>110</Y>
		</point>
		<point>
			<X>399</X>
			<Y>110</Y>
		</point>
		<point>
			<X>399</X>
			<Y>108</Y>
		</point>
		<point>
			<X>399</X>
			<Y>108</Y>
		</point>
		<point>
			<X>399</X>
			<Y>106</Y>
		</point>
		<point>
			<X>399</X>
			<Y>106</Y>
		</point>
		<point>
			<X>399</X>
			<Y>106</Y>
		</point>
		<point>
			<X>399</X>
			<Y>106</Y>
		</point>
		<point>
			<X>399</X>
			<Y>105</Y>
		</point>
		<point>
			<X>399</X>
			<Y>105</Y>
		</point>
		<point>
			<X>399</X>
			<Y>101</Y>
		</point>
		<point>
			<X>399</X>
			<Y>101</Y>
		</point>
		<point>
			<X>399</X>
			<Y>101</Y>
		</point>
		<point>
			<X>399</X>
			<Y>101</Y>
		</point>
		<point>
			<X>399</X>
			<Y>100</Y>
		</point>
		<point>
			<X>399</X>
			<Y>100</Y>
		</point>
		<point>
			<X>399</X>
			<Y>98</Y>
		</point>
		<point>
			<X>399</X>
			<Y>98</Y>
		</point>
		<point>
			<X>399</X>
			<Y>96</Y>
		</point>
		<point>
			<X>399</X>
			<Y>96</Y>
		</point>
		<point>
			<X>399</X>
			<Y>95</Y>
		</point>
		<point>
			<X>399</X>
			<Y>95</Y>
		</point>
		<point>
			<X>399</X>
			<Y>93</Y>
		</point>
		<point>
			<X>399</X>
			<Y>93</Y>
		</point>
		<point>
			<X>399</X>
			<Y>91</Y>
		</point>
		<point>
			<X>399</X>
			<Y>91</Y>
		</point>
		<point>
			<X>399</X>
			<Y>90</Y>
		</point>
		<point>
			<X>399</X>
			<Y>90</Y>
		</point>
		<point>
			<X>399</X>
			<Y>88</Y>
		</point>
		<point>
			<X>399</X>
			<Y>88</Y>
		</point>
		<point>
			<X>399</X>
			<Y>87</Y>
		</point>
		<point>
			<X>399</X>
			<Y>87</Y>
		</point>
		<point>
			<X>399</X>
			<Y>86</Y>
		</point>
		<point>
			<X>399</X>
			<Y>86</Y>
		</point>
		<point>
			<X>397</X>
			<Y>83</Y>
		</point>
		<point>
			<X>397</X>
			<Y>83</Y>
		</point>
		<point>
			<X>397</X>
			<Y>81</Y>
		</point>
		<point>
			<X>397</X>
			<Y>81</Y>
		</point>
		<point>
			<X>397</X>
			<Y>80</Y>
		</point>
		<point>
			<X>397</X>
			<Y>80</Y>
		</point>
		<point>
			<X>397</X>
			<Y>78</Y>
		</point>
		<point>
			<X>397</X>
			<Y>78</Y>
		</point>
		<point>
			<X>397</X>
			<Y>77</Y>
		</point>
		<point>
			<X>397</X>
			<Y>77</Y>
		</point>
		<point>
			<X>397</X>
			<Y>76</Y>
		</point>
		<point>
			<X>397</X>
			<Y>76</Y>
		</point>
		<point>
			<X>397</X>
			<Y>73</Y>
		</point>
		<point>
			<X>397</X>
			<Y>73</Y>
		</point>
		<point>
			<X>397</X>
			<Y>72</Y>
		</point>
		<point>
			<X>397</X>
			<Y>72</Y>
		</point>
		<point>
			<X>397</X>
			<Y>71</Y>
		</point>
		<point>
			<X>397</X>
			<Y>71</Y>
		</point>
		<point>
			<X>397</X>
			<Y>70</Y>
		</point>
		<point>
			<X>397</X>
			<Y>70</Y>
		</point>
		<point>
			<X>397</X>
			<Y>69</Y>
		</point>
		<point>
			<X>397</X>
			<Y>69</Y>
		</point>
		<point>
			<X>397</X>
			<Y>68</Y>
		</point>
		<point>
			<X>397</X>
			<Y>68</Y>
		</point>
		<point>
			<X>397</X>
			<Y>66</Y>
		</point>
		<point>
			<X>397</X>
			<Y>66</Y>
		</point>
		<point>
			<X>395</X>
			<Y>65</Y>
		</point>
		<point>
			<X>395</X>
			<Y>65</Y>
		</point>
		<point>
			<X>395</X>
			<Y>63</Y>
		</point>
		<point>
			<X>395</X>
			<Y>63</Y>
		</point>
		<point>
			<X>395</X>
			<Y>60</Y>
		</point>
		<point>
			<X>395</X>
			<Y>60</Y>
		</point>
		<point>
			<X>395</X>
			<Y>60</Y>
		</point>
		<point>
			<X>395</X>
			<Y>60</Y>
		</point>
		<point>
			<X>394</X>
			<Y>58</Y>
		</point>
		<point>
			<X>394</X>
			<Y>58</Y>
		</point>
		<point>
			<X>394</X>
			<Y>57</Y>
		</point>
		<point>
			<X>394</X>
			<Y>57</Y>
		</point>
		<point>
			<X>394</X>
			<Y>55</Y>
		</point>
		<point>
			<X>394</X>
			<Y>55</Y>
		</point>
		<point>
			<X>394</X>
			<Y>53</Y>
		</point>
		<point>
			<X>394</X>
			<Y>53</Y>
		</point>
		<point>
			<X>394</X>
			<Y>50</Y>
		</point>
		<point>
			<X>394</X>
			<Y>50</Y>
		</point>
		<point>
			<X>394</X>
			<Y>50</Y>
		</point>
		<point>
			<X>394</X>
			<Y>50</Y>
		</point>
		<point>
			<X>394</X>
			<Y>49</Y>
		</point>
		<point>
			<X>394</X>
			<Y>49</Y>
		</point>
		<point>
			<X>394</X>
			<Y>48</Y>
		</point>
		<point>
			<X>394</X>
			<Y>48</Y>
		</point>
		<point>
			<X>393</X>
			<Y>48</Y>
		</point>
		<point>
			<X>392</X>
			<Y>46</Y>
		</point>
		<point>
			<X>392</X>
			<Y>46</Y>
		</point>
		<point>
			<X>390</X>
			<Y>46</Y>
		</point>
		<point>
			<X>390</X>
			<Y>46</Y>
		</point>
		<point>
			<X>390</X>
			<Y>45</Y>
		</point>
		<point>
			<X>390</X>
			<Y>43</Y>
		</point>
		<point>
			<X>390</X>
			<Y>43</Y>
		</point>
		<point>
			<X>389</X>
			<Y>41</Y>
		</point>
		<point>
			<X>389</X>
			<Y>41</Y>
		</point>
		<point>
			<X>388</X>
			<Y>41</Y>
		</point>
		<point>
			<X>388</X>
			<Y>41</Y>
		</point>
		<point>
			<X>388</X>
			<Y>40</Y>
		</point>
		<point>
			<X>388</X>
			<Y>40</Y>
		</point>
		<point>
			<X>388</X>
			<Y>39</Y>
		</point>
		<point>
			<X>388</X>
			<Y>39</Y>
		</point>
		<point>
			<X>387</X>
			<Y>39</Y>
		</point>
		<point>
			<X>385</X>
			<Y>38</Y>
		</point>
		<point>
			<X>385</X>
			<Y>38</Y>
		</point>
		<point>
			<X>384</X>
			<Y>37</Y>
		</point>
		<point>
			<X>384</X>
			<Y>37</Y>
		</point>
		<point>
			<X>383</X>
			<Y>36</Y>
		</point>
		<point>
			<X>383</X>
			<Y>36</Y>
		</point>
		<point>
			<X>383</X>
			<Y>35</Y>
		</point>
		<point>
			<X>383</X>
			<Y>35</Y>
		</point>
		<point>
			<X>382</X>
			<Y>35</Y>
		</point>
		<point>
			<X>380</X>
			<Y>35</Y>
		</point>
		<point>
			<X>380</X>
			<Y>35</Y>
		</point>
		<point>
			<X>380</X>
			<Y>33</Y>
		</point>
		<point>
			<X>379</X>
			<Y>32</Y>
		</point>
		<point>
			<X>379</X>
			<Y>32</Y>
		</point>
		<point>
			<X>377</X>
			<Y>31</Y>
		</point>
		<point>
			<X>377</X>
			<Y>31</Y>
		</point>
		<point>
			<X>374</X>
			<Y>29</Y>
		</point>
		<point>
			<X>374</X>
			<Y>29</Y>
		</point>
		<point>
			<X>370</X>
			<Y>27</Y>
		</point>
		<point>
			<X>370</X>
			<Y>27</Y>
		</point>
		<point>
			<X>365</X>
			<Y>27</Y>
		</point>
		<point>
			<X>365</X>
			<Y>27</Y>
		</point>
		<point>
			<X>360</X>
			<Y>23</Y>
		</point>
		<point>
			<X>360</X>
			<Y>23</Y>
		</point>
		<point>
			<X>353</X>
			<Y>20</Y>
		</point>
		<point>
			<X>353</X>
			<Y>20</Y>
		</point>
		<point>
			<X>347</X>
			<Y>19</Y>
		</point>
		<point>
			<X>347</X>
			<Y>19</Y>
		</point>
		<point>
			<X>339</X>
			<Y>17</Y>
		</point>
		<point>
			<X>339</X>
			<Y>17</Y>
		</point>
		<point>
			<X>330</X>
			<Y>16</Y>
		</point>
		<point>
			<X>330</X>
			<Y>16</Y>
		</point>
		<point>
			<X>320</X>
			<Y>15</Y>
		</point>
		<point>
			<X>320</X>
			<Y>15</Y>
		</point>
		<point>
			<X>312</X>
			<Y>15</Y>
		</point>
		<point>
			<X>312</X>
			<Y>15</Y>
		</point>
		<point>
			<X>300</X>
			<Y>15</Y>
		</point>
		<point>
			<X>300</X>
			<Y>15</Y>
		</point>
		<point>
			<X>291</X>
			<Y>15</Y>
		</point>
		<point>
			<X>291</X>
			<Y>15</Y>
		</point>
		<point>
			<X>281</X>
			<Y>15</Y>
		</point>
		<point>
			<X>281</X>
			<Y>15</Y>
		</point>
		<point>
			<X>272</X>
			<Y>15</Y>
		</point>
		<point>
			<X>272</X>
			<Y>15</Y>
		</point>
		<point>
			<X>262</X>
			<Y>15</Y>
		</point>
		<point>
			<X>262</X>
			<Y>15</Y>
		</point>
		<point>
			<X>255</X>
			<Y>12</Y>
		</point>
		<point>
			<X>255</X>
			<Y>12</Y>
		</point>
		<point>
			<X>248</X>
			<Y>12</Y>
		</point>
		<point>
			<X>248</X>
			<Y>12</Y>
		</point>
		<point>
			<X>238</X>
			<Y>12</Y>
		</point>
		<point>
			<X>238</X>
			<Y>12</Y>
		</point>
		<point>
			<X>232</X>
			<Y>15</Y>
		</point>
		<point>
			<X>232</X>
			<Y>15</Y>
		</point>
		<point>
			<X>225</X>
			<Y>17</Y>
		</point>
		<point>
			<X>225</X>
			<Y>17</Y>
		</point>
		<point>
			<X>220</X>
			<Y>18</Y>
		</point>
		<point>
			<X>220</X>
			<Y>18</Y>
		</point>
		<point>
			<X>212</X>
			<Y>20</Y>
		</point>
		<point>
			<X>212</X>
			<Y>20</Y>
		</point>
		<point>
			<X>207</X>
			<Y>22</Y>
		</point>
		<point>
			<X>207</X>
			<Y>22</Y>
		</point>
		<point>
			<X>202</X>
			<Y>25</Y>
		</point>
		<point>
			<X>202</X>
			<Y>25</Y>
		</point>
		<point>
			<X>201</X>
			<Y>25</Y>
		</point>
		<point>
			<X>201</X>
			<Y>25</Y>
		</point>
		<point>
			<X>198</X>
			<Y>25</Y>
		</point>
		<point>
			<X>198</X>
			<Y>25</Y>
		</point>
		<point>
			<X>197</X>
			<Y>25</Y>
		</point>
		<point>
			<X>197</X>
			<Y>25</Y>
		</point>
		<point>
			<X>197</X>
			<Y>25</Y>
		</point>
		<point>
			<X>197</X>
			<Y>25</Y>
		</point>
		<point>
			<X>195</X>
			<Y>27</Y>
		</point>
		<point>
			<X>195</X>
			<Y>27</Y>
		</point>
		<point>
			<X>192</X>
			<Y>27</Y>
		</point>
		<point>
			<X>192</X>
			<Y>27</Y>
		</point>
		<point>
			<X>191</X>
			<Y>30</Y>
		</point>
		<point>
			<X>191</X>
			<Y>30</Y>
		</point>
		<point>
			<X>192</X>
			<Y>30</Y>
		</point>
		<point>
			<X>191</X>
			<Y>31</Y>
		</point>
		<point>
			<X>187</X>
			<Y>33</Y>
		</point>
		<point>
			<X>187</X>
			<Y>33</Y>
		</point>
		<point>
			<X>181</X>
			<Y>37</Y>
		</point>
		<point>
			<X>181</X>
			<Y>37</Y>
		</point>
		<point>
			<X>177</X>
			<Y>39</Y>
		</point>
		<point>
			<X>177</X>
			<Y>39</Y>
		</point>
		<point>
			<X>172</X>
			<Y>41</Y>
		</point>
		<point>
			<X>172</X>
			<Y>41</Y>
		</point>
		<point>
			<X>167</X>
			<Y>45</Y>
		</point>
		<point>
			<X>167</X>
			<Y>45</Y>
		</point>
		<point>
			<X>162</X>
			<Y>46</Y>
		</point>
		<point>
			<X>162</X>
			<Y>46</Y>
		</point>
		<point>
			<X>161</X>
			<Y>48</Y>
		</point>
		<point>
			<X>161</X>
			<Y>48</Y>
		</point>
		<point>
			<X>157</X>
			<Y>50</Y>
		</point>
		<point>
			<X>157</X>
			<Y>50</Y>
		</point>
		<point>
			<X>152</X>
			<Y>50</Y>
		</point>
		<point>
			<X>152</X>
			<Y>50</Y>
		</point>
		<point>
			<X>149</X>
			<Y>55</Y>
		</point>
		<point>
			<X>149</X>
			<Y>55</Y>
		</point>
		<point>
			<X>147</X>
			<Y>55</Y>
		</point>
		<point>
			<X>147</X>
			<Y>55</Y>
		</point>
		<point>
			<X>143</X>
			<Y>59</Y>
		</point>
		<point>
			<X>143</X>
			<Y>59</Y>
		</point>
		<point>
			<X>140</X>
			<Y>60</Y>
		</point>
		<point>
			<X>140</X>
			<Y>60</Y>
		</point>
		<point>
			<X>137</X>
			<Y>63</Y>
		</point>
		<point>
			<X>137</X>
			<Y>63</Y>
		</point>
		<point>
			<X>134</X>
			<Y>65</Y>
		</point>
		<point>
			<X>134</X>
			<Y>65</Y>
		</point>
		<point>
			<X>130</X>
			<Y>68</Y>
		</point>
		<point>
			<X>130</X>
			<Y>68</Y>
		</point>
		<point>
			<X>126</X>
			<Y>70</Y>
		</point>
		<point>
			<X>126</X>
			<Y>70</Y>
		</point>
		<point>
			<X>123</X>
			<Y>73</Y>
		</point>
		<point>
			<X>123</X>
			<Y>73</Y>
		</point>
		<point>
			<X>119</X>
			<Y>76</Y>
		</point>
		<point>
			<X>119</X>
			<Y>76</Y>
		</point>
		<point>
			<X>116</X>
			<Y>78</Y>
		</point>
		<point>
			<X>116</X>
			<Y>78</Y>
		</point>
		<point>
			<X>114</X>
			<Y>80</Y>
		</point>
		<point>
			<X>114</X>
			<Y>80</Y>
		</point>
		<point>
			<X>111</X>
			<Y>82</Y>
		</point>
		<point>
			<X>111</X>
			<Y>82</Y>
		</point>
		<point>
			<X>108</X>
			<Y>83</Y>
		</point>
		<point>
			<X>108</X>
			<Y>83</Y>
		</point>
		<point>
			<X>106</X>
			<Y>86</Y>
		</point>
		<point>
			<X>106</X>
			<Y>86</Y>
		</point>
		<point>
			<X>103</X>
			<Y>88</Y>
		</point>
		<point>
			<X>103</X>
			<Y>88</Y>
		</point>
		<point>
			<X>100</X>
			<Y>90</Y>
		</point>
		<point>
			<X>100</X>
			<Y>90</Y>
		</point>
		<point>
			<X>97</X>
			<Y>92</Y>
		</point>
		<point>
			<X>97</X>
			<Y>92</Y>
		</point>
		<point>
			<X>92</X>
			<Y>97</Y>
		</point>
		<point>
			<X>92</X>
			<Y>97</Y>
		</point>
		<point>
			<X>88</X>
			<Y>98</Y>
		</point>
		<point>
			<X>88</X>
			<Y>98</Y>
		</point>
		<point>
			<X>83</X>
			<Y>101</Y>
		</point>
		<point>
			<X>83</X>
			<Y>101</Y>
		</point>
		<point>
			<X>80</X>
			<Y>106</Y>
		</point>
		<point>
			<X>80</X>
			<Y>106</Y>
		</point>
		<point>
			<X>75</X>
			<Y>108</Y>
		</point>
		<point>
			<X>75</X>
			<Y>108</Y>
		</point>
		<point>
			<X>73</X>
			<Y>111</Y>
		</point>
		<point>
			<X>73</X>
			<Y>111</Y>
		</point>
		<point>
			<X>71</X>
			<Y>115</Y>
		</point>
		<point>
			<X>71</X>
			<Y>115</Y>
		</point>
		<point>
			<X>70</X>
			<Y>116</Y>
		</point>
		<point>
			<X>70</X>
			<Y>116</Y>
		</point>
		<point>
			<X>67</X>
			<Y>121</Y>
		</point>
		<point>
			<X>67</X>
			<Y>121</Y>
		</point>
		<point>
			<X>65</X>
			<Y>125</Y>
		</point>
		<point>
			<X>65</X>
			<Y>125</Y>
		</point>
		<point>
			<X>62</X>
			<Y>126</Y>
		</point>
		<point>
			<X>62</X>
			<Y>126</Y>
		</point>
		<point>
			<X>60</X>
			<Y>131</Y>
		</point>
		<point>
			<X>60</X>
			<Y>131</Y>
		</point>
		<point>
			<X>57</X>
			<Y>135</Y>
		</point>
		<point>
			<X>57</X>
			<Y>135</Y>
		</point>
		<point>
			<X>53</X>
			<Y>138</Y>
		</point>
		<point>
			<X>53</X>
			<Y>138</Y>
		</point>
		<point>
			<X>49</X>
			<Y>143</Y>
		</point>
		<point>
			<X>49</X>
			<Y>143</Y>
		</point>
		<point>
			<X>45</X>
			<Y>147</Y>
		</point>
		<point>
			<X>45</X>
			<Y>147</Y>
		</point>
		<point>
			<X>43</X>
			<Y>151</Y>
		</point>
		<point>
			<X>43</X>
			<Y>151</Y>
		</point>
		<point>
			<X>41</X>
			<Y>152</Y>
		</point>
		<point>
			<X>41</X>
			<Y>152</Y>
		</point>
		<point>
			<X>40</X>
			<Y>155</Y>
		</point>
		<point>
			<X>40</X>
			<Y>155</Y>
		</point>
		<point>
			<X>39</X>
			<Y>157</Y>
		</point>
		<point>
			<X>39</X>
			<Y>157</Y>
		</point>
		<point>
			<X>38</X>
			<Y>159</Y>
		</point>
		<point>
			<X>38</X>
			<Y>159</Y>
		</point>
		<point>
			<X>38</X>
			<Y>160</Y>
		</point>
		<point>
			<X>38</X>
			<Y>160</Y>
		</point>
		<point>
			<X>38</X>
			<Y>162</Y>
		</point>
		<point>
			<X>38</X>
			<Y>162</Y>
		</point>
		<point>
			<X>37</X>
			<Y>167</Y>
		</point>
		<point>
			<X>37</X>
			<Y>167</Y>
		</point>
		<point>
			<X>34</X>
			<Y>170</Y>
		</point>
		<point>
			<X>34</X>
			<Y>170</Y>
		</point>
		<point>
			<X>34</X>
			<Y>172</Y>
		</point>
		<point>
			<X>34</X>
			<Y>172</Y>
		</point>
		<point>
			<X>33</X>
			<Y>177</Y>
		</point>
		<point>
			<X>33</X>
			<Y>177</Y>
		</point>
		<point>
			<X>32</X>
			<Y>181</Y>
		</point>
		<point>
			<X>32</X>
			<Y>181</Y>
		</point>
		<point>
			<X>30</X>
			<Y>185</Y>
		</point>
		<point>
			<X>30</X>
			<Y>185</Y>
		</point>
		<point>
			<X>30</X>
			<Y>190</Y>
		</point>
		<point>
			<X>30</X>
			<Y>190</Y>
		</point>
		<point>
			<X>30</X>
			<Y>195</Y>
		</point>
		<point>
			<X>30</X>
			<Y>195</Y>
		</point>
		<point>
			<X>30</X>
			<Y>197</Y>
		</point>
		<point>
			<X>30</X>
			<Y>197</Y>
		</point>
		<point>
			<X>29</X>
			<Y>202</Y>
		</point>
		<point>
			<X>29</X>
			<Y>202</Y>
		</point>
		<point>
			<X>27</X>
			<Y>207</Y>
		</point>
		<point>
			<X>27</X>
			<Y>207</Y>
		</point>
		<point>
			<X>27</X>
			<Y>210</Y>
		</point>
		<point>
			<X>27</X>
			<Y>210</Y>
		</point>
		<point>
			<X>27</X>
			<Y>212</Y>
		</point>
		<point>
			<X>27</X>
			<Y>212</Y>
		</point>
		<point>
			<X>25</X>
			<Y>217</Y>
		</point>
		<point>
			<X>25</X>
			<Y>217</Y>
		</point>
		<point>
			<X>25</X>
			<Y>220</Y>
		</point>
		<point>
			<X>25</X>
			<Y>220</Y>
		</point>
		<point>
			<X>24</X>
			<Y>225</Y>
		</point>
		<point>
			<X>24</X>
			<Y>225</Y>
		</point>
		<point>
			<X>23</X>
			<Y>228</Y>
		</point>
		<point>
			<X>23</X>
			<Y>228</Y>
		</point>
		<point>
			<X>22</X>
			<Y>232</Y>
		</point>
		<point>
			<X>22</X>
			<Y>232</Y>
		</point>
		<point>
			<X>22</X>
			<Y>237</Y>
		</point>
		<point>
			<X>22</X>
			<Y>237</Y>
		</point>
		<point>
			<X>22</X>
			<Y>240</Y>
		</point>
		<point>
			<X>22</X>
			<Y>240</Y>
		</point>
		<point>
			<X>22</X>
			<Y>243</Y>
		</point>
		<point>
			<X>22</X>
			<Y>243</Y>
		</point>
		<point>
			<X>22</X>
			<Y>248</Y>
		</point>
		<point>
			<X>22</X>
			<Y>248</Y>
		</point>
		<point>
			<X>23</X>
			<Y>251</Y>
		</point>
		<point>
			<X>23</X>
			<Y>251</Y>
		</point>
		<point>
			<X>25</X>
			<Y>256</Y>
		</point>
		<point>
			<X>25</X>
			<Y>256</Y>
		</point>
		<point>
			<X>27</X>
			<Y>259</Y>
		</point>
		<point>
			<X>27</X>
			<Y>259</Y>
		</point>
		<point>
			<X>29</X>
			<Y>262</Y>
		</point>
		<point>
			<X>29</X>
			<Y>262</Y>
		</point>
		<point>
			<X>30</X>
			<Y>265</Y>
		</point>
		<point>
			<X>30</X>
			<Y>265</Y>
		</point>
		<point>
			<X>32</X>
			<Y>267</Y>
		</point>
		<point>
			<X>32</X>
			<Y>267</Y>
		</point>
		<point>
			<X>32</X>
			<Y>269</Y>
		</point>
		<point>
			<X>32</X>
			<Y>269</Y>
		</point>
		<point>
			<X>33</X>
			<Y>270</Y>
		</point>
		<point>
			<X>33</X>
			<Y>270</Y>
		</point>
		<point>
			<X>34</X>
			<Y>272</Y>
		</point>
		<point>
			<X>34</X>
			<Y>272</Y>
		</point>
		<point>
			<X>35</X>
			<Y>273</Y>
		</point>
		<point>
			<X>35</X>
			<Y>273</Y>
		</point>
		<point>
			<X>38</X>
			<Y>276</Y>
		</point>
		<point>
			<X>38</X>
			<Y>276</Y>
		</point>
		<point>
			<X>38</X>
			<Y>277</Y>
		</point>
		<point>
			<X>38</X>
			<Y>277</Y>
		</point>
		<point>
			<X>39</X>
			<Y>279</Y>
		</point>
		<point>
			<X>39</X>
			<Y>279</Y>
		</point>
		<point>
			<X>40</X>
			<Y>280</Y>
		</point>
		<point>
			<X>40</X>
			<Y>280</Y>
		</point>
		<point>
			<X>41</X>
			<Y>280</Y>
		</point>
		<point>
			<X>41</X>
			<Y>280</Y>
		</point>
		<point>
			<X>41</X>
			<Y>282</Y>
		</point>
		<point>
			<X>41</X>
			<Y>282</Y>
		</point>
		<point>
			<X>44</X>
			<Y>282</Y>
		</point>
		<point>
			<X>44</X>
			<Y>282</Y>
		</point>
		<point>
			<X>44</X>
			<Y>283</Y>
		</point>
		<point>
			<X>46</X>
			<Y>285</Y>
		</point>
		<point>
			<X>46</X>
			<Y>285</Y>
		</point>
		<point>
			<X>48</X>
			<Y>285</Y>
		</point>
		<point>
			<X>48</X>
			<Y>285</Y>
		</point>
		<point>
			<X>49</X>
			<Y>287</Y>
		</point>
		<point>
			<X>49</X>
			<Y>287</Y>
		</point>
		<point>
			<X>50</X>
			<Y>288</Y>
		</point>
		<point>
			<X>50</X>
			<Y>288</Y>
		</point>
		<point>
			<X>50</X>
			<Y>290</Y>
		</point>
		<point>
			<X>50</X>
			<Y>290</Y>
		</point>
		<point>
			<X>55</X>
			<Y>291</Y>
		</point>
		<point>
			<X>55</X>
			<Y>291</Y>
		</point>
		<point>
			<X>58</X>
			<Y>293</Y>
		</point>
		<point>
			<X>58</X>
			<Y>293</Y>
		</point>
		<point>
			<X>60</X>
			<Y>296</Y>
		</point>
		<point>
			<X>60</X>
			<Y>296</Y>
		</point>
		<point>
			<X>62</X>
			<Y>298</Y>
		</point>
		<point>
			<X>62</X>
			<Y>298</Y>
		</point>
		<point>
			<X>63</X>
			<Y>300</Y>
		</point>
		<point>
			<X>63</X>
			<Y>300</Y>
		</point>
		<point>
			<X>65</X>
			<Y>301</Y>
		</point>
		<point>
			<X>65</X>
			<Y>301</Y>
		</point>
		<point>
			<X>67</X>
			<Y>302</Y>
		</point>
		<point>
			<X>67</X>
			<Y>302</Y>
		</point>
		<point>
			<X>68</X>
			<Y>305</Y>
		</point>
		<point>
			<X>68</X>
			<Y>305</Y>
		</point>
		<point>
			<X>70</X>
			<Y>305</Y>
		</point>
		<point>
			<X>70</X>
			<Y>305</Y>
		</point>
		<point>
			<X>71</X>
			<Y>308</Y>
		</point>
		<point>
			<X>71</X>
			<Y>308</Y>
		</point>
		<point>
			<X>73</X>
			<Y>308</Y>
		</point>
		<point>
			<X>73</X>
			<Y>308</Y>
		</point>
		<point>
			<X>75</X>
			<Y>310</Y>
		</point>
		<point>
			<X>75</X>
			<Y>310</Y>
		</point>
		<point>
			<X>77</X>
			<Y>310</Y>
		</point>
		<point>
			<X>77</X>
			<Y>310</Y>
		</point>
		<point>
			<X>78</X>
			<Y>312</Y>
		</point>
		<point>
			<X>78</X>
			<Y>312</Y>
		</point>
	</polygon>
</annotation>