<annotation>
	<folder>anno</folder>
	<filename>2008_006327.jpg</filename>
	<source>
		<database>The anno Database</database>
		<annotation>VC anno</annotation>
		<image>Unknow</image>
		<flickrid>Unknow</flickrid>
	</source>
	<owner>
		<flickrid>Unknow</flickrid>
		<name>Unknow</name>
	</owner>
	<size>
		<width>400</width>
		<height>300</height>
		<depth>3</depth>
	</size>
	<segmented>1</segmented>
	<polygon>
		<tag>sheep</tag>
		<point>
			<X>23</X>
			<Y>146</Y>
		</point>
		<point>
			<X>25</X>
			<Y>146</Y>
		</point>
		<point>
			<X>26</X>
			<Y>146</Y>
		</point>
		<point>
			<X>27</X>
			<Y>146</Y>
		</point>
		<point>
			<X>27</X>
			<Y>147</Y>
		</point>
		<point>
			<X>27</X>
			<Y>147</Y>
		</point>
		<point>
			<X>25</X>
			<Y>148</Y>
		</point>
		<point>
			<X>25</X>
			<Y>148</Y>
		</point>
		<point>
			<X>26</X>
			<Y>149</Y>
		</point>
		<point>
			<X>27</X>
			<Y>150</Y>
		</point>
		<point>
			<X>27</X>
			<Y>150</Y>
		</point>
		<point>
			<X>29</X>
			<Y>150</Y>
		</point>
		<point>
			<X>30</X>
			<Y>151</Y>
		</point>
		<point>
			<X>30</X>
			<Y>151</Y>
		</point>
		<point>
			<X>34</X>
			<Y>152</Y>
		</point>
		<point>
			<X>34</X>
			<Y>152</Y>
		</point>
		<point>
			<X>35</X>
			<Y>153</Y>
		</point>
		<point>
			<X>35</X>
			<Y>153</Y>
		</point>
		<point>
			<X>36</X>
			<Y>153</Y>
		</point>
		<point>
			<X>36</X>
			<Y>153</Y>
		</point>
		<point>
			<X>37</X>
			<Y>153</Y>
		</point>
		<point>
			<X>37</X>
			<Y>153</Y>
		</point>
		<point>
			<X>38</X>
			<Y>153</Y>
		</point>
		<point>
			<X>38</X>
			<Y>153</Y>
		</point>
		<point>
			<X>38</X>
			<Y>154</Y>
		</point>
		<point>
			<X>39</X>
			<Y>154</Y>
		</point>
		<point>
			<X>40</X>
			<Y>155</Y>
		</point>
		<point>
			<X>40</X>
			<Y>155</Y>
		</point>
		<point>
			<X>41</X>
			<Y>155</Y>
		</point>
		<point>
			<X>41</X>
			<Y>155</Y>
		</point>
		<point>
			<X>43</X>
			<Y>155</Y>
		</point>
		<point>
			<X>43</X>
			<Y>155</Y>
		</point>
		<point>
			<X>45</X>
			<Y>155</Y>
		</point>
		<point>
			<X>45</X>
			<Y>155</Y>
		</point>
		<point>
			<X>47</X>
			<Y>156</Y>
		</point>
		<point>
			<X>47</X>
			<Y>156</Y>
		</point>
		<point>
			<X>50</X>
			<Y>156</Y>
		</point>
		<point>
			<X>50</X>
			<Y>156</Y>
		</point>
		<point>
			<X>55</X>
			<Y>156</Y>
		</point>
		<point>
			<X>55</X>
			<Y>156</Y>
		</point>
		<point>
			<X>59</X>
			<Y>156</Y>
		</point>
		<point>
			<X>59</X>
			<Y>156</Y>
		</point>
		<point>
			<X>64</X>
			<Y>156</Y>
		</point>
		<point>
			<X>64</X>
			<Y>156</Y>
		</point>
		<point>
			<X>67</X>
			<Y>156</Y>
		</point>
		<point>
			<X>67</X>
			<Y>156</Y>
		</point>
		<point>
			<X>71</X>
			<Y>156</Y>
		</point>
		<point>
			<X>71</X>
			<Y>156</Y>
		</point>
		<point>
			<X>75</X>
			<Y>156</Y>
		</point>
		<point>
			<X>75</X>
			<Y>156</Y>
		</point>
		<point>
			<X>79</X>
			<Y>156</Y>
		</point>
		<point>
			<X>79</X>
			<Y>156</Y>
		</point>
		<point>
			<X>81</X>
			<Y>156</Y>
		</point>
		<point>
			<X>81</X>
			<Y>156</Y>
		</point>
		<point>
			<X>82</X>
			<Y>156</Y>
		</point>
		<point>
			<X>82</X>
			<Y>156</Y>
		</point>
		<point>
			<X>83</X>
			<Y>156</Y>
		</point>
		<point>
			<X>83</X>
			<Y>156</Y>
		</point>
		<point>
			<X>84</X>
			<Y>155</Y>
		</point>
		<point>
			<X>84</X>
			<Y>155</Y>
		</point>
		<point>
			<X>85</X>
			<Y>154</Y>
		</point>
		<point>
			<X>85</X>
			<Y>154</Y>
		</point>
		<point>
			<X>86</X>
			<Y>154</Y>
		</point>
		<point>
			<X>86</X>
			<Y>154</Y>
		</point>
		<point>
			<X>86</X>
			<Y>153</Y>
		</point>
		<point>
			<X>88</X>
			<Y>153</Y>
		</point>
		<point>
			<X>88</X>
			<Y>153</Y>
		</point>
		<point>
			<X>90</X>
			<Y>151</Y>
		</point>
		<point>
			<X>90</X>
			<Y>151</Y>
		</point>
		<point>
			<X>93</X>
			<Y>150</Y>
		</point>
		<point>
			<X>93</X>
			<Y>150</Y>
		</point>
		<point>
			<X>94</X>
			<Y>149</Y>
		</point>
		<point>
			<X>94</X>
			<Y>149</Y>
		</point>
		<point>
			<X>95</X>
			<Y>148</Y>
		</point>
		<point>
			<X>95</X>
			<Y>148</Y>
		</point>
		<point>
			<X>95</X>
			<Y>146</Y>
		</point>
		<point>
			<X>95</X>
			<Y>146</Y>
		</point>
		<point>
			<X>97</X>
			<Y>146</Y>
		</point>
		<point>
			<X>97</X>
			<Y>146</Y>
		</point>
		<point>
			<X>99</X>
			<Y>144</Y>
		</point>
		<point>
			<X>99</X>
			<Y>144</Y>
		</point>
		<point>
			<X>100</X>
			<Y>144</Y>
		</point>
		<point>
			<X>100</X>
			<Y>144</Y>
		</point>
		<point>
			<X>101</X>
			<Y>143</Y>
		</point>
		<point>
			<X>101</X>
			<Y>143</Y>
		</point>
		<point>
			<X>103</X>
			<Y>142</Y>
		</point>
		<point>
			<X>103</X>
			<Y>142</Y>
		</point>
		<point>
			<X>104</X>
			<Y>141</Y>
		</point>
		<point>
			<X>104</X>
			<Y>141</Y>
		</point>
		<point>
			<X>105</X>
			<Y>140</Y>
		</point>
		<point>
			<X>105</X>
			<Y>140</Y>
		</point>
		<point>
			<X>106</X>
			<Y>138</Y>
		</point>
		<point>
			<X>106</X>
			<Y>138</Y>
		</point>
		<point>
			<X>106</X>
			<Y>137</Y>
		</point>
		<point>
			<X>106</X>
			<Y>137</Y>
		</point>
		<point>
			<X>108</X>
			<Y>137</Y>
		</point>
		<point>
			<X>108</X>
			<Y>137</Y>
		</point>
		<point>
			<X>109</X>
			<Y>136</Y>
		</point>
		<point>
			<X>109</X>
			<Y>136</Y>
		</point>
		<point>
			<X>110</X>
			<Y>134</Y>
		</point>
		<point>
			<X>110</X>
			<Y>134</Y>
		</point>
		<point>
			<X>111</X>
			<Y>134</Y>
		</point>
		<point>
			<X>111</X>
			<Y>134</Y>
		</point>
		<point>
			<X>111</X>
			<Y>133</Y>
		</point>
		<point>
			<X>114</X>
			<Y>132</Y>
		</point>
		<point>
			<X>114</X>
			<Y>132</Y>
		</point>
		<point>
			<X>115</X>
			<Y>131</Y>
		</point>
		<point>
			<X>115</X>
			<Y>131</Y>
		</point>
		<point>
			<X>116</X>
			<Y>130</Y>
		</point>
		<point>
			<X>116</X>
			<Y>130</Y>
		</point>
		<point>
			<X>118</X>
			<Y>129</Y>
		</point>
		<point>
			<X>118</X>
			<Y>129</Y>
		</point>
		<point>
			<X>119</X>
			<Y>128</Y>
		</point>
		<point>
			<X>119</X>
			<Y>128</Y>
		</point>
		<point>
			<X>120</X>
			<Y>126</Y>
		</point>
		<point>
			<X>120</X>
			<Y>126</Y>
		</point>
		<point>
			<X>121</X>
			<Y>126</Y>
		</point>
		<point>
			<X>121</X>
			<Y>126</Y>
		</point>
		<point>
			<X>121</X>
			<Y>126</Y>
		</point>
		<point>
			<X>121</X>
			<Y>126</Y>
		</point>
		<point>
			<X>121</X>
			<Y>125</Y>
		</point>
		<point>
			<X>121</X>
			<Y>124</Y>
		</point>
		<point>
			<X>121</X>
			<Y>124</Y>
		</point>
		<point>
			<X>123</X>
			<Y>124</Y>
		</point>
		<point>
			<X>124</X>
			<Y>124</Y>
		</point>
		<point>
			<X>124</X>
			<Y>124</Y>
		</point>
		<point>
			<X>124</X>
			<Y>123</Y>
		</point>
		<point>
			<X>126</X>
			<Y>123</Y>
		</point>
		<point>
			<X>126</X>
			<Y>123</Y>
		</point>
		<point>
			<X>126</X>
			<Y>121</Y>
		</point>
		<point>
			<X>126</X>
			<Y>121</Y>
		</point>
		<point>
			<X>129</X>
			<Y>121</Y>
		</point>
		<point>
			<X>129</X>
			<Y>121</Y>
		</point>
		<point>
			<X>131</X>
			<Y>118</Y>
		</point>
		<point>
			<X>131</X>
			<Y>118</Y>
		</point>
		<point>
			<X>134</X>
			<Y>116</Y>
		</point>
		<point>
			<X>134</X>
			<Y>116</Y>
		</point>
		<point>
			<X>137</X>
			<Y>115</Y>
		</point>
		<point>
			<X>137</X>
			<Y>115</Y>
		</point>
		<point>
			<X>139</X>
			<Y>114</Y>
		</point>
		<point>
			<X>140</X>
			<Y>114</Y>
		</point>
		<point>
			<X>142</X>
			<Y>113</Y>
		</point>
		<point>
			<X>142</X>
			<Y>113</Y>
		</point>
		<point>
			<X>142</X>
			<Y>111</Y>
		</point>
		<point>
			<X>142</X>
			<Y>111</Y>
		</point>
		<point>
			<X>143</X>
			<Y>111</Y>
		</point>
		<point>
			<X>144</X>
			<Y>111</Y>
		</point>
		<point>
			<X>144</X>
			<Y>111</Y>
		</point>
		<point>
			<X>144</X>
			<Y>111</Y>
		</point>
		<point>
			<X>145</X>
			<Y>111</Y>
		</point>
		<point>
			<X>146</X>
			<Y>110</Y>
		</point>
		<point>
			<X>146</X>
			<Y>110</Y>
		</point>
		<point>
			<X>147</X>
			<Y>109</Y>
		</point>
		<point>
			<X>147</X>
			<Y>109</Y>
		</point>
		<point>
			<X>149</X>
			<Y>108</Y>
		</point>
		<point>
			<X>149</X>
			<Y>108</Y>
		</point>
		<point>
			<X>150</X>
			<Y>108</Y>
		</point>
		<point>
			<X>151</X>
			<Y>106</Y>
		</point>
		<point>
			<X>151</X>
			<Y>106</Y>
		</point>
		<point>
			<X>154</X>
			<Y>105</Y>
		</point>
		<point>
			<X>154</X>
			<Y>105</Y>
		</point>
		<point>
			<X>156</X>
			<Y>104</Y>
		</point>
		<point>
			<X>156</X>
			<Y>104</Y>
		</point>
		<point>
			<X>158</X>
			<Y>103</Y>
		</point>
		<point>
			<X>158</X>
			<Y>103</Y>
		</point>
		<point>
			<X>159</X>
			<Y>103</Y>
		</point>
		<point>
			<X>160</X>
			<Y>101</Y>
		</point>
		<point>
			<X>160</X>
			<Y>101</Y>
		</point>
		<point>
			<X>160</X>
			<Y>100</Y>
		</point>
		<point>
			<X>160</X>
			<Y>100</Y>
		</point>
		<point>
			<X>161</X>
			<Y>100</Y>
		</point>
		<point>
			<X>162</X>
			<Y>100</Y>
		</point>
		<point>
			<X>162</X>
			<Y>98</Y>
		</point>
		<point>
			<X>162</X>
			<Y>98</Y>
		</point>
		<point>
			<X>163</X>
			<Y>98</Y>
		</point>
		<point>
			<X>164</X>
			<Y>98</Y>
		</point>
		<point>
			<X>164</X>
			<Y>97</Y>
		</point>
		<point>
			<X>164</X>
			<Y>97</Y>
		</point>
		<point>
			<X>165</X>
			<Y>97</Y>
		</point>
		<point>
			<X>165</X>
			<Y>95</Y>
		</point>
		<point>
			<X>165</X>
			<Y>95</Y>
		</point>
		<point>
			<X>165</X>
			<Y>95</Y>
		</point>
		<point>
			<X>166</X>
			<Y>95</Y>
		</point>
		<point>
			<X>166</X>
			<Y>95</Y>
		</point>
	</polygon>
	<polygon>
		<tag>sheep</tag>
		<point>
			<X>213</X>
			<Y>60</Y>
		</point>
		<point>
			<X>212</X>
			<Y>60</Y>
		</point>
		<point>
			<X>212</X>
			<Y>60</Y>
		</point>
		<point>
			<X>208</X>
			<Y>63</Y>
		</point>
		<point>
			<X>208</X>
			<Y>63</Y>
		</point>
		<point>
			<X>206</X>
			<Y>64</Y>
		</point>
		<point>
			<X>206</X>
			<Y>64</Y>
		</point>
		<point>
			<X>206</X>
			<Y>64</Y>
		</point>
		<point>
			<X>206</X>
			<Y>64</Y>
		</point>
		<point>
			<X>206</X>
			<Y>65</Y>
		</point>
		<point>
			<X>205</X>
			<Y>66</Y>
		</point>
		<point>
			<X>205</X>
			<Y>66</Y>
		</point>
		<point>
			<X>203</X>
			<Y>67</Y>
		</point>
		<point>
			<X>203</X>
			<Y>67</Y>
		</point>
		<point>
			<X>203</X>
			<Y>68</Y>
		</point>
		<point>
			<X>203</X>
			<Y>68</Y>
		</point>
		<point>
			<X>201</X>
			<Y>69</Y>
		</point>
		<point>
			<X>201</X>
			<Y>69</Y>
		</point>
		<point>
			<X>201</X>
			<Y>70</Y>
		</point>
		<point>
			<X>201</X>
			<Y>70</Y>
		</point>
		<point>
			<X>201</X>
			<Y>70</Y>
		</point>
		<point>
			<X>201</X>
			<Y>71</Y>
		</point>
		<point>
			<X>200</X>
			<Y>72</Y>
		</point>
		<point>
			<X>200</X>
			<Y>72</Y>
		</point>
		<point>
			<X>200</X>
			<Y>73</Y>
		</point>
		<point>
			<X>200</X>
			<Y>73</Y>
		</point>
		<point>
			<X>199</X>
			<Y>73</Y>
		</point>
		<point>
			<X>199</X>
			<Y>74</Y>
		</point>
		<point>
			<X>199</X>
			<Y>75</Y>
		</point>
		<point>
			<X>199</X>
			<Y>75</Y>
		</point>
		<point>
			<X>198</X>
			<Y>75</Y>
		</point>
		<point>
			<X>198</X>
			<Y>76</Y>
		</point>
		<point>
			<X>198</X>
			<Y>77</Y>
		</point>
		<point>
			<X>198</X>
			<Y>77</Y>
		</point>
		<point>
			<X>196</X>
			<Y>78</Y>
		</point>
		<point>
			<X>196</X>
			<Y>78</Y>
		</point>
		<point>
			<X>196</X>
			<Y>81</Y>
		</point>
		<point>
			<X>196</X>
			<Y>81</Y>
		</point>
		<point>
			<X>196</X>
			<Y>82</Y>
		</point>
		<point>
			<X>196</X>
			<Y>82</Y>
		</point>
		<point>
			<X>195</X>
			<Y>83</Y>
		</point>
		<point>
			<X>195</X>
			<Y>83</Y>
		</point>
		<point>
			<X>195</X>
			<Y>84</Y>
		</point>
		<point>
			<X>195</X>
			<Y>84</Y>
		</point>
		<point>
			<X>193</X>
			<Y>85</Y>
		</point>
		<point>
			<X>193</X>
			<Y>85</Y>
		</point>
		<point>
			<X>193</X>
			<Y>86</Y>
		</point>
		<point>
			<X>193</X>
			<Y>86</Y>
		</point>
		<point>
			<X>193</X>
			<Y>87</Y>
		</point>
		<point>
			<X>193</X>
			<Y>87</Y>
		</point>
		<point>
			<X>191</X>
			<Y>87</Y>
		</point>
		<point>
			<X>191</X>
			<Y>88</Y>
		</point>
		<point>
			<X>191</X>
			<Y>89</Y>
		</point>
		<point>
			<X>191</X>
			<Y>89</Y>
		</point>
		<point>
			<X>191</X>
			<Y>90</Y>
		</point>
		<point>
			<X>191</X>
			<Y>90</Y>
		</point>
		<point>
			<X>190</X>
			<Y>90</Y>
		</point>
		<point>
			<X>190</X>
			<Y>91</Y>
		</point>
		<point>
			<X>190</X>
			<Y>92</Y>
		</point>
		<point>
			<X>190</X>
			<Y>92</Y>
		</point>
		<point>
			<X>190</X>
			<Y>93</Y>
		</point>
		<point>
			<X>190</X>
			<Y>93</Y>
		</point>
		<point>
			<X>190</X>
			<Y>94</Y>
		</point>
		<point>
			<X>190</X>
			<Y>94</Y>
		</point>
		<point>
			<X>189</X>
			<Y>95</Y>
		</point>
		<point>
			<X>189</X>
			<Y>95</Y>
		</point>
		<point>
			<X>189</X>
			<Y>95</Y>
		</point>
		<point>
			<X>189</X>
			<Y>95</Y>
		</point>
		<point>
			<X>189</X>
			<Y>97</Y>
		</point>
		<point>
			<X>189</X>
			<Y>97</Y>
		</point>
		<point>
			<X>188</X>
			<Y>100</Y>
		</point>
		<point>
			<X>188</X>
			<Y>100</Y>
		</point>
		<point>
			<X>188</X>
			<Y>101</Y>
		</point>
		<point>
			<X>188</X>
			<Y>101</Y>
		</point>
		<point>
			<X>188</X>
			<Y>103</Y>
		</point>
		<point>
			<X>188</X>
			<Y>103</Y>
		</point>
		<point>
			<X>188</X>
			<Y>104</Y>
		</point>
		<point>
			<X>188</X>
			<Y>104</Y>
		</point>
		<point>
			<X>187</X>
			<Y>106</Y>
		</point>
		<point>
			<X>187</X>
			<Y>106</Y>
		</point>
		<point>
			<X>186</X>
			<Y>106</Y>
		</point>
		<point>
			<X>186</X>
			<Y>106</Y>
		</point>
		<point>
			<X>186</X>
			<Y>108</Y>
		</point>
		<point>
			<X>186</X>
			<Y>108</Y>
		</point>
		<point>
			<X>185</X>
			<Y>109</Y>
		</point>
		<point>
			<X>185</X>
			<Y>109</Y>
		</point>
		<point>
			<X>184</X>
			<Y>111</Y>
		</point>
		<point>
			<X>184</X>
			<Y>111</Y>
		</point>
		<point>
			<X>183</X>
			<Y>111</Y>
		</point>
		<point>
			<X>183</X>
			<Y>111</Y>
		</point>
		<point>
			<X>183</X>
			<Y>113</Y>
		</point>
		<point>
			<X>183</X>
			<Y>113</Y>
		</point>
		<point>
			<X>182</X>
			<Y>113</Y>
		</point>
		<point>
			<X>182</X>
			<Y>114</Y>
		</point>
		<point>
			<X>181</X>
			<Y>114</Y>
		</point>
		<point>
			<X>181</X>
			<Y>116</Y>
		</point>
		<point>
			<X>181</X>
			<Y>116</Y>
		</point>
		<point>
			<X>180</X>
			<Y>116</Y>
		</point>
		<point>
			<X>180</X>
			<Y>116</Y>
		</point>
		<point>
			<X>180</X>
			<Y>118</Y>
		</point>
		<point>
			<X>180</X>
			<Y>118</Y>
		</point>
		<point>
			<X>180</X>
			<Y>120</Y>
		</point>
		<point>
			<X>180</X>
			<Y>120</Y>
		</point>
		<point>
			<X>180</X>
			<Y>121</Y>
		</point>
		<point>
			<X>180</X>
			<Y>121</Y>
		</point>
		<point>
			<X>180</X>
			<Y>121</Y>
		</point>
		<point>
			<X>180</X>
			<Y>121</Y>
		</point>
		<point>
			<X>180</X>
			<Y>123</Y>
		</point>
		<point>
			<X>180</X>
			<Y>123</Y>
		</point>
		<point>
			<X>180</X>
			<Y>124</Y>
		</point>
		<point>
			<X>180</X>
			<Y>124</Y>
		</point>
		<point>
			<X>180</X>
			<Y>125</Y>
		</point>
		<point>
			<X>180</X>
			<Y>125</Y>
		</point>
		<point>
			<X>180</X>
			<Y>126</Y>
		</point>
		<point>
			<X>180</X>
			<Y>126</Y>
		</point>
		<point>
			<X>180</X>
			<Y>128</Y>
		</point>
		<point>
			<X>180</X>
			<Y>128</Y>
		</point>
		<point>
			<X>180</X>
			<Y>129</Y>
		</point>
		<point>
			<X>180</X>
			<Y>129</Y>
		</point>
		<point>
			<X>180</X>
			<Y>130</Y>
		</point>
		<point>
			<X>180</X>
			<Y>130</Y>
		</point>
		<point>
			<X>180</X>
			<Y>131</Y>
		</point>
		<point>
			<X>180</X>
			<Y>131</Y>
		</point>
		<point>
			<X>180</X>
			<Y>133</Y>
		</point>
		<point>
			<X>180</X>
			<Y>133</Y>
		</point>
		<point>
			<X>180</X>
			<Y>135</Y>
		</point>
		<point>
			<X>180</X>
			<Y>135</Y>
		</point>
		<point>
			<X>180</X>
			<Y>137</Y>
		</point>
		<point>
			<X>180</X>
			<Y>137</Y>
		</point>
		<point>
			<X>180</X>
			<Y>140</Y>
		</point>
		<point>
			<X>180</X>
			<Y>140</Y>
		</point>
		<point>
			<X>180</X>
			<Y>141</Y>
		</point>
		<point>
			<X>180</X>
			<Y>141</Y>
		</point>
		<point>
			<X>180</X>
			<Y>142</Y>
		</point>
		<point>
			<X>180</X>
			<Y>142</Y>
		</point>
		<point>
			<X>180</X>
			<Y>144</Y>
		</point>
		<point>
			<X>180</X>
			<Y>144</Y>
		</point>
		<point>
			<X>180</X>
			<Y>146</Y>
		</point>
		<point>
			<X>180</X>
			<Y>146</Y>
		</point>
		<point>
			<X>180</X>
			<Y>147</Y>
		</point>
		<point>
			<X>180</X>
			<Y>147</Y>
		</point>
		<point>
			<X>180</X>
			<Y>149</Y>
		</point>
		<point>
			<X>180</X>
			<Y>149</Y>
		</point>
		<point>
			<X>180</X>
			<Y>151</Y>
		</point>
		<point>
			<X>180</X>
			<Y>151</Y>
		</point>
		<point>
			<X>180</X>
			<Y>153</Y>
		</point>
		<point>
			<X>180</X>
			<Y>153</Y>
		</point>
		<point>
			<X>181</X>
			<Y>155</Y>
		</point>
		<point>
			<X>181</X>
			<Y>155</Y>
		</point>
		<point>
			<X>182</X>
			<Y>157</Y>
		</point>
		<point>
			<X>182</X>
			<Y>157</Y>
		</point>
		<point>
			<X>183</X>
			<Y>158</Y>
		</point>
		<point>
			<X>183</X>
			<Y>158</Y>
		</point>
		<point>
			<X>184</X>
			<Y>162</Y>
		</point>
		<point>
			<X>184</X>
			<Y>162</Y>
		</point>
		<point>
			<X>185</X>
			<Y>163</Y>
		</point>
		<point>
			<X>185</X>
			<Y>163</Y>
		</point>
		<point>
			<X>186</X>
			<Y>164</Y>
		</point>
		<point>
			<X>186</X>
			<Y>164</Y>
		</point>
		<point>
			<X>187</X>
			<Y>167</Y>
		</point>
		<point>
			<X>187</X>
			<Y>167</Y>
		</point>
		<point>
			<X>187</X>
			<Y>170</Y>
		</point>
		<point>
			<X>187</X>
			<Y>170</Y>
		</point>
		<point>
			<X>188</X>
			<Y>172</Y>
		</point>
		<point>
			<X>188</X>
			<Y>172</Y>
		</point>
		<point>
			<X>189</X>
			<Y>174</Y>
		</point>
		<point>
			<X>189</X>
			<Y>174</Y>
		</point>
		<point>
			<X>190</X>
			<Y>177</Y>
		</point>
		<point>
			<X>190</X>
			<Y>177</Y>
		</point>
		<point>
			<X>191</X>
			<Y>180</Y>
		</point>
		<point>
			<X>191</X>
			<Y>180</Y>
		</point>
		<point>
			<X>193</X>
			<Y>182</Y>
		</point>
		<point>
			<X>193</X>
			<Y>182</Y>
		</point>
		<point>
			<X>194</X>
			<Y>184</Y>
		</point>
		<point>
			<X>194</X>
			<Y>184</Y>
		</point>
		<point>
			<X>195</X>
			<Y>185</Y>
		</point>
		<point>
			<X>195</X>
			<Y>185</Y>
		</point>
		<point>
			<X>196</X>
			<Y>187</Y>
		</point>
		<point>
			<X>196</X>
			<Y>187</Y>
		</point>
		<point>
			<X>198</X>
			<Y>189</Y>
		</point>
		<point>
			<X>198</X>
			<Y>189</Y>
		</point>
		<point>
			<X>199</X>
			<Y>190</Y>
		</point>
		<point>
			<X>199</X>
			<Y>190</Y>
		</point>
		<point>
			<X>201</X>
			<Y>193</Y>
		</point>
		<point>
			<X>201</X>
			<Y>193</Y>
		</point>
		<point>
			<X>201</X>
			<Y>194</Y>
		</point>
		<point>
			<X>201</X>
			<Y>194</Y>
		</point>
		<point>
			<X>203</X>
			<Y>196</Y>
		</point>
		<point>
			<X>203</X>
			<Y>196</Y>
		</point>
		<point>
			<X>203</X>
			<Y>198</Y>
		</point>
		<point>
			<X>203</X>
			<Y>198</Y>
		</point>
		<point>
			<X>205</X>
			<Y>198</Y>
		</point>
		<point>
			<X>205</X>
			<Y>198</Y>
		</point>
		<point>
			<X>206</X>
			<Y>201</Y>
		</point>
		<point>
			<X>206</X>
			<Y>201</Y>
		</point>
		<point>
			<X>206</X>
			<Y>201</Y>
		</point>
		<point>
			<X>206</X>
			<Y>201</Y>
		</point>
		<point>
			<X>208</X>
			<Y>201</Y>
		</point>
		<point>
			<X>208</X>
			<Y>201</Y>
		</point>
		<point>
			<X>208</X>
			<Y>201</Y>
		</point>
		<point>
			<X>208</X>
			<Y>201</Y>
		</point>
		<point>
			<X>208</X>
			<Y>203</Y>
		</point>
		<point>
			<X>210</X>
			<Y>203</Y>
		</point>
		<point>
			<X>210</X>
			<Y>203</Y>
		</point>
		<point>
			<X>212</X>
			<Y>203</Y>
		</point>
		<point>
			<X>212</X>
			<Y>203</Y>
		</point>
		<point>
			<X>212</X>
			<Y>205</Y>
		</point>
		<point>
			<X>213</X>
			<Y>205</Y>
		</point>
		<point>
			<X>213</X>
			<Y>206</Y>
		</point>
		<point>
			<X>213</X>
			<Y>206</Y>
		</point>
		<point>
			<X>213</X>
			<Y>206</Y>
		</point>
		<point>
			<X>215</X>
			<Y>206</Y>
		</point>
		<point>
			<X>215</X>
			<Y>206</Y>
		</point>
		<point>
			<X>215</X>
			<Y>208</Y>
		</point>
		<point>
			<X>216</X>
			<Y>208</Y>
		</point>
		<point>
			<X>216</X>
			<Y>208</Y>
		</point>
		<point>
			<X>216</X>
			<Y>208</Y>
		</point>
	</polygon>
	<polygon>
		<tag>sheep</tag>
		<point>
			<X>218</X>
			<Y>108</Y>
		</point>
		<point>
			<X>218</X>
			<Y>108</Y>
		</point>
		<point>
			<X>220</X>
			<Y>108</Y>
		</point>
		<point>
			<X>220</X>
			<Y>106</Y>
		</point>
		<point>
			<X>220</X>
			<Y>106</Y>
		</point>
		<point>
			<X>221</X>
			<Y>106</Y>
		</point>
		<point>
			<X>222</X>
			<Y>106</Y>
		</point>
		<point>
			<X>222</X>
			<Y>106</Y>
		</point>
		<point>
			<X>222</X>
			<Y>106</Y>
		</point>
		<point>
			<X>223</X>
			<Y>106</Y>
		</point>
		<point>
			<X>223</X>
			<Y>106</Y>
		</point>
		<point>
			<X>223</X>
			<Y>105</Y>
		</point>
		<point>
			<X>223</X>
			<Y>105</Y>
		</point>
		<point>
			<X>225</X>
			<Y>105</Y>
		</point>
		<point>
			<X>226</X>
			<Y>104</Y>
		</point>
		<point>
			<X>226</X>
			<Y>104</Y>
		</point>
		<point>
			<X>227</X>
			<Y>104</Y>
		</point>
		<point>
			<X>227</X>
			<Y>104</Y>
		</point>
		<point>
			<X>228</X>
			<Y>103</Y>
		</point>
		<point>
			<X>228</X>
			<Y>103</Y>
		</point>
		<point>
			<X>232</X>
			<Y>101</Y>
		</point>
		<point>
			<X>232</X>
			<Y>101</Y>
		</point>
		<point>
			<X>233</X>
			<Y>101</Y>
		</point>
		<point>
			<X>237</X>
			<Y>101</Y>
		</point>
		<point>
			<X>238</X>
			<Y>100</Y>
		</point>
		<point>
			<X>238</X>
			<Y>100</Y>
		</point>
		<point>
			<X>241</X>
			<Y>98</Y>
		</point>
		<point>
			<X>241</X>
			<Y>98</Y>
		</point>
		<point>
			<X>242</X>
			<Y>98</Y>
		</point>
		<point>
			<X>243</X>
			<Y>98</Y>
		</point>
		<point>
			<X>243</X>
			<Y>98</Y>
		</point>
		<point>
			<X>245</X>
			<Y>98</Y>
		</point>
		<point>
			<X>247</X>
			<Y>98</Y>
		</point>
		<point>
			<X>248</X>
			<Y>98</Y>
		</point>
		<point>
			<X>252</X>
			<Y>98</Y>
		</point>
		<point>
			<X>253</X>
			<Y>98</Y>
		</point>
		<point>
			<X>258</X>
			<Y>98</Y>
		</point>
		<point>
			<X>260</X>
			<Y>98</Y>
		</point>
		<point>
			<X>263</X>
			<Y>98</Y>
		</point>
		<point>
			<X>264</X>
			<Y>98</Y>
		</point>
		<point>
			<X>265</X>
			<Y>98</Y>
		</point>
		<point>
			<X>266</X>
			<Y>98</Y>
		</point>
		<point>
			<X>267</X>
			<Y>98</Y>
		</point>
		<point>
			<X>269</X>
			<Y>98</Y>
		</point>
		<point>
			<X>269</X>
			<Y>97</Y>
		</point>
		<point>
			<X>269</X>
			<Y>97</Y>
		</point>
		<point>
			<X>270</X>
			<Y>97</Y>
		</point>
		<point>
			<X>273</X>
			<Y>97</Y>
		</point>
		<point>
			<X>273</X>
			<Y>95</Y>
		</point>
		<point>
			<X>273</X>
			<Y>95</Y>
		</point>
		<point>
			<X>275</X>
			<Y>95</Y>
		</point>
		<point>
			<X>277</X>
			<Y>94</Y>
		</point>
		<point>
			<X>277</X>
			<Y>94</Y>
		</point>
		<point>
			<X>277</X>
			<Y>93</Y>
		</point>
		<point>
			<X>277</X>
			<Y>93</Y>
		</point>
		<point>
			<X>278</X>
			<Y>93</Y>
		</point>
		<point>
			<X>280</X>
			<Y>92</Y>
		</point>
		<point>
			<X>280</X>
			<Y>92</Y>
		</point>
		<point>
			<X>281</X>
			<Y>92</Y>
		</point>
		<point>
			<X>282</X>
			<Y>92</Y>
		</point>
		<point>
			<X>283</X>
			<Y>92</Y>
		</point>
		<point>
			<X>285</X>
			<Y>92</Y>
		</point>
		<point>
			<X>287</X>
			<Y>92</Y>
		</point>
		<point>
			<X>289</X>
			<Y>93</Y>
		</point>
		<point>
			<X>289</X>
			<Y>93</Y>
		</point>
		<point>
			<X>293</X>
			<Y>94</Y>
		</point>
		<point>
			<X>293</X>
			<Y>94</Y>
		</point>
		<point>
			<X>294</X>
			<Y>95</Y>
		</point>
		<point>
			<X>294</X>
			<Y>95</Y>
		</point>
		<point>
			<X>295</X>
			<Y>97</Y>
		</point>
		<point>
			<X>295</X>
			<Y>97</Y>
		</point>
		<point>
			<X>297</X>
			<Y>100</Y>
		</point>
		<point>
			<X>297</X>
			<Y>100</Y>
		</point>
		<point>
			<X>298</X>
			<Y>100</Y>
		</point>
		<point>
			<X>298</X>
			<Y>100</Y>
		</point>
		<point>
			<X>299</X>
			<Y>101</Y>
		</point>
		<point>
			<X>299</X>
			<Y>101</Y>
		</point>
		<point>
			<X>300</X>
			<Y>104</Y>
		</point>
		<point>
			<X>300</X>
			<Y>104</Y>
		</point>
		<point>
			<X>300</X>
			<Y>106</Y>
		</point>
		<point>
			<X>300</X>
			<Y>106</Y>
		</point>
		<point>
			<X>300</X>
			<Y>106</Y>
		</point>
		<point>
			<X>300</X>
			<Y>106</Y>
		</point>
		<point>
			<X>301</X>
			<Y>109</Y>
		</point>
		<point>
			<X>301</X>
			<Y>109</Y>
		</point>
		<point>
			<X>302</X>
			<Y>111</Y>
		</point>
		<point>
			<X>302</X>
			<Y>111</Y>
		</point>
		<point>
			<X>302</X>
			<Y>114</Y>
		</point>
		<point>
			<X>302</X>
			<Y>114</Y>
		</point>
		<point>
			<X>303</X>
			<Y>116</Y>
		</point>
		<point>
			<X>303</X>
			<Y>116</Y>
		</point>
		<point>
			<X>304</X>
			<Y>118</Y>
		</point>
		<point>
			<X>304</X>
			<Y>118</Y>
		</point>
		<point>
			<X>305</X>
			<Y>121</Y>
		</point>
		<point>
			<X>305</X>
			<Y>121</Y>
		</point>
		<point>
			<X>305</X>
			<Y>123</Y>
		</point>
		<point>
			<X>305</X>
			<Y>123</Y>
		</point>
		<point>
			<X>306</X>
			<Y>125</Y>
		</point>
		<point>
			<X>306</X>
			<Y>125</Y>
		</point>
		<point>
			<X>307</X>
			<Y>126</Y>
		</point>
		<point>
			<X>307</X>
			<Y>126</Y>
		</point>
		<point>
			<X>308</X>
			<Y>126</Y>
		</point>
		<point>
			<X>308</X>
			<Y>126</Y>
		</point>
		<point>
			<X>309</X>
			<Y>128</Y>
		</point>
		<point>
			<X>309</X>
			<Y>128</Y>
		</point>
		<point>
			<X>310</X>
			<Y>129</Y>
		</point>
		<point>
			<X>310</X>
			<Y>129</Y>
		</point>
		<point>
			<X>310</X>
			<Y>130</Y>
		</point>
		<point>
			<X>310</X>
			<Y>130</Y>
		</point>
		<point>
			<X>313</X>
			<Y>130</Y>
		</point>
		<point>
			<X>313</X>
			<Y>131</Y>
		</point>
		<point>
			<X>313</X>
			<Y>131</Y>
		</point>
		<point>
			<X>314</X>
			<Y>132</Y>
		</point>
		<point>
			<X>314</X>
			<Y>132</Y>
		</point>
		<point>
			<X>315</X>
			<Y>132</Y>
		</point>
		<point>
			<X>315</X>
			<Y>132</Y>
		</point>
		<point>
			<X>316</X>
			<Y>133</Y>
		</point>
		<point>
			<X>316</X>
			<Y>133</Y>
		</point>
		<point>
			<X>317</X>
			<Y>133</Y>
		</point>
		<point>
			<X>317</X>
			<Y>133</Y>
		</point>
		<point>
			<X>317</X>
			<Y>134</Y>
		</point>
		<point>
			<X>318</X>
			<Y>135</Y>
		</point>
		<point>
			<X>318</X>
			<Y>135</Y>
		</point>
		<point>
			<X>318</X>
			<Y>136</Y>
		</point>
		<point>
			<X>318</X>
			<Y>136</Y>
		</point>
		<point>
			<X>319</X>
			<Y>137</Y>
		</point>
		<point>
			<X>319</X>
			<Y>137</Y>
		</point>
		<point>
			<X>320</X>
			<Y>137</Y>
		</point>
		<point>
			<X>320</X>
			<Y>137</Y>
		</point>
		<point>
			<X>320</X>
			<Y>138</Y>
		</point>
		<point>
			<X>321</X>
			<Y>140</Y>
		</point>
		<point>
			<X>321</X>
			<Y>140</Y>
		</point>
		<point>
			<X>322</X>
			<Y>141</Y>
		</point>
		<point>
			<X>322</X>
			<Y>141</Y>
		</point>
		<point>
			<X>322</X>
			<Y>142</Y>
		</point>
		<point>
			<X>322</X>
			<Y>142</Y>
		</point>
		<point>
			<X>322</X>
			<Y>143</Y>
		</point>
		<point>
			<X>322</X>
			<Y>143</Y>
		</point>
		<point>
			<X>323</X>
			<Y>143</Y>
		</point>
		<point>
			<X>323</X>
			<Y>144</Y>
		</point>
		<point>
			<X>324</X>
			<Y>144</Y>
		</point>
		<point>
			<X>324</X>
			<Y>145</Y>
		</point>
		<point>
			<X>324</X>
			<Y>146</Y>
		</point>
		<point>
			<X>324</X>
			<Y>146</Y>
		</point>
		<point>
			<X>324</X>
			<Y>146</Y>
		</point>
	</polygon>
	<polygon>
		<tag>sheep</tag>
		<point>
			<X>242</X>
			<Y>176</Y>
		</point>
		<point>
			<X>243</X>
			<Y>176</Y>
		</point>
		<point>
			<X>245</X>
			<Y>176</Y>
		</point>
		<point>
			<X>248</X>
			<Y>176</Y>
		</point>
		<point>
			<X>253</X>
			<Y>176</Y>
		</point>
		<point>
			<X>259</X>
			<Y>176</Y>
		</point>
		<point>
			<X>265</X>
			<Y>177</Y>
		</point>
		<point>
			<X>265</X>
			<Y>177</Y>
		</point>
		<point>
			<X>273</X>
			<Y>180</Y>
		</point>
		<point>
			<X>273</X>
			<Y>180</Y>
		</point>
		<point>
			<X>281</X>
			<Y>181</Y>
		</point>
		<point>
			<X>281</X>
			<Y>181</Y>
		</point>
		<point>
			<X>287</X>
			<Y>183</Y>
		</point>
		<point>
			<X>287</X>
			<Y>183</Y>
		</point>
		<point>
			<X>292</X>
			<Y>183</Y>
		</point>
		<point>
			<X>295</X>
			<Y>184</Y>
		</point>
		<point>
			<X>295</X>
			<Y>184</Y>
		</point>
		<point>
			<X>297</X>
			<Y>185</Y>
		</point>
		<point>
			<X>297</X>
			<Y>185</Y>
		</point>
		<point>
			<X>297</X>
			<Y>186</Y>
		</point>
		<point>
			<X>297</X>
			<Y>186</Y>
		</point>
		<point>
			<X>299</X>
			<Y>187</Y>
		</point>
		<point>
			<X>299</X>
			<Y>187</Y>
		</point>
		<point>
			<X>300</X>
			<Y>189</Y>
		</point>
		<point>
			<X>300</X>
			<Y>189</Y>
		</point>
		<point>
			<X>303</X>
			<Y>191</Y>
		</point>
		<point>
			<X>305</X>
			<Y>193</Y>
		</point>
		<point>
			<X>305</X>
			<Y>193</Y>
		</point>
		<point>
			<X>307</X>
			<Y>195</Y>
		</point>
		<point>
			<X>307</X>
			<Y>195</Y>
		</point>
		<point>
			<X>309</X>
			<Y>196</Y>
		</point>
		<point>
			<X>309</X>
			<Y>196</Y>
		</point>
		<point>
			<X>313</X>
			<Y>201</Y>
		</point>
		<point>
			<X>313</X>
			<Y>201</Y>
		</point>
		<point>
			<X>316</X>
			<Y>203</Y>
		</point>
		<point>
			<X>316</X>
			<Y>203</Y>
		</point>
		<point>
			<X>318</X>
			<Y>206</Y>
		</point>
		<point>
			<X>318</X>
			<Y>206</Y>
		</point>
		<point>
			<X>321</X>
			<Y>208</Y>
		</point>
		<point>
			<X>321</X>
			<Y>208</Y>
		</point>
		<point>
			<X>323</X>
			<Y>208</Y>
		</point>
		<point>
			<X>323</X>
			<Y>208</Y>
		</point>
		<point>
			<X>324</X>
			<Y>211</Y>
		</point>
		<point>
			<X>324</X>
			<Y>211</Y>
		</point>
		<point>
			<X>326</X>
			<Y>213</Y>
		</point>
		<point>
			<X>326</X>
			<Y>213</Y>
		</point>
		<point>
			<X>327</X>
			<Y>215</Y>
		</point>
		<point>
			<X>327</X>
			<Y>215</Y>
		</point>
		<point>
			<X>329</X>
			<Y>217</Y>
		</point>
		<point>
			<X>329</X>
			<Y>217</Y>
		</point>
		<point>
			<X>330</X>
			<Y>218</Y>
		</point>
		<point>
			<X>330</X>
			<Y>218</Y>
		</point>
		<point>
			<X>332</X>
			<Y>221</Y>
		</point>
		<point>
			<X>332</X>
			<Y>221</Y>
		</point>
		<point>
			<X>333</X>
			<Y>221</Y>
		</point>
		<point>
			<X>333</X>
			<Y>221</Y>
		</point>
		<point>
			<X>334</X>
			<Y>222</Y>
		</point>
		<point>
			<X>334</X>
			<Y>222</Y>
		</point>
		<point>
			<X>335</X>
			<Y>223</Y>
		</point>
		<point>
			<X>335</X>
			<Y>223</Y>
		</point>
		<point>
			<X>336</X>
			<Y>223</Y>
		</point>
		<point>
			<X>336</X>
			<Y>223</Y>
		</point>
		<point>
			<X>336</X>
			<Y>223</Y>
		</point>
		<point>
			<X>337</X>
			<Y>223</Y>
		</point>
		<point>
			<X>338</X>
			<Y>223</Y>
		</point>
		<point>
			<X>339</X>
			<Y>225</Y>
		</point>
		<point>
			<X>339</X>
			<Y>225</Y>
		</point>
		<point>
			<X>339</X>
			<Y>226</Y>
		</point>
		<point>
			<X>339</X>
			<Y>226</Y>
		</point>
		<point>
			<X>340</X>
			<Y>227</Y>
		</point>
		<point>
			<X>340</X>
			<Y>227</Y>
		</point>
		<point>
			<X>341</X>
			<Y>227</Y>
		</point>
		<point>
			<X>341</X>
			<Y>227</Y>
		</point>
		<point>
			<X>342</X>
			<Y>228</Y>
		</point>
		<point>
			<X>342</X>
			<Y>228</Y>
		</point>
		<point>
			<X>344</X>
			<Y>228</Y>
		</point>
		<point>
			<X>344</X>
			<Y>228</Y>
		</point>
		<point>
			<X>345</X>
			<Y>231</Y>
		</point>
		<point>
			<X>345</X>
			<Y>231</Y>
		</point>
		<point>
			<X>346</X>
			<Y>232</Y>
		</point>
		<point>
			<X>346</X>
			<Y>232</Y>
		</point>
		<point>
			<X>347</X>
			<Y>233</Y>
		</point>
		<point>
			<X>347</X>
			<Y>233</Y>
		</point>
		<point>
			<X>348</X>
			<Y>233</Y>
		</point>
		<point>
			<X>348</X>
			<Y>233</Y>
		</point>
		<point>
			<X>349</X>
			<Y>235</Y>
		</point>
		<point>
			<X>349</X>
			<Y>235</Y>
		</point>
		<point>
			<X>350</X>
			<Y>237</Y>
		</point>
		<point>
			<X>350</X>
			<Y>237</Y>
		</point>
		<point>
			<X>353</X>
			<Y>237</Y>
		</point>
		<point>
			<X>353</X>
			<Y>240</Y>
		</point>
		<point>
			<X>353</X>
			<Y>240</Y>
		</point>
		<point>
			<X>354</X>
			<Y>240</Y>
		</point>
		<point>
			<X>355</X>
			<Y>242</Y>
		</point>
		<point>
			<X>355</X>
			<Y>242</Y>
		</point>
		<point>
			<X>356</X>
			<Y>242</Y>
		</point>
		<point>
			<X>356</X>
			<Y>242</Y>
		</point>
		<point>
			<X>356</X>
			<Y>243</Y>
		</point>
		<point>
			<X>357</X>
			<Y>243</Y>
		</point>
		<point>
			<X>358</X>
			<Y>245</Y>
		</point>
		<point>
			<X>358</X>
			<Y>245</Y>
		</point>
		<point>
			<X>359</X>
			<Y>245</Y>
		</point>
		<point>
			<X>359</X>
			<Y>245</Y>
		</point>
		<point>
			<X>359</X>
			<Y>246</Y>
		</point>
		<point>
			<X>360</X>
			<Y>246</Y>
		</point>
		<point>
			<X>360</X>
			<Y>247</Y>
		</point>
		<point>
			<X>361</X>
			<Y>248</Y>
		</point>
		<point>
			<X>361</X>
			<Y>248</Y>
		</point>
		<point>
			<X>362</X>
			<Y>248</Y>
		</point>
		<point>
			<X>362</X>
			<Y>248</Y>
		</point>
		<point>
			<X>363</X>
			<Y>248</Y>
		</point>
		<point>
			<X>363</X>
			<Y>248</Y>
		</point>
		<point>
			<X>364</X>
			<Y>250</Y>
		</point>
		<point>
			<X>364</X>
			<Y>250</Y>
		</point>
		<point>
			<X>365</X>
			<Y>251</Y>
		</point>
		<point>
			<X>365</X>
			<Y>251</Y>
		</point>
		<point>
			<X>366</X>
			<Y>251</Y>
		</point>
		<point>
			<X>366</X>
			<Y>251</Y>
		</point>
		<point>
			<X>366</X>
			<Y>252</Y>
		</point>
		<point>
			<X>367</X>
			<Y>252</Y>
		</point>
		<point>
			<X>367</X>
			<Y>253</Y>
		</point>
		<point>
			<X>367</X>
			<Y>253</Y>
		</point>
	</polygon>
	<polygon>
		<tag>background</tag>
		<point>
			<X>377</X>
			<Y>163</Y>
		</point>
		<point>
			<X>376</X>
			<Y>163</Y>
		</point>
		<point>
			<X>376</X>
			<Y>163</Y>
		</point>
		<point>
			<X>376</X>
			<Y>161</Y>
		</point>
		<point>
			<X>376</X>
			<Y>161</Y>
		</point>
		<point>
			<X>376</X>
			<Y>157</Y>
		</point>
		<point>
			<X>376</X>
			<Y>157</Y>
		</point>
		<point>
			<X>375</X>
			<Y>154</Y>
		</point>
		<point>
			<X>375</X>
			<Y>154</Y>
		</point>
		<point>
			<X>373</X>
			<Y>151</Y>
		</point>
		<point>
			<X>373</X>
			<Y>151</Y>
		</point>
		<point>
			<X>373</X>
			<Y>148</Y>
		</point>
		<point>
			<X>373</X>
			<Y>148</Y>
		</point>
		<point>
			<X>373</X>
			<Y>144</Y>
		</point>
		<point>
			<X>373</X>
			<Y>144</Y>
		</point>
		<point>
			<X>373</X>
			<Y>140</Y>
		</point>
		<point>
			<X>373</X>
			<Y>140</Y>
		</point>
		<point>
			<X>373</X>
			<Y>135</Y>
		</point>
		<point>
			<X>373</X>
			<Y>135</Y>
		</point>
		<point>
			<X>373</X>
			<Y>129</Y>
		</point>
		<point>
			<X>373</X>
			<Y>129</Y>
		</point>
		<point>
			<X>372</X>
			<Y>125</Y>
		</point>
		<point>
			<X>372</X>
			<Y>125</Y>
		</point>
		<point>
			<X>372</X>
			<Y>121</Y>
		</point>
		<point>
			<X>372</X>
			<Y>121</Y>
		</point>
		<point>
			<X>372</X>
			<Y>115</Y>
		</point>
		<point>
			<X>372</X>
			<Y>115</Y>
		</point>
		<point>
			<X>370</X>
			<Y>111</Y>
		</point>
		<point>
			<X>370</X>
			<Y>111</Y>
		</point>
		<point>
			<X>368</X>
			<Y>105</Y>
		</point>
		<point>
			<X>368</X>
			<Y>105</Y>
		</point>
		<point>
			<X>368</X>
			<Y>101</Y>
		</point>
		<point>
			<X>368</X>
			<Y>101</Y>
		</point>
		<point>
			<X>367</X>
			<Y>97</Y>
		</point>
		<point>
			<X>367</X>
			<Y>97</Y>
		</point>
		<point>
			<X>366</X>
			<Y>94</Y>
		</point>
		<point>
			<X>366</X>
			<Y>94</Y>
		</point>
		<point>
			<X>366</X>
			<Y>92</Y>
		</point>
		<point>
			<X>366</X>
			<Y>92</Y>
		</point>
		<point>
			<X>365</X>
			<Y>90</Y>
		</point>
		<point>
			<X>365</X>
			<Y>90</Y>
		</point>
		<point>
			<X>365</X>
			<Y>88</Y>
		</point>
		<point>
			<X>365</X>
			<Y>88</Y>
		</point>
		<point>
			<X>365</X>
			<Y>85</Y>
		</point>
		<point>
			<X>365</X>
			<Y>85</Y>
		</point>
		<point>
			<X>365</X>
			<Y>83</Y>
		</point>
		<point>
			<X>365</X>
			<Y>83</Y>
		</point>
		<point>
			<X>365</X>
			<Y>81</Y>
		</point>
		<point>
			<X>365</X>
			<Y>81</Y>
		</point>
		<point>
			<X>364</X>
			<Y>80</Y>
		</point>
		<point>
			<X>364</X>
			<Y>80</Y>
		</point>
		<point>
			<X>364</X>
			<Y>78</Y>
		</point>
		<point>
			<X>364</X>
			<Y>78</Y>
		</point>
		<point>
			<X>363</X>
			<Y>77</Y>
		</point>
		<point>
			<X>363</X>
			<Y>77</Y>
		</point>
		<point>
			<X>363</X>
			<Y>76</Y>
		</point>
		<point>
			<X>363</X>
			<Y>76</Y>
		</point>
		<point>
			<X>362</X>
			<Y>75</Y>
		</point>
		<point>
			<X>362</X>
			<Y>75</Y>
		</point>
		<point>
			<X>361</X>
			<Y>74</Y>
		</point>
		<point>
			<X>361</X>
			<Y>74</Y>
		</point>
		<point>
			<X>361</X>
			<Y>72</Y>
		</point>
		<point>
			<X>361</X>
			<Y>72</Y>
		</point>
		<point>
			<X>360</X>
			<Y>71</Y>
		</point>
		<point>
			<X>360</X>
			<Y>71</Y>
		</point>
		<point>
			<X>359</X>
			<Y>69</Y>
		</point>
		<point>
			<X>359</X>
			<Y>69</Y>
		</point>
		<point>
			<X>357</X>
			<Y>67</Y>
		</point>
		<point>
			<X>357</X>
			<Y>67</Y>
		</point>
		<point>
			<X>356</X>
			<Y>65</Y>
		</point>
		<point>
			<X>356</X>
			<Y>65</Y>
		</point>
		<point>
			<X>355</X>
			<Y>64</Y>
		</point>
		<point>
			<X>355</X>
			<Y>64</Y>
		</point>
		<point>
			<X>354</X>
			<Y>62</Y>
		</point>
		<point>
			<X>354</X>
			<Y>62</Y>
		</point>
		<point>
			<X>352</X>
			<Y>60</Y>
		</point>
		<point>
			<X>352</X>
			<Y>60</Y>
		</point>
		<point>
			<X>350</X>
			<Y>60</Y>
		</point>
		<point>
			<X>350</X>
			<Y>60</Y>
		</point>
		<point>
			<X>347</X>
			<Y>57</Y>
		</point>
		<point>
			<X>347</X>
			<Y>57</Y>
		</point>
		<point>
			<X>345</X>
			<Y>55</Y>
		</point>
		<point>
			<X>345</X>
			<Y>55</Y>
		</point>
		<point>
			<X>344</X>
			<Y>54</Y>
		</point>
		<point>
			<X>344</X>
			<Y>54</Y>
		</point>
		<point>
			<X>341</X>
			<Y>52</Y>
		</point>
		<point>
			<X>341</X>
			<Y>52</Y>
		</point>
		<point>
			<X>337</X>
			<Y>50</Y>
		</point>
		<point>
			<X>337</X>
			<Y>50</Y>
		</point>
		<point>
			<X>334</X>
			<Y>49</Y>
		</point>
		<point>
			<X>334</X>
			<Y>49</Y>
		</point>
		<point>
			<X>330</X>
			<Y>47</Y>
		</point>
		<point>
			<X>330</X>
			<Y>47</Y>
		</point>
		<point>
			<X>327</X>
			<Y>45</Y>
		</point>
		<point>
			<X>327</X>
			<Y>45</Y>
		</point>
		<point>
			<X>323</X>
			<Y>44</Y>
		</point>
		<point>
			<X>323</X>
			<Y>44</Y>
		</point>
		<point>
			<X>321</X>
			<Y>43</Y>
		</point>
		<point>
			<X>321</X>
			<Y>43</Y>
		</point>
		<point>
			<X>318</X>
			<Y>41</Y>
		</point>
		<point>
			<X>318</X>
			<Y>41</Y>
		</point>
		<point>
			<X>315</X>
			<Y>40</Y>
		</point>
		<point>
			<X>315</X>
			<Y>40</Y>
		</point>
		<point>
			<X>310</X>
			<Y>38</Y>
		</point>
		<point>
			<X>310</X>
			<Y>38</Y>
		</point>
		<point>
			<X>307</X>
			<Y>36</Y>
		</point>
		<point>
			<X>307</X>
			<Y>36</Y>
		</point>
		<point>
			<X>305</X>
			<Y>35</Y>
		</point>
		<point>
			<X>305</X>
			<Y>35</Y>
		</point>
		<point>
			<X>302</X>
			<Y>34</Y>
		</point>
		<point>
			<X>302</X>
			<Y>34</Y>
		</point>
		<point>
			<X>299</X>
			<Y>33</Y>
		</point>
		<point>
			<X>299</X>
			<Y>33</Y>
		</point>
		<point>
			<X>297</X>
			<Y>32</Y>
		</point>
		<point>
			<X>297</X>
			<Y>32</Y>
		</point>
		<point>
			<X>293</X>
			<Y>31</Y>
		</point>
		<point>
			<X>293</X>
			<Y>31</Y>
		</point>
		<point>
			<X>290</X>
			<Y>30</Y>
		</point>
		<point>
			<X>290</X>
			<Y>30</Y>
		</point>
		<point>
			<X>287</X>
			<Y>29</Y>
		</point>
		<point>
			<X>287</X>
			<Y>29</Y>
		</point>
		<point>
			<X>284</X>
			<Y>27</Y>
		</point>
		<point>
			<X>284</X>
			<Y>27</Y>
		</point>
		<point>
			<X>282</X>
			<Y>26</Y>
		</point>
		<point>
			<X>282</X>
			<Y>26</Y>
		</point>
		<point>
			<X>277</X>
			<Y>23</Y>
		</point>
		<point>
			<X>277</X>
			<Y>23</Y>
		</point>
		<point>
			<X>275</X>
			<Y>23</Y>
		</point>
		<point>
			<X>275</X>
			<Y>23</Y>
		</point>
		<point>
			<X>272</X>
			<Y>22</Y>
		</point>
		<point>
			<X>272</X>
			<Y>22</Y>
		</point>
		<point>
			<X>270</X>
			<Y>21</Y>
		</point>
		<point>
			<X>270</X>
			<Y>21</Y>
		</point>
		<point>
			<X>265</X>
			<Y>20</Y>
		</point>
		<point>
			<X>265</X>
			<Y>20</Y>
		</point>
		<point>
			<X>263</X>
			<Y>18</Y>
		</point>
		<point>
			<X>263</X>
			<Y>18</Y>
		</point>
		<point>
			<X>260</X>
			<Y>16</Y>
		</point>
		<point>
			<X>260</X>
			<Y>16</Y>
		</point>
		<point>
			<X>258</X>
			<Y>16</Y>
		</point>
		<point>
			<X>258</X>
			<Y>16</Y>
		</point>
		<point>
			<X>256</X>
			<Y>15</Y>
		</point>
		<point>
			<X>256</X>
			<Y>15</Y>
		</point>
		<point>
			<X>253</X>
			<Y>13</Y>
		</point>
		<point>
			<X>253</X>
			<Y>13</Y>
		</point>
		<point>
			<X>252</X>
			<Y>13</Y>
		</point>
		<point>
			<X>252</X>
			<Y>13</Y>
		</point>
		<point>
			<X>250</X>
			<Y>13</Y>
		</point>
		<point>
			<X>250</X>
			<Y>13</Y>
		</point>
		<point>
			<X>248</X>
			<Y>13</Y>
		</point>
		<point>
			<X>248</X>
			<Y>13</Y>
		</point>
		<point>
			<X>248</X>
			<Y>13</Y>
		</point>
		<point>
			<X>248</X>
			<Y>13</Y>
		</point>
		<point>
			<X>248</X>
			<Y>11</Y>
		</point>
		<point>
			<X>246</X>
			<Y>11</Y>
		</point>
		<point>
			<X>246</X>
			<Y>11</Y>
		</point>
		<point>
			<X>246</X>
			<Y>11</Y>
		</point>
		<point>
			<X>245</X>
			<Y>11</Y>
		</point>
		<point>
			<X>243</X>
			<Y>10</Y>
		</point>
		<point>
			<X>243</X>
			<Y>10</Y>
		</point>
		<point>
			<X>242</X>
			<Y>10</Y>
		</point>
		<point>
			<X>242</X>
			<Y>10</Y>
		</point>
		<point>
			<X>241</X>
			<Y>10</Y>
		</point>
		<point>
			<X>241</X>
			<Y>10</Y>
		</point>
		<point>
			<X>238</X>
			<Y>10</Y>
		</point>
		<point>
			<X>238</X>
			<Y>10</Y>
		</point>
		<point>
			<X>237</X>
			<Y>8</Y>
		</point>
		<point>
			<X>237</X>
			<Y>8</Y>
		</point>
		<point>
			<X>235</X>
			<Y>8</Y>
		</point>
		<point>
			<X>235</X>
			<Y>8</Y>
		</point>
		<point>
			<X>233</X>
			<Y>6</Y>
		</point>
		<point>
			<X>233</X>
			<Y>6</Y>
		</point>
		<point>
			<X>230</X>
			<Y>6</Y>
		</point>
		<point>
			<X>230</X>
			<Y>6</Y>
		</point>
		<point>
			<X>227</X>
			<Y>6</Y>
		</point>
		<point>
			<X>227</X>
			<Y>6</Y>
		</point>
		<point>
			<X>223</X>
			<Y>6</Y>
		</point>
		<point>
			<X>223</X>
			<Y>6</Y>
		</point>
		<point>
			<X>221</X>
			<Y>6</Y>
		</point>
		<point>
			<X>221</X>
			<Y>6</Y>
		</point>
		<point>
			<X>218</X>
			<Y>6</Y>
		</point>
		<point>
			<X>218</X>
			<Y>6</Y>
		</point>
		<point>
			<X>215</X>
			<Y>6</Y>
		</point>
		<point>
			<X>215</X>
			<Y>6</Y>
		</point>
		<point>
			<X>213</X>
			<Y>6</Y>
		</point>
		<point>
			<X>213</X>
			<Y>6</Y>
		</point>
		<point>
			<X>212</X>
			<Y>6</Y>
		</point>
		<point>
			<X>212</X>
			<Y>6</Y>
		</point>
		<point>
			<X>208</X>
			<Y>6</Y>
		</point>
		<point>
			<X>208</X>
			<Y>6</Y>
		</point>
		<point>
			<X>206</X>
			<Y>6</Y>
		</point>
		<point>
			<X>206</X>
			<Y>6</Y>
		</point>
		<point>
			<X>205</X>
			<Y>6</Y>
		</point>
		<point>
			<X>205</X>
			<Y>6</Y>
		</point>
		<point>
			<X>203</X>
			<Y>6</Y>
		</point>
		<point>
			<X>203</X>
			<Y>6</Y>
		</point>
		<point>
			<X>201</X>
			<Y>6</Y>
		</point>
		<point>
			<X>201</X>
			<Y>6</Y>
		</point>
		<point>
			<X>199</X>
			<Y>6</Y>
		</point>
		<point>
			<X>199</X>
			<Y>6</Y>
		</point>
		<point>
			<X>196</X>
			<Y>6</Y>
		</point>
		<point>
			<X>196</X>
			<Y>6</Y>
		</point>
		<point>
			<X>194</X>
			<Y>6</Y>
		</point>
		<point>
			<X>194</X>
			<Y>6</Y>
		</point>
		<point>
			<X>190</X>
			<Y>6</Y>
		</point>
		<point>
			<X>190</X>
			<Y>6</Y>
		</point>
		<point>
			<X>187</X>
			<Y>6</Y>
		</point>
		<point>
			<X>187</X>
			<Y>6</Y>
		</point>
		<point>
			<X>184</X>
			<Y>6</Y>
		</point>
		<point>
			<X>184</X>
			<Y>6</Y>
		</point>
		<point>
			<X>180</X>
			<Y>6</Y>
		</point>
		<point>
			<X>180</X>
			<Y>6</Y>
		</point>
		<point>
			<X>174</X>
			<Y>6</Y>
		</point>
		<point>
			<X>174</X>
			<Y>6</Y>
		</point>
		<point>
			<X>168</X>
			<Y>6</Y>
		</point>
		<point>
			<X>168</X>
			<Y>6</Y>
		</point>
		<point>
			<X>164</X>
			<Y>6</Y>
		</point>
		<point>
			<X>164</X>
			<Y>6</Y>
		</point>
		<point>
			<X>157</X>
			<Y>6</Y>
		</point>
		<point>
			<X>157</X>
			<Y>6</Y>
		</point>
		<point>
			<X>150</X>
			<Y>6</Y>
		</point>
		<point>
			<X>150</X>
			<Y>6</Y>
		</point>
		<point>
			<X>143</X>
			<Y>6</Y>
		</point>
		<point>
			<X>143</X>
			<Y>6</Y>
		</point>
		<point>
			<X>136</X>
			<Y>6</Y>
		</point>
		<point>
			<X>136</X>
			<Y>6</Y>
		</point>
		<point>
			<X>130</X>
			<Y>6</Y>
		</point>
		<point>
			<X>130</X>
			<Y>6</Y>
		</point>
		<point>
			<X>124</X>
			<Y>6</Y>
		</point>
		<point>
			<X>124</X>
			<Y>6</Y>
		</point>
		<point>
			<X>120</X>
			<Y>6</Y>
		</point>
		<point>
			<X>120</X>
			<Y>6</Y>
		</point>
		<point>
			<X>115</X>
			<Y>6</Y>
		</point>
		<point>
			<X>115</X>
			<Y>6</Y>
		</point>
		<point>
			<X>108</X>
			<Y>6</Y>
		</point>
		<point>
			<X>108</X>
			<Y>6</Y>
		</point>
		<point>
			<X>101</X>
			<Y>6</Y>
		</point>
		<point>
			<X>101</X>
			<Y>6</Y>
		</point>
		<point>
			<X>95</X>
			<Y>6</Y>
		</point>
		<point>
			<X>95</X>
			<Y>6</Y>
		</point>
		<point>
			<X>86</X>
			<Y>6</Y>
		</point>
		<point>
			<X>86</X>
			<Y>6</Y>
		</point>
		<point>
			<X>76</X>
			<Y>6</Y>
		</point>
		<point>
			<X>76</X>
			<Y>6</Y>
		</point>
		<point>
			<X>67</X>
			<Y>6</Y>
		</point>
		<point>
			<X>67</X>
			<Y>6</Y>
		</point>
		<point>
			<X>59</X>
			<Y>8</Y>
		</point>
		<point>
			<X>59</X>
			<Y>8</Y>
		</point>
		<point>
			<X>50</X>
			<Y>8</Y>
		</point>
		<point>
			<X>50</X>
			<Y>8</Y>
		</point>
		<point>
			<X>43</X>
			<Y>8</Y>
		</point>
		<point>
			<X>43</X>
			<Y>8</Y>
		</point>
		<point>
			<X>39</X>
			<Y>8</Y>
		</point>
		<point>
			<X>39</X>
			<Y>8</Y>
		</point>
		<point>
			<X>37</X>
			<Y>8</Y>
		</point>
		<point>
			<X>37</X>
			<Y>8</Y>
		</point>
		<point>
			<X>35</X>
			<Y>8</Y>
		</point>
		<point>
			<X>35</X>
			<Y>8</Y>
		</point>
		<point>
			<X>34</X>
			<Y>9</Y>
		</point>
		<point>
			<X>34</X>
			<Y>9</Y>
		</point>
		<point>
			<X>34</X>
			<Y>10</Y>
		</point>
		<point>
			<X>34</X>
			<Y>10</Y>
		</point>
		<point>
			<X>33</X>
			<Y>11</Y>
		</point>
		<point>
			<X>33</X>
			<Y>11</Y>
		</point>
		<point>
			<X>33</X>
			<Y>11</Y>
		</point>
		<point>
			<X>33</X>
			<Y>11</Y>
		</point>
		<point>
			<X>31</X>
			<Y>11</Y>
		</point>
		<point>
			<X>31</X>
			<Y>13</Y>
		</point>
		<point>
			<X>31</X>
			<Y>13</Y>
		</point>
		<point>
			<X>31</X>
			<Y>13</Y>
		</point>
		<point>
			<X>30</X>
			<Y>15</Y>
		</point>
		<point>
			<X>30</X>
			<Y>15</Y>
		</point>
		<point>
			<X>30</X>
			<Y>16</Y>
		</point>
		<point>
			<X>30</X>
			<Y>16</Y>
		</point>
		<point>
			<X>30</X>
			<Y>17</Y>
		</point>
		<point>
			<X>30</X>
			<Y>17</Y>
		</point>
		<point>
			<X>29</X>
			<Y>17</Y>
		</point>
		<point>
			<X>29</X>
			<Y>18</Y>
		</point>
		<point>
			<X>29</X>
			<Y>20</Y>
		</point>
		<point>
			<X>29</X>
			<Y>20</Y>
		</point>
		<point>
			<X>29</X>
			<Y>21</Y>
		</point>
		<point>
			<X>29</X>
			<Y>21</Y>
		</point>
		<point>
			<X>29</X>
			<Y>22</Y>
		</point>
		<point>
			<X>29</X>
			<Y>22</Y>
		</point>
		<point>
			<X>29</X>
			<Y>23</Y>
		</point>
		<point>
			<X>29</X>
			<Y>23</Y>
		</point>
		<point>
			<X>27</X>
			<Y>23</Y>
		</point>
		<point>
			<X>27</X>
			<Y>26</Y>
		</point>
		<point>
			<X>27</X>
			<Y>26</Y>
		</point>
		<point>
			<X>26</X>
			<Y>27</Y>
		</point>
		<point>
			<X>26</X>
			<Y>27</Y>
		</point>
		<point>
			<X>26</X>
			<Y>29</Y>
		</point>
		<point>
			<X>26</X>
			<Y>29</Y>
		</point>
		<point>
			<X>25</X>
			<Y>30</Y>
		</point>
		<point>
			<X>25</X>
			<Y>30</Y>
		</point>
		<point>
			<X>23</X>
			<Y>31</Y>
		</point>
		<point>
			<X>23</X>
			<Y>31</Y>
		</point>
		<point>
			<X>22</X>
			<Y>32</Y>
		</point>
		<point>
			<X>22</X>
			<Y>32</Y>
		</point>
		<point>
			<X>20</X>
			<Y>33</Y>
		</point>
		<point>
			<X>20</X>
			<Y>33</Y>
		</point>
		<point>
			<X>19</X>
			<Y>34</Y>
		</point>
		<point>
			<X>19</X>
			<Y>34</Y>
		</point>
		<point>
			<X>18</X>
			<Y>35</Y>
		</point>
		<point>
			<X>18</X>
			<Y>35</Y>
		</point>
		<point>
			<X>17</X>
			<Y>36</Y>
		</point>
		<point>
			<X>17</X>
			<Y>36</Y>
		</point>
		<point>
			<X>16</X>
			<Y>36</Y>
		</point>
		<point>
			<X>16</X>
			<Y>36</Y>
		</point>
		<point>
			<X>15</X>
			<Y>37</Y>
		</point>
		<point>
			<X>15</X>
			<Y>37</Y>
		</point>
		<point>
			<X>15</X>
			<Y>38</Y>
		</point>
		<point>
			<X>15</X>
			<Y>38</Y>
		</point>
		<point>
			<X>15</X>
			<Y>40</Y>
		</point>
		<point>
			<X>15</X>
			<Y>40</Y>
		</point>
		<point>
			<X>13</X>
			<Y>40</Y>
		</point>
		<point>
			<X>13</X>
			<Y>40</Y>
		</point>
		<point>
			<X>13</X>
			<Y>41</Y>
		</point>
		<point>
			<X>13</X>
			<Y>42</Y>
		</point>
		<point>
			<X>13</X>
			<Y>42</Y>
		</point>
		<point>
			<X>11</X>
			<Y>43</Y>
		</point>
		<point>
			<X>11</X>
			<Y>43</Y>
		</point>
		<point>
			<X>11</X>
			<Y>44</Y>
		</point>
		<point>
			<X>11</X>
			<Y>44</Y>
		</point>
		<point>
			<X>10</X>
			<Y>45</Y>
		</point>
		<point>
			<X>10</X>
			<Y>45</Y>
		</point>
		<point>
			<X>9</X>
			<Y>46</Y>
		</point>
		<point>
			<X>9</X>
			<Y>46</Y>
		</point>
		<point>
			<X>8</X>
			<Y>46</Y>
		</point>
		<point>
			<X>8</X>
			<Y>46</Y>
		</point>
		<point>
			<X>8</X>
			<Y>47</Y>
		</point>
		<point>
			<X>8</X>
			<Y>47</Y>
		</point>
		<point>
			<X>8</X>
			<Y>47</Y>
		</point>
		<point>
			<X>8</X>
			<Y>49</Y>
		</point>
		<point>
			<X>8</X>
			<Y>49</Y>
		</point>
		<point>
			<X>6</X>
			<Y>49</Y>
		</point>
		<point>
			<X>6</X>
			<Y>50</Y>
		</point>
		<point>
			<X>5</X>
			<Y>50</Y>
		</point>
		<point>
			<X>5</X>
			<Y>50</Y>
		</point>
		<point>
			<X>5</X>
			<Y>52</Y>
		</point>
		<point>
			<X>5</X>
			<Y>52</Y>
		</point>
		<point>
			<X>5</X>
			<Y>53</Y>
		</point>
		<point>
			<X>5</X>
			<Y>53</Y>
		</point>
		<point>
			<X>5</X>
			<Y>54</Y>
		</point>
		<point>
			<X>5</X>
			<Y>54</Y>
		</point>
		<point>
			<X>5</X>
			<Y>55</Y>
		</point>
		<point>
			<X>5</X>
			<Y>55</Y>
		</point>
		<point>
			<X>5</X>
			<Y>55</Y>
		</point>
		<point>
			<X>5</X>
			<Y>55</Y>
		</point>
		<point>
			<X>5</X>
			<Y>57</Y>
		</point>
		<point>
			<X>5</X>
			<Y>57</Y>
		</point>
		<point>
			<X>4</X>
			<Y>57</Y>
		</point>
		<point>
			<X>4</X>
			<Y>58</Y>
		</point>
		<point>
			<X>2</X>
			<Y>60</Y>
		</point>
		<point>
			<X>2</X>
			<Y>60</Y>
		</point>
		<point>
			<X>2</X>
			<Y>60</Y>
		</point>
		<point>
			<X>2</X>
			<Y>60</Y>
		</point>
		<point>
			<X>2</X>
			<Y>62</Y>
		</point>
		<point>
			<X>2</X>
			<Y>62</Y>
		</point>
		<point>
			<X>2</X>
			<Y>62</Y>
		</point>
		<point>
			<X>2</X>
			<Y>63</Y>
		</point>
		<point>
			<X>2</X>
			<Y>64</Y>
		</point>
		<point>
			<X>2</X>
			<Y>64</Y>
		</point>
		<point>
			<X>2</X>
			<Y>65</Y>
		</point>
		<point>
			<X>2</X>
			<Y>65</Y>
		</point>
		<point>
			<X>2</X>
			<Y>66</Y>
		</point>
		<point>
			<X>2</X>
			<Y>66</Y>
		</point>
		<point>
			<X>2</X>
			<Y>67</Y>
		</point>
		<point>
			<X>2</X>
			<Y>67</Y>
		</point>
		<point>
			<X>1</X>
			<Y>68</Y>
		</point>
		<point>
			<X>1</X>
			<Y>68</Y>
		</point>
		<point>
			<X>1</X>
			<Y>69</Y>
		</point>
		<point>
			<X>1</X>
			<Y>69</Y>
		</point>
		<point>
			<X>1</X>
			<Y>71</Y>
		</point>
		<point>
			<X>1</X>
			<Y>71</Y>
		</point>
		<point>
			<X>0</X>
			<Y>72</Y>
		</point>
		<point>
			<X>0</X>
			<Y>72</Y>
		</point>
		<point>
			<X>0</X>
			<Y>73</Y>
		</point>
		<point>
			<X>0</X>
			<Y>73</Y>
		</point>
		<point>
			<X>0</X>
			<Y>188</Y>
		</point>
		<point>
			<X>0</X>
			<Y>188</Y>
		</point>
		<point>
			<X>1</X>
			<Y>190</Y>
		</point>
		<point>
			<X>1</X>
			<Y>190</Y>
		</point>
		<point>
			<X>2</X>
			<Y>191</Y>
		</point>
		<point>
			<X>2</X>
			<Y>191</Y>
		</point>
		<point>
			<X>2</X>
			<Y>194</Y>
		</point>
		<point>
			<X>2</X>
			<Y>194</Y>
		</point>
		<point>
			<X>4</X>
			<Y>196</Y>
		</point>
		<point>
			<X>4</X>
			<Y>196</Y>
		</point>
		<point>
			<X>5</X>
			<Y>200</Y>
		</point>
		<point>
			<X>5</X>
			<Y>200</Y>
		</point>
		<point>
			<X>6</X>
			<Y>201</Y>
		</point>
		<point>
			<X>6</X>
			<Y>201</Y>
		</point>
		<point>
			<X>6</X>
			<Y>203</Y>
		</point>
		<point>
			<X>6</X>
			<Y>203</Y>
		</point>
		<point>
			<X>6</X>
			<Y>205</Y>
		</point>
		<point>
			<X>6</X>
			<Y>205</Y>
		</point>
		<point>
			<X>8</X>
			<Y>206</Y>
		</point>
		<point>
			<X>8</X>
			<Y>206</Y>
		</point>
		<point>
			<X>9</X>
			<Y>208</Y>
		</point>
		<point>
			<X>9</X>
			<Y>208</Y>
		</point>
		<point>
			<X>9</X>
			<Y>210</Y>
		</point>
		<point>
			<X>9</X>
			<Y>210</Y>
		</point>
		<point>
			<X>11</X>
			<Y>211</Y>
		</point>
		<point>
			<X>11</X>
			<Y>211</Y>
		</point>
		<point>
			<X>11</X>
			<Y>213</Y>
		</point>
		<point>
			<X>11</X>
			<Y>213</Y>
		</point>
		<point>
			<X>13</X>
			<Y>215</Y>
		</point>
		<point>
			<X>13</X>
			<Y>215</Y>
		</point>
		<point>
			<X>15</X>
			<Y>218</Y>
		</point>
		<point>
			<X>15</X>
			<Y>218</Y>
		</point>
		<point>
			<X>18</X>
			<Y>221</Y>
		</point>
		<point>
			<X>18</X>
			<Y>221</Y>
		</point>
		<point>
			<X>20</X>
			<Y>223</Y>
		</point>
		<point>
			<X>20</X>
			<Y>223</Y>
		</point>
		<point>
			<X>22</X>
			<Y>226</Y>
		</point>
		<point>
			<X>22</X>
			<Y>226</Y>
		</point>
		<point>
			<X>25</X>
			<Y>228</Y>
		</point>
		<point>
			<X>25</X>
			<Y>228</Y>
		</point>
		<point>
			<X>27</X>
			<Y>228</Y>
		</point>
		<point>
			<X>27</X>
			<Y>228</Y>
		</point>
		<point>
			<X>29</X>
			<Y>232</Y>
		</point>
		<point>
			<X>29</X>
			<Y>232</Y>
		</point>
		<point>
			<X>33</X>
			<Y>233</Y>
		</point>
		<point>
			<X>33</X>
			<Y>233</Y>
		</point>
		<point>
			<X>35</X>
			<Y>235</Y>
		</point>
		<point>
			<X>35</X>
			<Y>235</Y>
		</point>
		<point>
			<X>37</X>
			<Y>237</Y>
		</point>
		<point>
			<X>37</X>
			<Y>237</Y>
		</point>
		<point>
			<X>38</X>
			<Y>238</Y>
		</point>
		<point>
			<X>38</X>
			<Y>238</Y>
		</point>
		<point>
			<X>41</X>
			<Y>241</Y>
		</point>
		<point>
			<X>41</X>
			<Y>241</Y>
		</point>
		<point>
			<X>43</X>
			<Y>242</Y>
		</point>
		<point>
			<X>43</X>
			<Y>242</Y>
		</point>
		<point>
			<X>44</X>
			<Y>243</Y>
		</point>
		<point>
			<X>44</X>
			<Y>243</Y>
		</point>
		<point>
			<X>47</X>
			<Y>245</Y>
		</point>
		<point>
			<X>47</X>
			<Y>245</Y>
		</point>
		<point>
			<X>50</X>
			<Y>246</Y>
		</point>
		<point>
			<X>50</X>
			<Y>246</Y>
		</point>
		<point>
			<X>50</X>
			<Y>247</Y>
		</point>
		<point>
			<X>50</X>
			<Y>247</Y>
		</point>
		<point>
			<X>54</X>
			<Y>248</Y>
		</point>
		<point>
			<X>54</X>
			<Y>248</Y>
		</point>
		<point>
			<X>55</X>
			<Y>248</Y>
		</point>
		<point>
			<X>55</X>
			<Y>248</Y>
		</point>
		<point>
			<X>58</X>
			<Y>248</Y>
		</point>
		<point>
			<X>58</X>
			<Y>248</Y>
		</point>
		<point>
			<X>59</X>
			<Y>250</Y>
		</point>
		<point>
			<X>59</X>
			<Y>250</Y>
		</point>
		<point>
			<X>60</X>
			<Y>251</Y>
		</point>
		<point>
			<X>60</X>
			<Y>251</Y>
		</point>
		<point>
			<X>62</X>
			<Y>251</Y>
		</point>
		<point>
			<X>62</X>
			<Y>251</Y>
		</point>
		<point>
			<X>64</X>
			<Y>252</Y>
		</point>
		<point>
			<X>65</X>
			<Y>252</Y>
		</point>
		<point>
			<X>65</X>
			<Y>252</Y>
		</point>
		<point>
			<X>68</X>
			<Y>253</Y>
		</point>
		<point>
			<X>68</X>
			<Y>253</Y>
		</point>
		<point>
			<X>69</X>
			<Y>253</Y>
		</point>
		<point>
			<X>69</X>
			<Y>253</Y>
		</point>
		<point>
			<X>70</X>
			<Y>253</Y>
		</point>
		<point>
			<X>70</X>
			<Y>253</Y>
		</point>
		<point>
			<X>73</X>
			<Y>253</Y>
		</point>
		<point>
			<X>73</X>
			<Y>253</Y>
		</point>
		<point>
			<X>75</X>
			<Y>253</Y>
		</point>
		<point>
			<X>75</X>
			<Y>253</Y>
		</point>
		<point>
			<X>78</X>
			<Y>253</Y>
		</point>
		<point>
			<X>78</X>
			<Y>253</Y>
		</point>
		<point>
			<X>80</X>
			<Y>253</Y>
		</point>
		<point>
			<X>80</X>
			<Y>253</Y>
		</point>
		<point>
			<X>83</X>
			<Y>253</Y>
		</point>
		<point>
			<X>83</X>
			<Y>253</Y>
		</point>
		<point>
			<X>85</X>
			<Y>253</Y>
		</point>
		<point>
			<X>85</X>
			<Y>253</Y>
		</point>
		<point>
			<X>87</X>
			<Y>253</Y>
		</point>
		<point>
			<X>87</X>
			<Y>253</Y>
		</point>
		<point>
			<X>90</X>
			<Y>253</Y>
		</point>
		<point>
			<X>90</X>
			<Y>253</Y>
		</point>
		<point>
			<X>93</X>
			<Y>253</Y>
		</point>
		<point>
			<X>93</X>
			<Y>253</Y>
		</point>
		<point>
			<X>95</X>
			<Y>253</Y>
		</point>
		<point>
			<X>95</X>
			<Y>253</Y>
		</point>
		<point>
			<X>100</X>
			<Y>253</Y>
		</point>
		<point>
			<X>100</X>
			<Y>253</Y>
		</point>
		<point>
			<X>104</X>
			<Y>253</Y>
		</point>
		<point>
			<X>104</X>
			<Y>253</Y>
		</point>
		<point>
			<X>109</X>
			<Y>253</Y>
		</point>
		<point>
			<X>109</X>
			<Y>253</Y>
		</point>
		<point>
			<X>115</X>
			<Y>253</Y>
		</point>
		<point>
			<X>115</X>
			<Y>253</Y>
		</point>
		<point>
			<X>121</X>
			<Y>253</Y>
		</point>
		<point>
			<X>121</X>
			<Y>253</Y>
		</point>
		<point>
			<X>126</X>
			<Y>253</Y>
		</point>
		<point>
			<X>126</X>
			<Y>253</Y>
		</point>
		<point>
			<X>133</X>
			<Y>253</Y>
		</point>
		<point>
			<X>133</X>
			<Y>253</Y>
		</point>
		<point>
			<X>138</X>
			<Y>253</Y>
		</point>
		<point>
			<X>138</X>
			<Y>253</Y>
		</point>
		<point>
			<X>142</X>
			<Y>253</Y>
		</point>
		<point>
			<X>142</X>
			<Y>253</Y>
		</point>
		<point>
			<X>148</X>
			<Y>253</Y>
		</point>
		<point>
			<X>148</X>
			<Y>253</Y>
		</point>
		<point>
			<X>154</X>
			<Y>253</Y>
		</point>
		<point>
			<X>154</X>
			<Y>253</Y>
		</point>
		<point>
			<X>159</X>
			<Y>255</Y>
		</point>
		<point>
			<X>159</X>
			<Y>255</Y>
		</point>
		<point>
			<X>162</X>
			<Y>256</Y>
		</point>
		<point>
			<X>162</X>
			<Y>256</Y>
		</point>
		<point>
			<X>166</X>
			<Y>257</Y>
		</point>
		<point>
			<X>166</X>
			<Y>257</Y>
		</point>
		<point>
			<X>171</X>
			<Y>258</Y>
		</point>
		<point>
			<X>171</X>
			<Y>258</Y>
		</point>
		<point>
			<X>176</X>
			<Y>260</Y>
		</point>
		<point>
			<X>176</X>
			<Y>260</Y>
		</point>
		<point>
			<X>181</X>
			<Y>260</Y>
		</point>
		<point>
			<X>181</X>
			<Y>260</Y>
		</point>
		<point>
			<X>187</X>
			<Y>262</Y>
		</point>
		<point>
			<X>187</X>
			<Y>262</Y>
		</point>
		<point>
			<X>194</X>
			<Y>263</Y>
		</point>
		<point>
			<X>194</X>
			<Y>263</Y>
		</point>
		<point>
			<X>199</X>
			<Y>264</Y>
		</point>
		<point>
			<X>199</X>
			<Y>264</Y>
		</point>
		<point>
			<X>206</X>
			<Y>266</Y>
		</point>
		<point>
			<X>206</X>
			<Y>266</Y>
		</point>
		<point>
			<X>213</X>
			<Y>267</Y>
		</point>
		<point>
			<X>213</X>
			<Y>267</Y>
		</point>
		<point>
			<X>218</X>
			<Y>268</Y>
		</point>
		<point>
			<X>218</X>
			<Y>268</Y>
		</point>
		<point>
			<X>223</X>
			<Y>269</Y>
		</point>
		<point>
			<X>223</X>
			<Y>269</Y>
		</point>
		<point>
			<X>228</X>
			<Y>271</Y>
		</point>
		<point>
			<X>228</X>
			<Y>271</Y>
		</point>
		<point>
			<X>233</X>
			<Y>272</Y>
		</point>
		<point>
			<X>233</X>
			<Y>272</Y>
		</point>
		<point>
			<X>240</X>
			<Y>274</Y>
		</point>
		<point>
			<X>240</X>
			<Y>274</Y>
		</point>
		<point>
			<X>246</X>
			<Y>276</Y>
		</point>
		<point>
			<X>246</X>
			<Y>276</Y>
		</point>
		<point>
			<X>252</X>
			<Y>278</Y>
		</point>
		<point>
			<X>252</X>
			<Y>278</Y>
		</point>
		<point>
			<X>259</X>
			<Y>280</Y>
		</point>
		<point>
			<X>259</X>
			<Y>280</Y>
		</point>
		<point>
			<X>265</X>
			<Y>282</Y>
		</point>
		<point>
			<X>265</X>
			<Y>282</Y>
		</point>
		<point>
			<X>272</X>
			<Y>282</Y>
		</point>
		<point>
			<X>272</X>
			<Y>282</Y>
		</point>
		<point>
			<X>276</X>
			<Y>282</Y>
		</point>
		<point>
			<X>276</X>
			<Y>282</Y>
		</point>
		<point>
			<X>279</X>
			<Y>283</Y>
		</point>
		<point>
			<X>279</X>
			<Y>283</Y>
		</point>
		<point>
			<X>281</X>
			<Y>284</Y>
		</point>
		<point>
			<X>281</X>
			<Y>284</Y>
		</point>
		<point>
			<X>283</X>
			<Y>285</Y>
		</point>
		<point>
			<X>283</X>
			<Y>285</Y>
		</point>
		<point>
			<X>284</X>
			<Y>285</Y>
		</point>
		<point>
			<X>284</X>
			<Y>285</Y>
		</point>
		<point>
			<X>285</X>
			<Y>285</Y>
		</point>
		<point>
			<X>285</X>
			<Y>285</Y>
		</point>
		<point>
			<X>285</X>
			<Y>286</Y>
		</point>
		<point>
			<X>286</X>
			<Y>286</Y>
		</point>
		<point>
			<X>287</X>
			<Y>287</Y>
		</point>
		<point>
			<X>287</X>
			<Y>287</Y>
		</point>
		<point>
			<X>287</X>
			<Y>288</Y>
		</point>
		<point>
			<X>287</X>
			<Y>288</Y>
		</point>
		<point>
			<X>287</X>
			<Y>289</Y>
		</point>
		<point>
			<X>287</X>
			<Y>289</Y>
		</point>
		<point>
			<X>287</X>
			<Y>290</Y>
		</point>
		<point>
			<X>287</X>
			<Y>290</Y>
		</point>
		<point>
			<X>288</X>
			<Y>292</Y>
		</point>
		<point>
			<X>288</X>
			<Y>292</Y>
		</point>
		<point>
			<X>289</X>
			<Y>292</Y>
		</point>
		<point>
			<X>289</X>
			<Y>292</Y>
		</point>
		<point>
			<X>290</X>
			<Y>294</Y>
		</point>
		<point>
			<X>290</X>
			<Y>294</Y>
		</point>
		<point>
			<X>292</X>
			<Y>295</Y>
		</point>
		<point>
			<X>292</X>
			<Y>295</Y>
		</point>
		<point>
			<X>293</X>
			<Y>297</Y>
		</point>
		<point>
			<X>293</X>
			<Y>297</Y>
		</point>
	</polygon>
</annotation>