<annotation>
	<folder>anno</folder>
	<filename>2008_005376.jpg</filename>
	<source>
		<database>The anno Database</database>
		<annotation>VC anno</annotation>
		<image>Unknow</image>
		<flickrid>Unknow</flickrid>
	</source>
	<owner>
		<flickrid>Unknow</flickrid>
		<name>Unknow</name>
	</owner>
	<size>
		<width>500</width>
		<height>375</height>
		<depth>4</depth>
	</size>
	<segmented>1</segmented>
	<polygon>
		<tag>cat</tag>
		<point>
			<X>447</X>
			<Y>174</Y>
		</point>
		<point>
			<X>446</X>
			<Y>171</Y>
		</point>
		<point>
			<X>446</X>
			<Y>171</Y>
		</point>
		<point>
			<X>442</X>
			<Y>168</Y>
		</point>
		<point>
			<X>442</X>
			<Y>168</Y>
		</point>
		<point>
			<X>440</X>
			<Y>166</Y>
		</point>
		<point>
			<X>440</X>
			<Y>166</Y>
		</point>
		<point>
			<X>437</X>
			<Y>164</Y>
		</point>
		<point>
			<X>437</X>
			<Y>164</Y>
		</point>
		<point>
			<X>433</X>
			<Y>161</Y>
		</point>
		<point>
			<X>433</X>
			<Y>161</Y>
		</point>
		<point>
			<X>430</X>
			<Y>160</Y>
		</point>
		<point>
			<X>430</X>
			<Y>160</Y>
		</point>
		<point>
			<X>427</X>
			<Y>158</Y>
		</point>
		<point>
			<X>427</X>
			<Y>158</Y>
		</point>
		<point>
			<X>424</X>
			<Y>156</Y>
		</point>
		<point>
			<X>424</X>
			<Y>156</Y>
		</point>
		<point>
			<X>421</X>
			<Y>154</Y>
		</point>
		<point>
			<X>421</X>
			<Y>154</Y>
		</point>
		<point>
			<X>418</X>
			<Y>153</Y>
		</point>
		<point>
			<X>418</X>
			<Y>153</Y>
		</point>
		<point>
			<X>415</X>
			<Y>150</Y>
		</point>
		<point>
			<X>415</X>
			<Y>150</Y>
		</point>
		<point>
			<X>411</X>
			<Y>147</Y>
		</point>
		<point>
			<X>411</X>
			<Y>147</Y>
		</point>
		<point>
			<X>406</X>
			<Y>146</Y>
		</point>
		<point>
			<X>406</X>
			<Y>146</Y>
		</point>
		<point>
			<X>401</X>
			<Y>143</Y>
		</point>
		<point>
			<X>401</X>
			<Y>143</Y>
		</point>
		<point>
			<X>396</X>
			<Y>139</Y>
		</point>
		<point>
			<X>396</X>
			<Y>139</Y>
		</point>
		<point>
			<X>388</X>
			<Y>135</Y>
		</point>
		<point>
			<X>388</X>
			<Y>135</Y>
		</point>
		<point>
			<X>382</X>
			<Y>131</Y>
		</point>
		<point>
			<X>382</X>
			<Y>131</Y>
		</point>
		<point>
			<X>373</X>
			<Y>128</Y>
		</point>
		<point>
			<X>373</X>
			<Y>128</Y>
		</point>
		<point>
			<X>368</X>
			<Y>124</Y>
		</point>
		<point>
			<X>368</X>
			<Y>124</Y>
		</point>
		<point>
			<X>361</X>
			<Y>121</Y>
		</point>
		<point>
			<X>361</X>
			<Y>121</Y>
		</point>
		<point>
			<X>355</X>
			<Y>119</Y>
		</point>
		<point>
			<X>355</X>
			<Y>119</Y>
		</point>
		<point>
			<X>348</X>
			<Y>117</Y>
		</point>
		<point>
			<X>348</X>
			<Y>117</Y>
		</point>
		<point>
			<X>342</X>
			<Y>114</Y>
		</point>
		<point>
			<X>342</X>
			<Y>114</Y>
		</point>
		<point>
			<X>335</X>
			<Y>113</Y>
		</point>
		<point>
			<X>335</X>
			<Y>113</Y>
		</point>
		<point>
			<X>328</X>
			<Y>111</Y>
		</point>
		<point>
			<X>328</X>
			<Y>111</Y>
		</point>
		<point>
			<X>320</X>
			<Y>108</Y>
		</point>
		<point>
			<X>320</X>
			<Y>108</Y>
		</point>
		<point>
			<X>313</X>
			<Y>107</Y>
		</point>
		<point>
			<X>313</X>
			<Y>107</Y>
		</point>
		<point>
			<X>306</X>
			<Y>106</Y>
		</point>
		<point>
			<X>306</X>
			<Y>106</Y>
		</point>
		<point>
			<X>300</X>
			<Y>105</Y>
		</point>
		<point>
			<X>300</X>
			<Y>105</Y>
		</point>
		<point>
			<X>293</X>
			<Y>104</Y>
		</point>
		<point>
			<X>293</X>
			<Y>104</Y>
		</point>
		<point>
			<X>286</X>
			<Y>103</Y>
		</point>
		<point>
			<X>286</X>
			<Y>103</Y>
		</point>
		<point>
			<X>281</X>
			<Y>103</Y>
		</point>
		<point>
			<X>281</X>
			<Y>103</Y>
		</point>
		<point>
			<X>275</X>
			<Y>103</Y>
		</point>
		<point>
			<X>275</X>
			<Y>103</Y>
		</point>
		<point>
			<X>271</X>
			<Y>103</Y>
		</point>
		<point>
			<X>271</X>
			<Y>103</Y>
		</point>
		<point>
			<X>265</X>
			<Y>103</Y>
		</point>
		<point>
			<X>265</X>
			<Y>103</Y>
		</point>
		<point>
			<X>260</X>
			<Y>104</Y>
		</point>
		<point>
			<X>260</X>
			<Y>104</Y>
		</point>
		<point>
			<X>253</X>
			<Y>105</Y>
		</point>
		<point>
			<X>253</X>
			<Y>105</Y>
		</point>
		<point>
			<X>247</X>
			<Y>106</Y>
		</point>
		<point>
			<X>247</X>
			<Y>106</Y>
		</point>
		<point>
			<X>240</X>
			<Y>109</Y>
		</point>
		<point>
			<X>240</X>
			<Y>109</Y>
		</point>
		<point>
			<X>234</X>
			<Y>113</Y>
		</point>
		<point>
			<X>234</X>
			<Y>113</Y>
		</point>
		<point>
			<X>226</X>
			<Y>115</Y>
		</point>
		<point>
			<X>226</X>
			<Y>115</Y>
		</point>
		<point>
			<X>219</X>
			<Y>118</Y>
		</point>
		<point>
			<X>219</X>
			<Y>118</Y>
		</point>
		<point>
			<X>211</X>
			<Y>120</Y>
		</point>
		<point>
			<X>211</X>
			<Y>120</Y>
		</point>
		<point>
			<X>202</X>
			<Y>125</Y>
		</point>
		<point>
			<X>202</X>
			<Y>125</Y>
		</point>
		<point>
			<X>193</X>
			<Y>128</Y>
		</point>
		<point>
			<X>193</X>
			<Y>128</Y>
		</point>
		<point>
			<X>185</X>
			<Y>133</Y>
		</point>
		<point>
			<X>185</X>
			<Y>133</Y>
		</point>
		<point>
			<X>176</X>
			<Y>138</Y>
		</point>
		<point>
			<X>176</X>
			<Y>138</Y>
		</point>
		<point>
			<X>168</X>
			<Y>143</Y>
		</point>
		<point>
			<X>168</X>
			<Y>143</Y>
		</point>
		<point>
			<X>160</X>
			<Y>147</Y>
		</point>
		<point>
			<X>160</X>
			<Y>147</Y>
		</point>
		<point>
			<X>152</X>
			<Y>153</Y>
		</point>
		<point>
			<X>152</X>
			<Y>153</Y>
		</point>
		<point>
			<X>144</X>
			<Y>159</Y>
		</point>
		<point>
			<X>144</X>
			<Y>159</Y>
		</point>
		<point>
			<X>138</X>
			<Y>164</Y>
		</point>
		<point>
			<X>138</X>
			<Y>164</Y>
		</point>
		<point>
			<X>131</X>
			<Y>170</Y>
		</point>
		<point>
			<X>131</X>
			<Y>170</Y>
		</point>
		<point>
			<X>125</X>
			<Y>174</Y>
		</point>
		<point>
			<X>125</X>
			<Y>174</Y>
		</point>
		<point>
			<X>119</X>
			<Y>179</Y>
		</point>
		<point>
			<X>119</X>
			<Y>179</Y>
		</point>
		<point>
			<X>114</X>
			<Y>183</Y>
		</point>
		<point>
			<X>114</X>
			<Y>183</Y>
		</point>
		<point>
			<X>110</X>
			<Y>189</Y>
		</point>
		<point>
			<X>110</X>
			<Y>189</Y>
		</point>
		<point>
			<X>107</X>
			<Y>193</Y>
		</point>
		<point>
			<X>107</X>
			<Y>193</Y>
		</point>
		<point>
			<X>106</X>
			<Y>197</Y>
		</point>
		<point>
			<X>106</X>
			<Y>197</Y>
		</point>
		<point>
			<X>103</X>
			<Y>201</Y>
		</point>
		<point>
			<X>103</X>
			<Y>201</Y>
		</point>
		<point>
			<X>102</X>
			<Y>205</Y>
		</point>
		<point>
			<X>102</X>
			<Y>205</Y>
		</point>
		<point>
			<X>101</X>
			<Y>210</Y>
		</point>
		<point>
			<X>101</X>
			<Y>210</Y>
		</point>
		<point>
			<X>101</X>
			<Y>213</Y>
		</point>
		<point>
			<X>101</X>
			<Y>213</Y>
		</point>
		<point>
			<X>101</X>
			<Y>216</Y>
		</point>
		<point>
			<X>101</X>
			<Y>216</Y>
		</point>
		<point>
			<X>101</X>
			<Y>220</Y>
		</point>
		<point>
			<X>101</X>
			<Y>220</Y>
		</point>
		<point>
			<X>101</X>
			<Y>225</Y>
		</point>
		<point>
			<X>101</X>
			<Y>225</Y>
		</point>
		<point>
			<X>101</X>
			<Y>229</Y>
		</point>
		<point>
			<X>101</X>
			<Y>229</Y>
		</point>
		<point>
			<X>102</X>
			<Y>233</Y>
		</point>
		<point>
			<X>102</X>
			<Y>233</Y>
		</point>
		<point>
			<X>104</X>
			<Y>236</Y>
		</point>
		<point>
			<X>104</X>
			<Y>236</Y>
		</point>
		<point>
			<X>106</X>
			<Y>239</Y>
		</point>
		<point>
			<X>106</X>
			<Y>239</Y>
		</point>
		<point>
			<X>107</X>
			<Y>241</Y>
		</point>
		<point>
			<X>107</X>
			<Y>241</Y>
		</point>
		<point>
			<X>110</X>
			<Y>245</Y>
		</point>
		<point>
			<X>110</X>
			<Y>245</Y>
		</point>
		<point>
			<X>113</X>
			<Y>248</Y>
		</point>
		<point>
			<X>113</X>
			<Y>248</Y>
		</point>
		<point>
			<X>115</X>
			<Y>250</Y>
		</point>
		<point>
			<X>115</X>
			<Y>250</Y>
		</point>
		<point>
			<X>120</X>
			<Y>252</Y>
		</point>
		<point>
			<X>120</X>
			<Y>252</Y>
		</point>
		<point>
			<X>124</X>
			<Y>253</Y>
		</point>
		<point>
			<X>124</X>
			<Y>253</Y>
		</point>
		<point>
			<X>129</X>
			<Y>256</Y>
		</point>
		<point>
			<X>129</X>
			<Y>256</Y>
		</point>
		<point>
			<X>137</X>
			<Y>259</Y>
		</point>
		<point>
			<X>137</X>
			<Y>259</Y>
		</point>
		<point>
			<X>148</X>
			<Y>262</Y>
		</point>
		<point>
			<X>148</X>
			<Y>262</Y>
		</point>
		<point>
			<X>159</X>
			<Y>264</Y>
		</point>
		<point>
			<X>159</X>
			<Y>264</Y>
		</point>
		<point>
			<X>173</X>
			<Y>267</Y>
		</point>
		<point>
			<X>173</X>
			<Y>267</Y>
		</point>
		<point>
			<X>189</X>
			<Y>271</Y>
		</point>
		<point>
			<X>189</X>
			<Y>271</Y>
		</point>
		<point>
			<X>208</X>
			<Y>274</Y>
		</point>
		<point>
			<X>208</X>
			<Y>274</Y>
		</point>
		<point>
			<X>225</X>
			<Y>278</Y>
		</point>
		<point>
			<X>225</X>
			<Y>278</Y>
		</point>
		<point>
			<X>236</X>
			<Y>280</Y>
		</point>
		<point>
			<X>236</X>
			<Y>280</Y>
		</point>
		<point>
			<X>246</X>
			<Y>282</Y>
		</point>
		<point>
			<X>246</X>
			<Y>282</Y>
		</point>
		<point>
			<X>253</X>
			<Y>283</Y>
		</point>
		<point>
			<X>253</X>
			<Y>283</Y>
		</point>
		<point>
			<X>255</X>
			<Y>283</Y>
		</point>
		<point>
			<X>255</X>
			<Y>283</Y>
		</point>
		<point>
			<X>257</X>
			<Y>283</Y>
		</point>
		<point>
			<X>257</X>
			<Y>283</Y>
		</point>
		<point>
			<X>259</X>
			<Y>283</Y>
		</point>
		<point>
			<X>259</X>
			<Y>283</Y>
		</point>
		<point>
			<X>260</X>
			<Y>281</Y>
		</point>
		<point>
			<X>260</X>
			<Y>281</Y>
		</point>
		<point>
			<X>262</X>
			<Y>280</Y>
		</point>
		<point>
			<X>262</X>
			<Y>280</Y>
		</point>
		<point>
			<X>264</X>
			<Y>278</Y>
		</point>
		<point>
			<X>264</X>
			<Y>278</Y>
		</point>
		<point>
			<X>266</X>
			<Y>276</Y>
		</point>
		<point>
			<X>266</X>
			<Y>276</Y>
		</point>
		<point>
			<X>267</X>
			<Y>273</Y>
		</point>
		<point>
			<X>267</X>
			<Y>273</Y>
		</point>
		<point>
			<X>270</X>
			<Y>270</Y>
		</point>
		<point>
			<X>270</X>
			<Y>270</Y>
		</point>
		<point>
			<X>273</X>
			<Y>266</Y>
		</point>
		<point>
			<X>273</X>
			<Y>266</Y>
		</point>
		<point>
			<X>277</X>
			<Y>261</Y>
		</point>
		<point>
			<X>277</X>
			<Y>261</Y>
		</point>
		<point>
			<X>280</X>
			<Y>257</Y>
		</point>
		<point>
			<X>280</X>
			<Y>257</Y>
		</point>
		<point>
			<X>285</X>
			<Y>253</Y>
		</point>
		<point>
			<X>285</X>
			<Y>253</Y>
		</point>
		<point>
			<X>288</X>
			<Y>249</Y>
		</point>
		<point>
			<X>288</X>
			<Y>249</Y>
		</point>
		<point>
			<X>293</X>
			<Y>246</Y>
		</point>
		<point>
			<X>293</X>
			<Y>246</Y>
		</point>
		<point>
			<X>295</X>
			<Y>242</Y>
		</point>
		<point>
			<X>295</X>
			<Y>242</Y>
		</point>
		<point>
			<X>299</X>
			<Y>239</Y>
		</point>
		<point>
			<X>299</X>
			<Y>239</Y>
		</point>
		<point>
			<X>301</X>
			<Y>236</Y>
		</point>
		<point>
			<X>301</X>
			<Y>236</Y>
		</point>
		<point>
			<X>302</X>
			<Y>233</Y>
		</point>
		<point>
			<X>302</X>
			<Y>233</Y>
		</point>
		<point>
			<X>304</X>
			<Y>231</Y>
		</point>
		<point>
			<X>304</X>
			<Y>231</Y>
		</point>
		<point>
			<X>306</X>
			<Y>228</Y>
		</point>
		<point>
			<X>306</X>
			<Y>228</Y>
		</point>
		<point>
			<X>306</X>
			<Y>225</Y>
		</point>
		<point>
			<X>306</X>
			<Y>225</Y>
		</point>
		<point>
			<X>307</X>
			<Y>222</Y>
		</point>
		<point>
			<X>307</X>
			<Y>222</Y>
		</point>
		<point>
			<X>307</X>
			<Y>221</Y>
		</point>
		<point>
			<X>307</X>
			<Y>221</Y>
		</point>
		<point>
			<X>308</X>
			<Y>220</Y>
		</point>
		<point>
			<X>308</X>
			<Y>220</Y>
		</point>
		<point>
			<X>308</X>
			<Y>218</Y>
		</point>
		<point>
			<X>308</X>
			<Y>218</Y>
		</point>
		<point>
			<X>308</X>
			<Y>217</Y>
		</point>
		<point>
			<X>308</X>
			<Y>217</Y>
		</point>
		<point>
			<X>308</X>
			<Y>216</Y>
		</point>
		<point>
			<X>308</X>
			<Y>216</Y>
		</point>
		<point>
			<X>308</X>
			<Y>215</Y>
		</point>
		<point>
			<X>308</X>
			<Y>215</Y>
		</point>
		<point>
			<X>308</X>
			<Y>214</Y>
		</point>
		<point>
			<X>308</X>
			<Y>214</Y>
		</point>
		<point>
			<X>308</X>
			<Y>213</Y>
		</point>
		<point>
			<X>308</X>
			<Y>213</Y>
		</point>
		<point>
			<X>308</X>
			<Y>212</Y>
		</point>
		<point>
			<X>308</X>
			<Y>212</Y>
		</point>
		<point>
			<X>308</X>
			<Y>210</Y>
		</point>
		<point>
			<X>308</X>
			<Y>210</Y>
		</point>
		<point>
			<X>308</X>
			<Y>209</Y>
		</point>
		<point>
			<X>308</X>
			<Y>209</Y>
		</point>
	</polygon>
	<polygon>
		<tag>background</tag>
		<point>
			<X>25</X>
			<Y>79</Y>
		</point>
		<point>
			<X>26</X>
			<Y>79</Y>
		</point>
		<point>
			<X>26</X>
			<Y>79</Y>
		</point>
		<point>
			<X>26</X>
			<Y>79</Y>
		</point>
		<point>
			<X>26</X>
			<Y>79</Y>
		</point>
		<point>
			<X>27</X>
			<Y>79</Y>
		</point>
		<point>
			<X>27</X>
			<Y>79</Y>
		</point>
		<point>
			<X>28</X>
			<Y>79</Y>
		</point>
		<point>
			<X>28</X>
			<Y>79</Y>
		</point>
		<point>
			<X>30</X>
			<Y>79</Y>
		</point>
		<point>
			<X>30</X>
			<Y>79</Y>
		</point>
		<point>
			<X>33</X>
			<Y>79</Y>
		</point>
		<point>
			<X>33</X>
			<Y>79</Y>
		</point>
		<point>
			<X>35</X>
			<Y>78</Y>
		</point>
		<point>
			<X>35</X>
			<Y>78</Y>
		</point>
		<point>
			<X>38</X>
			<Y>77</Y>
		</point>
		<point>
			<X>38</X>
			<Y>77</Y>
		</point>
		<point>
			<X>41</X>
			<Y>76</Y>
		</point>
		<point>
			<X>41</X>
			<Y>76</Y>
		</point>
		<point>
			<X>45</X>
			<Y>74</Y>
		</point>
		<point>
			<X>45</X>
			<Y>74</Y>
		</point>
		<point>
			<X>49</X>
			<Y>72</Y>
		</point>
		<point>
			<X>49</X>
			<Y>72</Y>
		</point>
		<point>
			<X>52</X>
			<Y>70</Y>
		</point>
		<point>
			<X>52</X>
			<Y>70</Y>
		</point>
		<point>
			<X>55</X>
			<Y>68</Y>
		</point>
		<point>
			<X>55</X>
			<Y>68</Y>
		</point>
		<point>
			<X>59</X>
			<Y>66</Y>
		</point>
		<point>
			<X>59</X>
			<Y>66</Y>
		</point>
		<point>
			<X>61</X>
			<Y>63</Y>
		</point>
		<point>
			<X>61</X>
			<Y>63</Y>
		</point>
		<point>
			<X>66</X>
			<Y>60</Y>
		</point>
		<point>
			<X>66</X>
			<Y>60</Y>
		</point>
		<point>
			<X>69</X>
			<Y>59</Y>
		</point>
		<point>
			<X>69</X>
			<Y>59</Y>
		</point>
		<point>
			<X>73</X>
			<Y>57</Y>
		</point>
		<point>
			<X>73</X>
			<Y>57</Y>
		</point>
		<point>
			<X>77</X>
			<Y>53</Y>
		</point>
		<point>
			<X>77</X>
			<Y>53</Y>
		</point>
		<point>
			<X>80</X>
			<Y>51</Y>
		</point>
		<point>
			<X>80</X>
			<Y>51</Y>
		</point>
		<point>
			<X>83</X>
			<Y>49</Y>
		</point>
		<point>
			<X>83</X>
			<Y>49</Y>
		</point>
		<point>
			<X>85</X>
			<Y>46</Y>
		</point>
		<point>
			<X>85</X>
			<Y>46</Y>
		</point>
		<point>
			<X>88</X>
			<Y>44</Y>
		</point>
		<point>
			<X>88</X>
			<Y>44</Y>
		</point>
		<point>
			<X>90</X>
			<Y>42</Y>
		</point>
		<point>
			<X>90</X>
			<Y>42</Y>
		</point>
		<point>
			<X>92</X>
			<Y>42</Y>
		</point>
		<point>
			<X>92</X>
			<Y>42</Y>
		</point>
		<point>
			<X>93</X>
			<Y>40</Y>
		</point>
		<point>
			<X>93</X>
			<Y>40</Y>
		</point>
		<point>
			<X>94</X>
			<Y>40</Y>
		</point>
		<point>
			<X>94</X>
			<Y>40</Y>
		</point>
		<point>
			<X>95</X>
			<Y>38</Y>
		</point>
		<point>
			<X>95</X>
			<Y>38</Y>
		</point>
		<point>
			<X>97</X>
			<Y>37</Y>
		</point>
		<point>
			<X>97</X>
			<Y>37</Y>
		</point>
		<point>
			<X>98</X>
			<Y>37</Y>
		</point>
		<point>
			<X>98</X>
			<Y>37</Y>
		</point>
		<point>
			<X>99</X>
			<Y>36</Y>
		</point>
		<point>
			<X>99</X>
			<Y>36</Y>
		</point>
		<point>
			<X>100</X>
			<Y>35</Y>
		</point>
		<point>
			<X>100</X>
			<Y>35</Y>
		</point>
		<point>
			<X>100</X>
			<Y>34</Y>
		</point>
		<point>
			<X>100</X>
			<Y>34</Y>
		</point>
		<point>
			<X>100</X>
			<Y>34</Y>
		</point>
		<point>
			<X>100</X>
			<Y>33</Y>
		</point>
		<point>
			<X>100</X>
			<Y>33</Y>
		</point>
		<point>
			<X>100</X>
			<Y>33</Y>
		</point>
	</polygon>
	<polygon>
		<tag>background</tag>
		<point>
			<X>404</X>
			<Y>16</Y>
		</point>
		<point>
			<X>404</X>
			<Y>17</Y>
		</point>
		<point>
			<X>404</X>
			<Y>17</Y>
		</point>
		<point>
			<X>405</X>
			<Y>17</Y>
		</point>
		<point>
			<X>406</X>
			<Y>18</Y>
		</point>
		<point>
			<X>406</X>
			<Y>18</Y>
		</point>
		<point>
			<X>407</X>
			<Y>19</Y>
		</point>
		<point>
			<X>407</X>
			<Y>19</Y>
		</point>
		<point>
			<X>408</X>
			<Y>19</Y>
		</point>
		<point>
			<X>408</X>
			<Y>19</Y>
		</point>
		<point>
			<X>409</X>
			<Y>20</Y>
		</point>
		<point>
			<X>409</X>
			<Y>20</Y>
		</point>
		<point>
			<X>411</X>
			<Y>20</Y>
		</point>
		<point>
			<X>411</X>
			<Y>20</Y>
		</point>
		<point>
			<X>412</X>
			<Y>20</Y>
		</point>
		<point>
			<X>412</X>
			<Y>20</Y>
		</point>
		<point>
			<X>413</X>
			<Y>20</Y>
		</point>
		<point>
			<X>413</X>
			<Y>20</Y>
		</point>
		<point>
			<X>416</X>
			<Y>22</Y>
		</point>
		<point>
			<X>416</X>
			<Y>22</Y>
		</point>
		<point>
			<X>419</X>
			<Y>23</Y>
		</point>
		<point>
			<X>419</X>
			<Y>23</Y>
		</point>
		<point>
			<X>421</X>
			<Y>24</Y>
		</point>
		<point>
			<X>421</X>
			<Y>24</Y>
		</point>
		<point>
			<X>424</X>
			<Y>25</Y>
		</point>
		<point>
			<X>424</X>
			<Y>25</Y>
		</point>
		<point>
			<X>428</X>
			<Y>26</Y>
		</point>
		<point>
			<X>428</X>
			<Y>26</Y>
		</point>
		<point>
			<X>433</X>
			<Y>28</Y>
		</point>
		<point>
			<X>433</X>
			<Y>28</Y>
		</point>
		<point>
			<X>435</X>
			<Y>30</Y>
		</point>
		<point>
			<X>435</X>
			<Y>30</Y>
		</point>
		<point>
			<X>438</X>
			<Y>31</Y>
		</point>
		<point>
			<X>438</X>
			<Y>31</Y>
		</point>
		<point>
			<X>440</X>
			<Y>31</Y>
		</point>
		<point>
			<X>440</X>
			<Y>31</Y>
		</point>
		<point>
			<X>443</X>
			<Y>33</Y>
		</point>
		<point>
			<X>443</X>
			<Y>33</Y>
		</point>
		<point>
			<X>444</X>
			<Y>33</Y>
		</point>
		<point>
			<X>444</X>
			<Y>33</Y>
		</point>
		<point>
			<X>446</X>
			<Y>33</Y>
		</point>
		<point>
			<X>446</X>
			<Y>33</Y>
		</point>
		<point>
			<X>447</X>
			<Y>34</Y>
		</point>
		<point>
			<X>447</X>
			<Y>34</Y>
		</point>
		<point>
			<X>448</X>
			<Y>35</Y>
		</point>
		<point>
			<X>448</X>
			<Y>35</Y>
		</point>
		<point>
			<X>451</X>
			<Y>37</Y>
		</point>
		<point>
			<X>451</X>
			<Y>37</Y>
		</point>
		<point>
			<X>453</X>
			<Y>39</Y>
		</point>
		<point>
			<X>453</X>
			<Y>39</Y>
		</point>
		<point>
			<X>455</X>
			<Y>40</Y>
		</point>
		<point>
			<X>455</X>
			<Y>40</Y>
		</point>
		<point>
			<X>458</X>
			<Y>42</Y>
		</point>
		<point>
			<X>458</X>
			<Y>42</Y>
		</point>
		<point>
			<X>462</X>
			<Y>45</Y>
		</point>
		<point>
			<X>462</X>
			<Y>45</Y>
		</point>
		<point>
			<X>466</X>
			<Y>46</Y>
		</point>
		<point>
			<X>466</X>
			<Y>46</Y>
		</point>
		<point>
			<X>470</X>
			<Y>49</Y>
		</point>
		<point>
			<X>470</X>
			<Y>49</Y>
		</point>
		<point>
			<X>473</X>
			<Y>51</Y>
		</point>
		<point>
			<X>473</X>
			<Y>51</Y>
		</point>
		<point>
			<X>477</X>
			<Y>53</Y>
		</point>
		<point>
			<X>477</X>
			<Y>53</Y>
		</point>
		<point>
			<X>478</X>
			<Y>54</Y>
		</point>
		<point>
			<X>478</X>
			<Y>54</Y>
		</point>
		<point>
			<X>480</X>
			<Y>55</Y>
		</point>
		<point>
			<X>480</X>
			<Y>55</Y>
		</point>
		<point>
			<X>480</X>
			<Y>57</Y>
		</point>
		<point>
			<X>480</X>
			<Y>57</Y>
		</point>
		<point>
			<X>482</X>
			<Y>58</Y>
		</point>
		<point>
			<X>482</X>
			<Y>58</Y>
		</point>
		<point>
			<X>483</X>
			<Y>60</Y>
		</point>
		<point>
			<X>483</X>
			<Y>60</Y>
		</point>
		<point>
			<X>484</X>
			<Y>60</Y>
		</point>
		<point>
			<X>484</X>
			<Y>60</Y>
		</point>
		<point>
			<X>485</X>
			<Y>62</Y>
		</point>
		<point>
			<X>485</X>
			<Y>62</Y>
		</point>
		<point>
			<X>486</X>
			<Y>64</Y>
		</point>
		<point>
			<X>486</X>
			<Y>64</Y>
		</point>
		<point>
			<X>486</X>
			<Y>66</Y>
		</point>
		<point>
			<X>486</X>
			<Y>66</Y>
		</point>
		<point>
			<X>486</X>
			<Y>67</Y>
		</point>
		<point>
			<X>486</X>
			<Y>67</Y>
		</point>
		<point>
			<X>487</X>
			<Y>70</Y>
		</point>
		<point>
			<X>487</X>
			<Y>70</Y>
		</point>
		<point>
			<X>488</X>
			<Y>71</Y>
		</point>
		<point>
			<X>488</X>
			<Y>71</Y>
		</point>
		<point>
			<X>489</X>
			<Y>73</Y>
		</point>
		<point>
			<X>489</X>
			<Y>73</Y>
		</point>
		<point>
			<X>489</X>
			<Y>75</Y>
		</point>
		<point>
			<X>489</X>
			<Y>75</Y>
		</point>
		<point>
			<X>490</X>
			<Y>77</Y>
		</point>
		<point>
			<X>490</X>
			<Y>77</Y>
		</point>
		<point>
			<X>491</X>
			<Y>80</Y>
		</point>
		<point>
			<X>491</X>
			<Y>80</Y>
		</point>
		<point>
			<X>491</X>
			<Y>80</Y>
		</point>
		<point>
			<X>491</X>
			<Y>80</Y>
		</point>
		<point>
			<X>491</X>
			<Y>82</Y>
		</point>
		<point>
			<X>491</X>
			<Y>82</Y>
		</point>
		<point>
			<X>492</X>
			<Y>84</Y>
		</point>
		<point>
			<X>492</X>
			<Y>84</Y>
		</point>
		<point>
			<X>492</X>
			<Y>85</Y>
		</point>
		<point>
			<X>492</X>
			<Y>85</Y>
		</point>
		<point>
			<X>493</X>
			<Y>88</Y>
		</point>
		<point>
			<X>493</X>
			<Y>88</Y>
		</point>
		<point>
			<X>493</X>
			<Y>89</Y>
		</point>
		<point>
			<X>493</X>
			<Y>89</Y>
		</point>
		<point>
			<X>493</X>
			<Y>90</Y>
		</point>
		<point>
			<X>493</X>
			<Y>90</Y>
		</point>
		<point>
			<X>493</X>
			<Y>93</Y>
		</point>
		<point>
			<X>493</X>
			<Y>93</Y>
		</point>
		<point>
			<X>493</X>
			<Y>94</Y>
		</point>
		<point>
			<X>493</X>
			<Y>94</Y>
		</point>
		<point>
			<X>494</X>
			<Y>97</Y>
		</point>
		<point>
			<X>494</X>
			<Y>97</Y>
		</point>
		<point>
			<X>494</X>
			<Y>98</Y>
		</point>
		<point>
			<X>494</X>
			<Y>98</Y>
		</point>
		<point>
			<X>494</X>
			<Y>99</Y>
		</point>
		<point>
			<X>494</X>
			<Y>99</Y>
		</point>
		<point>
			<X>494</X>
			<Y>101</Y>
		</point>
		<point>
			<X>494</X>
			<Y>101</Y>
		</point>
		<point>
			<X>494</X>
			<Y>102</Y>
		</point>
		<point>
			<X>494</X>
			<Y>102</Y>
		</point>
		<point>
			<X>494</X>
			<Y>104</Y>
		</point>
		<point>
			<X>494</X>
			<Y>104</Y>
		</point>
		<point>
			<X>494</X>
			<Y>105</Y>
		</point>
		<point>
			<X>494</X>
			<Y>105</Y>
		</point>
		<point>
			<X>494</X>
			<Y>107</Y>
		</point>
		<point>
			<X>494</X>
			<Y>107</Y>
		</point>
		<point>
			<X>494</X>
			<Y>109</Y>
		</point>
		<point>
			<X>494</X>
			<Y>109</Y>
		</point>
		<point>
			<X>494</X>
			<Y>110</Y>
		</point>
		<point>
			<X>494</X>
			<Y>110</Y>
		</point>
		<point>
			<X>494</X>
			<Y>111</Y>
		</point>
		<point>
			<X>494</X>
			<Y>111</Y>
		</point>
		<point>
			<X>494</X>
			<Y>112</Y>
		</point>
		<point>
			<X>494</X>
			<Y>112</Y>
		</point>
		<point>
			<X>494</X>
			<Y>113</Y>
		</point>
		<point>
			<X>494</X>
			<Y>113</Y>
		</point>
		<point>
			<X>494</X>
			<Y>113</Y>
		</point>
		<point>
			<X>494</X>
			<Y>113</Y>
		</point>
		<point>
			<X>494</X>
			<Y>114</Y>
		</point>
		<point>
			<X>494</X>
			<Y>114</Y>
		</point>
		<point>
			<X>494</X>
			<Y>115</Y>
		</point>
		<point>
			<X>494</X>
			<Y>115</Y>
		</point>
		<point>
			<X>494</X>
			<Y>117</Y>
		</point>
		<point>
			<X>494</X>
			<Y>117</Y>
		</point>
		<point>
			<X>494</X>
			<Y>118</Y>
		</point>
		<point>
			<X>494</X>
			<Y>118</Y>
		</point>
		<point>
			<X>494</X>
			<Y>119</Y>
		</point>
		<point>
			<X>494</X>
			<Y>119</Y>
		</point>
		<point>
			<X>494</X>
			<Y>120</Y>
		</point>
		<point>
			<X>494</X>
			<Y>120</Y>
		</point>
		<point>
			<X>494</X>
			<Y>121</Y>
		</point>
		<point>
			<X>494</X>
			<Y>121</Y>
		</point>
		<point>
			<X>494</X>
			<Y>122</Y>
		</point>
		<point>
			<X>494</X>
			<Y>122</Y>
		</point>
		<point>
			<X>494</X>
			<Y>123</Y>
		</point>
		<point>
			<X>494</X>
			<Y>123</Y>
		</point>
		<point>
			<X>494</X>
			<Y>124</Y>
		</point>
		<point>
			<X>494</X>
			<Y>124</Y>
		</point>
		<point>
			<X>494</X>
			<Y>125</Y>
		</point>
		<point>
			<X>494</X>
			<Y>125</Y>
		</point>
		<point>
			<X>494</X>
			<Y>126</Y>
		</point>
		<point>
			<X>494</X>
			<Y>126</Y>
		</point>
		<point>
			<X>494</X>
			<Y>127</Y>
		</point>
		<point>
			<X>494</X>
			<Y>127</Y>
		</point>
		<point>
			<X>494</X>
			<Y>129</Y>
		</point>
		<point>
			<X>494</X>
			<Y>129</Y>
		</point>
		<point>
			<X>494</X>
			<Y>130</Y>
		</point>
		<point>
			<X>494</X>
			<Y>130</Y>
		</point>
		<point>
			<X>494</X>
			<Y>132</Y>
		</point>
		<point>
			<X>494</X>
			<Y>132</Y>
		</point>
		<point>
			<X>494</X>
			<Y>133</Y>
		</point>
		<point>
			<X>494</X>
			<Y>133</Y>
		</point>
		<point>
			<X>494</X>
			<Y>133</Y>
		</point>
		<point>
			<X>494</X>
			<Y>133</Y>
		</point>
		<point>
			<X>494</X>
			<Y>134</Y>
		</point>
		<point>
			<X>494</X>
			<Y>134</Y>
		</point>
		<point>
			<X>494</X>
			<Y>135</Y>
		</point>
		<point>
			<X>494</X>
			<Y>135</Y>
		</point>
		<point>
			<X>494</X>
			<Y>136</Y>
		</point>
		<point>
			<X>494</X>
			<Y>136</Y>
		</point>
		<point>
			<X>494</X>
			<Y>137</Y>
		</point>
		<point>
			<X>494</X>
			<Y>137</Y>
		</point>
		<point>
			<X>494</X>
			<Y>138</Y>
		</point>
		<point>
			<X>494</X>
			<Y>138</Y>
		</point>
		<point>
			<X>494</X>
			<Y>139</Y>
		</point>
		<point>
			<X>494</X>
			<Y>139</Y>
		</point>
		<point>
			<X>494</X>
			<Y>140</Y>
		</point>
		<point>
			<X>494</X>
			<Y>140</Y>
		</point>
		<point>
			<X>494</X>
			<Y>140</Y>
		</point>
		<point>
			<X>494</X>
			<Y>140</Y>
		</point>
		<point>
			<X>494</X>
			<Y>142</Y>
		</point>
		<point>
			<X>494</X>
			<Y>142</Y>
		</point>
		<point>
			<X>494</X>
			<Y>143</Y>
		</point>
		<point>
			<X>494</X>
			<Y>143</Y>
		</point>
		<point>
			<X>494</X>
			<Y>144</Y>
		</point>
		<point>
			<X>494</X>
			<Y>144</Y>
		</point>
		<point>
			<X>494</X>
			<Y>145</Y>
		</point>
		<point>
			<X>494</X>
			<Y>145</Y>
		</point>
		<point>
			<X>494</X>
			<Y>146</Y>
		</point>
		<point>
			<X>494</X>
			<Y>146</Y>
		</point>
		<point>
			<X>494</X>
			<Y>146</Y>
		</point>
		<point>
			<X>494</X>
			<Y>146</Y>
		</point>
		<point>
			<X>494</X>
			<Y>147</Y>
		</point>
		<point>
			<X>494</X>
			<Y>147</Y>
		</point>
		<point>
			<X>494</X>
			<Y>148</Y>
		</point>
		<point>
			<X>494</X>
			<Y>148</Y>
		</point>
		<point>
			<X>494</X>
			<Y>149</Y>
		</point>
		<point>
			<X>494</X>
			<Y>149</Y>
		</point>
		<point>
			<X>494</X>
			<Y>150</Y>
		</point>
		<point>
			<X>494</X>
			<Y>150</Y>
		</point>
		<point>
			<X>494</X>
			<Y>151</Y>
		</point>
		<point>
			<X>494</X>
			<Y>151</Y>
		</point>
		<point>
			<X>494</X>
			<Y>153</Y>
		</point>
		<point>
			<X>494</X>
			<Y>153</Y>
		</point>
		<point>
			<X>494</X>
			<Y>154</Y>
		</point>
		<point>
			<X>494</X>
			<Y>154</Y>
		</point>
		<point>
			<X>494</X>
			<Y>155</Y>
		</point>
		<point>
			<X>494</X>
			<Y>155</Y>
		</point>
		<point>
			<X>494</X>
			<Y>158</Y>
		</point>
		<point>
			<X>494</X>
			<Y>158</Y>
		</point>
		<point>
			<X>494</X>
			<Y>159</Y>
		</point>
		<point>
			<X>494</X>
			<Y>159</Y>
		</point>
		<point>
			<X>493</X>
			<Y>161</Y>
		</point>
		<point>
			<X>493</X>
			<Y>161</Y>
		</point>
		<point>
			<X>493</X>
			<Y>161</Y>
		</point>
		<point>
			<X>493</X>
			<Y>161</Y>
		</point>
		<point>
			<X>493</X>
			<Y>163</Y>
		</point>
		<point>
			<X>493</X>
			<Y>163</Y>
		</point>
		<point>
			<X>493</X>
			<Y>165</Y>
		</point>
		<point>
			<X>493</X>
			<Y>165</Y>
		</point>
		<point>
			<X>493</X>
			<Y>166</Y>
		</point>
		<point>
			<X>493</X>
			<Y>166</Y>
		</point>
		<point>
			<X>493</X>
			<Y>168</Y>
		</point>
		<point>
			<X>493</X>
			<Y>168</Y>
		</point>
		<point>
			<X>493</X>
			<Y>170</Y>
		</point>
		<point>
			<X>493</X>
			<Y>170</Y>
		</point>
		<point>
			<X>493</X>
			<Y>171</Y>
		</point>
		<point>
			<X>493</X>
			<Y>171</Y>
		</point>
		<point>
			<X>492</X>
			<Y>173</Y>
		</point>
		<point>
			<X>492</X>
			<Y>173</Y>
		</point>
		<point>
			<X>492</X>
			<Y>173</Y>
		</point>
		<point>
			<X>492</X>
			<Y>173</Y>
		</point>
		<point>
			<X>491</X>
			<Y>176</Y>
		</point>
		<point>
			<X>491</X>
			<Y>176</Y>
		</point>
		<point>
			<X>491</X>
			<Y>178</Y>
		</point>
		<point>
			<X>491</X>
			<Y>178</Y>
		</point>
		<point>
			<X>490</X>
			<Y>180</Y>
		</point>
		<point>
			<X>490</X>
			<Y>180</Y>
		</point>
		<point>
			<X>490</X>
			<Y>181</Y>
		</point>
		<point>
			<X>490</X>
			<Y>181</Y>
		</point>
		<point>
			<X>490</X>
			<Y>181</Y>
		</point>
		<point>
			<X>490</X>
			<Y>181</Y>
		</point>
		<point>
			<X>489</X>
			<Y>184</Y>
		</point>
		<point>
			<X>489</X>
			<Y>184</Y>
		</point>
		<point>
			<X>489</X>
			<Y>185</Y>
		</point>
		<point>
			<X>489</X>
			<Y>185</Y>
		</point>
		<point>
			<X>488</X>
			<Y>188</Y>
		</point>
		<point>
			<X>488</X>
			<Y>188</Y>
		</point>
		<point>
			<X>488</X>
			<Y>190</Y>
		</point>
		<point>
			<X>488</X>
			<Y>190</Y>
		</point>
		<point>
			<X>488</X>
			<Y>191</Y>
		</point>
		<point>
			<X>488</X>
			<Y>191</Y>
		</point>
		<point>
			<X>488</X>
			<Y>192</Y>
		</point>
		<point>
			<X>488</X>
			<Y>192</Y>
		</point>
		<point>
			<X>488</X>
			<Y>193</Y>
		</point>
		<point>
			<X>488</X>
			<Y>193</Y>
		</point>
		<point>
			<X>488</X>
			<Y>193</Y>
		</point>
		<point>
			<X>488</X>
			<Y>193</Y>
		</point>
		<point>
			<X>487</X>
			<Y>195</Y>
		</point>
		<point>
			<X>487</X>
			<Y>195</Y>
		</point>
		<point>
			<X>486</X>
			<Y>196</Y>
		</point>
		<point>
			<X>486</X>
			<Y>196</Y>
		</point>
		<point>
			<X>486</X>
			<Y>197</Y>
		</point>
		<point>
			<X>486</X>
			<Y>197</Y>
		</point>
		<point>
			<X>486</X>
			<Y>199</Y>
		</point>
		<point>
			<X>486</X>
			<Y>199</Y>
		</point>
		<point>
			<X>486</X>
			<Y>200</Y>
		</point>
		<point>
			<X>486</X>
			<Y>200</Y>
		</point>
		<point>
			<X>486</X>
			<Y>200</Y>
		</point>
		<point>
			<X>486</X>
			<Y>200</Y>
		</point>
		<point>
			<X>486</X>
			<Y>201</Y>
		</point>
		<point>
			<X>486</X>
			<Y>201</Y>
		</point>
		<point>
			<X>486</X>
			<Y>202</Y>
		</point>
		<point>
			<X>486</X>
			<Y>202</Y>
		</point>
		<point>
			<X>486</X>
			<Y>203</Y>
		</point>
		<point>
			<X>486</X>
			<Y>203</Y>
		</point>
		<point>
			<X>486</X>
			<Y>204</Y>
		</point>
		<point>
			<X>486</X>
			<Y>204</Y>
		</point>
		<point>
			<X>486</X>
			<Y>205</Y>
		</point>
		<point>
			<X>486</X>
			<Y>205</Y>
		</point>
		<point>
			<X>486</X>
			<Y>206</Y>
		</point>
		<point>
			<X>486</X>
			<Y>206</Y>
		</point>
		<point>
			<X>486</X>
			<Y>206</Y>
		</point>
		<point>
			<X>486</X>
			<Y>206</Y>
		</point>
		<point>
			<X>486</X>
			<Y>207</Y>
		</point>
		<point>
			<X>486</X>
			<Y>207</Y>
		</point>
		<point>
			<X>486</X>
			<Y>208</Y>
		</point>
		<point>
			<X>486</X>
			<Y>208</Y>
		</point>
		<point>
			<X>486</X>
			<Y>209</Y>
		</point>
		<point>
			<X>486</X>
			<Y>209</Y>
		</point>
		<point>
			<X>486</X>
			<Y>211</Y>
		</point>
		<point>
			<X>486</X>
			<Y>211</Y>
		</point>
		<point>
			<X>486</X>
			<Y>212</Y>
		</point>
		<point>
			<X>486</X>
			<Y>212</Y>
		</point>
		<point>
			<X>486</X>
			<Y>213</Y>
		</point>
		<point>
			<X>486</X>
			<Y>213</Y>
		</point>
		<point>
			<X>486</X>
			<Y>214</Y>
		</point>
		<point>
			<X>486</X>
			<Y>214</Y>
		</point>
		<point>
			<X>486</X>
			<Y>215</Y>
		</point>
		<point>
			<X>486</X>
			<Y>215</Y>
		</point>
		<point>
			<X>486</X>
			<Y>216</Y>
		</point>
		<point>
			<X>486</X>
			<Y>216</Y>
		</point>
		<point>
			<X>486</X>
			<Y>217</Y>
		</point>
		<point>
			<X>486</X>
			<Y>217</Y>
		</point>
		<point>
			<X>486</X>
			<Y>218</Y>
		</point>
		<point>
			<X>486</X>
			<Y>218</Y>
		</point>
		<point>
			<X>486</X>
			<Y>219</Y>
		</point>
		<point>
			<X>486</X>
			<Y>219</Y>
		</point>
		<point>
			<X>486</X>
			<Y>220</Y>
		</point>
		<point>
			<X>486</X>
			<Y>220</Y>
		</point>
		<point>
			<X>486</X>
			<Y>220</Y>
		</point>
		<point>
			<X>486</X>
			<Y>220</Y>
		</point>
		<point>
			<X>486</X>
			<Y>221</Y>
		</point>
		<point>
			<X>486</X>
			<Y>221</Y>
		</point>
		<point>
			<X>486</X>
			<Y>222</Y>
		</point>
		<point>
			<X>486</X>
			<Y>222</Y>
		</point>
		<point>
			<X>486</X>
			<Y>223</Y>
		</point>
		<point>
			<X>486</X>
			<Y>223</Y>
		</point>
		<point>
			<X>486</X>
			<Y>225</Y>
		</point>
		<point>
			<X>486</X>
			<Y>225</Y>
		</point>
		<point>
			<X>486</X>
			<Y>226</Y>
		</point>
		<point>
			<X>486</X>
			<Y>226</Y>
		</point>
		<point>
			<X>486</X>
			<Y>226</Y>
		</point>
		<point>
			<X>486</X>
			<Y>226</Y>
		</point>
		<point>
			<X>486</X>
			<Y>228</Y>
		</point>
		<point>
			<X>486</X>
			<Y>228</Y>
		</point>
		<point>
			<X>486</X>
			<Y>229</Y>
		</point>
		<point>
			<X>486</X>
			<Y>229</Y>
		</point>
		<point>
			<X>486</X>
			<Y>230</Y>
		</point>
		<point>
			<X>486</X>
			<Y>230</Y>
		</point>
		<point>
			<X>486</X>
			<Y>231</Y>
		</point>
		<point>
			<X>486</X>
			<Y>231</Y>
		</point>
		<point>
			<X>486</X>
			<Y>233</Y>
		</point>
		<point>
			<X>486</X>
			<Y>233</Y>
		</point>
		<point>
			<X>486</X>
			<Y>234</Y>
		</point>
		<point>
			<X>486</X>
			<Y>234</Y>
		</point>
		<point>
			<X>486</X>
			<Y>235</Y>
		</point>
		<point>
			<X>486</X>
			<Y>235</Y>
		</point>
		<point>
			<X>486</X>
			<Y>236</Y>
		</point>
		<point>
			<X>486</X>
			<Y>236</Y>
		</point>
		<point>
			<X>486</X>
			<Y>238</Y>
		</point>
		<point>
			<X>486</X>
			<Y>238</Y>
		</point>
		<point>
			<X>486</X>
			<Y>240</Y>
		</point>
		<point>
			<X>486</X>
			<Y>240</Y>
		</point>
		<point>
			<X>486</X>
			<Y>241</Y>
		</point>
		<point>
			<X>486</X>
			<Y>241</Y>
		</point>
		<point>
			<X>485</X>
			<Y>244</Y>
		</point>
		<point>
			<X>485</X>
			<Y>244</Y>
		</point>
		<point>
			<X>484</X>
			<Y>246</Y>
		</point>
		<point>
			<X>484</X>
			<Y>246</Y>
		</point>
		<point>
			<X>483</X>
			<Y>248</Y>
		</point>
		<point>
			<X>483</X>
			<Y>248</Y>
		</point>
		<point>
			<X>483</X>
			<Y>249</Y>
		</point>
		<point>
			<X>483</X>
			<Y>249</Y>
		</point>
		<point>
			<X>483</X>
			<Y>251</Y>
		</point>
		<point>
			<X>483</X>
			<Y>251</Y>
		</point>
		<point>
			<X>483</X>
			<Y>253</Y>
		</point>
		<point>
			<X>483</X>
			<Y>253</Y>
		</point>
		<point>
			<X>482</X>
			<Y>254</Y>
		</point>
		<point>
			<X>482</X>
			<Y>254</Y>
		</point>
		<point>
			<X>481</X>
			<Y>256</Y>
		</point>
		<point>
			<X>481</X>
			<Y>256</Y>
		</point>
		<point>
			<X>480</X>
			<Y>258</Y>
		</point>
		<point>
			<X>480</X>
			<Y>258</Y>
		</point>
		<point>
			<X>480</X>
			<Y>260</Y>
		</point>
		<point>
			<X>480</X>
			<Y>260</Y>
		</point>
		<point>
			<X>480</X>
			<Y>262</Y>
		</point>
		<point>
			<X>480</X>
			<Y>262</Y>
		</point>
		<point>
			<X>479</X>
			<Y>265</Y>
		</point>
		<point>
			<X>479</X>
			<Y>265</Y>
		</point>
		<point>
			<X>478</X>
			<Y>266</Y>
		</point>
		<point>
			<X>478</X>
			<Y>266</Y>
		</point>
		<point>
			<X>477</X>
			<Y>269</Y>
		</point>
		<point>
			<X>477</X>
			<Y>269</Y>
		</point>
		<point>
			<X>476</X>
			<Y>273</Y>
		</point>
		<point>
			<X>476</X>
			<Y>273</Y>
		</point>
		<point>
			<X>474</X>
			<Y>275</Y>
		</point>
		<point>
			<X>474</X>
			<Y>275</Y>
		</point>
		<point>
			<X>473</X>
			<Y>280</Y>
		</point>
		<point>
			<X>473</X>
			<Y>280</Y>
		</point>
		<point>
			<X>471</X>
			<Y>282</Y>
		</point>
		<point>
			<X>471</X>
			<Y>282</Y>
		</point>
		<point>
			<X>469</X>
			<Y>285</Y>
		</point>
		<point>
			<X>469</X>
			<Y>285</Y>
		</point>
		<point>
			<X>468</X>
			<Y>287</Y>
		</point>
		<point>
			<X>468</X>
			<Y>287</Y>
		</point>
		<point>
			<X>466</X>
			<Y>289</Y>
		</point>
		<point>
			<X>466</X>
			<Y>289</Y>
		</point>
		<point>
			<X>466</X>
			<Y>291</Y>
		</point>
		<point>
			<X>466</X>
			<Y>291</Y>
		</point>
		<point>
			<X>466</X>
			<Y>293</Y>
		</point>
		<point>
			<X>466</X>
			<Y>293</Y>
		</point>
		<point>
			<X>464</X>
			<Y>294</Y>
		</point>
		<point>
			<X>464</X>
			<Y>294</Y>
		</point>
		<point>
			<X>463</X>
			<Y>296</Y>
		</point>
		<point>
			<X>463</X>
			<Y>296</Y>
		</point>
		<point>
			<X>461</X>
			<Y>299</Y>
		</point>
		<point>
			<X>461</X>
			<Y>299</Y>
		</point>
		<point>
			<X>460</X>
			<Y>300</Y>
		</point>
		<point>
			<X>460</X>
			<Y>300</Y>
		</point>
		<point>
			<X>457</X>
			<Y>302</Y>
		</point>
		<point>
			<X>457</X>
			<Y>302</Y>
		</point>
		<point>
			<X>455</X>
			<Y>305</Y>
		</point>
		<point>
			<X>455</X>
			<Y>305</Y>
		</point>
		<point>
			<X>453</X>
			<Y>306</Y>
		</point>
		<point>
			<X>453</X>
			<Y>306</Y>
		</point>
		<point>
			<X>450</X>
			<Y>309</Y>
		</point>
		<point>
			<X>450</X>
			<Y>309</Y>
		</point>
		<point>
			<X>448</X>
			<Y>310</Y>
		</point>
		<point>
			<X>448</X>
			<Y>310</Y>
		</point>
		<point>
			<X>446</X>
			<Y>313</Y>
		</point>
		<point>
			<X>446</X>
			<Y>313</Y>
		</point>
		<point>
			<X>444</X>
			<Y>313</Y>
		</point>
		<point>
			<X>444</X>
			<Y>313</Y>
		</point>
		<point>
			<X>442</X>
			<Y>315</Y>
		</point>
		<point>
			<X>442</X>
			<Y>315</Y>
		</point>
		<point>
			<X>440</X>
			<Y>316</Y>
		</point>
		<point>
			<X>440</X>
			<Y>316</Y>
		</point>
		<point>
			<X>436</X>
			<Y>318</Y>
		</point>
		<point>
			<X>436</X>
			<Y>318</Y>
		</point>
		<point>
			<X>433</X>
			<Y>320</Y>
		</point>
		<point>
			<X>433</X>
			<Y>320</Y>
		</point>
		<point>
			<X>431</X>
			<Y>320</Y>
		</point>
		<point>
			<X>431</X>
			<Y>320</Y>
		</point>
		<point>
			<X>428</X>
			<Y>323</Y>
		</point>
		<point>
			<X>428</X>
			<Y>323</Y>
		</point>
		<point>
			<X>426</X>
			<Y>323</Y>
		</point>
		<point>
			<X>426</X>
			<Y>323</Y>
		</point>
		<point>
			<X>425</X>
			<Y>325</Y>
		</point>
		<point>
			<X>425</X>
			<Y>325</Y>
		</point>
		<point>
			<X>422</X>
			<Y>326</Y>
		</point>
		<point>
			<X>422</X>
			<Y>326</Y>
		</point>
		<point>
			<X>420</X>
			<Y>326</Y>
		</point>
		<point>
			<X>420</X>
			<Y>326</Y>
		</point>
		<point>
			<X>419</X>
			<Y>327</Y>
		</point>
		<point>
			<X>419</X>
			<Y>327</Y>
		</point>
		<point>
			<X>417</X>
			<Y>328</Y>
		</point>
		<point>
			<X>417</X>
			<Y>328</Y>
		</point>
		<point>
			<X>415</X>
			<Y>328</Y>
		</point>
		<point>
			<X>415</X>
			<Y>328</Y>
		</point>
		<point>
			<X>413</X>
			<Y>328</Y>
		</point>
		<point>
			<X>413</X>
			<Y>328</Y>
		</point>
		<point>
			<X>412</X>
			<Y>330</Y>
		</point>
		<point>
			<X>412</X>
			<Y>330</Y>
		</point>
		<point>
			<X>409</X>
			<Y>331</Y>
		</point>
		<point>
			<X>409</X>
			<Y>331</Y>
		</point>
		<point>
			<X>407</X>
			<Y>332</Y>
		</point>
		<point>
			<X>407</X>
			<Y>332</Y>
		</point>
		<point>
			<X>406</X>
			<Y>333</Y>
		</point>
		<point>
			<X>406</X>
			<Y>333</Y>
		</point>
		<point>
			<X>404</X>
			<Y>333</Y>
		</point>
		<point>
			<X>404</X>
			<Y>333</Y>
		</point>
		<point>
			<X>403</X>
			<Y>333</Y>
		</point>
		<point>
			<X>403</X>
			<Y>333</Y>
		</point>
		<point>
			<X>402</X>
			<Y>333</Y>
		</point>
		<point>
			<X>402</X>
			<Y>333</Y>
		</point>
		<point>
			<X>401</X>
			<Y>335</Y>
		</point>
		<point>
			<X>401</X>
			<Y>335</Y>
		</point>
		<point>
			<X>400</X>
			<Y>335</Y>
		</point>
		<point>
			<X>400</X>
			<Y>335</Y>
		</point>
		<point>
			<X>400</X>
			<Y>336</Y>
		</point>
		<point>
			<X>399</X>
			<Y>336</Y>
		</point>
		<point>
			<X>399</X>
			<Y>337</Y>
		</point>
		<point>
			<X>397</X>
			<Y>338</Y>
		</point>
		<point>
			<X>397</X>
			<Y>338</Y>
		</point>
		<point>
			<X>396</X>
			<Y>338</Y>
		</point>
		<point>
			<X>396</X>
			<Y>338</Y>
		</point>
		<point>
			<X>395</X>
			<Y>338</Y>
		</point>
		<point>
			<X>395</X>
			<Y>338</Y>
		</point>
		<point>
			<X>393</X>
			<Y>337</Y>
		</point>
		<point>
			<X>393</X>
			<Y>337</Y>
		</point>
		<point>
			<X>393</X>
			<Y>336</Y>
		</point>
		<point>
			<X>393</X>
			<Y>336</Y>
		</point>
		<point>
			<X>393</X>
			<Y>335</Y>
		</point>
		<point>
			<X>393</X>
			<Y>335</Y>
		</point>
		<point>
			<X>393</X>
			<Y>335</Y>
		</point>
	</polygon>
	<polygon>
		<tag>background</tag>
		<point>
			<X>9</X>
			<Y>326</Y>
		</point>
		<point>
			<X>10</X>
			<Y>326</Y>
		</point>
		<point>
			<X>10</X>
			<Y>326</Y>
		</point>
		<point>
			<X>11</X>
			<Y>327</Y>
		</point>
		<point>
			<X>11</X>
			<Y>327</Y>
		</point>
		<point>
			<X>12</X>
			<Y>327</Y>
		</point>
		<point>
			<X>12</X>
			<Y>327</Y>
		</point>
		<point>
			<X>13</X>
			<Y>328</Y>
		</point>
		<point>
			<X>13</X>
			<Y>328</Y>
		</point>
		<point>
			<X>15</X>
			<Y>330</Y>
		</point>
		<point>
			<X>15</X>
			<Y>330</Y>
		</point>
		<point>
			<X>18</X>
			<Y>332</Y>
		</point>
		<point>
			<X>18</X>
			<Y>332</Y>
		</point>
		<point>
			<X>23</X>
			<Y>333</Y>
		</point>
		<point>
			<X>23</X>
			<Y>333</Y>
		</point>
		<point>
			<X>28</X>
			<Y>336</Y>
		</point>
		<point>
			<X>28</X>
			<Y>336</Y>
		</point>
		<point>
			<X>36</X>
			<Y>340</Y>
		</point>
		<point>
			<X>36</X>
			<Y>340</Y>
		</point>
		<point>
			<X>45</X>
			<Y>343</Y>
		</point>
		<point>
			<X>45</X>
			<Y>343</Y>
		</point>
		<point>
			<X>52</X>
			<Y>346</Y>
		</point>
		<point>
			<X>52</X>
			<Y>346</Y>
		</point>
		<point>
			<X>59</X>
			<Y>348</Y>
		</point>
		<point>
			<X>59</X>
			<Y>348</Y>
		</point>
		<point>
			<X>65</X>
			<Y>351</Y>
		</point>
		<point>
			<X>65</X>
			<Y>351</Y>
		</point>
		<point>
			<X>69</X>
			<Y>353</Y>
		</point>
		<point>
			<X>69</X>
			<Y>353</Y>
		</point>
		<point>
			<X>72</X>
			<Y>353</Y>
		</point>
		<point>
			<X>72</X>
			<Y>353</Y>
		</point>
		<point>
			<X>73</X>
			<Y>353</Y>
		</point>
		<point>
			<X>73</X>
			<Y>353</Y>
		</point>
		<point>
			<X>75</X>
			<Y>355</Y>
		</point>
		<point>
			<X>75</X>
			<Y>355</Y>
		</point>
		<point>
			<X>77</X>
			<Y>356</Y>
		</point>
		<point>
			<X>77</X>
			<Y>356</Y>
		</point>
		<point>
			<X>80</X>
			<Y>357</Y>
		</point>
		<point>
			<X>80</X>
			<Y>357</Y>
		</point>
		<point>
			<X>83</X>
			<Y>358</Y>
		</point>
		<point>
			<X>83</X>
			<Y>358</Y>
		</point>
		<point>
			<X>87</X>
			<Y>360</Y>
		</point>
		<point>
			<X>87</X>
			<Y>360</Y>
		</point>
		<point>
			<X>93</X>
			<Y>361</Y>
		</point>
		<point>
			<X>93</X>
			<Y>361</Y>
		</point>
		<point>
			<X>100</X>
			<Y>363</Y>
		</point>
		<point>
			<X>100</X>
			<Y>363</Y>
		</point>
		<point>
			<X>104</X>
			<Y>363</Y>
		</point>
		<point>
			<X>104</X>
			<Y>363</Y>
		</point>
		<point>
			<X>106</X>
			<Y>365</Y>
		</point>
		<point>
			<X>106</X>
			<Y>365</Y>
		</point>
		<point>
			<X>107</X>
			<Y>365</Y>
		</point>
		<point>
			<X>107</X>
			<Y>365</Y>
		</point>
		<point>
			<X>108</X>
			<Y>365</Y>
		</point>
		<point>
			<X>108</X>
			<Y>365</Y>
		</point>
		<point>
			<X>109</X>
			<Y>365</Y>
		</point>
		<point>
			<X>109</X>
			<Y>365</Y>
		</point>
		<point>
			<X>110</X>
			<Y>363</Y>
		</point>
		<point>
			<X>110</X>
			<Y>363</Y>
		</point>
		<point>
			<X>111</X>
			<Y>363</Y>
		</point>
		<point>
			<X>111</X>
			<Y>363</Y>
		</point>
		<point>
			<X>111</X>
			<Y>363</Y>
		</point>
	</polygon>
</annotation>