<annotation>
	<folder>anno</folder>
	<filename>2008_006904.jpg</filename>
	<source>
		<database>The anno Database</database>
		<annotation>VC anno</annotation>
		<image>Unknow</image>
		<flickrid>Unknow</flickrid>
	</source>
	<owner>
		<flickrid>Unknow</flickrid>
		<name>Unknow</name>
	</owner>
	<size>
		<width>500</width>
		<height>375</height>
		<depth>3</depth>
	</size>
	<segmented>1</segmented>
	<polygon>
		<tag>cow</tag>
		<point>
			<X>61</X>
			<Y>181</Y>
		</point>
		<point>
			<X>62</X>
			<Y>181</Y>
		</point>
		<point>
			<X>62</X>
			<Y>181</Y>
		</point>
		<point>
			<X>64</X>
			<Y>181</Y>
		</point>
		<point>
			<X>64</X>
			<Y>181</Y>
		</point>
		<point>
			<X>66</X>
			<Y>181</Y>
		</point>
		<point>
			<X>66</X>
			<Y>181</Y>
		</point>
		<point>
			<X>70</X>
			<Y>181</Y>
		</point>
		<point>
			<X>70</X>
			<Y>181</Y>
		</point>
		<point>
			<X>71</X>
			<Y>183</Y>
		</point>
		<point>
			<X>71</X>
			<Y>183</Y>
		</point>
		<point>
			<X>74</X>
			<Y>183</Y>
		</point>
		<point>
			<X>74</X>
			<Y>183</Y>
		</point>
		<point>
			<X>76</X>
			<Y>184</Y>
		</point>
		<point>
			<X>76</X>
			<Y>184</Y>
		</point>
		<point>
			<X>77</X>
			<Y>185</Y>
		</point>
		<point>
			<X>77</X>
			<Y>185</Y>
		</point>
		<point>
			<X>80</X>
			<Y>185</Y>
		</point>
		<point>
			<X>80</X>
			<Y>185</Y>
		</point>
		<point>
			<X>82</X>
			<Y>186</Y>
		</point>
		<point>
			<X>82</X>
			<Y>186</Y>
		</point>
		<point>
			<X>84</X>
			<Y>189</Y>
		</point>
		<point>
			<X>84</X>
			<Y>189</Y>
		</point>
		<point>
			<X>85</X>
			<Y>189</Y>
		</point>
		<point>
			<X>85</X>
			<Y>189</Y>
		</point>
		<point>
			<X>89</X>
			<Y>193</Y>
		</point>
		<point>
			<X>89</X>
			<Y>193</Y>
		</point>
		<point>
			<X>90</X>
			<Y>193</Y>
		</point>
		<point>
			<X>90</X>
			<Y>193</Y>
		</point>
		<point>
			<X>92</X>
			<Y>195</Y>
		</point>
		<point>
			<X>92</X>
			<Y>195</Y>
		</point>
		<point>
			<X>96</X>
			<Y>195</Y>
		</point>
		<point>
			<X>96</X>
			<Y>195</Y>
		</point>
		<point>
			<X>97</X>
			<Y>198</Y>
		</point>
		<point>
			<X>97</X>
			<Y>198</Y>
		</point>
		<point>
			<X>99</X>
			<Y>199</Y>
		</point>
		<point>
			<X>99</X>
			<Y>199</Y>
		</point>
		<point>
			<X>101</X>
			<Y>200</Y>
		</point>
		<point>
			<X>101</X>
			<Y>200</Y>
		</point>
		<point>
			<X>102</X>
			<Y>201</Y>
		</point>
		<point>
			<X>102</X>
			<Y>201</Y>
		</point>
		<point>
			<X>105</X>
			<Y>203</Y>
		</point>
		<point>
			<X>105</X>
			<Y>203</Y>
		</point>
		<point>
			<X>107</X>
			<Y>205</Y>
		</point>
		<point>
			<X>107</X>
			<Y>205</Y>
		</point>
		<point>
			<X>110</X>
			<Y>206</Y>
		</point>
		<point>
			<X>110</X>
			<Y>206</Y>
		</point>
		<point>
			<X>112</X>
			<Y>208</Y>
		</point>
		<point>
			<X>112</X>
			<Y>208</Y>
		</point>
		<point>
			<X>115</X>
			<Y>209</Y>
		</point>
		<point>
			<X>115</X>
			<Y>209</Y>
		</point>
		<point>
			<X>116</X>
			<Y>210</Y>
		</point>
		<point>
			<X>116</X>
			<Y>210</Y>
		</point>
		<point>
			<X>117</X>
			<Y>210</Y>
		</point>
		<point>
			<X>117</X>
			<Y>210</Y>
		</point>
		<point>
			<X>119</X>
			<Y>211</Y>
		</point>
		<point>
			<X>119</X>
			<Y>211</Y>
		</point>
		<point>
			<X>120</X>
			<Y>211</Y>
		</point>
		<point>
			<X>120</X>
			<Y>211</Y>
		</point>
		<point>
			<X>121</X>
			<Y>213</Y>
		</point>
		<point>
			<X>121</X>
			<Y>213</Y>
		</point>
		<point>
			<X>121</X>
			<Y>214</Y>
		</point>
		<point>
			<X>121</X>
			<Y>214</Y>
		</point>
		<point>
			<X>124</X>
			<Y>214</Y>
		</point>
		<point>
			<X>124</X>
			<Y>214</Y>
		</point>
		<point>
			<X>125</X>
			<Y>215</Y>
		</point>
		<point>
			<X>125</X>
			<Y>215</Y>
		</point>
		<point>
			<X>126</X>
			<Y>216</Y>
		</point>
		<point>
			<X>126</X>
			<Y>216</Y>
		</point>
		<point>
			<X>126</X>
			<Y>218</Y>
		</point>
		<point>
			<X>126</X>
			<Y>218</Y>
		</point>
		<point>
			<X>126</X>
			<Y>218</Y>
		</point>
	</polygon>
	<polygon>
		<tag>cow</tag>
		<point>
			<X>147</X>
			<Y>186</Y>
		</point>
		<point>
			<X>149</X>
			<Y>186</Y>
		</point>
		<point>
			<X>149</X>
			<Y>186</Y>
		</point>
		<point>
			<X>150</X>
			<Y>186</Y>
		</point>
		<point>
			<X>150</X>
			<Y>186</Y>
		</point>
		<point>
			<X>151</X>
			<Y>186</Y>
		</point>
		<point>
			<X>151</X>
			<Y>186</Y>
		</point>
		<point>
			<X>154</X>
			<Y>189</Y>
		</point>
		<point>
			<X>154</X>
			<Y>189</Y>
		</point>
		<point>
			<X>156</X>
			<Y>191</Y>
		</point>
		<point>
			<X>156</X>
			<Y>191</Y>
		</point>
		<point>
			<X>159</X>
			<Y>193</Y>
		</point>
		<point>
			<X>159</X>
			<Y>193</Y>
		</point>
		<point>
			<X>161</X>
			<Y>195</Y>
		</point>
		<point>
			<X>161</X>
			<Y>195</Y>
		</point>
		<point>
			<X>161</X>
			<Y>200</Y>
		</point>
		<point>
			<X>161</X>
			<Y>200</Y>
		</point>
		<point>
			<X>166</X>
			<Y>200</Y>
		</point>
		<point>
			<X>166</X>
			<Y>203</Y>
		</point>
		<point>
			<X>166</X>
			<Y>203</Y>
		</point>
		<point>
			<X>169</X>
			<Y>205</Y>
		</point>
		<point>
			<X>169</X>
			<Y>205</Y>
		</point>
		<point>
			<X>170</X>
			<Y>208</Y>
		</point>
		<point>
			<X>170</X>
			<Y>208</Y>
		</point>
		<point>
			<X>171</X>
			<Y>208</Y>
		</point>
		<point>
			<X>171</X>
			<Y>208</Y>
		</point>
		<point>
			<X>171</X>
			<Y>210</Y>
		</point>
		<point>
			<X>171</X>
			<Y>210</Y>
		</point>
		<point>
			<X>171</X>
			<Y>211</Y>
		</point>
		<point>
			<X>171</X>
			<Y>211</Y>
		</point>
		<point>
			<X>171</X>
			<Y>213</Y>
		</point>
		<point>
			<X>171</X>
			<Y>213</Y>
		</point>
		<point>
			<X>171</X>
			<Y>214</Y>
		</point>
		<point>
			<X>171</X>
			<Y>214</Y>
		</point>
		<point>
			<X>171</X>
			<Y>215</Y>
		</point>
		<point>
			<X>171</X>
			<Y>215</Y>
		</point>
		<point>
			<X>171</X>
			<Y>216</Y>
		</point>
		<point>
			<X>171</X>
			<Y>216</Y>
		</point>
		<point>
			<X>171</X>
			<Y>218</Y>
		</point>
		<point>
			<X>171</X>
			<Y>218</Y>
		</point>
		<point>
			<X>171</X>
			<Y>220</Y>
		</point>
		<point>
			<X>171</X>
			<Y>220</Y>
		</point>
		<point>
			<X>171</X>
			<Y>221</Y>
		</point>
		<point>
			<X>171</X>
			<Y>221</Y>
		</point>
		<point>
			<X>171</X>
			<Y>223</Y>
		</point>
		<point>
			<X>171</X>
			<Y>223</Y>
		</point>
		<point>
			<X>171</X>
			<Y>224</Y>
		</point>
		<point>
			<X>171</X>
			<Y>224</Y>
		</point>
		<point>
			<X>171</X>
			<Y>225</Y>
		</point>
		<point>
			<X>171</X>
			<Y>225</Y>
		</point>
		<point>
			<X>174</X>
			<Y>225</Y>
		</point>
		<point>
			<X>175</X>
			<Y>226</Y>
		</point>
		<point>
			<X>175</X>
			<Y>226</Y>
		</point>
		<point>
			<X>175</X>
			<Y>228</Y>
		</point>
		<point>
			<X>175</X>
			<Y>228</Y>
		</point>
		<point>
			<X>175</X>
			<Y>229</Y>
		</point>
		<point>
			<X>175</X>
			<Y>229</Y>
		</point>
		<point>
			<X>175</X>
			<Y>230</Y>
		</point>
		<point>
			<X>175</X>
			<Y>230</Y>
		</point>
		<point>
			<X>175</X>
			<Y>231</Y>
		</point>
		<point>
			<X>175</X>
			<Y>231</Y>
		</point>
		<point>
			<X>175</X>
			<Y>233</Y>
		</point>
		<point>
			<X>175</X>
			<Y>233</Y>
		</point>
		<point>
			<X>175</X>
			<Y>234</Y>
		</point>
		<point>
			<X>175</X>
			<Y>234</Y>
		</point>
		<point>
			<X>175</X>
			<Y>235</Y>
		</point>
		<point>
			<X>175</X>
			<Y>235</Y>
		</point>
		<point>
			<X>175</X>
			<Y>236</Y>
		</point>
		<point>
			<X>175</X>
			<Y>236</Y>
		</point>
		<point>
			<X>175</X>
			<Y>238</Y>
		</point>
		<point>
			<X>175</X>
			<Y>238</Y>
		</point>
		<point>
			<X>175</X>
			<Y>239</Y>
		</point>
		<point>
			<X>175</X>
			<Y>239</Y>
		</point>
		<point>
			<X>175</X>
			<Y>240</Y>
		</point>
		<point>
			<X>175</X>
			<Y>240</Y>
		</point>
		<point>
			<X>176</X>
			<Y>240</Y>
		</point>
		<point>
			<X>176</X>
			<Y>241</Y>
		</point>
		<point>
			<X>176</X>
			<Y>243</Y>
		</point>
		<point>
			<X>176</X>
			<Y>243</Y>
		</point>
		<point>
			<X>176</X>
			<Y>244</Y>
		</point>
		<point>
			<X>176</X>
			<Y>244</Y>
		</point>
		<point>
			<X>176</X>
			<Y>244</Y>
		</point>
		<point>
			<X>176</X>
			<Y>245</Y>
		</point>
		<point>
			<X>179</X>
			<Y>245</Y>
		</point>
		<point>
			<X>179</X>
			<Y>246</Y>
		</point>
		<point>
			<X>179</X>
			<Y>248</Y>
		</point>
		<point>
			<X>179</X>
			<Y>248</Y>
		</point>
		<point>
			<X>180</X>
			<Y>248</Y>
		</point>
		<point>
			<X>180</X>
			<Y>249</Y>
		</point>
		<point>
			<X>179</X>
			<Y>249</Y>
		</point>
		<point>
			<X>179</X>
			<Y>249</Y>
		</point>
	</polygon>
	<polygon>
		<tag>cow</tag>
		<point>
			<X>220</X>
			<Y>168</Y>
		</point>
		<point>
			<X>221</X>
			<Y>168</Y>
		</point>
		<point>
			<X>222</X>
			<Y>168</Y>
		</point>
		<point>
			<X>225</X>
			<Y>168</Y>
		</point>
		<point>
			<X>229</X>
			<Y>169</Y>
		</point>
		<point>
			<X>229</X>
			<Y>169</Y>
		</point>
		<point>
			<X>232</X>
			<Y>169</Y>
		</point>
		<point>
			<X>240</X>
			<Y>171</Y>
		</point>
		<point>
			<X>240</X>
			<Y>171</Y>
		</point>
		<point>
			<X>250</X>
			<Y>174</Y>
		</point>
		<point>
			<X>250</X>
			<Y>174</Y>
		</point>
		<point>
			<X>262</X>
			<Y>179</Y>
		</point>
		<point>
			<X>262</X>
			<Y>179</Y>
		</point>
		<point>
			<X>274</X>
			<Y>183</Y>
		</point>
		<point>
			<X>274</X>
			<Y>183</Y>
		</point>
		<point>
			<X>286</X>
			<Y>186</Y>
		</point>
		<point>
			<X>286</X>
			<Y>186</Y>
		</point>
		<point>
			<X>296</X>
			<Y>190</Y>
		</point>
		<point>
			<X>296</X>
			<Y>190</Y>
		</point>
		<point>
			<X>307</X>
			<Y>193</Y>
		</point>
		<point>
			<X>307</X>
			<Y>193</Y>
		</point>
		<point>
			<X>316</X>
			<Y>196</Y>
		</point>
		<point>
			<X>316</X>
			<Y>196</Y>
		</point>
		<point>
			<X>320</X>
			<Y>199</Y>
		</point>
		<point>
			<X>320</X>
			<Y>199</Y>
		</point>
		<point>
			<X>322</X>
			<Y>200</Y>
		</point>
		<point>
			<X>322</X>
			<Y>200</Y>
		</point>
		<point>
			<X>323</X>
			<Y>200</Y>
		</point>
		<point>
			<X>325</X>
			<Y>200</Y>
		</point>
		<point>
			<X>325</X>
			<Y>201</Y>
		</point>
		<point>
			<X>325</X>
			<Y>201</Y>
		</point>
		<point>
			<X>326</X>
			<Y>201</Y>
		</point>
		<point>
			<X>328</X>
			<Y>203</Y>
		</point>
		<point>
			<X>328</X>
			<Y>203</Y>
		</point>
		<point>
			<X>332</X>
			<Y>205</Y>
		</point>
		<point>
			<X>332</X>
			<Y>205</Y>
		</point>
		<point>
			<X>335</X>
			<Y>208</Y>
		</point>
		<point>
			<X>335</X>
			<Y>208</Y>
		</point>
		<point>
			<X>340</X>
			<Y>211</Y>
		</point>
		<point>
			<X>340</X>
			<Y>211</Y>
		</point>
		<point>
			<X>343</X>
			<Y>214</Y>
		</point>
		<point>
			<X>343</X>
			<Y>214</Y>
		</point>
		<point>
			<X>347</X>
			<Y>216</Y>
		</point>
		<point>
			<X>347</X>
			<Y>216</Y>
		</point>
		<point>
			<X>352</X>
			<Y>219</Y>
		</point>
		<point>
			<X>352</X>
			<Y>219</Y>
		</point>
		<point>
			<X>355</X>
			<Y>223</Y>
		</point>
		<point>
			<X>355</X>
			<Y>223</Y>
		</point>
		<point>
			<X>358</X>
			<Y>224</Y>
		</point>
		<point>
			<X>358</X>
			<Y>224</Y>
		</point>
		<point>
			<X>362</X>
			<Y>226</Y>
		</point>
		<point>
			<X>362</X>
			<Y>226</Y>
		</point>
		<point>
			<X>365</X>
			<Y>228</Y>
		</point>
		<point>
			<X>365</X>
			<Y>228</Y>
		</point>
		<point>
			<X>366</X>
			<Y>230</Y>
		</point>
		<point>
			<X>366</X>
			<Y>230</Y>
		</point>
		<point>
			<X>370</X>
			<Y>231</Y>
		</point>
		<point>
			<X>370</X>
			<Y>231</Y>
		</point>
		<point>
			<X>370</X>
			<Y>233</Y>
		</point>
		<point>
			<X>370</X>
			<Y>233</Y>
		</point>
		<point>
			<X>372</X>
			<Y>234</Y>
		</point>
		<point>
			<X>372</X>
			<Y>234</Y>
		</point>
		<point>
			<X>373</X>
			<Y>234</Y>
		</point>
		<point>
			<X>373</X>
			<Y>235</Y>
		</point>
		<point>
			<X>373</X>
			<Y>235</Y>
		</point>
		<point>
			<X>375</X>
			<Y>235</Y>
		</point>
		<point>
			<X>375</X>
			<Y>236</Y>
		</point>
		<point>
			<X>376</X>
			<Y>236</Y>
		</point>
		<point>
			<X>377</X>
			<Y>238</Y>
		</point>
		<point>
			<X>377</X>
			<Y>238</Y>
		</point>
		<point>
			<X>377</X>
			<Y>239</Y>
		</point>
		<point>
			<X>377</X>
			<Y>239</Y>
		</point>
		<point>
			<X>378</X>
			<Y>239</Y>
		</point>
		<point>
			<X>380</X>
			<Y>241</Y>
		</point>
		<point>
			<X>380</X>
			<Y>241</Y>
		</point>
		<point>
			<X>382</X>
			<Y>241</Y>
		</point>
		<point>
			<X>386</X>
			<Y>244</Y>
		</point>
		<point>
			<X>386</X>
			<Y>244</Y>
		</point>
		<point>
			<X>389</X>
			<Y>244</Y>
		</point>
		<point>
			<X>390</X>
			<Y>246</Y>
		</point>
		<point>
			<X>390</X>
			<Y>246</Y>
		</point>
		<point>
			<X>392</X>
			<Y>248</Y>
		</point>
		<point>
			<X>392</X>
			<Y>248</Y>
		</point>
		<point>
			<X>396</X>
			<Y>249</Y>
		</point>
		<point>
			<X>396</X>
			<Y>249</Y>
		</point>
		<point>
			<X>399</X>
			<Y>250</Y>
		</point>
		<point>
			<X>399</X>
			<Y>250</Y>
		</point>
		<point>
			<X>400</X>
			<Y>250</Y>
		</point>
		<point>
			<X>401</X>
			<Y>250</Y>
		</point>
		<point>
			<X>404</X>
			<Y>251</Y>
		</point>
		<point>
			<X>404</X>
			<Y>251</Y>
		</point>
		<point>
			<X>404</X>
			<Y>253</Y>
		</point>
		<point>
			<X>404</X>
			<Y>253</Y>
		</point>
		<point>
			<X>405</X>
			<Y>253</Y>
		</point>
		<point>
			<X>406</X>
			<Y>253</Y>
		</point>
		<point>
			<X>407</X>
			<Y>253</Y>
		</point>
		<point>
			<X>409</X>
			<Y>253</Y>
		</point>
		<point>
			<X>411</X>
			<Y>253</Y>
		</point>
		<point>
			<X>414</X>
			<Y>253</Y>
		</point>
		<point>
			<X>415</X>
			<Y>253</Y>
		</point>
		<point>
			<X>416</X>
			<Y>253</Y>
		</point>
		<point>
			<X>417</X>
			<Y>253</Y>
		</point>
		<point>
			<X>419</X>
			<Y>253</Y>
		</point>
		<point>
			<X>420</X>
			<Y>253</Y>
		</point>
		<point>
			<X>421</X>
			<Y>253</Y>
		</point>
		<point>
			<X>425</X>
			<Y>254</Y>
		</point>
		<point>
			<X>425</X>
			<Y>254</Y>
		</point>
		<point>
			<X>426</X>
			<Y>254</Y>
		</point>
		<point>
			<X>427</X>
			<Y>255</Y>
		</point>
		<point>
			<X>427</X>
			<Y>255</Y>
		</point>
		<point>
			<X>430</X>
			<Y>255</Y>
		</point>
		<point>
			<X>431</X>
			<Y>255</Y>
		</point>
		<point>
			<X>432</X>
			<Y>255</Y>
		</point>
		<point>
			<X>432</X>
			<Y>256</Y>
		</point>
		<point>
			<X>432</X>
			<Y>256</Y>
		</point>
		<point>
			<X>435</X>
			<Y>258</Y>
		</point>
		<point>
			<X>435</X>
			<Y>258</Y>
		</point>
		<point>
			<X>436</X>
			<Y>258</Y>
		</point>
		<point>
			<X>439</X>
			<Y>259</Y>
		</point>
		<point>
			<X>439</X>
			<Y>259</Y>
		</point>
		<point>
			<X>442</X>
			<Y>260</Y>
		</point>
		<point>
			<X>442</X>
			<Y>260</Y>
		</point>
		<point>
			<X>445</X>
			<Y>263</Y>
		</point>
		<point>
			<X>445</X>
			<Y>263</Y>
		</point>
		<point>
			<X>447</X>
			<Y>265</Y>
		</point>
		<point>
			<X>447</X>
			<Y>265</Y>
		</point>
		<point>
			<X>452</X>
			<Y>269</Y>
		</point>
		<point>
			<X>452</X>
			<Y>269</Y>
		</point>
		<point>
			<X>456</X>
			<Y>270</Y>
		</point>
		<point>
			<X>456</X>
			<Y>270</Y>
		</point>
		<point>
			<X>459</X>
			<Y>274</Y>
		</point>
		<point>
			<X>459</X>
			<Y>274</Y>
		</point>
		<point>
			<X>464</X>
			<Y>276</Y>
		</point>
		<point>
			<X>464</X>
			<Y>276</Y>
		</point>
		<point>
			<X>466</X>
			<Y>279</Y>
		</point>
		<point>
			<X>466</X>
			<Y>279</Y>
		</point>
		<point>
			<X>470</X>
			<Y>283</Y>
		</point>
		<point>
			<X>470</X>
			<Y>283</Y>
		</point>
		<point>
			<X>472</X>
			<Y>285</Y>
		</point>
		<point>
			<X>472</X>
			<Y>285</Y>
		</point>
		<point>
			<X>475</X>
			<Y>285</Y>
		</point>
		<point>
			<X>476</X>
			<Y>288</Y>
		</point>
		<point>
			<X>476</X>
			<Y>288</Y>
		</point>
		<point>
			<X>477</X>
			<Y>288</Y>
		</point>
		<point>
			<X>477</X>
			<Y>288</Y>
		</point>
		<point>
			<X>477</X>
			<Y>289</Y>
		</point>
		<point>
			<X>479</X>
			<Y>290</Y>
		</point>
		<point>
			<X>479</X>
			<Y>290</Y>
		</point>
		<point>
			<X>477</X>
			<Y>289</Y>
		</point>
		<point>
			<X>477</X>
			<Y>289</Y>
		</point>
	</polygon>
	<polygon>
		<tag>cow</tag>
		<point>
			<X>142</X>
			<Y>119</Y>
		</point>
		<point>
			<X>142</X>
			<Y>118</Y>
		</point>
		<point>
			<X>142</X>
			<Y>118</Y>
		</point>
		<point>
			<X>145</X>
			<Y>118</Y>
		</point>
		<point>
			<X>145</X>
			<Y>118</Y>
		</point>
		<point>
			<X>149</X>
			<Y>116</Y>
		</point>
		<point>
			<X>149</X>
			<Y>116</Y>
		</point>
		<point>
			<X>151</X>
			<Y>115</Y>
		</point>
		<point>
			<X>151</X>
			<Y>115</Y>
		</point>
		<point>
			<X>155</X>
			<Y>114</Y>
		</point>
		<point>
			<X>155</X>
			<Y>114</Y>
		</point>
		<point>
			<X>159</X>
			<Y>114</Y>
		</point>
		<point>
			<X>159</X>
			<Y>114</Y>
		</point>
		<point>
			<X>161</X>
			<Y>114</Y>
		</point>
		<point>
			<X>165</X>
			<Y>114</Y>
		</point>
		<point>
			<X>169</X>
			<Y>114</Y>
		</point>
		<point>
			<X>170</X>
			<Y>114</Y>
		</point>
		<point>
			<X>171</X>
			<Y>114</Y>
		</point>
		<point>
			<X>174</X>
			<Y>114</Y>
		</point>
		<point>
			<X>175</X>
			<Y>114</Y>
		</point>
		<point>
			<X>176</X>
			<Y>114</Y>
		</point>
		<point>
			<X>176</X>
			<Y>114</Y>
		</point>
		<point>
			<X>179</X>
			<Y>114</Y>
		</point>
		<point>
			<X>180</X>
			<Y>114</Y>
		</point>
		<point>
			<X>181</X>
			<Y>114</Y>
		</point>
		<point>
			<X>181</X>
			<Y>114</Y>
		</point>
		<point>
			<X>184</X>
			<Y>114</Y>
		</point>
		<point>
			<X>185</X>
			<Y>114</Y>
		</point>
		<point>
			<X>186</X>
			<Y>114</Y>
		</point>
		<point>
			<X>189</X>
			<Y>114</Y>
		</point>
		<point>
			<X>191</X>
			<Y>113</Y>
		</point>
		<point>
			<X>191</X>
			<Y>113</Y>
		</point>
		<point>
			<X>192</X>
			<Y>113</Y>
		</point>
		<point>
			<X>192</X>
			<Y>111</Y>
		</point>
		<point>
			<X>192</X>
			<Y>111</Y>
		</point>
		<point>
			<X>194</X>
			<Y>111</Y>
		</point>
		<point>
			<X>195</X>
			<Y>111</Y>
		</point>
		<point>
			<X>196</X>
			<Y>110</Y>
		</point>
		<point>
			<X>196</X>
			<Y>110</Y>
		</point>
		<point>
			<X>197</X>
			<Y>109</Y>
		</point>
		<point>
			<X>197</X>
			<Y>109</Y>
		</point>
		<point>
			<X>199</X>
			<Y>109</Y>
		</point>
		<point>
			<X>199</X>
			<Y>109</Y>
		</point>
		<point>
			<X>200</X>
			<Y>109</Y>
		</point>
		<point>
			<X>201</X>
			<Y>109</Y>
		</point>
		<point>
			<X>201</X>
			<Y>108</Y>
		</point>
		<point>
			<X>201</X>
			<Y>108</Y>
		</point>
		<point>
			<X>202</X>
			<Y>108</Y>
		</point>
		<point>
			<X>204</X>
			<Y>108</Y>
		</point>
		<point>
			<X>205</X>
			<Y>108</Y>
		</point>
		<point>
			<X>206</X>
			<Y>106</Y>
		</point>
		<point>
			<X>206</X>
			<Y>106</Y>
		</point>
		<point>
			<X>207</X>
			<Y>106</Y>
		</point>
		<point>
			<X>207</X>
			<Y>106</Y>
		</point>
		<point>
			<X>210</X>
			<Y>105</Y>
		</point>
		<point>
			<X>210</X>
			<Y>105</Y>
		</point>
		<point>
			<X>211</X>
			<Y>105</Y>
		</point>
		<point>
			<X>214</X>
			<Y>105</Y>
		</point>
		<point>
			<X>214</X>
			<Y>104</Y>
		</point>
		<point>
			<X>214</X>
			<Y>104</Y>
		</point>
		<point>
			<X>215</X>
			<Y>104</Y>
		</point>
		<point>
			<X>217</X>
			<Y>104</Y>
		</point>
		<point>
			<X>219</X>
			<Y>104</Y>
		</point>
		<point>
			<X>220</X>
			<Y>103</Y>
		</point>
		<point>
			<X>220</X>
			<Y>103</Y>
		</point>
		<point>
			<X>221</X>
			<Y>103</Y>
		</point>
		<point>
			<X>221</X>
			<Y>103</Y>
		</point>
		<point>
			<X>221</X>
			<Y>101</Y>
		</point>
		<point>
			<X>222</X>
			<Y>101</Y>
		</point>
		<point>
			<X>224</X>
			<Y>101</Y>
		</point>
		<point>
			<X>225</X>
			<Y>101</Y>
		</point>
		<point>
			<X>225</X>
			<Y>101</Y>
		</point>
	</polygon>
	<polygon>
		<tag>cow</tag>
		<point>
			<X>356</X>
			<Y>159</Y>
		</point>
		<point>
			<X>356</X>
			<Y>158</Y>
		</point>
		<point>
			<X>356</X>
			<Y>158</Y>
		</point>
		<point>
			<X>356</X>
			<Y>156</Y>
		</point>
		<point>
			<X>356</X>
			<Y>156</Y>
		</point>
		<point>
			<X>357</X>
			<Y>155</Y>
		</point>
		<point>
			<X>357</X>
			<Y>155</Y>
		</point>
		<point>
			<X>357</X>
			<Y>154</Y>
		</point>
		<point>
			<X>357</X>
			<Y>154</Y>
		</point>
		<point>
			<X>357</X>
			<Y>153</Y>
		</point>
		<point>
			<X>357</X>
			<Y>153</Y>
		</point>
		<point>
			<X>358</X>
			<Y>151</Y>
		</point>
		<point>
			<X>358</X>
			<Y>151</Y>
		</point>
		<point>
			<X>358</X>
			<Y>150</Y>
		</point>
		<point>
			<X>358</X>
			<Y>150</Y>
		</point>
		<point>
			<X>360</X>
			<Y>149</Y>
		</point>
		<point>
			<X>360</X>
			<Y>149</Y>
		</point>
		<point>
			<X>360</X>
			<Y>148</Y>
		</point>
		<point>
			<X>360</X>
			<Y>148</Y>
		</point>
		<point>
			<X>361</X>
			<Y>148</Y>
		</point>
		<point>
			<X>362</X>
			<Y>145</Y>
		</point>
		<point>
			<X>362</X>
			<Y>145</Y>
		</point>
		<point>
			<X>363</X>
			<Y>144</Y>
		</point>
		<point>
			<X>363</X>
			<Y>144</Y>
		</point>
		<point>
			<X>366</X>
			<Y>143</Y>
		</point>
		<point>
			<X>366</X>
			<Y>143</Y>
		</point>
		<point>
			<X>367</X>
			<Y>141</Y>
		</point>
		<point>
			<X>367</X>
			<Y>141</Y>
		</point>
		<point>
			<X>370</X>
			<Y>140</Y>
		</point>
		<point>
			<X>370</X>
			<Y>140</Y>
		</point>
		<point>
			<X>372</X>
			<Y>140</Y>
		</point>
		<point>
			<X>376</X>
			<Y>139</Y>
		</point>
		<point>
			<X>376</X>
			<Y>139</Y>
		</point>
		<point>
			<X>380</X>
			<Y>139</Y>
		</point>
		<point>
			<X>382</X>
			<Y>138</Y>
		</point>
		<point>
			<X>382</X>
			<Y>138</Y>
		</point>
		<point>
			<X>386</X>
			<Y>138</Y>
		</point>
		<point>
			<X>391</X>
			<Y>138</Y>
		</point>
		<point>
			<X>394</X>
			<Y>138</Y>
		</point>
		<point>
			<X>396</X>
			<Y>138</Y>
		</point>
		<point>
			<X>400</X>
			<Y>138</Y>
		</point>
		<point>
			<X>402</X>
			<Y>138</Y>
		</point>
		<point>
			<X>405</X>
			<Y>138</Y>
		</point>
		<point>
			<X>409</X>
			<Y>138</Y>
		</point>
		<point>
			<X>411</X>
			<Y>138</Y>
		</point>
		<point>
			<X>414</X>
			<Y>139</Y>
		</point>
		<point>
			<X>414</X>
			<Y>139</Y>
		</point>
		<point>
			<X>415</X>
			<Y>140</Y>
		</point>
		<point>
			<X>415</X>
			<Y>140</Y>
		</point>
		<point>
			<X>417</X>
			<Y>140</Y>
		</point>
		<point>
			<X>421</X>
			<Y>141</Y>
		</point>
		<point>
			<X>421</X>
			<Y>141</Y>
		</point>
		<point>
			<X>424</X>
			<Y>143</Y>
		</point>
		<point>
			<X>424</X>
			<Y>143</Y>
		</point>
		<point>
			<X>425</X>
			<Y>143</Y>
		</point>
		<point>
			<X>426</X>
			<Y>143</Y>
		</point>
		<point>
			<X>430</X>
			<Y>143</Y>
		</point>
		<point>
			<X>432</X>
			<Y>144</Y>
		</point>
		<point>
			<X>432</X>
			<Y>144</Y>
		</point>
		<point>
			<X>434</X>
			<Y>145</Y>
		</point>
		<point>
			<X>434</X>
			<Y>145</Y>
		</point>
		<point>
			<X>435</X>
			<Y>145</Y>
		</point>
		<point>
			<X>435</X>
			<Y>145</Y>
		</point>
		<point>
			<X>437</X>
			<Y>145</Y>
		</point>
		<point>
			<X>439</X>
			<Y>145</Y>
		</point>
		<point>
			<X>442</X>
			<Y>145</Y>
		</point>
		<point>
			<X>444</X>
			<Y>145</Y>
		</point>
		<point>
			<X>446</X>
			<Y>145</Y>
		</point>
		<point>
			<X>447</X>
			<Y>144</Y>
		</point>
		<point>
			<X>447</X>
			<Y>144</Y>
		</point>
		<point>
			<X>450</X>
			<Y>144</Y>
		</point>
		<point>
			<X>451</X>
			<Y>144</Y>
		</point>
		<point>
			<X>452</X>
			<Y>143</Y>
		</point>
		<point>
			<X>452</X>
			<Y>143</Y>
		</point>
		<point>
			<X>454</X>
			<Y>141</Y>
		</point>
		<point>
			<X>454</X>
			<Y>141</Y>
		</point>
		<point>
			<X>455</X>
			<Y>140</Y>
		</point>
		<point>
			<X>455</X>
			<Y>140</Y>
		</point>
		<point>
			<X>456</X>
			<Y>139</Y>
		</point>
		<point>
			<X>456</X>
			<Y>139</Y>
		</point>
		<point>
			<X>456</X>
			<Y>138</Y>
		</point>
		<point>
			<X>456</X>
			<Y>138</Y>
		</point>
		<point>
			<X>459</X>
			<Y>136</Y>
		</point>
		<point>
			<X>459</X>
			<Y>136</Y>
		</point>
		<point>
			<X>459</X>
			<Y>135</Y>
		</point>
		<point>
			<X>459</X>
			<Y>135</Y>
		</point>
		<point>
			<X>459</X>
			<Y>134</Y>
		</point>
		<point>
			<X>459</X>
			<Y>134</Y>
		</point>
		<point>
			<X>460</X>
			<Y>134</Y>
		</point>
		<point>
			<X>461</X>
			<Y>131</Y>
		</point>
		<point>
			<X>461</X>
			<Y>131</Y>
		</point>
		<point>
			<X>461</X>
			<Y>129</Y>
		</point>
		<point>
			<X>461</X>
			<Y>129</Y>
		</point>
		<point>
			<X>462</X>
			<Y>128</Y>
		</point>
		<point>
			<X>462</X>
			<Y>128</Y>
		</point>
		<point>
			<X>464</X>
			<Y>125</Y>
		</point>
		<point>
			<X>464</X>
			<Y>125</Y>
		</point>
		<point>
			<X>465</X>
			<Y>124</Y>
		</point>
		<point>
			<X>465</X>
			<Y>124</Y>
		</point>
		<point>
			<X>465</X>
			<Y>123</Y>
		</point>
		<point>
			<X>465</X>
			<Y>123</Y>
		</point>
		<point>
			<X>465</X>
			<Y>121</Y>
		</point>
		<point>
			<X>465</X>
			<Y>121</Y>
		</point>
		<point>
			<X>466</X>
			<Y>121</Y>
		</point>
		<point>
			<X>466</X>
			<Y>121</Y>
		</point>
	</polygon>
	<polygon>
		<tag>background</tag>
		<point>
			<X>464</X>
			<Y>36</Y>
		</point>
		<point>
			<X>464</X>
			<Y>38</Y>
		</point>
		<point>
			<X>464</X>
			<Y>38</Y>
		</point>
		<point>
			<X>464</X>
			<Y>39</Y>
		</point>
		<point>
			<X>464</X>
			<Y>39</Y>
		</point>
		<point>
			<X>464</X>
			<Y>40</Y>
		</point>
		<point>
			<X>464</X>
			<Y>40</Y>
		</point>
		<point>
			<X>464</X>
			<Y>41</Y>
		</point>
		<point>
			<X>464</X>
			<Y>41</Y>
		</point>
		<point>
			<X>465</X>
			<Y>42</Y>
		</point>
		<point>
			<X>465</X>
			<Y>42</Y>
		</point>
		<point>
			<X>465</X>
			<Y>46</Y>
		</point>
		<point>
			<X>465</X>
			<Y>46</Y>
		</point>
		<point>
			<X>465</X>
			<Y>48</Y>
		</point>
		<point>
			<X>465</X>
			<Y>48</Y>
		</point>
		<point>
			<X>465</X>
			<Y>50</Y>
		</point>
		<point>
			<X>465</X>
			<Y>50</Y>
		</point>
		<point>
			<X>465</X>
			<Y>53</Y>
		</point>
		<point>
			<X>465</X>
			<Y>53</Y>
		</point>
		<point>
			<X>465</X>
			<Y>54</Y>
		</point>
		<point>
			<X>465</X>
			<Y>54</Y>
		</point>
		<point>
			<X>461</X>
			<Y>56</Y>
		</point>
		<point>
			<X>461</X>
			<Y>56</Y>
		</point>
		<point>
			<X>457</X>
			<Y>59</Y>
		</point>
		<point>
			<X>457</X>
			<Y>59</Y>
		</point>
		<point>
			<X>455</X>
			<Y>60</Y>
		</point>
		<point>
			<X>455</X>
			<Y>60</Y>
		</point>
		<point>
			<X>449</X>
			<Y>64</Y>
		</point>
		<point>
			<X>449</X>
			<Y>64</Y>
		</point>
		<point>
			<X>445</X>
			<Y>66</Y>
		</point>
		<point>
			<X>445</X>
			<Y>66</Y>
		</point>
		<point>
			<X>440</X>
			<Y>69</Y>
		</point>
		<point>
			<X>440</X>
			<Y>69</Y>
		</point>
		<point>
			<X>434</X>
			<Y>70</Y>
		</point>
		<point>
			<X>434</X>
			<Y>70</Y>
		</point>
		<point>
			<X>429</X>
			<Y>73</Y>
		</point>
		<point>
			<X>429</X>
			<Y>73</Y>
		</point>
		<point>
			<X>422</X>
			<Y>74</Y>
		</point>
		<point>
			<X>422</X>
			<Y>74</Y>
		</point>
		<point>
			<X>417</X>
			<Y>75</Y>
		</point>
		<point>
			<X>417</X>
			<Y>75</Y>
		</point>
		<point>
			<X>411</X>
			<Y>78</Y>
		</point>
		<point>
			<X>411</X>
			<Y>78</Y>
		</point>
		<point>
			<X>402</X>
			<Y>79</Y>
		</point>
		<point>
			<X>402</X>
			<Y>79</Y>
		</point>
		<point>
			<X>394</X>
			<Y>80</Y>
		</point>
		<point>
			<X>394</X>
			<Y>80</Y>
		</point>
		<point>
			<X>384</X>
			<Y>84</Y>
		</point>
		<point>
			<X>384</X>
			<Y>84</Y>
		</point>
		<point>
			<X>373</X>
			<Y>85</Y>
		</point>
		<point>
			<X>373</X>
			<Y>85</Y>
		</point>
		<point>
			<X>361</X>
			<Y>88</Y>
		</point>
		<point>
			<X>361</X>
			<Y>88</Y>
		</point>
		<point>
			<X>351</X>
			<Y>89</Y>
		</point>
		<point>
			<X>351</X>
			<Y>89</Y>
		</point>
		<point>
			<X>340</X>
			<Y>89</Y>
		</point>
		<point>
			<X>340</X>
			<Y>89</Y>
		</point>
		<point>
			<X>330</X>
			<Y>89</Y>
		</point>
		<point>
			<X>330</X>
			<Y>89</Y>
		</point>
		<point>
			<X>316</X>
			<Y>89</Y>
		</point>
		<point>
			<X>316</X>
			<Y>89</Y>
		</point>
		<point>
			<X>305</X>
			<Y>89</Y>
		</point>
		<point>
			<X>305</X>
			<Y>89</Y>
		</point>
		<point>
			<X>290</X>
			<Y>89</Y>
		</point>
		<point>
			<X>290</X>
			<Y>89</Y>
		</point>
		<point>
			<X>279</X>
			<Y>89</Y>
		</point>
		<point>
			<X>279</X>
			<Y>89</Y>
		</point>
		<point>
			<X>265</X>
			<Y>89</Y>
		</point>
		<point>
			<X>265</X>
			<Y>89</Y>
		</point>
		<point>
			<X>251</X>
			<Y>85</Y>
		</point>
		<point>
			<X>251</X>
			<Y>85</Y>
		</point>
		<point>
			<X>241</X>
			<Y>85</Y>
		</point>
		<point>
			<X>241</X>
			<Y>85</Y>
		</point>
		<point>
			<X>231</X>
			<Y>83</Y>
		</point>
		<point>
			<X>231</X>
			<Y>83</Y>
		</point>
		<point>
			<X>225</X>
			<Y>80</Y>
		</point>
		<point>
			<X>225</X>
			<Y>80</Y>
		</point>
		<point>
			<X>221</X>
			<Y>80</Y>
		</point>
		<point>
			<X>221</X>
			<Y>80</Y>
		</point>
		<point>
			<X>220</X>
			<Y>80</Y>
		</point>
		<point>
			<X>220</X>
			<Y>80</Y>
		</point>
		<point>
			<X>219</X>
			<Y>79</Y>
		</point>
		<point>
			<X>219</X>
			<Y>79</Y>
		</point>
		<point>
			<X>217</X>
			<Y>78</Y>
		</point>
		<point>
			<X>217</X>
			<Y>78</Y>
		</point>
		<point>
			<X>216</X>
			<Y>76</Y>
		</point>
		<point>
			<X>216</X>
			<Y>76</Y>
		</point>
		<point>
			<X>215</X>
			<Y>74</Y>
		</point>
		<point>
			<X>215</X>
			<Y>74</Y>
		</point>
		<point>
			<X>214</X>
			<Y>74</Y>
		</point>
		<point>
			<X>214</X>
			<Y>74</Y>
		</point>
		<point>
			<X>214</X>
			<Y>73</Y>
		</point>
		<point>
			<X>214</X>
			<Y>70</Y>
		</point>
		<point>
			<X>214</X>
			<Y>70</Y>
		</point>
		<point>
			<X>212</X>
			<Y>70</Y>
		</point>
		<point>
			<X>212</X>
			<Y>69</Y>
		</point>
		<point>
			<X>211</X>
			<Y>69</Y>
		</point>
		<point>
			<X>211</X>
			<Y>68</Y>
		</point>
		<point>
			<X>210</X>
			<Y>66</Y>
		</point>
		<point>
			<X>210</X>
			<Y>66</Y>
		</point>
		<point>
			<X>209</X>
			<Y>66</Y>
		</point>
		<point>
			<X>209</X>
			<Y>66</Y>
		</point>
		<point>
			<X>206</X>
			<Y>65</Y>
		</point>
		<point>
			<X>206</X>
			<Y>65</Y>
		</point>
		<point>
			<X>205</X>
			<Y>64</Y>
		</point>
		<point>
			<X>205</X>
			<Y>64</Y>
		</point>
		<point>
			<X>204</X>
			<Y>63</Y>
		</point>
		<point>
			<X>204</X>
			<Y>63</Y>
		</point>
		<point>
			<X>200</X>
			<Y>63</Y>
		</point>
		<point>
			<X>200</X>
			<Y>63</Y>
		</point>
		<point>
			<X>196</X>
			<Y>61</Y>
		</point>
		<point>
			<X>196</X>
			<Y>61</Y>
		</point>
		<point>
			<X>194</X>
			<Y>61</Y>
		</point>
		<point>
			<X>194</X>
			<Y>61</Y>
		</point>
		<point>
			<X>191</X>
			<Y>59</Y>
		</point>
		<point>
			<X>191</X>
			<Y>59</Y>
		</point>
		<point>
			<X>189</X>
			<Y>58</Y>
		</point>
		<point>
			<X>189</X>
			<Y>58</Y>
		</point>
		<point>
			<X>184</X>
			<Y>56</Y>
		</point>
		<point>
			<X>184</X>
			<Y>56</Y>
		</point>
		<point>
			<X>181</X>
			<Y>56</Y>
		</point>
		<point>
			<X>181</X>
			<Y>56</Y>
		</point>
		<point>
			<X>175</X>
			<Y>56</Y>
		</point>
		<point>
			<X>175</X>
			<Y>56</Y>
		</point>
		<point>
			<X>171</X>
			<Y>56</Y>
		</point>
		<point>
			<X>171</X>
			<Y>56</Y>
		</point>
		<point>
			<X>166</X>
			<Y>55</Y>
		</point>
		<point>
			<X>166</X>
			<Y>55</Y>
		</point>
		<point>
			<X>161</X>
			<Y>54</Y>
		</point>
		<point>
			<X>161</X>
			<Y>54</Y>
		</point>
		<point>
			<X>155</X>
			<Y>51</Y>
		</point>
		<point>
			<X>155</X>
			<Y>51</Y>
		</point>
		<point>
			<X>147</X>
			<Y>49</Y>
		</point>
		<point>
			<X>147</X>
			<Y>49</Y>
		</point>
		<point>
			<X>141</X>
			<Y>48</Y>
		</point>
		<point>
			<X>141</X>
			<Y>48</Y>
		</point>
		<point>
			<X>131</X>
			<Y>45</Y>
		</point>
		<point>
			<X>131</X>
			<Y>45</Y>
		</point>
		<point>
			<X>124</X>
			<Y>42</Y>
		</point>
		<point>
			<X>124</X>
			<Y>42</Y>
		</point>
		<point>
			<X>116</X>
			<Y>41</Y>
		</point>
		<point>
			<X>116</X>
			<Y>41</Y>
		</point>
		<point>
			<X>110</X>
			<Y>41</Y>
		</point>
		<point>
			<X>110</X>
			<Y>41</Y>
		</point>
		<point>
			<X>102</X>
			<Y>40</Y>
		</point>
		<point>
			<X>102</X>
			<Y>40</Y>
		</point>
		<point>
			<X>99</X>
			<Y>40</Y>
		</point>
		<point>
			<X>99</X>
			<Y>40</Y>
		</point>
		<point>
			<X>95</X>
			<Y>39</Y>
		</point>
		<point>
			<X>95</X>
			<Y>39</Y>
		</point>
		<point>
			<X>90</X>
			<Y>39</Y>
		</point>
		<point>
			<X>90</X>
			<Y>39</Y>
		</point>
		<point>
			<X>89</X>
			<Y>39</Y>
		</point>
		<point>
			<X>89</X>
			<Y>39</Y>
		</point>
		<point>
			<X>85</X>
			<Y>38</Y>
		</point>
		<point>
			<X>85</X>
			<Y>38</Y>
		</point>
		<point>
			<X>82</X>
			<Y>36</Y>
		</point>
		<point>
			<X>82</X>
			<Y>36</Y>
		</point>
		<point>
			<X>79</X>
			<Y>36</Y>
		</point>
		<point>
			<X>79</X>
			<Y>36</Y>
		</point>
		<point>
			<X>76</X>
			<Y>36</Y>
		</point>
		<point>
			<X>76</X>
			<Y>36</Y>
		</point>
		<point>
			<X>74</X>
			<Y>36</Y>
		</point>
		<point>
			<X>74</X>
			<Y>36</Y>
		</point>
		<point>
			<X>71</X>
			<Y>36</Y>
		</point>
		<point>
			<X>71</X>
			<Y>36</Y>
		</point>
		<point>
			<X>70</X>
			<Y>36</Y>
		</point>
		<point>
			<X>70</X>
			<Y>36</Y>
		</point>
		<point>
			<X>67</X>
			<Y>36</Y>
		</point>
		<point>
			<X>67</X>
			<Y>36</Y>
		</point>
		<point>
			<X>66</X>
			<Y>36</Y>
		</point>
		<point>
			<X>66</X>
			<Y>36</Y>
		</point>
		<point>
			<X>65</X>
			<Y>36</Y>
		</point>
		<point>
			<X>65</X>
			<Y>36</Y>
		</point>
		<point>
			<X>64</X>
			<Y>36</Y>
		</point>
		<point>
			<X>64</X>
			<Y>36</Y>
		</point>
		<point>
			<X>62</X>
			<Y>36</Y>
		</point>
		<point>
			<X>62</X>
			<Y>36</Y>
		</point>
		<point>
			<X>61</X>
			<Y>36</Y>
		</point>
		<point>
			<X>61</X>
			<Y>36</Y>
		</point>
		<point>
			<X>60</X>
			<Y>36</Y>
		</point>
		<point>
			<X>60</X>
			<Y>36</Y>
		</point>
		<point>
			<X>57</X>
			<Y>36</Y>
		</point>
		<point>
			<X>57</X>
			<Y>36</Y>
		</point>
		<point>
			<X>54</X>
			<Y>38</Y>
		</point>
		<point>
			<X>54</X>
			<Y>38</Y>
		</point>
		<point>
			<X>51</X>
			<Y>38</Y>
		</point>
		<point>
			<X>51</X>
			<Y>38</Y>
		</point>
		<point>
			<X>49</X>
			<Y>39</Y>
		</point>
		<point>
			<X>49</X>
			<Y>39</Y>
		</point>
		<point>
			<X>46</X>
			<Y>39</Y>
		</point>
		<point>
			<X>46</X>
			<Y>39</Y>
		</point>
		<point>
			<X>44</X>
			<Y>40</Y>
		</point>
		<point>
			<X>44</X>
			<Y>40</Y>
		</point>
		<point>
			<X>42</X>
			<Y>41</Y>
		</point>
		<point>
			<X>42</X>
			<Y>41</Y>
		</point>
		<point>
			<X>41</X>
			<Y>41</Y>
		</point>
		<point>
			<X>41</X>
			<Y>41</Y>
		</point>
		<point>
			<X>41</X>
			<Y>42</Y>
		</point>
		<point>
			<X>40</X>
			<Y>42</Y>
		</point>
		<point>
			<X>40</X>
			<Y>44</Y>
		</point>
		<point>
			<X>40</X>
			<Y>45</Y>
		</point>
		<point>
			<X>40</X>
			<Y>45</Y>
		</point>
		<point>
			<X>37</X>
			<Y>48</Y>
		</point>
		<point>
			<X>37</X>
			<Y>48</Y>
		</point>
		<point>
			<X>37</X>
			<Y>50</Y>
		</point>
		<point>
			<X>37</X>
			<Y>50</Y>
		</point>
		<point>
			<X>35</X>
			<Y>53</Y>
		</point>
		<point>
			<X>35</X>
			<Y>53</Y>
		</point>
		<point>
			<X>35</X>
			<Y>55</Y>
		</point>
		<point>
			<X>35</X>
			<Y>55</Y>
		</point>
		<point>
			<X>34</X>
			<Y>59</Y>
		</point>
		<point>
			<X>34</X>
			<Y>59</Y>
		</point>
		<point>
			<X>34</X>
			<Y>63</Y>
		</point>
		<point>
			<X>34</X>
			<Y>63</Y>
		</point>
		<point>
			<X>34</X>
			<Y>66</Y>
		</point>
		<point>
			<X>34</X>
			<Y>66</Y>
		</point>
		<point>
			<X>34</X>
			<Y>70</Y>
		</point>
		<point>
			<X>34</X>
			<Y>70</Y>
		</point>
		<point>
			<X>34</X>
			<Y>74</Y>
		</point>
		<point>
			<X>34</X>
			<Y>74</Y>
		</point>
		<point>
			<X>34</X>
			<Y>76</Y>
		</point>
		<point>
			<X>34</X>
			<Y>76</Y>
		</point>
		<point>
			<X>34</X>
			<Y>80</Y>
		</point>
		<point>
			<X>34</X>
			<Y>80</Y>
		</point>
		<point>
			<X>35</X>
			<Y>84</Y>
		</point>
		<point>
			<X>35</X>
			<Y>84</Y>
		</point>
		<point>
			<X>35</X>
			<Y>85</Y>
		</point>
		<point>
			<X>35</X>
			<Y>85</Y>
		</point>
		<point>
			<X>35</X>
			<Y>89</Y>
		</point>
		<point>
			<X>35</X>
			<Y>89</Y>
		</point>
		<point>
			<X>37</X>
			<Y>90</Y>
		</point>
		<point>
			<X>37</X>
			<Y>90</Y>
		</point>
		<point>
			<X>39</X>
			<Y>95</Y>
		</point>
		<point>
			<X>39</X>
			<Y>95</Y>
		</point>
		<point>
			<X>39</X>
			<Y>100</Y>
		</point>
		<point>
			<X>39</X>
			<Y>100</Y>
		</point>
		<point>
			<X>40</X>
			<Y>106</Y>
		</point>
		<point>
			<X>40</X>
			<Y>106</Y>
		</point>
		<point>
			<X>41</X>
			<Y>110</Y>
		</point>
		<point>
			<X>41</X>
			<Y>110</Y>
		</point>
		<point>
			<X>42</X>
			<Y>114</Y>
		</point>
		<point>
			<X>42</X>
			<Y>114</Y>
		</point>
		<point>
			<X>44</X>
			<Y>118</Y>
		</point>
		<point>
			<X>44</X>
			<Y>118</Y>
		</point>
		<point>
			<X>44</X>
			<Y>123</Y>
		</point>
		<point>
			<X>44</X>
			<Y>123</Y>
		</point>
		<point>
			<X>44</X>
			<Y>126</Y>
		</point>
		<point>
			<X>44</X>
			<Y>126</Y>
		</point>
		<point>
			<X>44</X>
			<Y>130</Y>
		</point>
		<point>
			<X>44</X>
			<Y>130</Y>
		</point>
		<point>
			<X>44</X>
			<Y>133</Y>
		</point>
		<point>
			<X>44</X>
			<Y>133</Y>
		</point>
		<point>
			<X>44</X>
			<Y>136</Y>
		</point>
		<point>
			<X>44</X>
			<Y>136</Y>
		</point>
		<point>
			<X>44</X>
			<Y>140</Y>
		</point>
		<point>
			<X>44</X>
			<Y>140</Y>
		</point>
		<point>
			<X>45</X>
			<Y>143</Y>
		</point>
		<point>
			<X>45</X>
			<Y>143</Y>
		</point>
		<point>
			<X>45</X>
			<Y>145</Y>
		</point>
		<point>
			<X>45</X>
			<Y>145</Y>
		</point>
		<point>
			<X>45</X>
			<Y>149</Y>
		</point>
		<point>
			<X>45</X>
			<Y>149</Y>
		</point>
		<point>
			<X>45</X>
			<Y>151</Y>
		</point>
		<point>
			<X>45</X>
			<Y>151</Y>
		</point>
		<point>
			<X>45</X>
			<Y>154</Y>
		</point>
		<point>
			<X>45</X>
			<Y>154</Y>
		</point>
		<point>
			<X>45</X>
			<Y>155</Y>
		</point>
		<point>
			<X>45</X>
			<Y>155</Y>
		</point>
		<point>
			<X>45</X>
			<Y>156</Y>
		</point>
		<point>
			<X>45</X>
			<Y>156</Y>
		</point>
		<point>
			<X>45</X>
			<Y>158</Y>
		</point>
		<point>
			<X>45</X>
			<Y>158</Y>
		</point>
		<point>
			<X>45</X>
			<Y>159</Y>
		</point>
		<point>
			<X>45</X>
			<Y>159</Y>
		</point>
		<point>
			<X>45</X>
			<Y>160</Y>
		</point>
		<point>
			<X>45</X>
			<Y>160</Y>
		</point>
		<point>
			<X>45</X>
			<Y>161</Y>
		</point>
		<point>
			<X>45</X>
			<Y>161</Y>
		</point>
		<point>
			<X>45</X>
			<Y>163</Y>
		</point>
		<point>
			<X>45</X>
			<Y>163</Y>
		</point>
		<point>
			<X>45</X>
			<Y>164</Y>
		</point>
		<point>
			<X>45</X>
			<Y>164</Y>
		</point>
		<point>
			<X>45</X>
			<Y>165</Y>
		</point>
		<point>
			<X>45</X>
			<Y>165</Y>
		</point>
		<point>
			<X>45</X>
			<Y>166</Y>
		</point>
		<point>
			<X>45</X>
			<Y>166</Y>
		</point>
		<point>
			<X>44</X>
			<Y>168</Y>
		</point>
		<point>
			<X>44</X>
			<Y>168</Y>
		</point>
		<point>
			<X>44</X>
			<Y>169</Y>
		</point>
		<point>
			<X>44</X>
			<Y>169</Y>
		</point>
		<point>
			<X>41</X>
			<Y>170</Y>
		</point>
		<point>
			<X>41</X>
			<Y>170</Y>
		</point>
		<point>
			<X>41</X>
			<Y>171</Y>
		</point>
		<point>
			<X>41</X>
			<Y>171</Y>
		</point>
		<point>
			<X>41</X>
			<Y>174</Y>
		</point>
		<point>
			<X>41</X>
			<Y>174</Y>
		</point>
		<point>
			<X>40</X>
			<Y>175</Y>
		</point>
		<point>
			<X>40</X>
			<Y>175</Y>
		</point>
		<point>
			<X>39</X>
			<Y>178</Y>
		</point>
		<point>
			<X>39</X>
			<Y>178</Y>
		</point>
		<point>
			<X>39</X>
			<Y>179</Y>
		</point>
		<point>
			<X>39</X>
			<Y>179</Y>
		</point>
		<point>
			<X>37</X>
			<Y>180</Y>
		</point>
		<point>
			<X>37</X>
			<Y>180</Y>
		</point>
		<point>
			<X>37</X>
			<Y>181</Y>
		</point>
		<point>
			<X>37</X>
			<Y>181</Y>
		</point>
		<point>
			<X>37</X>
			<Y>183</Y>
		</point>
		<point>
			<X>37</X>
			<Y>183</Y>
		</point>
		<point>
			<X>37</X>
			<Y>184</Y>
		</point>
		<point>
			<X>37</X>
			<Y>184</Y>
		</point>
		<point>
			<X>36</X>
			<Y>185</Y>
		</point>
		<point>
			<X>36</X>
			<Y>185</Y>
		</point>
		<point>
			<X>35</X>
			<Y>185</Y>
		</point>
		<point>
			<X>35</X>
			<Y>185</Y>
		</point>
		<point>
			<X>35</X>
			<Y>186</Y>
		</point>
		<point>
			<X>32</X>
			<Y>189</Y>
		</point>
		<point>
			<X>32</X>
			<Y>189</Y>
		</point>
		<point>
			<X>32</X>
			<Y>190</Y>
		</point>
		<point>
			<X>32</X>
			<Y>190</Y>
		</point>
		<point>
			<X>32</X>
			<Y>191</Y>
		</point>
		<point>
			<X>32</X>
			<Y>191</Y>
		</point>
		<point>
			<X>31</X>
			<Y>191</Y>
		</point>
		<point>
			<X>31</X>
			<Y>193</Y>
		</point>
		<point>
			<X>31</X>
			<Y>194</Y>
		</point>
		<point>
			<X>31</X>
			<Y>194</Y>
		</point>
		<point>
			<X>31</X>
			<Y>195</Y>
		</point>
		<point>
			<X>31</X>
			<Y>195</Y>
		</point>
		<point>
			<X>31</X>
			<Y>196</Y>
		</point>
		<point>
			<X>31</X>
			<Y>196</Y>
		</point>
		<point>
			<X>30</X>
			<Y>199</Y>
		</point>
		<point>
			<X>30</X>
			<Y>199</Y>
		</point>
		<point>
			<X>30</X>
			<Y>200</Y>
		</point>
		<point>
			<X>30</X>
			<Y>200</Y>
		</point>
		<point>
			<X>29</X>
			<Y>201</Y>
		</point>
		<point>
			<X>29</X>
			<Y>201</Y>
		</point>
		<point>
			<X>27</X>
			<Y>205</Y>
		</point>
		<point>
			<X>27</X>
			<Y>205</Y>
		</point>
		<point>
			<X>27</X>
			<Y>206</Y>
		</point>
		<point>
			<X>27</X>
			<Y>206</Y>
		</point>
		<point>
			<X>26</X>
			<Y>208</Y>
		</point>
		<point>
			<X>26</X>
			<Y>208</Y>
		</point>
		<point>
			<X>25</X>
			<Y>210</Y>
		</point>
		<point>
			<X>25</X>
			<Y>210</Y>
		</point>
		<point>
			<X>25</X>
			<Y>211</Y>
		</point>
		<point>
			<X>25</X>
			<Y>211</Y>
		</point>
		<point>
			<X>25</X>
			<Y>213</Y>
		</point>
		<point>
			<X>25</X>
			<Y>213</Y>
		</point>
		<point>
			<X>25</X>
			<Y>214</Y>
		</point>
		<point>
			<X>25</X>
			<Y>214</Y>
		</point>
		<point>
			<X>25</X>
			<Y>215</Y>
		</point>
		<point>
			<X>25</X>
			<Y>215</Y>
		</point>
		<point>
			<X>25</X>
			<Y>216</Y>
		</point>
		<point>
			<X>25</X>
			<Y>216</Y>
		</point>
		<point>
			<X>25</X>
			<Y>218</Y>
		</point>
		<point>
			<X>25</X>
			<Y>218</Y>
		</point>
		<point>
			<X>25</X>
			<Y>219</Y>
		</point>
		<point>
			<X>25</X>
			<Y>219</Y>
		</point>
		<point>
			<X>25</X>
			<Y>221</Y>
		</point>
		<point>
			<X>25</X>
			<Y>221</Y>
		</point>
		<point>
			<X>25</X>
			<Y>223</Y>
		</point>
		<point>
			<X>25</X>
			<Y>223</Y>
		</point>
		<point>
			<X>26</X>
			<Y>224</Y>
		</point>
		<point>
			<X>26</X>
			<Y>224</Y>
		</point>
		<point>
			<X>26</X>
			<Y>225</Y>
		</point>
		<point>
			<X>26</X>
			<Y>225</Y>
		</point>
		<point>
			<X>26</X>
			<Y>228</Y>
		</point>
		<point>
			<X>26</X>
			<Y>228</Y>
		</point>
		<point>
			<X>26</X>
			<Y>229</Y>
		</point>
		<point>
			<X>26</X>
			<Y>229</Y>
		</point>
		<point>
			<X>26</X>
			<Y>230</Y>
		</point>
		<point>
			<X>26</X>
			<Y>230</Y>
		</point>
		<point>
			<X>29</X>
			<Y>231</Y>
		</point>
		<point>
			<X>29</X>
			<Y>231</Y>
		</point>
		<point>
			<X>29</X>
			<Y>234</Y>
		</point>
		<point>
			<X>29</X>
			<Y>234</Y>
		</point>
		<point>
			<X>29</X>
			<Y>235</Y>
		</point>
		<point>
			<X>29</X>
			<Y>235</Y>
		</point>
		<point>
			<X>30</X>
			<Y>238</Y>
		</point>
		<point>
			<X>30</X>
			<Y>238</Y>
		</point>
		<point>
			<X>30</X>
			<Y>239</Y>
		</point>
		<point>
			<X>30</X>
			<Y>239</Y>
		</point>
		<point>
			<X>30</X>
			<Y>241</Y>
		</point>
		<point>
			<X>30</X>
			<Y>241</Y>
		</point>
		<point>
			<X>31</X>
			<Y>241</Y>
		</point>
		<point>
			<X>32</X>
			<Y>243</Y>
		</point>
		<point>
			<X>32</X>
			<Y>243</Y>
		</point>
		<point>
			<X>32</X>
			<Y>245</Y>
		</point>
		<point>
			<X>32</X>
			<Y>245</Y>
		</point>
		<point>
			<X>34</X>
			<Y>246</Y>
		</point>
		<point>
			<X>34</X>
			<Y>246</Y>
		</point>
		<point>
			<X>34</X>
			<Y>248</Y>
		</point>
		<point>
			<X>34</X>
			<Y>248</Y>
		</point>
		<point>
			<X>35</X>
			<Y>250</Y>
		</point>
		<point>
			<X>35</X>
			<Y>250</Y>
		</point>
		<point>
			<X>36</X>
			<Y>253</Y>
		</point>
		<point>
			<X>36</X>
			<Y>253</Y>
		</point>
		<point>
			<X>36</X>
			<Y>254</Y>
		</point>
		<point>
			<X>36</X>
			<Y>254</Y>
		</point>
		<point>
			<X>36</X>
			<Y>255</Y>
		</point>
		<point>
			<X>36</X>
			<Y>255</Y>
		</point>
		<point>
			<X>37</X>
			<Y>255</Y>
		</point>
		<point>
			<X>37</X>
			<Y>256</Y>
		</point>
		<point>
			<X>39</X>
			<Y>258</Y>
		</point>
		<point>
			<X>39</X>
			<Y>258</Y>
		</point>
		<point>
			<X>39</X>
			<Y>260</Y>
		</point>
		<point>
			<X>39</X>
			<Y>260</Y>
		</point>
		<point>
			<X>41</X>
			<Y>261</Y>
		</point>
		<point>
			<X>41</X>
			<Y>261</Y>
		</point>
		<point>
			<X>41</X>
			<Y>264</Y>
		</point>
		<point>
			<X>41</X>
			<Y>264</Y>
		</point>
		<point>
			<X>41</X>
			<Y>266</Y>
		</point>
		<point>
			<X>41</X>
			<Y>266</Y>
		</point>
		<point>
			<X>44</X>
			<Y>268</Y>
		</point>
		<point>
			<X>44</X>
			<Y>268</Y>
		</point>
		<point>
			<X>44</X>
			<Y>269</Y>
		</point>
		<point>
			<X>44</X>
			<Y>269</Y>
		</point>
		<point>
			<X>45</X>
			<Y>271</Y>
		</point>
		<point>
			<X>45</X>
			<Y>271</Y>
		</point>
		<point>
			<X>46</X>
			<Y>271</Y>
		</point>
		<point>
			<X>46</X>
			<Y>271</Y>
		</point>
		<point>
			<X>46</X>
			<Y>274</Y>
		</point>
		<point>
			<X>46</X>
			<Y>274</Y>
		</point>
		<point>
			<X>49</X>
			<Y>275</Y>
		</point>
		<point>
			<X>49</X>
			<Y>275</Y>
		</point>
		<point>
			<X>49</X>
			<Y>276</Y>
		</point>
		<point>
			<X>49</X>
			<Y>276</Y>
		</point>
		<point>
			<X>50</X>
			<Y>278</Y>
		</point>
		<point>
			<X>50</X>
			<Y>278</Y>
		</point>
		<point>
			<X>51</X>
			<Y>279</Y>
		</point>
		<point>
			<X>51</X>
			<Y>279</Y>
		</point>
		<point>
			<X>52</X>
			<Y>280</Y>
		</point>
		<point>
			<X>52</X>
			<Y>280</Y>
		</point>
		<point>
			<X>55</X>
			<Y>283</Y>
		</point>
		<point>
			<X>55</X>
			<Y>283</Y>
		</point>
		<point>
			<X>56</X>
			<Y>284</Y>
		</point>
		<point>
			<X>56</X>
			<Y>284</Y>
		</point>
		<point>
			<X>59</X>
			<Y>285</Y>
		</point>
		<point>
			<X>59</X>
			<Y>285</Y>
		</point>
		<point>
			<X>61</X>
			<Y>286</Y>
		</point>
		<point>
			<X>61</X>
			<Y>286</Y>
		</point>
		<point>
			<X>64</X>
			<Y>290</Y>
		</point>
		<point>
			<X>64</X>
			<Y>290</Y>
		</point>
		<point>
			<X>67</X>
			<Y>291</Y>
		</point>
		<point>
			<X>67</X>
			<Y>291</Y>
		</point>
		<point>
			<X>72</X>
			<Y>295</Y>
		</point>
		<point>
			<X>72</X>
			<Y>295</Y>
		</point>
		<point>
			<X>77</X>
			<Y>299</Y>
		</point>
		<point>
			<X>77</X>
			<Y>299</Y>
		</point>
		<point>
			<X>84</X>
			<Y>300</Y>
		</point>
		<point>
			<X>84</X>
			<Y>300</Y>
		</point>
		<point>
			<X>90</X>
			<Y>303</Y>
		</point>
		<point>
			<X>90</X>
			<Y>303</Y>
		</point>
		<point>
			<X>96</X>
			<Y>306</Y>
		</point>
		<point>
			<X>96</X>
			<Y>306</Y>
		</point>
		<point>
			<X>102</X>
			<Y>309</Y>
		</point>
		<point>
			<X>102</X>
			<Y>309</Y>
		</point>
		<point>
			<X>110</X>
			<Y>313</Y>
		</point>
		<point>
			<X>110</X>
			<Y>313</Y>
		</point>
		<point>
			<X>115</X>
			<Y>315</Y>
		</point>
		<point>
			<X>115</X>
			<Y>315</Y>
		</point>
		<point>
			<X>120</X>
			<Y>316</Y>
		</point>
		<point>
			<X>120</X>
			<Y>316</Y>
		</point>
		<point>
			<X>125</X>
			<Y>319</Y>
		</point>
		<point>
			<X>125</X>
			<Y>319</Y>
		</point>
		<point>
			<X>131</X>
			<Y>321</Y>
		</point>
		<point>
			<X>131</X>
			<Y>321</Y>
		</point>
		<point>
			<X>135</X>
			<Y>323</Y>
		</point>
		<point>
			<X>135</X>
			<Y>323</Y>
		</point>
		<point>
			<X>140</X>
			<Y>325</Y>
		</point>
		<point>
			<X>140</X>
			<Y>325</Y>
		</point>
		<point>
			<X>144</X>
			<Y>325</Y>
		</point>
		<point>
			<X>144</X>
			<Y>325</Y>
		</point>
		<point>
			<X>149</X>
			<Y>328</Y>
		</point>
		<point>
			<X>149</X>
			<Y>328</Y>
		</point>
		<point>
			<X>152</X>
			<Y>328</Y>
		</point>
		<point>
			<X>152</X>
			<Y>328</Y>
		</point>
		<point>
			<X>156</X>
			<Y>328</Y>
		</point>
		<point>
			<X>156</X>
			<Y>328</Y>
		</point>
		<point>
			<X>159</X>
			<Y>330</Y>
		</point>
		<point>
			<X>159</X>
			<Y>330</Y>
		</point>
		<point>
			<X>164</X>
			<Y>331</Y>
		</point>
		<point>
			<X>164</X>
			<Y>331</Y>
		</point>
		<point>
			<X>170</X>
			<Y>333</Y>
		</point>
		<point>
			<X>170</X>
			<Y>333</Y>
		</point>
		<point>
			<X>176</X>
			<Y>335</Y>
		</point>
		<point>
			<X>176</X>
			<Y>335</Y>
		</point>
		<point>
			<X>184</X>
			<Y>335</Y>
		</point>
		<point>
			<X>184</X>
			<Y>335</Y>
		</point>
		<point>
			<X>190</X>
			<Y>336</Y>
		</point>
		<point>
			<X>190</X>
			<Y>336</Y>
		</point>
		<point>
			<X>197</X>
			<Y>338</Y>
		</point>
		<point>
			<X>197</X>
			<Y>338</Y>
		</point>
		<point>
			<X>206</X>
			<Y>338</Y>
		</point>
		<point>
			<X>206</X>
			<Y>338</Y>
		</point>
		<point>
			<X>215</X>
			<Y>340</Y>
		</point>
		<point>
			<X>215</X>
			<Y>340</Y>
		</point>
		<point>
			<X>221</X>
			<Y>343</Y>
		</point>
		<point>
			<X>221</X>
			<Y>343</Y>
		</point>
		<point>
			<X>229</X>
			<Y>343</Y>
		</point>
		<point>
			<X>229</X>
			<Y>343</Y>
		</point>
		<point>
			<X>237</X>
			<Y>343</Y>
		</point>
		<point>
			<X>237</X>
			<Y>343</Y>
		</point>
		<point>
			<X>244</X>
			<Y>343</Y>
		</point>
		<point>
			<X>244</X>
			<Y>343</Y>
		</point>
		<point>
			<X>255</X>
			<Y>345</Y>
		</point>
		<point>
			<X>255</X>
			<Y>345</Y>
		</point>
		<point>
			<X>262</X>
			<Y>345</Y>
		</point>
		<point>
			<X>262</X>
			<Y>345</Y>
		</point>
		<point>
			<X>272</X>
			<Y>348</Y>
		</point>
		<point>
			<X>272</X>
			<Y>348</Y>
		</point>
		<point>
			<X>285</X>
			<Y>348</Y>
		</point>
		<point>
			<X>285</X>
			<Y>348</Y>
		</point>
		<point>
			<X>292</X>
			<Y>348</Y>
		</point>
		<point>
			<X>292</X>
			<Y>348</Y>
		</point>
		<point>
			<X>305</X>
			<Y>348</Y>
		</point>
		<point>
			<X>305</X>
			<Y>348</Y>
		</point>
		<point>
			<X>315</X>
			<Y>350</Y>
		</point>
		<point>
			<X>315</X>
			<Y>350</Y>
		</point>
		<point>
			<X>327</X>
			<Y>351</Y>
		</point>
		<point>
			<X>327</X>
			<Y>351</Y>
		</point>
		<point>
			<X>337</X>
			<Y>351</Y>
		</point>
		<point>
			<X>337</X>
			<Y>351</Y>
		</point>
		<point>
			<X>345</X>
			<Y>353</Y>
		</point>
		<point>
			<X>345</X>
			<Y>353</Y>
		</point>
		<point>
			<X>356</X>
			<Y>353</Y>
		</point>
		<point>
			<X>356</X>
			<Y>353</Y>
		</point>
		<point>
			<X>366</X>
			<Y>355</Y>
		</point>
		<point>
			<X>366</X>
			<Y>355</Y>
		</point>
		<point>
			<X>377</X>
			<Y>356</Y>
		</point>
		<point>
			<X>377</X>
			<Y>356</Y>
		</point>
		<point>
			<X>387</X>
			<Y>358</Y>
		</point>
		<point>
			<X>387</X>
			<Y>358</Y>
		</point>
		<point>
			<X>400</X>
			<Y>358</Y>
		</point>
		<point>
			<X>400</X>
			<Y>358</Y>
		</point>
		<point>
			<X>410</X>
			<Y>358</Y>
		</point>
		<point>
			<X>410</X>
			<Y>358</Y>
		</point>
		<point>
			<X>421</X>
			<Y>358</Y>
		</point>
		<point>
			<X>421</X>
			<Y>358</Y>
		</point>
		<point>
			<X>431</X>
			<Y>358</Y>
		</point>
		<point>
			<X>431</X>
			<Y>358</Y>
		</point>
		<point>
			<X>441</X>
			<Y>358</Y>
		</point>
		<point>
			<X>441</X>
			<Y>358</Y>
		</point>
		<point>
			<X>449</X>
			<Y>358</Y>
		</point>
		<point>
			<X>449</X>
			<Y>358</Y>
		</point>
		<point>
			<X>456</X>
			<Y>358</Y>
		</point>
		<point>
			<X>456</X>
			<Y>358</Y>
		</point>
		<point>
			<X>462</X>
			<Y>358</Y>
		</point>
		<point>
			<X>462</X>
			<Y>358</Y>
		</point>
		<point>
			<X>466</X>
			<Y>358</Y>
		</point>
		<point>
			<X>466</X>
			<Y>358</Y>
		</point>
		<point>
			<X>470</X>
			<Y>358</Y>
		</point>
		<point>
			<X>471</X>
			<Y>358</Y>
		</point>
		<point>
			<X>474</X>
			<Y>358</Y>
		</point>
		<point>
			<X>475</X>
			<Y>358</Y>
		</point>
		<point>
			<X>476</X>
			<Y>358</Y>
		</point>
		<point>
			<X>477</X>
			<Y>358</Y>
		</point>
		<point>
			<X>479</X>
			<Y>358</Y>
		</point>
		<point>
			<X>480</X>
			<Y>358</Y>
		</point>
		<point>
			<X>481</X>
			<Y>358</Y>
		</point>
		<point>
			<X>482</X>
			<Y>358</Y>
		</point>
		<point>
			<X>484</X>
			<Y>358</Y>
		</point>
		<point>
			<X>484</X>
			<Y>358</Y>
		</point>
	</polygon>
</annotation>