<annotation>
	<folder>anno</folder>
	<filename>2008_008732.jpg</filename>
	<source>
		<database>The anno Database</database>
		<annotation>VC anno</annotation>
		<image>Unknow</image>
		<flickrid>Unknow</flickrid>
	</source>
	<owner>
		<flickrid>Unknow</flickrid>
		<name>Unknow</name>
	</owner>
	<size>
		<width>500</width>
		<height>362</height>
		<depth>3</depth>
	</size>
	<segmented>1</segmented>
	<polygon>
		<tag>background</tag>
		<point>
			<X>51</X>
			<Y>65</Y>
		</point>
		<point>
			<X>59</X>
			<Y>64</Y>
		</point>
		<point>
			<X>59</X>
			<Y>64</Y>
		</point>
		<point>
			<X>73</X>
			<Y>60</Y>
		</point>
		<point>
			<X>73</X>
			<Y>60</Y>
		</point>
		<point>
			<X>90</X>
			<Y>60</Y>
		</point>
		<point>
			<X>90</X>
			<Y>60</Y>
		</point>
		<point>
			<X>113</X>
			<Y>57</Y>
		</point>
		<point>
			<X>113</X>
			<Y>57</Y>
		</point>
		<point>
			<X>133</X>
			<Y>57</Y>
		</point>
		<point>
			<X>133</X>
			<Y>57</Y>
		</point>
		<point>
			<X>154</X>
			<Y>57</Y>
		</point>
		<point>
			<X>154</X>
			<Y>57</Y>
		</point>
		<point>
			<X>171</X>
			<Y>57</Y>
		</point>
		<point>
			<X>171</X>
			<Y>57</Y>
		</point>
		<point>
			<X>183</X>
			<Y>57</Y>
		</point>
		<point>
			<X>183</X>
			<Y>57</Y>
		</point>
		<point>
			<X>192</X>
			<Y>57</Y>
		</point>
		<point>
			<X>192</X>
			<Y>57</Y>
		</point>
		<point>
			<X>198</X>
			<Y>57</Y>
		</point>
		<point>
			<X>198</X>
			<Y>57</Y>
		</point>
		<point>
			<X>202</X>
			<Y>57</Y>
		</point>
		<point>
			<X>202</X>
			<Y>57</Y>
		</point>
		<point>
			<X>206</X>
			<Y>55</Y>
		</point>
		<point>
			<X>206</X>
			<Y>55</Y>
		</point>
		<point>
			<X>207</X>
			<Y>55</Y>
		</point>
		<point>
			<X>207</X>
			<Y>55</Y>
		</point>
		<point>
			<X>209</X>
			<Y>55</Y>
		</point>
		<point>
			<X>209</X>
			<Y>55</Y>
		</point>
		<point>
			<X>213</X>
			<Y>55</Y>
		</point>
		<point>
			<X>213</X>
			<Y>55</Y>
		</point>
		<point>
			<X>217</X>
			<Y>55</Y>
		</point>
		<point>
			<X>217</X>
			<Y>55</Y>
		</point>
		<point>
			<X>223</X>
			<Y>55</Y>
		</point>
		<point>
			<X>223</X>
			<Y>55</Y>
		</point>
		<point>
			<X>231</X>
			<Y>55</Y>
		</point>
		<point>
			<X>231</X>
			<Y>55</Y>
		</point>
		<point>
			<X>243</X>
			<Y>55</Y>
		</point>
		<point>
			<X>243</X>
			<Y>55</Y>
		</point>
		<point>
			<X>257</X>
			<Y>55</Y>
		</point>
		<point>
			<X>257</X>
			<Y>55</Y>
		</point>
		<point>
			<X>271</X>
			<Y>55</Y>
		</point>
		<point>
			<X>271</X>
			<Y>55</Y>
		</point>
		<point>
			<X>286</X>
			<Y>55</Y>
		</point>
		<point>
			<X>286</X>
			<Y>55</Y>
		</point>
		<point>
			<X>300</X>
			<Y>55</Y>
		</point>
		<point>
			<X>300</X>
			<Y>55</Y>
		</point>
		<point>
			<X>313</X>
			<Y>55</Y>
		</point>
		<point>
			<X>313</X>
			<Y>55</Y>
		</point>
		<point>
			<X>323</X>
			<Y>55</Y>
		</point>
		<point>
			<X>323</X>
			<Y>55</Y>
		</point>
		<point>
			<X>331</X>
			<Y>55</Y>
		</point>
		<point>
			<X>331</X>
			<Y>55</Y>
		</point>
		<point>
			<X>336</X>
			<Y>55</Y>
		</point>
		<point>
			<X>336</X>
			<Y>55</Y>
		</point>
		<point>
			<X>338</X>
			<Y>55</Y>
		</point>
		<point>
			<X>338</X>
			<Y>55</Y>
		</point>
		<point>
			<X>340</X>
			<Y>55</Y>
		</point>
		<point>
			<X>340</X>
			<Y>55</Y>
		</point>
		<point>
			<X>340</X>
			<Y>55</Y>
		</point>
		<point>
			<X>341</X>
			<Y>55</Y>
		</point>
		<point>
			<X>341</X>
			<Y>55</Y>
		</point>
		<point>
			<X>342</X>
			<Y>55</Y>
		</point>
		<point>
			<X>342</X>
			<Y>55</Y>
		</point>
		<point>
			<X>346</X>
			<Y>55</Y>
		</point>
		<point>
			<X>346</X>
			<Y>55</Y>
		</point>
		<point>
			<X>351</X>
			<Y>55</Y>
		</point>
		<point>
			<X>351</X>
			<Y>55</Y>
		</point>
		<point>
			<X>356</X>
			<Y>55</Y>
		</point>
		<point>
			<X>356</X>
			<Y>55</Y>
		</point>
		<point>
			<X>362</X>
			<Y>57</Y>
		</point>
		<point>
			<X>362</X>
			<Y>57</Y>
		</point>
		<point>
			<X>368</X>
			<Y>60</Y>
		</point>
		<point>
			<X>368</X>
			<Y>60</Y>
		</point>
		<point>
			<X>376</X>
			<Y>62</Y>
		</point>
		<point>
			<X>376</X>
			<Y>62</Y>
		</point>
		<point>
			<X>382</X>
			<Y>62</Y>
		</point>
		<point>
			<X>382</X>
			<Y>62</Y>
		</point>
		<point>
			<X>386</X>
			<Y>65</Y>
		</point>
		<point>
			<X>386</X>
			<Y>65</Y>
		</point>
		<point>
			<X>393</X>
			<Y>67</Y>
		</point>
		<point>
			<X>393</X>
			<Y>67</Y>
		</point>
		<point>
			<X>397</X>
			<Y>69</Y>
		</point>
		<point>
			<X>397</X>
			<Y>69</Y>
		</point>
		<point>
			<X>400</X>
			<Y>69</Y>
		</point>
		<point>
			<X>400</X>
			<Y>69</Y>
		</point>
		<point>
			<X>403</X>
			<Y>70</Y>
		</point>
		<point>
			<X>403</X>
			<Y>70</Y>
		</point>
		<point>
			<X>405</X>
			<Y>70</Y>
		</point>
		<point>
			<X>405</X>
			<Y>70</Y>
		</point>
		<point>
			<X>406</X>
			<Y>71</Y>
		</point>
		<point>
			<X>406</X>
			<Y>71</Y>
		</point>
		<point>
			<X>407</X>
			<Y>71</Y>
		</point>
		<point>
			<X>407</X>
			<Y>71</Y>
		</point>
		<point>
			<X>408</X>
			<Y>71</Y>
		</point>
		<point>
			<X>408</X>
			<Y>71</Y>
		</point>
		<point>
			<X>409</X>
			<Y>72</Y>
		</point>
		<point>
			<X>409</X>
			<Y>72</Y>
		</point>
		<point>
			<X>411</X>
			<Y>73</Y>
		</point>
		<point>
			<X>411</X>
			<Y>73</Y>
		</point>
		<point>
			<X>412</X>
			<Y>73</Y>
		</point>
		<point>
			<X>412</X>
			<Y>73</Y>
		</point>
		<point>
			<X>413</X>
			<Y>74</Y>
		</point>
		<point>
			<X>413</X>
			<Y>74</Y>
		</point>
		<point>
			<X>416</X>
			<Y>76</Y>
		</point>
		<point>
			<X>416</X>
			<Y>76</Y>
		</point>
		<point>
			<X>418</X>
			<Y>76</Y>
		</point>
		<point>
			<X>418</X>
			<Y>76</Y>
		</point>
		<point>
			<X>420</X>
			<Y>78</Y>
		</point>
		<point>
			<X>420</X>
			<Y>78</Y>
		</point>
		<point>
			<X>422</X>
			<Y>79</Y>
		</point>
		<point>
			<X>422</X>
			<Y>79</Y>
		</point>
		<point>
			<X>424</X>
			<Y>82</Y>
		</point>
		<point>
			<X>424</X>
			<Y>82</Y>
		</point>
		<point>
			<X>426</X>
			<Y>83</Y>
		</point>
		<point>
			<X>426</X>
			<Y>83</Y>
		</point>
		<point>
			<X>427</X>
			<Y>84</Y>
		</point>
		<point>
			<X>427</X>
			<Y>84</Y>
		</point>
		<point>
			<X>428</X>
			<Y>85</Y>
		</point>
		<point>
			<X>428</X>
			<Y>85</Y>
		</point>
		<point>
			<X>428</X>
			<Y>85</Y>
		</point>
		<point>
			<X>428</X>
			<Y>85</Y>
		</point>
		<point>
			<X>430</X>
			<Y>90</Y>
		</point>
		<point>
			<X>430</X>
			<Y>90</Y>
		</point>
		<point>
			<X>431</X>
			<Y>93</Y>
		</point>
		<point>
			<X>431</X>
			<Y>93</Y>
		</point>
		<point>
			<X>432</X>
			<Y>97</Y>
		</point>
		<point>
			<X>432</X>
			<Y>97</Y>
		</point>
		<point>
			<X>433</X>
			<Y>102</Y>
		</point>
		<point>
			<X>433</X>
			<Y>102</Y>
		</point>
		<point>
			<X>434</X>
			<Y>107</Y>
		</point>
		<point>
			<X>434</X>
			<Y>107</Y>
		</point>
		<point>
			<X>435</X>
			<Y>111</Y>
		</point>
		<point>
			<X>435</X>
			<Y>111</Y>
		</point>
		<point>
			<X>436</X>
			<Y>116</Y>
		</point>
		<point>
			<X>436</X>
			<Y>116</Y>
		</point>
		<point>
			<X>436</X>
			<Y>121</Y>
		</point>
		<point>
			<X>436</X>
			<Y>121</Y>
		</point>
		<point>
			<X>437</X>
			<Y>125</Y>
		</point>
		<point>
			<X>437</X>
			<Y>125</Y>
		</point>
		<point>
			<X>439</X>
			<Y>130</Y>
		</point>
		<point>
			<X>439</X>
			<Y>130</Y>
		</point>
		<point>
			<X>440</X>
			<Y>134</Y>
		</point>
		<point>
			<X>440</X>
			<Y>134</Y>
		</point>
		<point>
			<X>440</X>
			<Y>136</Y>
		</point>
		<point>
			<X>440</X>
			<Y>136</Y>
		</point>
		<point>
			<X>441</X>
			<Y>141</Y>
		</point>
		<point>
			<X>441</X>
			<Y>141</Y>
		</point>
		<point>
			<X>442</X>
			<Y>144</Y>
		</point>
		<point>
			<X>442</X>
			<Y>144</Y>
		</point>
		<point>
			<X>442</X>
			<Y>148</Y>
		</point>
		<point>
			<X>442</X>
			<Y>148</Y>
		</point>
		<point>
			<X>442</X>
			<Y>152</Y>
		</point>
		<point>
			<X>442</X>
			<Y>152</Y>
		</point>
		<point>
			<X>444</X>
			<Y>156</Y>
		</point>
		<point>
			<X>444</X>
			<Y>156</Y>
		</point>
		<point>
			<X>445</X>
			<Y>160</Y>
		</point>
		<point>
			<X>445</X>
			<Y>160</Y>
		</point>
		<point>
			<X>446</X>
			<Y>163</Y>
		</point>
		<point>
			<X>446</X>
			<Y>163</Y>
		</point>
		<point>
			<X>446</X>
			<Y>168</Y>
		</point>
		<point>
			<X>446</X>
			<Y>168</Y>
		</point>
		<point>
			<X>447</X>
			<Y>171</Y>
		</point>
		<point>
			<X>447</X>
			<Y>171</Y>
		</point>
		<point>
			<X>447</X>
			<Y>176</Y>
		</point>
		<point>
			<X>447</X>
			<Y>176</Y>
		</point>
		<point>
			<X>447</X>
			<Y>180</Y>
		</point>
		<point>
			<X>447</X>
			<Y>180</Y>
		</point>
		<point>
			<X>450</X>
			<Y>184</Y>
		</point>
		<point>
			<X>450</X>
			<Y>184</Y>
		</point>
		<point>
			<X>451</X>
			<Y>190</Y>
		</point>
		<point>
			<X>451</X>
			<Y>190</Y>
		</point>
		<point>
			<X>452</X>
			<Y>194</Y>
		</point>
		<point>
			<X>452</X>
			<Y>194</Y>
		</point>
		<point>
			<X>452</X>
			<Y>199</Y>
		</point>
		<point>
			<X>452</X>
			<Y>199</Y>
		</point>
		<point>
			<X>452</X>
			<Y>203</Y>
		</point>
		<point>
			<X>452</X>
			<Y>203</Y>
		</point>
		<point>
			<X>452</X>
			<Y>208</Y>
		</point>
		<point>
			<X>452</X>
			<Y>208</Y>
		</point>
		<point>
			<X>455</X>
			<Y>213</Y>
		</point>
		<point>
			<X>455</X>
			<Y>213</Y>
		</point>
		<point>
			<X>456</X>
			<Y>216</Y>
		</point>
		<point>
			<X>456</X>
			<Y>216</Y>
		</point>
		<point>
			<X>456</X>
			<Y>217</Y>
		</point>
		<point>
			<X>456</X>
			<Y>217</Y>
		</point>
		<point>
			<X>457</X>
			<Y>222</Y>
		</point>
		<point>
			<X>457</X>
			<Y>222</Y>
		</point>
		<point>
			<X>457</X>
			<Y>223</Y>
		</point>
		<point>
			<X>457</X>
			<Y>223</Y>
		</point>
		<point>
			<X>457</X>
			<Y>228</Y>
		</point>
		<point>
			<X>457</X>
			<Y>228</Y>
		</point>
		<point>
			<X>457</X>
			<Y>230</Y>
		</point>
		<point>
			<X>457</X>
			<Y>230</Y>
		</point>
		<point>
			<X>457</X>
			<Y>233</Y>
		</point>
		<point>
			<X>457</X>
			<Y>233</Y>
		</point>
		<point>
			<X>457</X>
			<Y>238</Y>
		</point>
		<point>
			<X>457</X>
			<Y>238</Y>
		</point>
		<point>
			<X>457</X>
			<Y>241</Y>
		</point>
		<point>
			<X>457</X>
			<Y>241</Y>
		</point>
		<point>
			<X>457</X>
			<Y>248</Y>
		</point>
		<point>
			<X>457</X>
			<Y>248</Y>
		</point>
		<point>
			<X>457</X>
			<Y>251</Y>
		</point>
		<point>
			<X>457</X>
			<Y>251</Y>
		</point>
		<point>
			<X>457</X>
			<Y>256</Y>
		</point>
		<point>
			<X>457</X>
			<Y>256</Y>
		</point>
		<point>
			<X>456</X>
			<Y>259</Y>
		</point>
		<point>
			<X>456</X>
			<Y>259</Y>
		</point>
		<point>
			<X>455</X>
			<Y>263</Y>
		</point>
		<point>
			<X>455</X>
			<Y>263</Y>
		</point>
		<point>
			<X>452</X>
			<Y>267</Y>
		</point>
		<point>
			<X>452</X>
			<Y>267</Y>
		</point>
		<point>
			<X>452</X>
			<Y>270</Y>
		</point>
		<point>
			<X>452</X>
			<Y>270</Y>
		</point>
		<point>
			<X>452</X>
			<Y>272</Y>
		</point>
		<point>
			<X>452</X>
			<Y>272</Y>
		</point>
		<point>
			<X>450</X>
			<Y>274</Y>
		</point>
		<point>
			<X>450</X>
			<Y>274</Y>
		</point>
		<point>
			<X>447</X>
			<Y>276</Y>
		</point>
		<point>
			<X>447</X>
			<Y>276</Y>
		</point>
		<point>
			<X>446</X>
			<Y>278</Y>
		</point>
		<point>
			<X>446</X>
			<Y>278</Y>
		</point>
		<point>
			<X>446</X>
			<Y>280</Y>
		</point>
		<point>
			<X>446</X>
			<Y>280</Y>
		</point>
		<point>
			<X>442</X>
			<Y>283</Y>
		</point>
		<point>
			<X>442</X>
			<Y>283</Y>
		</point>
		<point>
			<X>440</X>
			<Y>284</Y>
		</point>
		<point>
			<X>440</X>
			<Y>284</Y>
		</point>
		<point>
			<X>437</X>
			<Y>287</Y>
		</point>
		<point>
			<X>437</X>
			<Y>287</Y>
		</point>
		<point>
			<X>433</X>
			<Y>290</Y>
		</point>
		<point>
			<X>433</X>
			<Y>290</Y>
		</point>
		<point>
			<X>429</X>
			<Y>293</Y>
		</point>
		<point>
			<X>429</X>
			<Y>293</Y>
		</point>
		<point>
			<X>424</X>
			<Y>296</Y>
		</point>
		<point>
			<X>424</X>
			<Y>296</Y>
		</point>
		<point>
			<X>419</X>
			<Y>298</Y>
		</point>
		<point>
			<X>419</X>
			<Y>298</Y>
		</point>
		<point>
			<X>414</X>
			<Y>300</Y>
		</point>
		<point>
			<X>414</X>
			<Y>300</Y>
		</point>
		<point>
			<X>409</X>
			<Y>303</Y>
		</point>
		<point>
			<X>409</X>
			<Y>303</Y>
		</point>
		<point>
			<X>404</X>
			<Y>304</Y>
		</point>
		<point>
			<X>404</X>
			<Y>304</Y>
		</point>
		<point>
			<X>399</X>
			<Y>307</Y>
		</point>
		<point>
			<X>399</X>
			<Y>307</Y>
		</point>
		<point>
			<X>393</X>
			<Y>309</Y>
		</point>
		<point>
			<X>393</X>
			<Y>309</Y>
		</point>
		<point>
			<X>389</X>
			<Y>310</Y>
		</point>
		<point>
			<X>389</X>
			<Y>310</Y>
		</point>
		<point>
			<X>386</X>
			<Y>311</Y>
		</point>
		<point>
			<X>386</X>
			<Y>311</Y>
		</point>
		<point>
			<X>381</X>
			<Y>313</Y>
		</point>
		<point>
			<X>381</X>
			<Y>313</Y>
		</point>
		<point>
			<X>377</X>
			<Y>315</Y>
		</point>
		<point>
			<X>377</X>
			<Y>315</Y>
		</point>
		<point>
			<X>373</X>
			<Y>316</Y>
		</point>
		<point>
			<X>373</X>
			<Y>316</Y>
		</point>
		<point>
			<X>366</X>
			<Y>319</Y>
		</point>
		<point>
			<X>366</X>
			<Y>319</Y>
		</point>
		<point>
			<X>360</X>
			<Y>321</Y>
		</point>
		<point>
			<X>360</X>
			<Y>321</Y>
		</point>
		<point>
			<X>353</X>
			<Y>323</Y>
		</point>
		<point>
			<X>353</X>
			<Y>323</Y>
		</point>
		<point>
			<X>347</X>
			<Y>323</Y>
		</point>
		<point>
			<X>347</X>
			<Y>323</Y>
		</point>
		<point>
			<X>341</X>
			<Y>325</Y>
		</point>
		<point>
			<X>341</X>
			<Y>325</Y>
		</point>
		<point>
			<X>335</X>
			<Y>326</Y>
		</point>
		<point>
			<X>335</X>
			<Y>326</Y>
		</point>
		<point>
			<X>330</X>
			<Y>327</Y>
		</point>
		<point>
			<X>330</X>
			<Y>327</Y>
		</point>
		<point>
			<X>326</X>
			<Y>328</Y>
		</point>
		<point>
			<X>326</X>
			<Y>328</Y>
		</point>
		<point>
			<X>323</X>
			<Y>328</Y>
		</point>
		<point>
			<X>323</X>
			<Y>328</Y>
		</point>
		<point>
			<X>319</X>
			<Y>328</Y>
		</point>
		<point>
			<X>319</X>
			<Y>328</Y>
		</point>
		<point>
			<X>315</X>
			<Y>330</Y>
		</point>
		<point>
			<X>315</X>
			<Y>330</Y>
		</point>
		<point>
			<X>311</X>
			<Y>330</Y>
		</point>
		<point>
			<X>311</X>
			<Y>330</Y>
		</point>
		<point>
			<X>307</X>
			<Y>331</Y>
		</point>
		<point>
			<X>307</X>
			<Y>331</Y>
		</point>
		<point>
			<X>303</X>
			<Y>332</Y>
		</point>
		<point>
			<X>303</X>
			<Y>332</Y>
		</point>
		<point>
			<X>300</X>
			<Y>332</Y>
		</point>
		<point>
			<X>300</X>
			<Y>332</Y>
		</point>
		<point>
			<X>294</X>
			<Y>333</Y>
		</point>
		<point>
			<X>294</X>
			<Y>333</Y>
		</point>
		<point>
			<X>288</X>
			<Y>333</Y>
		</point>
		<point>
			<X>288</X>
			<Y>333</Y>
		</point>
		<point>
			<X>282</X>
			<Y>335</Y>
		</point>
		<point>
			<X>282</X>
			<Y>335</Y>
		</point>
		<point>
			<X>276</X>
			<Y>336</Y>
		</point>
		<point>
			<X>276</X>
			<Y>336</Y>
		</point>
		<point>
			<X>270</X>
			<Y>338</Y>
		</point>
		<point>
			<X>270</X>
			<Y>338</Y>
		</point>
		<point>
			<X>265</X>
			<Y>338</Y>
		</point>
		<point>
			<X>265</X>
			<Y>338</Y>
		</point>
		<point>
			<X>261</X>
			<Y>338</Y>
		</point>
		<point>
			<X>261</X>
			<Y>338</Y>
		</point>
		<point>
			<X>255</X>
			<Y>340</Y>
		</point>
		<point>
			<X>255</X>
			<Y>340</Y>
		</point>
		<point>
			<X>251</X>
			<Y>341</Y>
		</point>
		<point>
			<X>251</X>
			<Y>341</Y>
		</point>
		<point>
			<X>246</X>
			<Y>342</Y>
		</point>
		<point>
			<X>246</X>
			<Y>342</Y>
		</point>
		<point>
			<X>245</X>
			<Y>343</Y>
		</point>
		<point>
			<X>245</X>
			<Y>343</Y>
		</point>
		<point>
			<X>241</X>
			<Y>343</Y>
		</point>
		<point>
			<X>241</X>
			<Y>343</Y>
		</point>
		<point>
			<X>241</X>
			<Y>343</Y>
		</point>
		<point>
			<X>241</X>
			<Y>343</Y>
		</point>
		<point>
			<X>238</X>
			<Y>343</Y>
		</point>
		<point>
			<X>238</X>
			<Y>343</Y>
		</point>
		<point>
			<X>236</X>
			<Y>343</Y>
		</point>
		<point>
			<X>236</X>
			<Y>343</Y>
		</point>
		<point>
			<X>233</X>
			<Y>345</Y>
		</point>
		<point>
			<X>233</X>
			<Y>345</Y>
		</point>
		<point>
			<X>228</X>
			<Y>346</Y>
		</point>
		<point>
			<X>228</X>
			<Y>346</Y>
		</point>
		<point>
			<X>222</X>
			<Y>347</Y>
		</point>
		<point>
			<X>222</X>
			<Y>347</Y>
		</point>
		<point>
			<X>214</X>
			<Y>348</Y>
		</point>
		<point>
			<X>214</X>
			<Y>348</Y>
		</point>
		<point>
			<X>208</X>
			<Y>348</Y>
		</point>
		<point>
			<X>208</X>
			<Y>348</Y>
		</point>
		<point>
			<X>201</X>
			<Y>348</Y>
		</point>
		<point>
			<X>201</X>
			<Y>348</Y>
		</point>
		<point>
			<X>194</X>
			<Y>348</Y>
		</point>
		<point>
			<X>194</X>
			<Y>348</Y>
		</point>
		<point>
			<X>188</X>
			<Y>348</Y>
		</point>
		<point>
			<X>188</X>
			<Y>348</Y>
		</point>
		<point>
			<X>184</X>
			<Y>348</Y>
		</point>
		<point>
			<X>184</X>
			<Y>348</Y>
		</point>
		<point>
			<X>180</X>
			<Y>348</Y>
		</point>
		<point>
			<X>180</X>
			<Y>348</Y>
		</point>
		<point>
			<X>176</X>
			<Y>348</Y>
		</point>
		<point>
			<X>176</X>
			<Y>348</Y>
		</point>
		<point>
			<X>174</X>
			<Y>348</Y>
		</point>
		<point>
			<X>174</X>
			<Y>348</Y>
		</point>
		<point>
			<X>171</X>
			<Y>348</Y>
		</point>
		<point>
			<X>171</X>
			<Y>348</Y>
		</point>
		<point>
			<X>169</X>
			<Y>348</Y>
		</point>
		<point>
			<X>169</X>
			<Y>348</Y>
		</point>
		<point>
			<X>166</X>
			<Y>348</Y>
		</point>
		<point>
			<X>166</X>
			<Y>348</Y>
		</point>
		<point>
			<X>160</X>
			<Y>348</Y>
		</point>
		<point>
			<X>160</X>
			<Y>348</Y>
		</point>
		<point>
			<X>155</X>
			<Y>348</Y>
		</point>
		<point>
			<X>155</X>
			<Y>348</Y>
		</point>
		<point>
			<X>147</X>
			<Y>348</Y>
		</point>
		<point>
			<X>147</X>
			<Y>348</Y>
		</point>
		<point>
			<X>141</X>
			<Y>346</Y>
		</point>
		<point>
			<X>141</X>
			<Y>346</Y>
		</point>
		<point>
			<X>136</X>
			<Y>345</Y>
		</point>
		<point>
			<X>136</X>
			<Y>345</Y>
		</point>
		<point>
			<X>131</X>
			<Y>343</Y>
		</point>
		<point>
			<X>131</X>
			<Y>343</Y>
		</point>
		<point>
			<X>125</X>
			<Y>343</Y>
		</point>
		<point>
			<X>125</X>
			<Y>343</Y>
		</point>
		<point>
			<X>121</X>
			<Y>342</Y>
		</point>
		<point>
			<X>121</X>
			<Y>342</Y>
		</point>
		<point>
			<X>120</X>
			<Y>342</Y>
		</point>
		<point>
			<X>120</X>
			<Y>342</Y>
		</point>
		<point>
			<X>118</X>
			<Y>340</Y>
		</point>
		<point>
			<X>118</X>
			<Y>340</Y>
		</point>
		<point>
			<X>115</X>
			<Y>338</Y>
		</point>
		<point>
			<X>115</X>
			<Y>338</Y>
		</point>
		<point>
			<X>114</X>
			<Y>338</Y>
		</point>
		<point>
			<X>114</X>
			<Y>338</Y>
		</point>
		<point>
			<X>113</X>
			<Y>338</Y>
		</point>
		<point>
			<X>113</X>
			<Y>338</Y>
		</point>
		<point>
			<X>111</X>
			<Y>336</Y>
		</point>
		<point>
			<X>111</X>
			<Y>336</Y>
		</point>
		<point>
			<X>109</X>
			<Y>336</Y>
		</point>
		<point>
			<X>109</X>
			<Y>336</Y>
		</point>
		<point>
			<X>106</X>
			<Y>336</Y>
		</point>
		<point>
			<X>106</X>
			<Y>336</Y>
		</point>
		<point>
			<X>105</X>
			<Y>335</Y>
		</point>
		<point>
			<X>105</X>
			<Y>335</Y>
		</point>
		<point>
			<X>102</X>
			<Y>333</Y>
		</point>
		<point>
			<X>102</X>
			<Y>333</Y>
		</point>
		<point>
			<X>100</X>
			<Y>333</Y>
		</point>
		<point>
			<X>100</X>
			<Y>333</Y>
		</point>
		<point>
			<X>98</X>
			<Y>332</Y>
		</point>
		<point>
			<X>98</X>
			<Y>332</Y>
		</point>
		<point>
			<X>96</X>
			<Y>331</Y>
		</point>
		<point>
			<X>96</X>
			<Y>331</Y>
		</point>
		<point>
			<X>94</X>
			<Y>330</Y>
		</point>
		<point>
			<X>94</X>
			<Y>330</Y>
		</point>
		<point>
			<X>92</X>
			<Y>330</Y>
		</point>
		<point>
			<X>92</X>
			<Y>330</Y>
		</point>
		<point>
			<X>92</X>
			<Y>328</Y>
		</point>
		<point>
			<X>92</X>
			<Y>328</Y>
		</point>
		<point>
			<X>90</X>
			<Y>328</Y>
		</point>
		<point>
			<X>90</X>
			<Y>328</Y>
		</point>
		<point>
			<X>90</X>
			<Y>328</Y>
		</point>
		<point>
			<X>88</X>
			<Y>328</Y>
		</point>
		<point>
			<X>88</X>
			<Y>328</Y>
		</point>
		<point>
			<X>88</X>
			<Y>327</Y>
		</point>
		<point>
			<X>88</X>
			<Y>327</Y>
		</point>
		<point>
			<X>87</X>
			<Y>327</Y>
		</point>
		<point>
			<X>85</X>
			<Y>326</Y>
		</point>
		<point>
			<X>85</X>
			<Y>326</Y>
		</point>
		<point>
			<X>85</X>
			<Y>326</Y>
		</point>
		<point>
			<X>85</X>
			<Y>326</Y>
		</point>
		<point>
			<X>85</X>
			<Y>325</Y>
		</point>
		<point>
			<X>85</X>
			<Y>325</Y>
		</point>
	</polygon>
	<polygon>
		<tag>train</tag>
		<point>
			<X>152</X>
			<Y>170</Y>
		</point>
		<point>
			<X>152</X>
			<Y>171</Y>
		</point>
		<point>
			<X>152</X>
			<Y>171</Y>
		</point>
		<point>
			<X>154</X>
			<Y>174</Y>
		</point>
		<point>
			<X>154</X>
			<Y>174</Y>
		</point>
		<point>
			<X>155</X>
			<Y>174</Y>
		</point>
		<point>
			<X>155</X>
			<Y>174</Y>
		</point>
		<point>
			<X>155</X>
			<Y>175</Y>
		</point>
		<point>
			<X>156</X>
			<Y>176</Y>
		</point>
		<point>
			<X>156</X>
			<Y>176</Y>
		</point>
		<point>
			<X>160</X>
			<Y>178</Y>
		</point>
		<point>
			<X>160</X>
			<Y>178</Y>
		</point>
		<point>
			<X>161</X>
			<Y>179</Y>
		</point>
		<point>
			<X>161</X>
			<Y>179</Y>
		</point>
		<point>
			<X>165</X>
			<Y>181</Y>
		</point>
		<point>
			<X>165</X>
			<Y>181</Y>
		</point>
		<point>
			<X>166</X>
			<Y>181</Y>
		</point>
		<point>
			<X>170</X>
			<Y>183</Y>
		</point>
		<point>
			<X>170</X>
			<Y>183</Y>
		</point>
		<point>
			<X>171</X>
			<Y>184</Y>
		</point>
		<point>
			<X>171</X>
			<Y>184</Y>
		</point>
		<point>
			<X>174</X>
			<Y>184</Y>
		</point>
		<point>
			<X>176</X>
			<Y>184</Y>
		</point>
		<point>
			<X>179</X>
			<Y>184</Y>
		</point>
		<point>
			<X>181</X>
			<Y>184</Y>
		</point>
		<point>
			<X>184</X>
			<Y>184</Y>
		</point>
		<point>
			<X>186</X>
			<Y>186</Y>
		</point>
		<point>
			<X>186</X>
			<Y>186</Y>
		</point>
		<point>
			<X>189</X>
			<Y>186</Y>
		</point>
		<point>
			<X>191</X>
			<Y>186</Y>
		</point>
		<point>
			<X>192</X>
			<Y>186</Y>
		</point>
		<point>
			<X>195</X>
			<Y>186</Y>
		</point>
		<point>
			<X>197</X>
			<Y>186</Y>
		</point>
		<point>
			<X>199</X>
			<Y>186</Y>
		</point>
		<point>
			<X>200</X>
			<Y>188</Y>
		</point>
		<point>
			<X>200</X>
			<Y>188</Y>
		</point>
		<point>
			<X>202</X>
			<Y>188</Y>
		</point>
		<point>
			<X>204</X>
			<Y>188</Y>
		</point>
		<point>
			<X>205</X>
			<Y>188</Y>
		</point>
		<point>
			<X>206</X>
			<Y>188</Y>
		</point>
		<point>
			<X>206</X>
			<Y>189</Y>
		</point>
		<point>
			<X>206</X>
			<Y>189</Y>
		</point>
		<point>
			<X>207</X>
			<Y>189</Y>
		</point>
		<point>
			<X>207</X>
			<Y>190</Y>
		</point>
		<point>
			<X>209</X>
			<Y>190</Y>
		</point>
		<point>
			<X>210</X>
			<Y>190</Y>
		</point>
		<point>
			<X>210</X>
			<Y>191</Y>
		</point>
		<point>
			<X>210</X>
			<Y>191</Y>
		</point>
		<point>
			<X>211</X>
			<Y>191</Y>
		</point>
		<point>
			<X>212</X>
			<Y>191</Y>
		</point>
		<point>
			<X>214</X>
			<Y>193</Y>
		</point>
		<point>
			<X>214</X>
			<Y>193</Y>
		</point>
		<point>
			<X>216</X>
			<Y>194</Y>
		</point>
		<point>
			<X>216</X>
			<Y>194</Y>
		</point>
		<point>
			<X>217</X>
			<Y>195</Y>
		</point>
		<point>
			<X>217</X>
			<Y>195</Y>
		</point>
		<point>
			<X>218</X>
			<Y>195</Y>
		</point>
		<point>
			<X>218</X>
			<Y>195</Y>
		</point>
		<point>
			<X>221</X>
			<Y>195</Y>
		</point>
		<point>
			<X>222</X>
			<Y>196</Y>
		</point>
		<point>
			<X>222</X>
			<Y>196</Y>
		</point>
		<point>
			<X>225</X>
			<Y>196</Y>
		</point>
		<point>
			<X>226</X>
			<Y>198</Y>
		</point>
		<point>
			<X>226</X>
			<Y>198</Y>
		</point>
		<point>
			<X>227</X>
			<Y>199</Y>
		</point>
		<point>
			<X>227</X>
			<Y>199</Y>
		</point>
		<point>
			<X>230</X>
			<Y>200</Y>
		</point>
		<point>
			<X>230</X>
			<Y>200</Y>
		</point>
		<point>
			<X>231</X>
			<Y>200</Y>
		</point>
		<point>
			<X>233</X>
			<Y>200</Y>
		</point>
		<point>
			<X>235</X>
			<Y>203</Y>
		</point>
		<point>
			<X>235</X>
			<Y>203</Y>
		</point>
		<point>
			<X>238</X>
			<Y>203</Y>
		</point>
		<point>
			<X>240</X>
			<Y>203</Y>
		</point>
		<point>
			<X>242</X>
			<Y>203</Y>
		</point>
		<point>
			<X>242</X>
			<Y>204</Y>
		</point>
		<point>
			<X>242</X>
			<Y>204</Y>
		</point>
		<point>
			<X>245</X>
			<Y>205</Y>
		</point>
		<point>
			<X>245</X>
			<Y>205</Y>
		</point>
		<point>
			<X>246</X>
			<Y>205</Y>
		</point>
		<point>
			<X>247</X>
			<Y>205</Y>
		</point>
		<point>
			<X>250</X>
			<Y>205</Y>
		</point>
		<point>
			<X>251</X>
			<Y>206</Y>
		</point>
		<point>
			<X>251</X>
			<Y>206</Y>
		</point>
		<point>
			<X>252</X>
			<Y>206</Y>
		</point>
		<point>
			<X>252</X>
			<Y>206</Y>
		</point>
		<point>
			<X>255</X>
			<Y>206</Y>
		</point>
		<point>
			<X>257</X>
			<Y>208</Y>
		</point>
		<point>
			<X>257</X>
			<Y>208</Y>
		</point>
		<point>
			<X>259</X>
			<Y>208</Y>
		</point>
		<point>
			<X>259</X>
			<Y>209</Y>
		</point>
		<point>
			<X>259</X>
			<Y>209</Y>
		</point>
		<point>
			<X>261</X>
			<Y>209</Y>
		</point>
		<point>
			<X>264</X>
			<Y>209</Y>
		</point>
		<point>
			<X>265</X>
			<Y>210</Y>
		</point>
		<point>
			<X>265</X>
			<Y>210</Y>
		</point>
		<point>
			<X>266</X>
			<Y>211</Y>
		</point>
		<point>
			<X>266</X>
			<Y>211</Y>
		</point>
		<point>
			<X>267</X>
			<Y>211</Y>
		</point>
		<point>
			<X>267</X>
			<Y>211</Y>
		</point>
		<point>
			<X>269</X>
			<Y>211</Y>
		</point>
		<point>
			<X>270</X>
			<Y>211</Y>
		</point>
		<point>
			<X>271</X>
			<Y>211</Y>
		</point>
		<point>
			<X>272</X>
			<Y>211</Y>
		</point>
		<point>
			<X>275</X>
			<Y>213</Y>
		</point>
		<point>
			<X>275</X>
			<Y>213</Y>
		</point>
		<point>
			<X>277</X>
			<Y>213</Y>
		</point>
		<point>
			<X>279</X>
			<Y>214</Y>
		</point>
		<point>
			<X>279</X>
			<Y>214</Y>
		</point>
		<point>
			<X>280</X>
			<Y>214</Y>
		</point>
		<point>
			<X>280</X>
			<Y>214</Y>
		</point>
		<point>
			<X>282</X>
			<Y>214</Y>
		</point>
		<point>
			<X>285</X>
			<Y>215</Y>
		</point>
		<point>
			<X>285</X>
			<Y>215</Y>
		</point>
		<point>
			<X>286</X>
			<Y>215</Y>
		</point>
		<point>
			<X>287</X>
			<Y>215</Y>
		</point>
		<point>
			<X>289</X>
			<Y>215</Y>
		</point>
		<point>
			<X>290</X>
			<Y>215</Y>
		</point>
		<point>
			<X>291</X>
			<Y>215</Y>
		</point>
		<point>
			<X>294</X>
			<Y>215</Y>
		</point>
		<point>
			<X>296</X>
			<Y>215</Y>
		</point>
		<point>
			<X>297</X>
			<Y>215</Y>
		</point>
		<point>
			<X>300</X>
			<Y>215</Y>
		</point>
		<point>
			<X>301</X>
			<Y>215</Y>
		</point>
		<point>
			<X>302</X>
			<Y>215</Y>
		</point>
		<point>
			<X>304</X>
			<Y>215</Y>
		</point>
		<point>
			<X>305</X>
			<Y>215</Y>
		</point>
		<point>
			<X>306</X>
			<Y>215</Y>
		</point>
		<point>
			<X>309</X>
			<Y>215</Y>
		</point>
		<point>
			<X>311</X>
			<Y>215</Y>
		</point>
		<point>
			<X>314</X>
			<Y>215</Y>
		</point>
		<point>
			<X>316</X>
			<Y>215</Y>
		</point>
		<point>
			<X>317</X>
			<Y>215</Y>
		</point>
		<point>
			<X>319</X>
			<Y>215</Y>
		</point>
		<point>
			<X>320</X>
			<Y>215</Y>
		</point>
		<point>
			<X>321</X>
			<Y>215</Y>
		</point>
		<point>
			<X>322</X>
			<Y>215</Y>
		</point>
		<point>
			<X>323</X>
			<Y>215</Y>
		</point>
		<point>
			<X>325</X>
			<Y>215</Y>
		</point>
		<point>
			<X>326</X>
			<Y>215</Y>
		</point>
		<point>
			<X>327</X>
			<Y>215</Y>
		</point>
		<point>
			<X>328</X>
			<Y>215</Y>
		</point>
		<point>
			<X>330</X>
			<Y>215</Y>
		</point>
		<point>
			<X>331</X>
			<Y>215</Y>
		</point>
		<point>
			<X>332</X>
			<Y>215</Y>
		</point>
		<point>
			<X>333</X>
			<Y>215</Y>
		</point>
		<point>
			<X>335</X>
			<Y>215</Y>
		</point>
		<point>
			<X>336</X>
			<Y>215</Y>
		</point>
		<point>
			<X>337</X>
			<Y>215</Y>
		</point>
		<point>
			<X>338</X>
			<Y>215</Y>
		</point>
		<point>
			<X>340</X>
			<Y>215</Y>
		</point>
		<point>
			<X>341</X>
			<Y>215</Y>
		</point>
		<point>
			<X>342</X>
			<Y>215</Y>
		</point>
		<point>
			<X>343</X>
			<Y>215</Y>
		</point>
		<point>
			<X>345</X>
			<Y>215</Y>
		</point>
		<point>
			<X>346</X>
			<Y>215</Y>
		</point>
		<point>
			<X>347</X>
			<Y>215</Y>
		</point>
		<point>
			<X>348</X>
			<Y>215</Y>
		</point>
		<point>
			<X>350</X>
			<Y>215</Y>
		</point>
		<point>
			<X>351</X>
			<Y>215</Y>
		</point>
		<point>
			<X>352</X>
			<Y>215</Y>
		</point>
		<point>
			<X>353</X>
			<Y>215</Y>
		</point>
		<point>
			<X>355</X>
			<Y>214</Y>
		</point>
		<point>
			<X>355</X>
			<Y>214</Y>
		</point>
		<point>
			<X>356</X>
			<Y>214</Y>
		</point>
		<point>
			<X>356</X>
			<Y>214</Y>
		</point>
		<point>
			<X>358</X>
			<Y>214</Y>
		</point>
		<point>
			<X>360</X>
			<Y>214</Y>
		</point>
		<point>
			<X>361</X>
			<Y>214</Y>
		</point>
		<point>
			<X>362</X>
			<Y>214</Y>
		</point>
		<point>
			<X>363</X>
			<Y>214</Y>
		</point>
		<point>
			<X>365</X>
			<Y>214</Y>
		</point>
		<point>
			<X>366</X>
			<Y>214</Y>
		</point>
		<point>
			<X>367</X>
			<Y>214</Y>
		</point>
		<point>
			<X>368</X>
			<Y>213</Y>
		</point>
		<point>
			<X>368</X>
			<Y>213</Y>
		</point>
		<point>
			<X>370</X>
			<Y>213</Y>
		</point>
		<point>
			<X>370</X>
			<Y>213</Y>
		</point>
		<point>
			<X>370</X>
			<Y>211</Y>
		</point>
		<point>
			<X>371</X>
			<Y>211</Y>
		</point>
		<point>
			<X>372</X>
			<Y>210</Y>
		</point>
		<point>
			<X>372</X>
			<Y>210</Y>
		</point>
		<point>
			<X>373</X>
			<Y>210</Y>
		</point>
		<point>
			<X>373</X>
			<Y>210</Y>
		</point>
		<point>
			<X>375</X>
			<Y>210</Y>
		</point>
		<point>
			<X>376</X>
			<Y>210</Y>
		</point>
		<point>
			<X>377</X>
			<Y>210</Y>
		</point>
		<point>
			<X>378</X>
			<Y>209</Y>
		</point>
		<point>
			<X>378</X>
			<Y>209</Y>
		</point>
		<point>
			<X>380</X>
			<Y>209</Y>
		</point>
		<point>
			<X>380</X>
			<Y>209</Y>
		</point>
		<point>
			<X>381</X>
			<Y>208</Y>
		</point>
		<point>
			<X>381</X>
			<Y>208</Y>
		</point>
		<point>
			<X>381</X>
			<Y>206</Y>
		</point>
		<point>
			<X>381</X>
			<Y>206</Y>
		</point>
		<point>
			<X>382</X>
			<Y>206</Y>
		</point>
		<point>
			<X>382</X>
			<Y>206</Y>
		</point>
	</polygon>
</annotation>