<annotation>
	<folder>anno</folder>
	<filename>2008_008531.jpg</filename>
	<source>
		<database>The anno Database</database>
		<annotation>VC anno</annotation>
		<image>Unknow</image>
		<flickrid>Unknow</flickrid>
	</source>
	<owner>
		<flickrid>Unknow</flickrid>
		<name>Unknow</name>
	</owner>
	<size>
		<width>500</width>
		<height>375</height>
		<depth>3</depth>
	</size>
	<segmented>1</segmented>
	<polygon>
		<tag>background</tag>
		<point>
			<X>433</X>
			<Y>58</Y>
		</point>
		<point>
			<X>433</X>
			<Y>58</Y>
		</point>
		<point>
			<X>433</X>
			<Y>58</Y>
		</point>
		<point>
			<X>432</X>
			<Y>58</Y>
		</point>
		<point>
			<X>432</X>
			<Y>58</Y>
		</point>
		<point>
			<X>431</X>
			<Y>58</Y>
		</point>
		<point>
			<X>431</X>
			<Y>58</Y>
		</point>
		<point>
			<X>429</X>
			<Y>58</Y>
		</point>
		<point>
			<X>429</X>
			<Y>58</Y>
		</point>
		<point>
			<X>427</X>
			<Y>58</Y>
		</point>
		<point>
			<X>427</X>
			<Y>58</Y>
		</point>
		<point>
			<X>426</X>
			<Y>58</Y>
		</point>
		<point>
			<X>426</X>
			<Y>58</Y>
		</point>
		<point>
			<X>424</X>
			<Y>57</Y>
		</point>
		<point>
			<X>424</X>
			<Y>57</Y>
		</point>
		<point>
			<X>422</X>
			<Y>57</Y>
		</point>
		<point>
			<X>422</X>
			<Y>57</Y>
		</point>
		<point>
			<X>420</X>
			<Y>56</Y>
		</point>
		<point>
			<X>420</X>
			<Y>56</Y>
		</point>
		<point>
			<X>419</X>
			<Y>56</Y>
		</point>
		<point>
			<X>419</X>
			<Y>56</Y>
		</point>
		<point>
			<X>414</X>
			<Y>55</Y>
		</point>
		<point>
			<X>414</X>
			<Y>55</Y>
		</point>
		<point>
			<X>412</X>
			<Y>54</Y>
		</point>
		<point>
			<X>412</X>
			<Y>54</Y>
		</point>
		<point>
			<X>408</X>
			<Y>53</Y>
		</point>
		<point>
			<X>408</X>
			<Y>53</Y>
		</point>
		<point>
			<X>406</X>
			<Y>53</Y>
		</point>
		<point>
			<X>406</X>
			<Y>53</Y>
		</point>
		<point>
			<X>401</X>
			<Y>53</Y>
		</point>
		<point>
			<X>401</X>
			<Y>53</Y>
		</point>
		<point>
			<X>399</X>
			<Y>51</Y>
		</point>
		<point>
			<X>399</X>
			<Y>51</Y>
		</point>
		<point>
			<X>395</X>
			<Y>49</Y>
		</point>
		<point>
			<X>395</X>
			<Y>49</Y>
		</point>
		<point>
			<X>393</X>
			<Y>48</Y>
		</point>
		<point>
			<X>393</X>
			<Y>48</Y>
		</point>
		<point>
			<X>390</X>
			<Y>46</Y>
		</point>
		<point>
			<X>390</X>
			<Y>46</Y>
		</point>
		<point>
			<X>386</X>
			<Y>46</Y>
		</point>
		<point>
			<X>386</X>
			<Y>46</Y>
		</point>
		<point>
			<X>384</X>
			<Y>45</Y>
		</point>
		<point>
			<X>384</X>
			<Y>45</Y>
		</point>
		<point>
			<X>381</X>
			<Y>44</Y>
		</point>
		<point>
			<X>381</X>
			<Y>44</Y>
		</point>
		<point>
			<X>378</X>
			<Y>42</Y>
		</point>
		<point>
			<X>378</X>
			<Y>42</Y>
		</point>
		<point>
			<X>375</X>
			<Y>41</Y>
		</point>
		<point>
			<X>375</X>
			<Y>41</Y>
		</point>
		<point>
			<X>373</X>
			<Y>40</Y>
		</point>
		<point>
			<X>373</X>
			<Y>40</Y>
		</point>
		<point>
			<X>372</X>
			<Y>40</Y>
		</point>
		<point>
			<X>372</X>
			<Y>40</Y>
		</point>
		<point>
			<X>370</X>
			<Y>39</Y>
		</point>
		<point>
			<X>370</X>
			<Y>39</Y>
		</point>
		<point>
			<X>367</X>
			<Y>38</Y>
		</point>
		<point>
			<X>367</X>
			<Y>38</Y>
		</point>
		<point>
			<X>366</X>
			<Y>38</Y>
		</point>
		<point>
			<X>366</X>
			<Y>38</Y>
		</point>
		<point>
			<X>365</X>
			<Y>37</Y>
		</point>
		<point>
			<X>365</X>
			<Y>37</Y>
		</point>
		<point>
			<X>362</X>
			<Y>35</Y>
		</point>
		<point>
			<X>362</X>
			<Y>35</Y>
		</point>
		<point>
			<X>360</X>
			<Y>35</Y>
		</point>
		<point>
			<X>360</X>
			<Y>35</Y>
		</point>
		<point>
			<X>358</X>
			<Y>34</Y>
		</point>
		<point>
			<X>358</X>
			<Y>34</Y>
		</point>
		<point>
			<X>355</X>
			<Y>33</Y>
		</point>
		<point>
			<X>355</X>
			<Y>33</Y>
		</point>
		<point>
			<X>353</X>
			<Y>32</Y>
		</point>
		<point>
			<X>353</X>
			<Y>32</Y>
		</point>
		<point>
			<X>351</X>
			<Y>32</Y>
		</point>
		<point>
			<X>351</X>
			<Y>32</Y>
		</point>
		<point>
			<X>348</X>
			<Y>31</Y>
		</point>
		<point>
			<X>348</X>
			<Y>31</Y>
		</point>
		<point>
			<X>347</X>
			<Y>29</Y>
		</point>
		<point>
			<X>347</X>
			<Y>29</Y>
		</point>
		<point>
			<X>343</X>
			<Y>29</Y>
		</point>
		<point>
			<X>343</X>
			<Y>29</Y>
		</point>
		<point>
			<X>342</X>
			<Y>28</Y>
		</point>
		<point>
			<X>342</X>
			<Y>28</Y>
		</point>
		<point>
			<X>340</X>
			<Y>27</Y>
		</point>
		<point>
			<X>340</X>
			<Y>27</Y>
		</point>
		<point>
			<X>338</X>
			<Y>26</Y>
		</point>
		<point>
			<X>338</X>
			<Y>26</Y>
		</point>
		<point>
			<X>333</X>
			<Y>26</Y>
		</point>
		<point>
			<X>333</X>
			<Y>26</Y>
		</point>
		<point>
			<X>332</X>
			<Y>24</Y>
		</point>
		<point>
			<X>332</X>
			<Y>24</Y>
		</point>
		<point>
			<X>330</X>
			<Y>22</Y>
		</point>
		<point>
			<X>330</X>
			<Y>22</Y>
		</point>
		<point>
			<X>328</X>
			<Y>22</Y>
		</point>
		<point>
			<X>328</X>
			<Y>22</Y>
		</point>
		<point>
			<X>325</X>
			<Y>21</Y>
		</point>
		<point>
			<X>325</X>
			<Y>21</Y>
		</point>
		<point>
			<X>322</X>
			<Y>20</Y>
		</point>
		<point>
			<X>322</X>
			<Y>20</Y>
		</point>
		<point>
			<X>320</X>
			<Y>19</Y>
		</point>
		<point>
			<X>320</X>
			<Y>19</Y>
		</point>
		<point>
			<X>316</X>
			<Y>18</Y>
		</point>
		<point>
			<X>316</X>
			<Y>18</Y>
		</point>
		<point>
			<X>313</X>
			<Y>17</Y>
		</point>
		<point>
			<X>313</X>
			<Y>17</Y>
		</point>
		<point>
			<X>311</X>
			<Y>15</Y>
		</point>
		<point>
			<X>311</X>
			<Y>15</Y>
		</point>
		<point>
			<X>308</X>
			<Y>14</Y>
		</point>
		<point>
			<X>308</X>
			<Y>14</Y>
		</point>
		<point>
			<X>305</X>
			<Y>13</Y>
		</point>
		<point>
			<X>305</X>
			<Y>13</Y>
		</point>
		<point>
			<X>302</X>
			<Y>12</Y>
		</point>
		<point>
			<X>302</X>
			<Y>12</Y>
		</point>
		<point>
			<X>300</X>
			<Y>10</Y>
		</point>
		<point>
			<X>300</X>
			<Y>10</Y>
		</point>
		<point>
			<X>295</X>
			<Y>10</Y>
		</point>
		<point>
			<X>295</X>
			<Y>10</Y>
		</point>
		<point>
			<X>293</X>
			<Y>8</Y>
		</point>
		<point>
			<X>293</X>
			<Y>8</Y>
		</point>
		<point>
			<X>289</X>
			<Y>6</Y>
		</point>
		<point>
			<X>289</X>
			<Y>6</Y>
		</point>
		<point>
			<X>286</X>
			<Y>6</Y>
		</point>
		<point>
			<X>286</X>
			<Y>6</Y>
		</point>
		<point>
			<X>284</X>
			<Y>6</Y>
		</point>
		<point>
			<X>284</X>
			<Y>6</Y>
		</point>
		<point>
			<X>282</X>
			<Y>6</Y>
		</point>
		<point>
			<X>282</X>
			<Y>6</Y>
		</point>
		<point>
			<X>279</X>
			<Y>5</Y>
		</point>
		<point>
			<X>279</X>
			<Y>5</Y>
		</point>
		<point>
			<X>276</X>
			<Y>4</Y>
		</point>
		<point>
			<X>276</X>
			<Y>4</Y>
		</point>
		<point>
			<X>273</X>
			<Y>3</Y>
		</point>
		<point>
			<X>273</X>
			<Y>3</Y>
		</point>
		<point>
			<X>271</X>
			<Y>2</Y>
		</point>
		<point>
			<X>271</X>
			<Y>2</Y>
		</point>
		<point>
			<X>268</X>
			<Y>2</Y>
		</point>
		<point>
			<X>268</X>
			<Y>2</Y>
		</point>
		<point>
			<X>266</X>
			<Y>2</Y>
		</point>
		<point>
			<X>266</X>
			<Y>2</Y>
		</point>
		<point>
			<X>263</X>
			<Y>1</Y>
		</point>
		<point>
			<X>263</X>
			<Y>1</Y>
		</point>
		<point>
			<X>260</X>
			<Y>0</Y>
		</point>
		<point>
			<X>260</X>
			<Y>0</Y>
		</point>
		<point>
			<X>257</X>
			<Y>0</Y>
		</point>
		<point>
			<X>257</X>
			<Y>0</Y>
		</point>
		<point>
			<X>66</X>
			<Y>0</Y>
		</point>
		<point>
			<X>66</X>
			<Y>0</Y>
		</point>
		<point>
			<X>66</X>
			<Y>0</Y>
		</point>
		<point>
			<X>66</X>
			<Y>0</Y>
		</point>
		<point>
			<X>66</X>
			<Y>0</Y>
		</point>
		<point>
			<X>64</X>
			<Y>1</Y>
		</point>
		<point>
			<X>64</X>
			<Y>1</Y>
		</point>
		<point>
			<X>64</X>
			<Y>2</Y>
		</point>
		<point>
			<X>64</X>
			<Y>2</Y>
		</point>
		<point>
			<X>63</X>
			<Y>3</Y>
		</point>
		<point>
			<X>63</X>
			<Y>3</Y>
		</point>
		<point>
			<X>62</X>
			<Y>5</Y>
		</point>
		<point>
			<X>62</X>
			<Y>5</Y>
		</point>
		<point>
			<X>60</X>
			<Y>6</Y>
		</point>
		<point>
			<X>60</X>
			<Y>6</Y>
		</point>
		<point>
			<X>60</X>
			<Y>7</Y>
		</point>
		<point>
			<X>60</X>
			<Y>7</Y>
		</point>
		<point>
			<X>59</X>
			<Y>9</Y>
		</point>
		<point>
			<X>59</X>
			<Y>9</Y>
		</point>
		<point>
			<X>58</X>
			<Y>10</Y>
		</point>
		<point>
			<X>58</X>
			<Y>10</Y>
		</point>
		<point>
			<X>57</X>
			<Y>13</Y>
		</point>
		<point>
			<X>57</X>
			<Y>13</Y>
		</point>
		<point>
			<X>55</X>
			<Y>15</Y>
		</point>
		<point>
			<X>55</X>
			<Y>15</Y>
		</point>
		<point>
			<X>54</X>
			<Y>17</Y>
		</point>
		<point>
			<X>54</X>
			<Y>17</Y>
		</point>
		<point>
			<X>53</X>
			<Y>20</Y>
		</point>
		<point>
			<X>53</X>
			<Y>20</Y>
		</point>
		<point>
			<X>52</X>
			<Y>23</Y>
		</point>
		<point>
			<X>52</X>
			<Y>23</Y>
		</point>
		<point>
			<X>51</X>
			<Y>26</Y>
		</point>
		<point>
			<X>51</X>
			<Y>26</Y>
		</point>
		<point>
			<X>51</X>
			<Y>27</Y>
		</point>
		<point>
			<X>51</X>
			<Y>27</Y>
		</point>
		<point>
			<X>49</X>
			<Y>30</Y>
		</point>
		<point>
			<X>49</X>
			<Y>30</Y>
		</point>
		<point>
			<X>47</X>
			<Y>33</Y>
		</point>
		<point>
			<X>47</X>
			<Y>33</Y>
		</point>
		<point>
			<X>46</X>
			<Y>36</Y>
		</point>
		<point>
			<X>46</X>
			<Y>36</Y>
		</point>
		<point>
			<X>46</X>
			<Y>39</Y>
		</point>
		<point>
			<X>46</X>
			<Y>39</Y>
		</point>
		<point>
			<X>45</X>
			<Y>41</Y>
		</point>
		<point>
			<X>45</X>
			<Y>41</Y>
		</point>
		<point>
			<X>42</X>
			<Y>45</Y>
		</point>
		<point>
			<X>42</X>
			<Y>45</Y>
		</point>
		<point>
			<X>42</X>
			<Y>47</Y>
		</point>
		<point>
			<X>42</X>
			<Y>47</Y>
		</point>
		<point>
			<X>41</X>
			<Y>50</Y>
		</point>
		<point>
			<X>41</X>
			<Y>50</Y>
		</point>
		<point>
			<X>40</X>
			<Y>54</Y>
		</point>
		<point>
			<X>40</X>
			<Y>54</Y>
		</point>
		<point>
			<X>38</X>
			<Y>59</Y>
		</point>
		<point>
			<X>38</X>
			<Y>59</Y>
		</point>
		<point>
			<X>36</X>
			<Y>61</Y>
		</point>
		<point>
			<X>36</X>
			<Y>61</Y>
		</point>
		<point>
			<X>35</X>
			<Y>66</Y>
		</point>
		<point>
			<X>35</X>
			<Y>66</Y>
		</point>
		<point>
			<X>33</X>
			<Y>68</Y>
		</point>
		<point>
			<X>33</X>
			<Y>68</Y>
		</point>
		<point>
			<X>33</X>
			<Y>71</Y>
		</point>
		<point>
			<X>33</X>
			<Y>71</Y>
		</point>
		<point>
			<X>31</X>
			<Y>74</Y>
		</point>
		<point>
			<X>31</X>
			<Y>74</Y>
		</point>
		<point>
			<X>30</X>
			<Y>77</Y>
		</point>
		<point>
			<X>30</X>
			<Y>77</Y>
		</point>
		<point>
			<X>29</X>
			<Y>80</Y>
		</point>
		<point>
			<X>29</X>
			<Y>80</Y>
		</point>
		<point>
			<X>28</X>
			<Y>82</Y>
		</point>
		<point>
			<X>28</X>
			<Y>82</Y>
		</point>
		<point>
			<X>27</X>
			<Y>85</Y>
		</point>
		<point>
			<X>27</X>
			<Y>85</Y>
		</point>
		<point>
			<X>26</X>
			<Y>88</Y>
		</point>
		<point>
			<X>26</X>
			<Y>88</Y>
		</point>
		<point>
			<X>25</X>
			<Y>90</Y>
		</point>
		<point>
			<X>25</X>
			<Y>90</Y>
		</point>
		<point>
			<X>24</X>
			<Y>93</Y>
		</point>
		<point>
			<X>24</X>
			<Y>93</Y>
		</point>
		<point>
			<X>23</X>
			<Y>95</Y>
		</point>
		<point>
			<X>23</X>
			<Y>95</Y>
		</point>
		<point>
			<X>22</X>
			<Y>98</Y>
		</point>
		<point>
			<X>22</X>
			<Y>98</Y>
		</point>
		<point>
			<X>21</X>
			<Y>100</Y>
		</point>
		<point>
			<X>21</X>
			<Y>100</Y>
		</point>
		<point>
			<X>20</X>
			<Y>102</Y>
		</point>
		<point>
			<X>20</X>
			<Y>102</Y>
		</point>
		<point>
			<X>20</X>
			<Y>106</Y>
		</point>
		<point>
			<X>20</X>
			<Y>106</Y>
		</point>
		<point>
			<X>18</X>
			<Y>108</Y>
		</point>
		<point>
			<X>18</X>
			<Y>108</Y>
		</point>
		<point>
			<X>17</X>
			<Y>110</Y>
		</point>
		<point>
			<X>17</X>
			<Y>110</Y>
		</point>
		<point>
			<X>16</X>
			<Y>113</Y>
		</point>
		<point>
			<X>16</X>
			<Y>113</Y>
		</point>
		<point>
			<X>15</X>
			<Y>116</Y>
		</point>
		<point>
			<X>15</X>
			<Y>116</Y>
		</point>
		<point>
			<X>13</X>
			<Y>119</Y>
		</point>
		<point>
			<X>13</X>
			<Y>119</Y>
		</point>
		<point>
			<X>13</X>
			<Y>120</Y>
		</point>
		<point>
			<X>13</X>
			<Y>120</Y>
		</point>
		<point>
			<X>12</X>
			<Y>124</Y>
		</point>
		<point>
			<X>12</X>
			<Y>124</Y>
		</point>
		<point>
			<X>11</X>
			<Y>126</Y>
		</point>
		<point>
			<X>11</X>
			<Y>126</Y>
		</point>
		<point>
			<X>9</X>
			<Y>129</Y>
		</point>
		<point>
			<X>9</X>
			<Y>129</Y>
		</point>
		<point>
			<X>8</X>
			<Y>132</Y>
		</point>
		<point>
			<X>8</X>
			<Y>132</Y>
		</point>
		<point>
			<X>7</X>
			<Y>135</Y>
		</point>
		<point>
			<X>7</X>
			<Y>135</Y>
		</point>
		<point>
			<X>6</X>
			<Y>138</Y>
		</point>
		<point>
			<X>6</X>
			<Y>138</Y>
		</point>
		<point>
			<X>4</X>
			<Y>142</Y>
		</point>
		<point>
			<X>4</X>
			<Y>142</Y>
		</point>
		<point>
			<X>4</X>
			<Y>145</Y>
		</point>
		<point>
			<X>4</X>
			<Y>145</Y>
		</point>
		<point>
			<X>2</X>
			<Y>148</Y>
		</point>
		<point>
			<X>2</X>
			<Y>148</Y>
		</point>
		<point>
			<X>0</X>
			<Y>152</Y>
		</point>
		<point>
			<X>0</X>
			<Y>152</Y>
		</point>
		<point>
			<X>0</X>
			<Y>155</Y>
		</point>
		<point>
			<X>0</X>
			<Y>155</Y>
		</point>
		<point>
			<X>0</X>
			<Y>258</Y>
		</point>
		<point>
			<X>0</X>
			<Y>258</Y>
		</point>
		<point>
			<X>0</X>
			<Y>260</Y>
		</point>
		<point>
			<X>0</X>
			<Y>260</Y>
		</point>
		<point>
			<X>2</X>
			<Y>263</Y>
		</point>
		<point>
			<X>2</X>
			<Y>263</Y>
		</point>
		<point>
			<X>3</X>
			<Y>266</Y>
		</point>
		<point>
			<X>3</X>
			<Y>266</Y>
		</point>
		<point>
			<X>4</X>
			<Y>268</Y>
		</point>
		<point>
			<X>4</X>
			<Y>268</Y>
		</point>
		<point>
			<X>6</X>
			<Y>272</Y>
		</point>
		<point>
			<X>6</X>
			<Y>272</Y>
		</point>
		<point>
			<X>8</X>
			<Y>273</Y>
		</point>
		<point>
			<X>8</X>
			<Y>273</Y>
		</point>
		<point>
			<X>11</X>
			<Y>276</Y>
		</point>
		<point>
			<X>11</X>
			<Y>276</Y>
		</point>
		<point>
			<X>14</X>
			<Y>279</Y>
		</point>
		<point>
			<X>14</X>
			<Y>279</Y>
		</point>
		<point>
			<X>17</X>
			<Y>281</Y>
		</point>
		<point>
			<X>17</X>
			<Y>281</Y>
		</point>
		<point>
			<X>20</X>
			<Y>283</Y>
		</point>
		<point>
			<X>20</X>
			<Y>283</Y>
		</point>
		<point>
			<X>23</X>
			<Y>285</Y>
		</point>
		<point>
			<X>23</X>
			<Y>285</Y>
		</point>
		<point>
			<X>27</X>
			<Y>287</Y>
		</point>
		<point>
			<X>27</X>
			<Y>287</Y>
		</point>
		<point>
			<X>31</X>
			<Y>289</Y>
		</point>
		<point>
			<X>31</X>
			<Y>289</Y>
		</point>
		<point>
			<X>35</X>
			<Y>291</Y>
		</point>
		<point>
			<X>35</X>
			<Y>291</Y>
		</point>
		<point>
			<X>40</X>
			<Y>293</Y>
		</point>
		<point>
			<X>40</X>
			<Y>293</Y>
		</point>
		<point>
			<X>42</X>
			<Y>293</Y>
		</point>
		<point>
			<X>42</X>
			<Y>293</Y>
		</point>
		<point>
			<X>47</X>
			<Y>295</Y>
		</point>
		<point>
			<X>47</X>
			<Y>295</Y>
		</point>
		<point>
			<X>53</X>
			<Y>297</Y>
		</point>
		<point>
			<X>53</X>
			<Y>297</Y>
		</point>
		<point>
			<X>57</X>
			<Y>300</Y>
		</point>
		<point>
			<X>57</X>
			<Y>300</Y>
		</point>
		<point>
			<X>62</X>
			<Y>301</Y>
		</point>
		<point>
			<X>62</X>
			<Y>301</Y>
		</point>
		<point>
			<X>67</X>
			<Y>304</Y>
		</point>
		<point>
			<X>67</X>
			<Y>304</Y>
		</point>
		<point>
			<X>73</X>
			<Y>306</Y>
		</point>
		<point>
			<X>73</X>
			<Y>306</Y>
		</point>
		<point>
			<X>80</X>
			<Y>308</Y>
		</point>
		<point>
			<X>80</X>
			<Y>308</Y>
		</point>
		<point>
			<X>85</X>
			<Y>311</Y>
		</point>
		<point>
			<X>85</X>
			<Y>311</Y>
		</point>
		<point>
			<X>93</X>
			<Y>314</Y>
		</point>
		<point>
			<X>93</X>
			<Y>314</Y>
		</point>
		<point>
			<X>99</X>
			<Y>316</Y>
		</point>
		<point>
			<X>99</X>
			<Y>316</Y>
		</point>
		<point>
			<X>105</X>
			<Y>319</Y>
		</point>
		<point>
			<X>105</X>
			<Y>319</Y>
		</point>
		<point>
			<X>112</X>
			<Y>321</Y>
		</point>
		<point>
			<X>112</X>
			<Y>321</Y>
		</point>
		<point>
			<X>116</X>
			<Y>323</Y>
		</point>
		<point>
			<X>116</X>
			<Y>323</Y>
		</point>
		<point>
			<X>121</X>
			<Y>326</Y>
		</point>
		<point>
			<X>121</X>
			<Y>326</Y>
		</point>
		<point>
			<X>127</X>
			<Y>328</Y>
		</point>
		<point>
			<X>127</X>
			<Y>328</Y>
		</point>
		<point>
			<X>133</X>
			<Y>330</Y>
		</point>
		<point>
			<X>133</X>
			<Y>330</Y>
		</point>
		<point>
			<X>140</X>
			<Y>332</Y>
		</point>
		<point>
			<X>140</X>
			<Y>332</Y>
		</point>
		<point>
			<X>146</X>
			<Y>333</Y>
		</point>
		<point>
			<X>146</X>
			<Y>333</Y>
		</point>
		<point>
			<X>152</X>
			<Y>333</Y>
		</point>
		<point>
			<X>152</X>
			<Y>333</Y>
		</point>
		<point>
			<X>158</X>
			<Y>336</Y>
		</point>
		<point>
			<X>158</X>
			<Y>336</Y>
		</point>
		<point>
			<X>164</X>
			<Y>337</Y>
		</point>
		<point>
			<X>164</X>
			<Y>337</Y>
		</point>
		<point>
			<X>169</X>
			<Y>338</Y>
		</point>
		<point>
			<X>169</X>
			<Y>338</Y>
		</point>
		<point>
			<X>173</X>
			<Y>338</Y>
		</point>
		<point>
			<X>173</X>
			<Y>338</Y>
		</point>
		<point>
			<X>178</X>
			<Y>340</Y>
		</point>
		<point>
			<X>178</X>
			<Y>340</Y>
		</point>
		<point>
			<X>181</X>
			<Y>341</Y>
		</point>
		<point>
			<X>181</X>
			<Y>341</Y>
		</point>
		<point>
			<X>186</X>
			<Y>343</Y>
		</point>
		<point>
			<X>186</X>
			<Y>343</Y>
		</point>
		<point>
			<X>193</X>
			<Y>345</Y>
		</point>
		<point>
			<X>193</X>
			<Y>345</Y>
		</point>
		<point>
			<X>199</X>
			<Y>346</Y>
		</point>
		<point>
			<X>199</X>
			<Y>346</Y>
		</point>
		<point>
			<X>204</X>
			<Y>347</Y>
		</point>
		<point>
			<X>204</X>
			<Y>347</Y>
		</point>
		<point>
			<X>210</X>
			<Y>348</Y>
		</point>
		<point>
			<X>210</X>
			<Y>348</Y>
		</point>
		<point>
			<X>216</X>
			<Y>351</Y>
		</point>
		<point>
			<X>216</X>
			<Y>351</Y>
		</point>
		<point>
			<X>221</X>
			<Y>352</Y>
		</point>
		<point>
			<X>221</X>
			<Y>352</Y>
		</point>
		<point>
			<X>227</X>
			<Y>353</Y>
		</point>
		<point>
			<X>227</X>
			<Y>353</Y>
		</point>
		<point>
			<X>233</X>
			<Y>353</Y>
		</point>
		<point>
			<X>233</X>
			<Y>353</Y>
		</point>
		<point>
			<X>239</X>
			<Y>355</Y>
		</point>
		<point>
			<X>239</X>
			<Y>355</Y>
		</point>
		<point>
			<X>243</X>
			<Y>356</Y>
		</point>
		<point>
			<X>243</X>
			<Y>356</Y>
		</point>
		<point>
			<X>247</X>
			<Y>356</Y>
		</point>
		<point>
			<X>247</X>
			<Y>356</Y>
		</point>
		<point>
			<X>252</X>
			<Y>356</Y>
		</point>
		<point>
			<X>252</X>
			<Y>356</Y>
		</point>
		<point>
			<X>257</X>
			<Y>356</Y>
		</point>
		<point>
			<X>257</X>
			<Y>356</Y>
		</point>
		<point>
			<X>261</X>
			<Y>356</Y>
		</point>
		<point>
			<X>261</X>
			<Y>356</Y>
		</point>
		<point>
			<X>266</X>
			<Y>356</Y>
		</point>
		<point>
			<X>266</X>
			<Y>356</Y>
		</point>
		<point>
			<X>271</X>
			<Y>356</Y>
		</point>
		<point>
			<X>271</X>
			<Y>356</Y>
		</point>
		<point>
			<X>276</X>
			<Y>356</Y>
		</point>
		<point>
			<X>276</X>
			<Y>356</Y>
		</point>
		<point>
			<X>281</X>
			<Y>356</Y>
		</point>
		<point>
			<X>281</X>
			<Y>356</Y>
		</point>
		<point>
			<X>286</X>
			<Y>356</Y>
		</point>
		<point>
			<X>286</X>
			<Y>356</Y>
		</point>
		<point>
			<X>293</X>
			<Y>356</Y>
		</point>
		<point>
			<X>293</X>
			<Y>356</Y>
		</point>
		<point>
			<X>298</X>
			<Y>356</Y>
		</point>
		<point>
			<X>298</X>
			<Y>356</Y>
		</point>
		<point>
			<X>302</X>
			<Y>356</Y>
		</point>
		<point>
			<X>302</X>
			<Y>356</Y>
		</point>
		<point>
			<X>307</X>
			<Y>356</Y>
		</point>
		<point>
			<X>307</X>
			<Y>356</Y>
		</point>
		<point>
			<X>313</X>
			<Y>356</Y>
		</point>
		<point>
			<X>313</X>
			<Y>356</Y>
		</point>
		<point>
			<X>318</X>
			<Y>356</Y>
		</point>
		<point>
			<X>318</X>
			<Y>356</Y>
		</point>
		<point>
			<X>323</X>
			<Y>356</Y>
		</point>
		<point>
			<X>323</X>
			<Y>356</Y>
		</point>
		<point>
			<X>328</X>
			<Y>356</Y>
		</point>
		<point>
			<X>328</X>
			<Y>356</Y>
		</point>
		<point>
			<X>333</X>
			<Y>355</Y>
		</point>
		<point>
			<X>333</X>
			<Y>355</Y>
		</point>
		<point>
			<X>337</X>
			<Y>353</Y>
		</point>
		<point>
			<X>337</X>
			<Y>353</Y>
		</point>
		<point>
			<X>340</X>
			<Y>353</Y>
		</point>
		<point>
			<X>340</X>
			<Y>353</Y>
		</point>
		<point>
			<X>345</X>
			<Y>353</Y>
		</point>
		<point>
			<X>345</X>
			<Y>353</Y>
		</point>
		<point>
			<X>348</X>
			<Y>352</Y>
		</point>
		<point>
			<X>348</X>
			<Y>352</Y>
		</point>
		<point>
			<X>352</X>
			<Y>351</Y>
		</point>
		<point>
			<X>352</X>
			<Y>351</Y>
		</point>
		<point>
			<X>353</X>
			<Y>348</Y>
		</point>
		<point>
			<X>353</X>
			<Y>348</Y>
		</point>
		<point>
			<X>356</X>
			<Y>348</Y>
		</point>
		<point>
			<X>356</X>
			<Y>348</Y>
		</point>
		<point>
			<X>358</X>
			<Y>347</Y>
		</point>
		<point>
			<X>358</X>
			<Y>347</Y>
		</point>
		<point>
			<X>361</X>
			<Y>347</Y>
		</point>
		<point>
			<X>361</X>
			<Y>347</Y>
		</point>
		<point>
			<X>363</X>
			<Y>346</Y>
		</point>
		<point>
			<X>363</X>
			<Y>346</Y>
		</point>
		<point>
			<X>363</X>
			<Y>345</Y>
		</point>
		<point>
			<X>363</X>
			<Y>345</Y>
		</point>
		<point>
			<X>366</X>
			<Y>343</Y>
		</point>
		<point>
			<X>366</X>
			<Y>343</Y>
		</point>
		<point>
			<X>367</X>
			<Y>342</Y>
		</point>
		<point>
			<X>367</X>
			<Y>342</Y>
		</point>
		<point>
			<X>370</X>
			<Y>340</Y>
		</point>
		<point>
			<X>370</X>
			<Y>340</Y>
		</point>
		<point>
			<X>372</X>
			<Y>338</Y>
		</point>
		<point>
			<X>372</X>
			<Y>338</Y>
		</point>
		<point>
			<X>373</X>
			<Y>337</Y>
		</point>
		<point>
			<X>373</X>
			<Y>337</Y>
		</point>
		<point>
			<X>376</X>
			<Y>335</Y>
		</point>
		<point>
			<X>376</X>
			<Y>335</Y>
		</point>
		<point>
			<X>378</X>
			<Y>333</Y>
		</point>
		<point>
			<X>378</X>
			<Y>333</Y>
		</point>
		<point>
			<X>380</X>
			<Y>332</Y>
		</point>
		<point>
			<X>380</X>
			<Y>332</Y>
		</point>
		<point>
			<X>384</X>
			<Y>328</Y>
		</point>
		<point>
			<X>384</X>
			<Y>328</Y>
		</point>
		<point>
			<X>386</X>
			<Y>328</Y>
		</point>
		<point>
			<X>386</X>
			<Y>328</Y>
		</point>
		<point>
			<X>388</X>
			<Y>326</Y>
		</point>
		<point>
			<X>388</X>
			<Y>326</Y>
		</point>
		<point>
			<X>391</X>
			<Y>325</Y>
		</point>
		<point>
			<X>391</X>
			<Y>325</Y>
		</point>
		<point>
			<X>393</X>
			<Y>323</Y>
		</point>
		<point>
			<X>393</X>
			<Y>323</Y>
		</point>
		<point>
			<X>396</X>
			<Y>321</Y>
		</point>
		<point>
			<X>396</X>
			<Y>321</Y>
		</point>
		<point>
			<X>398</X>
			<Y>319</Y>
		</point>
		<point>
			<X>398</X>
			<Y>319</Y>
		</point>
		<point>
			<X>400</X>
			<Y>318</Y>
		</point>
		<point>
			<X>400</X>
			<Y>318</Y>
		</point>
		<point>
			<X>402</X>
			<Y>315</Y>
		</point>
		<point>
			<X>402</X>
			<Y>315</Y>
		</point>
		<point>
			<X>404</X>
			<Y>313</Y>
		</point>
		<point>
			<X>404</X>
			<Y>313</Y>
		</point>
		<point>
			<X>406</X>
			<Y>312</Y>
		</point>
		<point>
			<X>406</X>
			<Y>312</Y>
		</point>
		<point>
			<X>408</X>
			<Y>309</Y>
		</point>
		<point>
			<X>408</X>
			<Y>309</Y>
		</point>
		<point>
			<X>410</X>
			<Y>307</Y>
		</point>
		<point>
			<X>410</X>
			<Y>307</Y>
		</point>
		<point>
			<X>413</X>
			<Y>304</Y>
		</point>
		<point>
			<X>413</X>
			<Y>304</Y>
		</point>
		<point>
			<X>414</X>
			<Y>302</Y>
		</point>
		<point>
			<X>414</X>
			<Y>302</Y>
		</point>
		<point>
			<X>416</X>
			<Y>300</Y>
		</point>
		<point>
			<X>416</X>
			<Y>300</Y>
		</point>
		<point>
			<X>420</X>
			<Y>297</Y>
		</point>
		<point>
			<X>420</X>
			<Y>297</Y>
		</point>
		<point>
			<X>423</X>
			<Y>293</Y>
		</point>
		<point>
			<X>423</X>
			<Y>293</Y>
		</point>
		<point>
			<X>426</X>
			<Y>290</Y>
		</point>
		<point>
			<X>426</X>
			<Y>290</Y>
		</point>
		<point>
			<X>428</X>
			<Y>288</Y>
		</point>
		<point>
			<X>428</X>
			<Y>288</Y>
		</point>
		<point>
			<X>430</X>
			<Y>286</Y>
		</point>
		<point>
			<X>430</X>
			<Y>286</Y>
		</point>
		<point>
			<X>433</X>
			<Y>283</Y>
		</point>
		<point>
			<X>433</X>
			<Y>283</Y>
		</point>
		<point>
			<X>435</X>
			<Y>281</Y>
		</point>
		<point>
			<X>435</X>
			<Y>281</Y>
		</point>
		<point>
			<X>438</X>
			<Y>279</Y>
		</point>
		<point>
			<X>438</X>
			<Y>279</Y>
		</point>
		<point>
			<X>440</X>
			<Y>277</Y>
		</point>
		<point>
			<X>440</X>
			<Y>277</Y>
		</point>
		<point>
			<X>443</X>
			<Y>274</Y>
		</point>
		<point>
			<X>443</X>
			<Y>274</Y>
		</point>
		<point>
			<X>445</X>
			<Y>273</Y>
		</point>
		<point>
			<X>445</X>
			<Y>273</Y>
		</point>
		<point>
			<X>446</X>
			<Y>270</Y>
		</point>
		<point>
			<X>446</X>
			<Y>270</Y>
		</point>
		<point>
			<X>449</X>
			<Y>268</Y>
		</point>
		<point>
			<X>449</X>
			<Y>268</Y>
		</point>
		<point>
			<X>451</X>
			<Y>266</Y>
		</point>
		<point>
			<X>451</X>
			<Y>266</Y>
		</point>
		<point>
			<X>453</X>
			<Y>264</Y>
		</point>
		<point>
			<X>453</X>
			<Y>264</Y>
		</point>
		<point>
			<X>455</X>
			<Y>263</Y>
		</point>
		<point>
			<X>455</X>
			<Y>263</Y>
		</point>
		<point>
			<X>456</X>
			<Y>261</Y>
		</point>
		<point>
			<X>456</X>
			<Y>261</Y>
		</point>
		<point>
			<X>457</X>
			<Y>260</Y>
		</point>
		<point>
			<X>457</X>
			<Y>260</Y>
		</point>
		<point>
			<X>459</X>
			<Y>259</Y>
		</point>
		<point>
			<X>459</X>
			<Y>259</Y>
		</point>
		<point>
			<X>460</X>
			<Y>257</Y>
		</point>
		<point>
			<X>460</X>
			<Y>257</Y>
		</point>
		<point>
			<X>460</X>
			<Y>255</Y>
		</point>
		<point>
			<X>460</X>
			<Y>255</Y>
		</point>
		<point>
			<X>460</X>
			<Y>254</Y>
		</point>
		<point>
			<X>460</X>
			<Y>254</Y>
		</point>
		<point>
			<X>462</X>
			<Y>253</Y>
		</point>
		<point>
			<X>462</X>
			<Y>253</Y>
		</point>
		<point>
			<X>463</X>
			<Y>252</Y>
		</point>
		<point>
			<X>463</X>
			<Y>252</Y>
		</point>
		<point>
			<X>463</X>
			<Y>250</Y>
		</point>
		<point>
			<X>463</X>
			<Y>250</Y>
		</point>
		<point>
			<X>464</X>
			<Y>248</Y>
		</point>
		<point>
			<X>464</X>
			<Y>248</Y>
		</point>
		<point>
			<X>465</X>
			<Y>246</Y>
		</point>
		<point>
			<X>465</X>
			<Y>246</Y>
		</point>
		<point>
			<X>465</X>
			<Y>246</Y>
		</point>
		<point>
			<X>465</X>
			<Y>246</Y>
		</point>
		<point>
			<X>465</X>
			<Y>243</Y>
		</point>
		<point>
			<X>465</X>
			<Y>243</Y>
		</point>
		<point>
			<X>466</X>
			<Y>241</Y>
		</point>
		<point>
			<X>466</X>
			<Y>241</Y>
		</point>
		<point>
			<X>466</X>
			<Y>240</Y>
		</point>
		<point>
			<X>466</X>
			<Y>240</Y>
		</point>
		<point>
			<X>467</X>
			<Y>239</Y>
		</point>
		<point>
			<X>467</X>
			<Y>239</Y>
		</point>
		<point>
			<X>468</X>
			<Y>236</Y>
		</point>
		<point>
			<X>468</X>
			<Y>236</Y>
		</point>
		<point>
			<X>470</X>
			<Y>234</Y>
		</point>
		<point>
			<X>470</X>
			<Y>234</Y>
		</point>
		<point>
			<X>471</X>
			<Y>233</Y>
		</point>
		<point>
			<X>471</X>
			<Y>233</Y>
		</point>
		<point>
			<X>472</X>
			<Y>230</Y>
		</point>
		<point>
			<X>472</X>
			<Y>230</Y>
		</point>
		<point>
			<X>473</X>
			<Y>228</Y>
		</point>
		<point>
			<X>473</X>
			<Y>228</Y>
		</point>
		<point>
			<X>473</X>
			<Y>226</Y>
		</point>
		<point>
			<X>473</X>
			<Y>226</Y>
		</point>
		<point>
			<X>473</X>
			<Y>225</Y>
		</point>
		<point>
			<X>473</X>
			<Y>225</Y>
		</point>
		<point>
			<X>474</X>
			<Y>222</Y>
		</point>
		<point>
			<X>474</X>
			<Y>222</Y>
		</point>
		<point>
			<X>475</X>
			<Y>221</Y>
		</point>
		<point>
			<X>475</X>
			<Y>221</Y>
		</point>
		<point>
			<X>475</X>
			<Y>220</Y>
		</point>
		<point>
			<X>475</X>
			<Y>220</Y>
		</point>
		<point>
			<X>476</X>
			<Y>219</Y>
		</point>
		<point>
			<X>476</X>
			<Y>219</Y>
		</point>
		<point>
			<X>477</X>
			<Y>217</Y>
		</point>
		<point>
			<X>477</X>
			<Y>217</Y>
		</point>
		<point>
			<X>477</X>
			<Y>216</Y>
		</point>
		<point>
			<X>477</X>
			<Y>216</Y>
		</point>
		<point>
			<X>477</X>
			<Y>215</Y>
		</point>
		<point>
			<X>477</X>
			<Y>215</Y>
		</point>
		<point>
			<X>478</X>
			<Y>213</Y>
		</point>
		<point>
			<X>478</X>
			<Y>213</Y>
		</point>
		<point>
			<X>478</X>
			<Y>213</Y>
		</point>
		<point>
			<X>478</X>
			<Y>213</Y>
		</point>
		<point>
			<X>478</X>
			<Y>213</Y>
		</point>
	</polygon>
	<polygon>
		<tag>plant</tag>
		<point>
			<X>304</X>
			<Y>119</Y>
		</point>
		<point>
			<X>304</X>
			<Y>120</Y>
		</point>
		<point>
			<X>304</X>
			<Y>120</Y>
		</point>
		<point>
			<X>304</X>
			<Y>120</Y>
		</point>
		<point>
			<X>304</X>
			<Y>120</Y>
		</point>
		<point>
			<X>304</X>
			<Y>121</Y>
		</point>
		<point>
			<X>304</X>
			<Y>121</Y>
		</point>
		<point>
			<X>304</X>
			<Y>124</Y>
		</point>
		<point>
			<X>304</X>
			<Y>124</Y>
		</point>
		<point>
			<X>305</X>
			<Y>126</Y>
		</point>
		<point>
			<X>305</X>
			<Y>126</Y>
		</point>
		<point>
			<X>305</X>
			<Y>127</Y>
		</point>
		<point>
			<X>305</X>
			<Y>127</Y>
		</point>
		<point>
			<X>305</X>
			<Y>128</Y>
		</point>
		<point>
			<X>305</X>
			<Y>128</Y>
		</point>
		<point>
			<X>305</X>
			<Y>129</Y>
		</point>
		<point>
			<X>305</X>
			<Y>129</Y>
		</point>
		<point>
			<X>305</X>
			<Y>131</Y>
		</point>
		<point>
			<X>305</X>
			<Y>131</Y>
		</point>
		<point>
			<X>305</X>
			<Y>132</Y>
		</point>
		<point>
			<X>305</X>
			<Y>132</Y>
		</point>
		<point>
			<X>305</X>
			<Y>133</Y>
		</point>
		<point>
			<X>305</X>
			<Y>133</Y>
		</point>
		<point>
			<X>306</X>
			<Y>134</Y>
		</point>
		<point>
			<X>306</X>
			<Y>134</Y>
		</point>
		<point>
			<X>306</X>
			<Y>135</Y>
		</point>
		<point>
			<X>306</X>
			<Y>135</Y>
		</point>
		<point>
			<X>306</X>
			<Y>136</Y>
		</point>
		<point>
			<X>306</X>
			<Y>136</Y>
		</point>
		<point>
			<X>306</X>
			<Y>139</Y>
		</point>
		<point>
			<X>306</X>
			<Y>139</Y>
		</point>
		<point>
			<X>307</X>
			<Y>140</Y>
		</point>
		<point>
			<X>307</X>
			<Y>140</Y>
		</point>
		<point>
			<X>307</X>
			<Y>140</Y>
		</point>
		<point>
			<X>307</X>
			<Y>140</Y>
		</point>
		<point>
			<X>308</X>
			<Y>142</Y>
		</point>
		<point>
			<X>308</X>
			<Y>142</Y>
		</point>
		<point>
			<X>309</X>
			<Y>144</Y>
		</point>
		<point>
			<X>309</X>
			<Y>144</Y>
		</point>
		<point>
			<X>309</X>
			<Y>146</Y>
		</point>
		<point>
			<X>309</X>
			<Y>146</Y>
		</point>
		<point>
			<X>310</X>
			<Y>146</Y>
		</point>
		<point>
			<X>310</X>
			<Y>146</Y>
		</point>
		<point>
			<X>311</X>
			<Y>148</Y>
		</point>
		<point>
			<X>311</X>
			<Y>148</Y>
		</point>
		<point>
			<X>311</X>
			<Y>150</Y>
		</point>
		<point>
			<X>311</X>
			<Y>150</Y>
		</point>
		<point>
			<X>312</X>
			<Y>151</Y>
		</point>
		<point>
			<X>312</X>
			<Y>151</Y>
		</point>
		<point>
			<X>312</X>
			<Y>152</Y>
		</point>
		<point>
			<X>312</X>
			<Y>152</Y>
		</point>
		<point>
			<X>313</X>
			<Y>153</Y>
		</point>
		<point>
			<X>313</X>
			<Y>153</Y>
		</point>
		<point>
			<X>313</X>
			<Y>153</Y>
		</point>
		<point>
			<X>313</X>
			<Y>153</Y>
		</point>
		<point>
			<X>313</X>
			<Y>154</Y>
		</point>
		<point>
			<X>313</X>
			<Y>154</Y>
		</point>
		<point>
			<X>313</X>
			<Y>156</Y>
		</point>
		<point>
			<X>313</X>
			<Y>156</Y>
		</point>
		<point>
			<X>314</X>
			<Y>157</Y>
		</point>
		<point>
			<X>314</X>
			<Y>157</Y>
		</point>
		<point>
			<X>315</X>
			<Y>159</Y>
		</point>
		<point>
			<X>315</X>
			<Y>159</Y>
		</point>
		<point>
			<X>315</X>
			<Y>160</Y>
		</point>
		<point>
			<X>315</X>
			<Y>160</Y>
		</point>
		<point>
			<X>316</X>
			<Y>161</Y>
		</point>
		<point>
			<X>316</X>
			<Y>161</Y>
		</point>
		<point>
			<X>317</X>
			<Y>161</Y>
		</point>
		<point>
			<X>317</X>
			<Y>161</Y>
		</point>
		<point>
			<X>317</X>
			<Y>164</Y>
		</point>
		<point>
			<X>317</X>
			<Y>164</Y>
		</point>
		<point>
			<X>318</X>
			<Y>166</Y>
		</point>
		<point>
			<X>318</X>
			<Y>166</Y>
		</point>
		<point>
			<X>318</X>
			<Y>166</Y>
		</point>
		<point>
			<X>318</X>
			<Y>166</Y>
		</point>
		<point>
			<X>319</X>
			<Y>168</Y>
		</point>
		<point>
			<X>319</X>
			<Y>168</Y>
		</point>
		<point>
			<X>319</X>
			<Y>169</Y>
		</point>
		<point>
			<X>319</X>
			<Y>169</Y>
		</point>
		<point>
			<X>320</X>
			<Y>170</Y>
		</point>
		<point>
			<X>320</X>
			<Y>170</Y>
		</point>
		<point>
			<X>320</X>
			<Y>171</Y>
		</point>
		<point>
			<X>320</X>
			<Y>171</Y>
		</point>
		<point>
			<X>320</X>
			<Y>171</Y>
		</point>
		<point>
			<X>320</X>
			<Y>171</Y>
		</point>
		<point>
			<X>320</X>
			<Y>173</Y>
		</point>
		<point>
			<X>320</X>
			<Y>173</Y>
		</point>
		<point>
			<X>320</X>
			<Y>174</Y>
		</point>
		<point>
			<X>320</X>
			<Y>174</Y>
		</point>
		<point>
			<X>321</X>
			<Y>175</Y>
		</point>
		<point>
			<X>321</X>
			<Y>175</Y>
		</point>
		<point>
			<X>322</X>
			<Y>176</Y>
		</point>
		<point>
			<X>322</X>
			<Y>176</Y>
		</point>
		<point>
			<X>322</X>
			<Y>178</Y>
		</point>
		<point>
			<X>322</X>
			<Y>178</Y>
		</point>
		<point>
			<X>322</X>
			<Y>179</Y>
		</point>
		<point>
			<X>322</X>
			<Y>179</Y>
		</point>
		<point>
			<X>323</X>
			<Y>179</Y>
		</point>
		<point>
			<X>323</X>
			<Y>179</Y>
		</point>
	</polygon>
	<polygon>
		<tag>plant</tag>
		<point>
			<X>135</X>
			<Y>120</Y>
		</point>
		<point>
			<X>134</X>
			<Y>120</Y>
		</point>
		<point>
			<X>134</X>
			<Y>120</Y>
		</point>
		<point>
			<X>133</X>
			<Y>121</Y>
		</point>
		<point>
			<X>133</X>
			<Y>121</Y>
		</point>
		<point>
			<X>133</X>
			<Y>122</Y>
		</point>
		<point>
			<X>133</X>
			<Y>122</Y>
		</point>
		<point>
			<X>133</X>
			<Y>124</Y>
		</point>
		<point>
			<X>133</X>
			<Y>124</Y>
		</point>
		<point>
			<X>132</X>
			<Y>125</Y>
		</point>
		<point>
			<X>132</X>
			<Y>125</Y>
		</point>
		<point>
			<X>131</X>
			<Y>126</Y>
		</point>
		<point>
			<X>131</X>
			<Y>126</Y>
		</point>
		<point>
			<X>131</X>
			<Y>127</Y>
		</point>
		<point>
			<X>131</X>
			<Y>127</Y>
		</point>
		<point>
			<X>130</X>
			<Y>128</Y>
		</point>
		<point>
			<X>130</X>
			<Y>128</Y>
		</point>
		<point>
			<X>129</X>
			<Y>130</Y>
		</point>
		<point>
			<X>129</X>
			<Y>130</Y>
		</point>
		<point>
			<X>128</X>
			<Y>132</Y>
		</point>
		<point>
			<X>128</X>
			<Y>132</Y>
		</point>
		<point>
			<X>128</X>
			<Y>133</Y>
		</point>
		<point>
			<X>128</X>
			<Y>133</Y>
		</point>
		<point>
			<X>127</X>
			<Y>134</Y>
		</point>
		<point>
			<X>127</X>
			<Y>134</Y>
		</point>
		<point>
			<X>126</X>
			<Y>136</Y>
		</point>
		<point>
			<X>126</X>
			<Y>136</Y>
		</point>
		<point>
			<X>126</X>
			<Y>138</Y>
		</point>
		<point>
			<X>126</X>
			<Y>138</Y>
		</point>
		<point>
			<X>126</X>
			<Y>140</Y>
		</point>
		<point>
			<X>126</X>
			<Y>140</Y>
		</point>
		<point>
			<X>125</X>
			<Y>142</Y>
		</point>
		<point>
			<X>125</X>
			<Y>142</Y>
		</point>
		<point>
			<X>124</X>
			<Y>144</Y>
		</point>
		<point>
			<X>124</X>
			<Y>144</Y>
		</point>
		<point>
			<X>123</X>
			<Y>146</Y>
		</point>
		<point>
			<X>123</X>
			<Y>146</Y>
		</point>
		<point>
			<X>122</X>
			<Y>148</Y>
		</point>
		<point>
			<X>122</X>
			<Y>148</Y>
		</point>
		<point>
			<X>121</X>
			<Y>151</Y>
		</point>
		<point>
			<X>121</X>
			<Y>151</Y>
		</point>
		<point>
			<X>120</X>
			<Y>153</Y>
		</point>
		<point>
			<X>120</X>
			<Y>153</Y>
		</point>
		<point>
			<X>120</X>
			<Y>156</Y>
		</point>
		<point>
			<X>120</X>
			<Y>156</Y>
		</point>
		<point>
			<X>118</X>
			<Y>159</Y>
		</point>
		<point>
			<X>118</X>
			<Y>159</Y>
		</point>
		<point>
			<X>117</X>
			<Y>161</Y>
		</point>
		<point>
			<X>117</X>
			<Y>161</Y>
		</point>
		<point>
			<X>117</X>
			<Y>161</Y>
		</point>
		<point>
			<X>117</X>
			<Y>161</Y>
		</point>
		<point>
			<X>117</X>
			<Y>164</Y>
		</point>
		<point>
			<X>117</X>
			<Y>164</Y>
		</point>
		<point>
			<X>117</X>
			<Y>165</Y>
		</point>
		<point>
			<X>117</X>
			<Y>165</Y>
		</point>
		<point>
			<X>117</X>
			<Y>166</Y>
		</point>
		<point>
			<X>117</X>
			<Y>166</Y>
		</point>
		<point>
			<X>116</X>
			<Y>166</Y>
		</point>
		<point>
			<X>116</X>
			<Y>166</Y>
		</point>
		<point>
			<X>115</X>
			<Y>169</Y>
		</point>
		<point>
			<X>115</X>
			<Y>169</Y>
		</point>
		<point>
			<X>114</X>
			<Y>171</Y>
		</point>
		<point>
			<X>114</X>
			<Y>171</Y>
		</point>
		<point>
			<X>114</X>
			<Y>173</Y>
		</point>
		<point>
			<X>114</X>
			<Y>173</Y>
		</point>
		<point>
			<X>114</X>
			<Y>174</Y>
		</point>
		<point>
			<X>114</X>
			<Y>174</Y>
		</point>
		<point>
			<X>114</X>
			<Y>176</Y>
		</point>
		<point>
			<X>114</X>
			<Y>176</Y>
		</point>
		<point>
			<X>114</X>
			<Y>178</Y>
		</point>
		<point>
			<X>114</X>
			<Y>178</Y>
		</point>
		<point>
			<X>114</X>
			<Y>179</Y>
		</point>
		<point>
			<X>114</X>
			<Y>179</Y>
		</point>
		<point>
			<X>113</X>
			<Y>180</Y>
		</point>
		<point>
			<X>113</X>
			<Y>180</Y>
		</point>
		<point>
			<X>113</X>
			<Y>180</Y>
		</point>
	</polygon>
</annotation>