<annotation>
	<folder>anno</folder>
	<filename>2008_007011.jpg</filename>
	<source>
		<database>The anno Database</database>
		<annotation>VC anno</annotation>
		<image>Unknow</image>
		<flickrid>Unknow</flickrid>
	</source>
	<owner>
		<flickrid>Unknow</flickrid>
		<name>Unknow</name>
	</owner>
	<size>
		<width>500</width>
		<height>330</height>
		<depth>3</depth>
	</size>
	<segmented>1</segmented>
	<polygon>
		<tag>train</tag>
		<point>
			<X>32</X>
			<Y>194</Y>
		</point>
		<point>
			<X>34</X>
			<Y>194</Y>
		</point>
		<point>
			<X>36</X>
			<Y>194</Y>
		</point>
		<point>
			<X>42</X>
			<Y>195</Y>
		</point>
		<point>
			<X>42</X>
			<Y>195</Y>
		</point>
		<point>
			<X>52</X>
			<Y>195</Y>
		</point>
		<point>
			<X>52</X>
			<Y>195</Y>
		</point>
		<point>
			<X>64</X>
			<Y>196</Y>
		</point>
		<point>
			<X>64</X>
			<Y>196</Y>
		</point>
		<point>
			<X>75</X>
			<Y>196</Y>
		</point>
		<point>
			<X>75</X>
			<Y>196</Y>
		</point>
		<point>
			<X>85</X>
			<Y>198</Y>
		</point>
		<point>
			<X>85</X>
			<Y>198</Y>
		</point>
		<point>
			<X>101</X>
			<Y>198</Y>
		</point>
		<point>
			<X>101</X>
			<Y>198</Y>
		</point>
		<point>
			<X>115</X>
			<Y>199</Y>
		</point>
		<point>
			<X>115</X>
			<Y>199</Y>
		</point>
		<point>
			<X>126</X>
			<Y>200</Y>
		</point>
		<point>
			<X>126</X>
			<Y>200</Y>
		</point>
		<point>
			<X>139</X>
			<Y>201</Y>
		</point>
		<point>
			<X>139</X>
			<Y>201</Y>
		</point>
		<point>
			<X>149</X>
			<Y>201</Y>
		</point>
		<point>
			<X>149</X>
			<Y>201</Y>
		</point>
		<point>
			<X>157</X>
			<Y>201</Y>
		</point>
		<point>
			<X>157</X>
			<Y>201</Y>
		</point>
		<point>
			<X>164</X>
			<Y>203</Y>
		</point>
		<point>
			<X>164</X>
			<Y>203</Y>
		</point>
		<point>
			<X>169</X>
			<Y>203</Y>
		</point>
		<point>
			<X>171</X>
			<Y>203</Y>
		</point>
		<point>
			<X>176</X>
			<Y>203</Y>
		</point>
		<point>
			<X>184</X>
			<Y>204</Y>
		</point>
		<point>
			<X>184</X>
			<Y>204</Y>
		</point>
		<point>
			<X>186</X>
			<Y>204</Y>
		</point>
		<point>
			<X>190</X>
			<Y>204</Y>
		</point>
		<point>
			<X>194</X>
			<Y>205</Y>
		</point>
		<point>
			<X>194</X>
			<Y>205</Y>
		</point>
		<point>
			<X>199</X>
			<Y>205</Y>
		</point>
		<point>
			<X>204</X>
			<Y>206</Y>
		</point>
		<point>
			<X>204</X>
			<Y>206</Y>
		</point>
		<point>
			<X>210</X>
			<Y>206</Y>
		</point>
		<point>
			<X>215</X>
			<Y>208</Y>
		</point>
		<point>
			<X>215</X>
			<Y>208</Y>
		</point>
		<point>
			<X>221</X>
			<Y>208</Y>
		</point>
		<point>
			<X>229</X>
			<Y>209</Y>
		</point>
		<point>
			<X>229</X>
			<Y>209</Y>
		</point>
		<point>
			<X>235</X>
			<Y>209</Y>
		</point>
		<point>
			<X>244</X>
			<Y>210</Y>
		</point>
		<point>
			<X>244</X>
			<Y>210</Y>
		</point>
		<point>
			<X>252</X>
			<Y>211</Y>
		</point>
		<point>
			<X>252</X>
			<Y>211</Y>
		</point>
		<point>
			<X>262</X>
			<Y>211</Y>
		</point>
		<point>
			<X>270</X>
			<Y>213</Y>
		</point>
		<point>
			<X>270</X>
			<Y>213</Y>
		</point>
		<point>
			<X>276</X>
			<Y>213</Y>
		</point>
		<point>
			<X>284</X>
			<Y>213</Y>
		</point>
		<point>
			<X>289</X>
			<Y>213</Y>
		</point>
		<point>
			<X>295</X>
			<Y>214</Y>
		</point>
		<point>
			<X>295</X>
			<Y>214</Y>
		</point>
		<point>
			<X>299</X>
			<Y>214</Y>
		</point>
		<point>
			<X>304</X>
			<Y>214</Y>
		</point>
		<point>
			<X>307</X>
			<Y>214</Y>
		</point>
		<point>
			<X>310</X>
			<Y>214</Y>
		</point>
		<point>
			<X>314</X>
			<Y>214</Y>
		</point>
		<point>
			<X>316</X>
			<Y>214</Y>
		</point>
		<point>
			<X>319</X>
			<Y>214</Y>
		</point>
		<point>
			<X>321</X>
			<Y>214</Y>
		</point>
		<point>
			<X>323</X>
			<Y>214</Y>
		</point>
		<point>
			<X>326</X>
			<Y>214</Y>
		</point>
		<point>
			<X>331</X>
			<Y>214</Y>
		</point>
		<point>
			<X>336</X>
			<Y>214</Y>
		</point>
		<point>
			<X>342</X>
			<Y>214</Y>
		</point>
		<point>
			<X>348</X>
			<Y>214</Y>
		</point>
		<point>
			<X>355</X>
			<Y>214</Y>
		</point>
		<point>
			<X>362</X>
			<Y>214</Y>
		</point>
		<point>
			<X>368</X>
			<Y>214</Y>
		</point>
		<point>
			<X>373</X>
			<Y>214</Y>
		</point>
		<point>
			<X>380</X>
			<Y>214</Y>
		</point>
		<point>
			<X>384</X>
			<Y>214</Y>
		</point>
		<point>
			<X>386</X>
			<Y>214</Y>
		</point>
		<point>
			<X>387</X>
			<Y>214</Y>
		</point>
		<point>
			<X>389</X>
			<Y>214</Y>
		</point>
		<point>
			<X>390</X>
			<Y>214</Y>
		</point>
		<point>
			<X>391</X>
			<Y>214</Y>
		</point>
		<point>
			<X>392</X>
			<Y>214</Y>
		</point>
		<point>
			<X>394</X>
			<Y>214</Y>
		</point>
		<point>
			<X>395</X>
			<Y>214</Y>
		</point>
		<point>
			<X>395</X>
			<Y>214</Y>
		</point>
	</polygon>
	<polygon>
		<tag>background</tag>
		<point>
			<X>39</X>
			<Y>90</Y>
		</point>
		<point>
			<X>40</X>
			<Y>90</Y>
		</point>
		<point>
			<X>40</X>
			<Y>90</Y>
		</point>
		<point>
			<X>42</X>
			<Y>88</Y>
		</point>
		<point>
			<X>42</X>
			<Y>88</Y>
		</point>
		<point>
			<X>47</X>
			<Y>84</Y>
		</point>
		<point>
			<X>47</X>
			<Y>84</Y>
		</point>
		<point>
			<X>52</X>
			<Y>80</Y>
		</point>
		<point>
			<X>52</X>
			<Y>80</Y>
		</point>
		<point>
			<X>64</X>
			<Y>74</Y>
		</point>
		<point>
			<X>64</X>
			<Y>74</Y>
		</point>
		<point>
			<X>76</X>
			<Y>68</Y>
		</point>
		<point>
			<X>76</X>
			<Y>68</Y>
		</point>
		<point>
			<X>90</X>
			<Y>61</Y>
		</point>
		<point>
			<X>90</X>
			<Y>61</Y>
		</point>
		<point>
			<X>105</X>
			<Y>59</Y>
		</point>
		<point>
			<X>105</X>
			<Y>59</Y>
		</point>
		<point>
			<X>121</X>
			<Y>56</Y>
		</point>
		<point>
			<X>121</X>
			<Y>56</Y>
		</point>
		<point>
			<X>139</X>
			<Y>55</Y>
		</point>
		<point>
			<X>139</X>
			<Y>55</Y>
		</point>
		<point>
			<X>154</X>
			<Y>54</Y>
		</point>
		<point>
			<X>154</X>
			<Y>54</Y>
		</point>
		<point>
			<X>170</X>
			<Y>54</Y>
		</point>
		<point>
			<X>186</X>
			<Y>54</Y>
		</point>
		<point>
			<X>202</X>
			<Y>54</Y>
		</point>
		<point>
			<X>219</X>
			<Y>54</Y>
		</point>
		<point>
			<X>234</X>
			<Y>54</Y>
		</point>
		<point>
			<X>249</X>
			<Y>54</Y>
		</point>
		<point>
			<X>262</X>
			<Y>53</Y>
		</point>
		<point>
			<X>262</X>
			<Y>53</Y>
		</point>
		<point>
			<X>271</X>
			<Y>53</Y>
		</point>
		<point>
			<X>280</X>
			<Y>53</Y>
		</point>
		<point>
			<X>286</X>
			<Y>53</Y>
		</point>
		<point>
			<X>291</X>
			<Y>53</Y>
		</point>
		<point>
			<X>296</X>
			<Y>53</Y>
		</point>
		<point>
			<X>300</X>
			<Y>53</Y>
		</point>
		<point>
			<X>305</X>
			<Y>53</Y>
		</point>
		<point>
			<X>309</X>
			<Y>53</Y>
		</point>
		<point>
			<X>312</X>
			<Y>53</Y>
		</point>
		<point>
			<X>316</X>
			<Y>53</Y>
		</point>
		<point>
			<X>320</X>
			<Y>53</Y>
		</point>
		<point>
			<X>327</X>
			<Y>53</Y>
		</point>
		<point>
			<X>332</X>
			<Y>53</Y>
		</point>
		<point>
			<X>337</X>
			<Y>54</Y>
		</point>
		<point>
			<X>337</X>
			<Y>54</Y>
		</point>
		<point>
			<X>342</X>
			<Y>54</Y>
		</point>
		<point>
			<X>347</X>
			<Y>54</Y>
		</point>
		<point>
			<X>355</X>
			<Y>56</Y>
		</point>
		<point>
			<X>355</X>
			<Y>56</Y>
		</point>
		<point>
			<X>361</X>
			<Y>58</Y>
		</point>
		<point>
			<X>361</X>
			<Y>58</Y>
		</point>
		<point>
			<X>367</X>
			<Y>60</Y>
		</point>
		<point>
			<X>367</X>
			<Y>60</Y>
		</point>
		<point>
			<X>375</X>
			<Y>63</Y>
		</point>
		<point>
			<X>375</X>
			<Y>63</Y>
		</point>
		<point>
			<X>382</X>
			<Y>64</Y>
		</point>
		<point>
			<X>382</X>
			<Y>64</Y>
		</point>
		<point>
			<X>389</X>
			<Y>65</Y>
		</point>
		<point>
			<X>389</X>
			<Y>65</Y>
		</point>
		<point>
			<X>397</X>
			<Y>68</Y>
		</point>
		<point>
			<X>397</X>
			<Y>68</Y>
		</point>
		<point>
			<X>404</X>
			<Y>69</Y>
		</point>
		<point>
			<X>404</X>
			<Y>69</Y>
		</point>
		<point>
			<X>409</X>
			<Y>70</Y>
		</point>
		<point>
			<X>409</X>
			<Y>70</Y>
		</point>
		<point>
			<X>412</X>
			<Y>70</Y>
		</point>
		<point>
			<X>414</X>
			<Y>70</Y>
		</point>
		<point>
			<X>416</X>
			<Y>70</Y>
		</point>
		<point>
			<X>417</X>
			<Y>71</Y>
		</point>
		<point>
			<X>417</X>
			<Y>71</Y>
		</point>
		<point>
			<X>419</X>
			<Y>71</Y>
		</point>
		<point>
			<X>419</X>
			<Y>71</Y>
		</point>
		<point>
			<X>420</X>
			<Y>73</Y>
		</point>
		<point>
			<X>420</X>
			<Y>73</Y>
		</point>
		<point>
			<X>421</X>
			<Y>73</Y>
		</point>
		<point>
			<X>421</X>
			<Y>73</Y>
		</point>
		<point>
			<X>424</X>
			<Y>73</Y>
		</point>
		<point>
			<X>425</X>
			<Y>73</Y>
		</point>
		<point>
			<X>426</X>
			<Y>74</Y>
		</point>
		<point>
			<X>426</X>
			<Y>74</Y>
		</point>
		<point>
			<X>429</X>
			<Y>74</Y>
		</point>
		<point>
			<X>432</X>
			<Y>75</Y>
		</point>
		<point>
			<X>432</X>
			<Y>75</Y>
		</point>
		<point>
			<X>434</X>
			<Y>75</Y>
		</point>
		<point>
			<X>435</X>
			<Y>76</Y>
		</point>
		<point>
			<X>435</X>
			<Y>76</Y>
		</point>
		<point>
			<X>437</X>
			<Y>78</Y>
		</point>
		<point>
			<X>437</X>
			<Y>78</Y>
		</point>
		<point>
			<X>439</X>
			<Y>78</Y>
		</point>
		<point>
			<X>440</X>
			<Y>79</Y>
		</point>
		<point>
			<X>440</X>
			<Y>79</Y>
		</point>
		<point>
			<X>442</X>
			<Y>80</Y>
		</point>
		<point>
			<X>442</X>
			<Y>80</Y>
		</point>
		<point>
			<X>445</X>
			<Y>83</Y>
		</point>
		<point>
			<X>445</X>
			<Y>83</Y>
		</point>
		<point>
			<X>447</X>
			<Y>85</Y>
		</point>
		<point>
			<X>447</X>
			<Y>85</Y>
		</point>
		<point>
			<X>449</X>
			<Y>88</Y>
		</point>
		<point>
			<X>449</X>
			<Y>88</Y>
		</point>
		<point>
			<X>450</X>
			<Y>90</Y>
		</point>
		<point>
			<X>450</X>
			<Y>90</Y>
		</point>
		<point>
			<X>454</X>
			<Y>90</Y>
		</point>
		<point>
			<X>454</X>
			<Y>90</Y>
		</point>
		<point>
			<X>454</X>
			<Y>95</Y>
		</point>
		<point>
			<X>454</X>
			<Y>95</Y>
		</point>
		<point>
			<X>457</X>
			<Y>98</Y>
		</point>
		<point>
			<X>457</X>
			<Y>98</Y>
		</point>
		<point>
			<X>459</X>
			<Y>101</Y>
		</point>
		<point>
			<X>459</X>
			<Y>101</Y>
		</point>
		<point>
			<X>460</X>
			<Y>108</Y>
		</point>
		<point>
			<X>460</X>
			<Y>108</Y>
		</point>
		<point>
			<X>465</X>
			<Y>115</Y>
		</point>
		<point>
			<X>465</X>
			<Y>115</Y>
		</point>
		<point>
			<X>469</X>
			<Y>123</Y>
		</point>
		<point>
			<X>469</X>
			<Y>123</Y>
		</point>
		<point>
			<X>470</X>
			<Y>133</Y>
		</point>
		<point>
			<X>470</X>
			<Y>133</Y>
		</point>
		<point>
			<X>472</X>
			<Y>141</Y>
		</point>
		<point>
			<X>472</X>
			<Y>141</Y>
		</point>
		<point>
			<X>474</X>
			<Y>146</Y>
		</point>
		<point>
			<X>474</X>
			<Y>146</Y>
		</point>
		<point>
			<X>475</X>
			<Y>154</Y>
		</point>
		<point>
			<X>475</X>
			<Y>154</Y>
		</point>
		<point>
			<X>475</X>
			<Y>159</Y>
		</point>
		<point>
			<X>475</X>
			<Y>159</Y>
		</point>
		<point>
			<X>475</X>
			<Y>163</Y>
		</point>
		<point>
			<X>475</X>
			<Y>163</Y>
		</point>
		<point>
			<X>477</X>
			<Y>168</Y>
		</point>
		<point>
			<X>477</X>
			<Y>168</Y>
		</point>
		<point>
			<X>479</X>
			<Y>175</Y>
		</point>
		<point>
			<X>479</X>
			<Y>175</Y>
		</point>
		<point>
			<X>479</X>
			<Y>180</Y>
		</point>
		<point>
			<X>479</X>
			<Y>180</Y>
		</point>
		<point>
			<X>479</X>
			<Y>189</Y>
		</point>
		<point>
			<X>479</X>
			<Y>189</Y>
		</point>
		<point>
			<X>479</X>
			<Y>195</Y>
		</point>
		<point>
			<X>479</X>
			<Y>195</Y>
		</point>
		<point>
			<X>479</X>
			<Y>203</Y>
		</point>
		<point>
			<X>479</X>
			<Y>203</Y>
		</point>
		<point>
			<X>479</X>
			<Y>208</Y>
		</point>
		<point>
			<X>479</X>
			<Y>208</Y>
		</point>
		<point>
			<X>479</X>
			<Y>213</Y>
		</point>
		<point>
			<X>479</X>
			<Y>213</Y>
		</point>
		<point>
			<X>479</X>
			<Y>217</Y>
		</point>
		<point>
			<X>479</X>
			<Y>217</Y>
		</point>
		<point>
			<X>479</X>
			<Y>222</Y>
		</point>
		<point>
			<X>479</X>
			<Y>222</Y>
		</point>
		<point>
			<X>479</X>
			<Y>227</Y>
		</point>
		<point>
			<X>479</X>
			<Y>227</Y>
		</point>
		<point>
			<X>479</X>
			<Y>234</Y>
		</point>
		<point>
			<X>479</X>
			<Y>234</Y>
		</point>
		<point>
			<X>477</X>
			<Y>239</Y>
		</point>
		<point>
			<X>477</X>
			<Y>239</Y>
		</point>
		<point>
			<X>475</X>
			<Y>245</Y>
		</point>
		<point>
			<X>475</X>
			<Y>245</Y>
		</point>
		<point>
			<X>472</X>
			<Y>250</Y>
		</point>
		<point>
			<X>472</X>
			<Y>250</Y>
		</point>
		<point>
			<X>470</X>
			<Y>258</Y>
		</point>
		<point>
			<X>470</X>
			<Y>258</Y>
		</point>
		<point>
			<X>467</X>
			<Y>265</Y>
		</point>
		<point>
			<X>467</X>
			<Y>265</Y>
		</point>
		<point>
			<X>465</X>
			<Y>269</Y>
		</point>
		<point>
			<X>465</X>
			<Y>269</Y>
		</point>
		<point>
			<X>464</X>
			<Y>273</Y>
		</point>
		<point>
			<X>464</X>
			<Y>273</Y>
		</point>
		<point>
			<X>460</X>
			<Y>278</Y>
		</point>
		<point>
			<X>460</X>
			<Y>278</Y>
		</point>
		<point>
			<X>460</X>
			<Y>280</Y>
		</point>
		<point>
			<X>460</X>
			<Y>280</Y>
		</point>
		<point>
			<X>457</X>
			<Y>283</Y>
		</point>
		<point>
			<X>457</X>
			<Y>283</Y>
		</point>
		<point>
			<X>457</X>
			<Y>285</Y>
		</point>
		<point>
			<X>457</X>
			<Y>285</Y>
		</point>
		<point>
			<X>454</X>
			<Y>288</Y>
		</point>
		<point>
			<X>454</X>
			<Y>288</Y>
		</point>
		<point>
			<X>452</X>
			<Y>290</Y>
		</point>
		<point>
			<X>452</X>
			<Y>290</Y>
		</point>
		<point>
			<X>450</X>
			<Y>293</Y>
		</point>
		<point>
			<X>450</X>
			<Y>293</Y>
		</point>
		<point>
			<X>445</X>
			<Y>296</Y>
		</point>
		<point>
			<X>445</X>
			<Y>296</Y>
		</point>
		<point>
			<X>444</X>
			<Y>299</Y>
		</point>
		<point>
			<X>444</X>
			<Y>299</Y>
		</point>
		<point>
			<X>437</X>
			<Y>301</Y>
		</point>
		<point>
			<X>437</X>
			<Y>301</Y>
		</point>
		<point>
			<X>434</X>
			<Y>304</Y>
		</point>
		<point>
			<X>434</X>
			<Y>304</Y>
		</point>
		<point>
			<X>427</X>
			<Y>308</Y>
		</point>
		<point>
			<X>427</X>
			<Y>308</Y>
		</point>
		<point>
			<X>422</X>
			<Y>309</Y>
		</point>
		<point>
			<X>422</X>
			<Y>309</Y>
		</point>
		<point>
			<X>416</X>
			<Y>311</Y>
		</point>
		<point>
			<X>416</X>
			<Y>311</Y>
		</point>
		<point>
			<X>411</X>
			<Y>313</Y>
		</point>
		<point>
			<X>411</X>
			<Y>313</Y>
		</point>
		<point>
			<X>407</X>
			<Y>314</Y>
		</point>
		<point>
			<X>407</X>
			<Y>314</Y>
		</point>
		<point>
			<X>404</X>
			<Y>315</Y>
		</point>
		<point>
			<X>404</X>
			<Y>315</Y>
		</point>
		<point>
			<X>396</X>
			<Y>315</Y>
		</point>
		<point>
			<X>396</X>
			<Y>315</Y>
		</point>
		<point>
			<X>392</X>
			<Y>318</Y>
		</point>
		<point>
			<X>392</X>
			<Y>318</Y>
		</point>
		<point>
			<X>389</X>
			<Y>318</Y>
		</point>
		<point>
			<X>389</X>
			<Y>318</Y>
		</point>
		<point>
			<X>384</X>
			<Y>319</Y>
		</point>
		<point>
			<X>384</X>
			<Y>319</Y>
		</point>
		<point>
			<X>380</X>
			<Y>319</Y>
		</point>
		<point>
			<X>380</X>
			<Y>319</Y>
		</point>
		<point>
			<X>375</X>
			<Y>319</Y>
		</point>
		<point>
			<X>375</X>
			<Y>319</Y>
		</point>
		<point>
			<X>370</X>
			<Y>319</Y>
		</point>
		<point>
			<X>370</X>
			<Y>319</Y>
		</point>
		<point>
			<X>365</X>
			<Y>319</Y>
		</point>
		<point>
			<X>365</X>
			<Y>319</Y>
		</point>
		<point>
			<X>358</X>
			<Y>319</Y>
		</point>
		<point>
			<X>358</X>
			<Y>319</Y>
		</point>
		<point>
			<X>352</X>
			<Y>319</Y>
		</point>
		<point>
			<X>352</X>
			<Y>319</Y>
		</point>
		<point>
			<X>345</X>
			<Y>318</Y>
		</point>
		<point>
			<X>345</X>
			<Y>318</Y>
		</point>
		<point>
			<X>336</X>
			<Y>316</Y>
		</point>
		<point>
			<X>336</X>
			<Y>316</Y>
		</point>
		<point>
			<X>327</X>
			<Y>315</Y>
		</point>
		<point>
			<X>327</X>
			<Y>315</Y>
		</point>
		<point>
			<X>320</X>
			<Y>315</Y>
		</point>
		<point>
			<X>320</X>
			<Y>315</Y>
		</point>
		<point>
			<X>312</X>
			<Y>314</Y>
		</point>
		<point>
			<X>312</X>
			<Y>314</Y>
		</point>
		<point>
			<X>304</X>
			<Y>314</Y>
		</point>
		<point>
			<X>304</X>
			<Y>314</Y>
		</point>
		<point>
			<X>297</X>
			<Y>314</Y>
		</point>
		<point>
			<X>297</X>
			<Y>314</Y>
		</point>
		<point>
			<X>290</X>
			<Y>314</Y>
		</point>
		<point>
			<X>290</X>
			<Y>314</Y>
		</point>
		<point>
			<X>284</X>
			<Y>314</Y>
		</point>
		<point>
			<X>284</X>
			<Y>314</Y>
		</point>
		<point>
			<X>279</X>
			<Y>313</Y>
		</point>
		<point>
			<X>279</X>
			<Y>313</Y>
		</point>
		<point>
			<X>272</X>
			<Y>311</Y>
		</point>
		<point>
			<X>272</X>
			<Y>311</Y>
		</point>
		<point>
			<X>266</X>
			<Y>310</Y>
		</point>
		<point>
			<X>266</X>
			<Y>310</Y>
		</point>
		<point>
			<X>260</X>
			<Y>309</Y>
		</point>
		<point>
			<X>260</X>
			<Y>309</Y>
		</point>
		<point>
			<X>256</X>
			<Y>309</Y>
		</point>
		<point>
			<X>256</X>
			<Y>309</Y>
		</point>
		<point>
			<X>252</X>
			<Y>308</Y>
		</point>
		<point>
			<X>252</X>
			<Y>308</Y>
		</point>
		<point>
			<X>246</X>
			<Y>306</Y>
		</point>
		<point>
			<X>246</X>
			<Y>306</Y>
		</point>
		<point>
			<X>239</X>
			<Y>304</Y>
		</point>
		<point>
			<X>239</X>
			<Y>304</Y>
		</point>
		<point>
			<X>231</X>
			<Y>301</Y>
		</point>
		<point>
			<X>231</X>
			<Y>301</Y>
		</point>
		<point>
			<X>225</X>
			<Y>300</Y>
		</point>
		<point>
			<X>225</X>
			<Y>300</Y>
		</point>
		<point>
			<X>214</X>
			<Y>298</Y>
		</point>
		<point>
			<X>214</X>
			<Y>298</Y>
		</point>
		<point>
			<X>205</X>
			<Y>295</Y>
		</point>
		<point>
			<X>205</X>
			<Y>295</Y>
		</point>
		<point>
			<X>196</X>
			<Y>293</Y>
		</point>
		<point>
			<X>196</X>
			<Y>293</Y>
		</point>
		<point>
			<X>186</X>
			<Y>291</Y>
		</point>
		<point>
			<X>186</X>
			<Y>291</Y>
		</point>
		<point>
			<X>179</X>
			<Y>290</Y>
		</point>
		<point>
			<X>179</X>
			<Y>290</Y>
		</point>
		<point>
			<X>171</X>
			<Y>289</Y>
		</point>
		<point>
			<X>171</X>
			<Y>289</Y>
		</point>
		<point>
			<X>161</X>
			<Y>286</Y>
		</point>
		<point>
			<X>161</X>
			<Y>286</Y>
		</point>
		<point>
			<X>154</X>
			<Y>285</Y>
		</point>
		<point>
			<X>154</X>
			<Y>285</Y>
		</point>
		<point>
			<X>145</X>
			<Y>284</Y>
		</point>
		<point>
			<X>145</X>
			<Y>284</Y>
		</point>
		<point>
			<X>136</X>
			<Y>280</Y>
		</point>
		<point>
			<X>136</X>
			<Y>280</Y>
		</point>
		<point>
			<X>125</X>
			<Y>278</Y>
		</point>
		<point>
			<X>125</X>
			<Y>278</Y>
		</point>
		<point>
			<X>116</X>
			<Y>274</Y>
		</point>
		<point>
			<X>116</X>
			<Y>274</Y>
		</point>
		<point>
			<X>107</X>
			<Y>270</Y>
		</point>
		<point>
			<X>107</X>
			<Y>270</Y>
		</point>
		<point>
			<X>97</X>
			<Y>268</Y>
		</point>
		<point>
			<X>97</X>
			<Y>268</Y>
		</point>
		<point>
			<X>85</X>
			<Y>265</Y>
		</point>
		<point>
			<X>85</X>
			<Y>265</Y>
		</point>
		<point>
			<X>76</X>
			<Y>264</Y>
		</point>
		<point>
			<X>76</X>
			<Y>264</Y>
		</point>
		<point>
			<X>66</X>
			<Y>263</Y>
		</point>
		<point>
			<X>66</X>
			<Y>263</Y>
		</point>
		<point>
			<X>56</X>
			<Y>260</Y>
		</point>
		<point>
			<X>56</X>
			<Y>260</Y>
		</point>
		<point>
			<X>47</X>
			<Y>259</Y>
		</point>
		<point>
			<X>47</X>
			<Y>259</Y>
		</point>
		<point>
			<X>39</X>
			<Y>259</Y>
		</point>
		<point>
			<X>39</X>
			<Y>259</Y>
		</point>
		<point>
			<X>30</X>
			<Y>258</Y>
		</point>
		<point>
			<X>30</X>
			<Y>258</Y>
		</point>
		<point>
			<X>21</X>
			<Y>255</Y>
		</point>
		<point>
			<X>21</X>
			<Y>255</Y>
		</point>
		<point>
			<X>15</X>
			<Y>254</Y>
		</point>
		<point>
			<X>15</X>
			<Y>254</Y>
		</point>
		<point>
			<X>9</X>
			<Y>252</Y>
		</point>
		<point>
			<X>9</X>
			<Y>252</Y>
		</point>
		<point>
			<X>4</X>
			<Y>250</Y>
		</point>
		<point>
			<X>4</X>
			<Y>250</Y>
		</point>
		<point>
			<X>1</X>
			<Y>250</Y>
		</point>
		<point>
			<X>1</X>
			<Y>250</Y>
		</point>
	</polygon>
</annotation>