<annotation>
	<folder>anno</folder>
	<filename>2008_004875.jpg</filename>
	<source>
		<database>The anno Database</database>
		<annotation>VC anno</annotation>
		<image>Unknow</image>
		<flickrid>Unknow</flickrid>
	</source>
	<owner>
		<flickrid>Unknow</flickrid>
		<name>Unknow</name>
	</owner>
	<size>
		<width>500</width>
		<height>375</height>
		<depth>4</depth>
	</size>
	<segmented>1</segmented>
	<polygon>
		<tag>person</tag>
		<point>
			<X>107</X>
			<Y>13</Y>
		</point>
		<point>
			<X>107</X>
			<Y>14</Y>
		</point>
		<point>
			<X>107</X>
			<Y>14</Y>
		</point>
		<point>
			<X>107</X>
			<Y>16</Y>
		</point>
		<point>
			<X>107</X>
			<Y>16</Y>
		</point>
		<point>
			<X>107</X>
			<Y>19</Y>
		</point>
		<point>
			<X>107</X>
			<Y>19</Y>
		</point>
		<point>
			<X>107</X>
			<Y>21</Y>
		</point>
		<point>
			<X>107</X>
			<Y>21</Y>
		</point>
		<point>
			<X>107</X>
			<Y>25</Y>
		</point>
		<point>
			<X>107</X>
			<Y>25</Y>
		</point>
		<point>
			<X>107</X>
			<Y>28</Y>
		</point>
		<point>
			<X>107</X>
			<Y>28</Y>
		</point>
		<point>
			<X>106</X>
			<Y>34</Y>
		</point>
		<point>
			<X>106</X>
			<Y>34</Y>
		</point>
		<point>
			<X>106</X>
			<Y>37</Y>
		</point>
		<point>
			<X>106</X>
			<Y>37</Y>
		</point>
		<point>
			<X>106</X>
			<Y>41</Y>
		</point>
		<point>
			<X>106</X>
			<Y>41</Y>
		</point>
		<point>
			<X>106</X>
			<Y>45</Y>
		</point>
		<point>
			<X>106</X>
			<Y>45</Y>
		</point>
		<point>
			<X>106</X>
			<Y>47</Y>
		</point>
		<point>
			<X>106</X>
			<Y>47</Y>
		</point>
		<point>
			<X>106</X>
			<Y>50</Y>
		</point>
		<point>
			<X>106</X>
			<Y>50</Y>
		</point>
		<point>
			<X>106</X>
			<Y>53</Y>
		</point>
		<point>
			<X>106</X>
			<Y>53</Y>
		</point>
		<point>
			<X>106</X>
			<Y>54</Y>
		</point>
		<point>
			<X>106</X>
			<Y>54</Y>
		</point>
		<point>
			<X>106</X>
			<Y>57</Y>
		</point>
		<point>
			<X>106</X>
			<Y>57</Y>
		</point>
		<point>
			<X>106</X>
			<Y>58</Y>
		</point>
		<point>
			<X>106</X>
			<Y>58</Y>
		</point>
		<point>
			<X>106</X>
			<Y>60</Y>
		</point>
		<point>
			<X>106</X>
			<Y>60</Y>
		</point>
		<point>
			<X>106</X>
			<Y>61</Y>
		</point>
		<point>
			<X>106</X>
			<Y>61</Y>
		</point>
		<point>
			<X>107</X>
			<Y>62</Y>
		</point>
		<point>
			<X>107</X>
			<Y>62</Y>
		</point>
		<point>
			<X>108</X>
			<Y>64</Y>
		</point>
		<point>
			<X>108</X>
			<Y>64</Y>
		</point>
		<point>
			<X>109</X>
			<Y>65</Y>
		</point>
		<point>
			<X>109</X>
			<Y>65</Y>
		</point>
		<point>
			<X>109</X>
			<Y>66</Y>
		</point>
		<point>
			<X>109</X>
			<Y>66</Y>
		</point>
		<point>
			<X>110</X>
			<Y>66</Y>
		</point>
		<point>
			<X>111</X>
			<Y>66</Y>
		</point>
		<point>
			<X>111</X>
			<Y>66</Y>
		</point>
		<point>
			<X>112</X>
			<Y>66</Y>
		</point>
		<point>
			<X>112</X>
			<Y>66</Y>
		</point>
		<point>
			<X>113</X>
			<Y>67</Y>
		</point>
		<point>
			<X>113</X>
			<Y>67</Y>
		</point>
		<point>
			<X>113</X>
			<Y>67</Y>
		</point>
		<point>
			<X>113</X>
			<Y>67</Y>
		</point>
		<point>
			<X>115</X>
			<Y>68</Y>
		</point>
		<point>
			<X>115</X>
			<Y>68</Y>
		</point>
		<point>
			<X>116</X>
			<Y>69</Y>
		</point>
		<point>
			<X>116</X>
			<Y>69</Y>
		</point>
		<point>
			<X>118</X>
			<Y>70</Y>
		</point>
		<point>
			<X>118</X>
			<Y>70</Y>
		</point>
		<point>
			<X>120</X>
			<Y>72</Y>
		</point>
		<point>
			<X>120</X>
			<Y>72</Y>
		</point>
		<point>
			<X>126</X>
			<Y>74</Y>
		</point>
		<point>
			<X>126</X>
			<Y>74</Y>
		</point>
		<point>
			<X>133</X>
			<Y>78</Y>
		</point>
		<point>
			<X>133</X>
			<Y>78</Y>
		</point>
		<point>
			<X>140</X>
			<Y>83</Y>
		</point>
		<point>
			<X>140</X>
			<Y>83</Y>
		</point>
		<point>
			<X>148</X>
			<Y>87</Y>
		</point>
		<point>
			<X>148</X>
			<Y>87</Y>
		</point>
		<point>
			<X>155</X>
			<Y>90</Y>
		</point>
		<point>
			<X>155</X>
			<Y>90</Y>
		</point>
		<point>
			<X>160</X>
			<Y>93</Y>
		</point>
		<point>
			<X>160</X>
			<Y>93</Y>
		</point>
		<point>
			<X>163</X>
			<Y>94</Y>
		</point>
		<point>
			<X>163</X>
			<Y>94</Y>
		</point>
		<point>
			<X>164</X>
			<Y>95</Y>
		</point>
		<point>
			<X>164</X>
			<Y>95</Y>
		</point>
		<point>
			<X>164</X>
			<Y>95</Y>
		</point>
	</polygon>
	<polygon>
		<tag>person</tag>
		<point>
			<X>431</X>
			<Y>42</Y>
		</point>
		<point>
			<X>429</X>
			<Y>46</Y>
		</point>
		<point>
			<X>429</X>
			<Y>46</Y>
		</point>
		<point>
			<X>427</X>
			<Y>50</Y>
		</point>
		<point>
			<X>427</X>
			<Y>50</Y>
		</point>
		<point>
			<X>426</X>
			<Y>55</Y>
		</point>
		<point>
			<X>426</X>
			<Y>55</Y>
		</point>
		<point>
			<X>423</X>
			<Y>60</Y>
		</point>
		<point>
			<X>423</X>
			<Y>60</Y>
		</point>
		<point>
			<X>420</X>
			<Y>65</Y>
		</point>
		<point>
			<X>420</X>
			<Y>65</Y>
		</point>
		<point>
			<X>417</X>
			<Y>69</Y>
		</point>
		<point>
			<X>417</X>
			<Y>69</Y>
		</point>
		<point>
			<X>414</X>
			<Y>73</Y>
		</point>
		<point>
			<X>414</X>
			<Y>73</Y>
		</point>
		<point>
			<X>413</X>
			<Y>77</Y>
		</point>
		<point>
			<X>413</X>
			<Y>77</Y>
		</point>
		<point>
			<X>413</X>
			<Y>80</Y>
		</point>
		<point>
			<X>413</X>
			<Y>80</Y>
		</point>
		<point>
			<X>411</X>
			<Y>83</Y>
		</point>
		<point>
			<X>411</X>
			<Y>83</Y>
		</point>
		<point>
			<X>409</X>
			<Y>85</Y>
		</point>
		<point>
			<X>409</X>
			<Y>85</Y>
		</point>
		<point>
			<X>409</X>
			<Y>88</Y>
		</point>
		<point>
			<X>409</X>
			<Y>88</Y>
		</point>
		<point>
			<X>407</X>
			<Y>89</Y>
		</point>
		<point>
			<X>407</X>
			<Y>89</Y>
		</point>
		<point>
			<X>406</X>
			<Y>90</Y>
		</point>
		<point>
			<X>406</X>
			<Y>90</Y>
		</point>
		<point>
			<X>406</X>
			<Y>93</Y>
		</point>
		<point>
			<X>406</X>
			<Y>93</Y>
		</point>
		<point>
			<X>406</X>
			<Y>93</Y>
		</point>
		<point>
			<X>406</X>
			<Y>93</Y>
		</point>
		<point>
			<X>405</X>
			<Y>95</Y>
		</point>
		<point>
			<X>405</X>
			<Y>95</Y>
		</point>
		<point>
			<X>405</X>
			<Y>97</Y>
		</point>
		<point>
			<X>405</X>
			<Y>97</Y>
		</point>
		<point>
			<X>404</X>
			<Y>99</Y>
		</point>
		<point>
			<X>404</X>
			<Y>99</Y>
		</point>
		<point>
			<X>403</X>
			<Y>100</Y>
		</point>
		<point>
			<X>403</X>
			<Y>100</Y>
		</point>
		<point>
			<X>402</X>
			<Y>101</Y>
		</point>
		<point>
			<X>402</X>
			<Y>101</Y>
		</point>
		<point>
			<X>402</X>
			<Y>102</Y>
		</point>
		<point>
			<X>402</X>
			<Y>102</Y>
		</point>
		<point>
			<X>401</X>
			<Y>104</Y>
		</point>
		<point>
			<X>401</X>
			<Y>104</Y>
		</point>
		<point>
			<X>400</X>
			<Y>106</Y>
		</point>
		<point>
			<X>400</X>
			<Y>106</Y>
		</point>
		<point>
			<X>400</X>
			<Y>106</Y>
		</point>
		<point>
			<X>400</X>
			<Y>106</Y>
		</point>
		<point>
			<X>400</X>
			<Y>109</Y>
		</point>
		<point>
			<X>400</X>
			<Y>109</Y>
		</point>
		<point>
			<X>400</X>
			<Y>112</Y>
		</point>
		<point>
			<X>400</X>
			<Y>112</Y>
		</point>
		<point>
			<X>400</X>
			<Y>113</Y>
		</point>
		<point>
			<X>400</X>
			<Y>113</Y>
		</point>
		<point>
			<X>399</X>
			<Y>117</Y>
		</point>
		<point>
			<X>399</X>
			<Y>117</Y>
		</point>
		<point>
			<X>398</X>
			<Y>120</Y>
		</point>
		<point>
			<X>398</X>
			<Y>120</Y>
		</point>
		<point>
			<X>397</X>
			<Y>125</Y>
		</point>
		<point>
			<X>397</X>
			<Y>125</Y>
		</point>
		<point>
			<X>396</X>
			<Y>128</Y>
		</point>
		<point>
			<X>396</X>
			<Y>128</Y>
		</point>
		<point>
			<X>395</X>
			<Y>133</Y>
		</point>
		<point>
			<X>395</X>
			<Y>133</Y>
		</point>
		<point>
			<X>394</X>
			<Y>136</Y>
		</point>
		<point>
			<X>394</X>
			<Y>136</Y>
		</point>
		<point>
			<X>394</X>
			<Y>139</Y>
		</point>
		<point>
			<X>394</X>
			<Y>139</Y>
		</point>
		<point>
			<X>394</X>
			<Y>142</Y>
		</point>
		<point>
			<X>394</X>
			<Y>142</Y>
		</point>
		<point>
			<X>393</X>
			<Y>145</Y>
		</point>
		<point>
			<X>393</X>
			<Y>145</Y>
		</point>
		<point>
			<X>393</X>
			<Y>146</Y>
		</point>
		<point>
			<X>393</X>
			<Y>146</Y>
		</point>
		<point>
			<X>393</X>
			<Y>147</Y>
		</point>
		<point>
			<X>393</X>
			<Y>147</Y>
		</point>
		<point>
			<X>393</X>
			<Y>148</Y>
		</point>
		<point>
			<X>393</X>
			<Y>148</Y>
		</point>
		<point>
			<X>393</X>
			<Y>151</Y>
		</point>
		<point>
			<X>393</X>
			<Y>151</Y>
		</point>
		<point>
			<X>393</X>
			<Y>153</Y>
		</point>
		<point>
			<X>393</X>
			<Y>153</Y>
		</point>
		<point>
			<X>393</X>
			<Y>153</Y>
		</point>
		<point>
			<X>393</X>
			<Y>153</Y>
		</point>
		<point>
			<X>393</X>
			<Y>155</Y>
		</point>
		<point>
			<X>393</X>
			<Y>155</Y>
		</point>
		<point>
			<X>393</X>
			<Y>158</Y>
		</point>
		<point>
			<X>393</X>
			<Y>158</Y>
		</point>
		<point>
			<X>393</X>
			<Y>160</Y>
		</point>
		<point>
			<X>393</X>
			<Y>160</Y>
		</point>
		<point>
			<X>393</X>
			<Y>160</Y>
		</point>
		<point>
			<X>393</X>
			<Y>160</Y>
		</point>
		<point>
			<X>394</X>
			<Y>161</Y>
		</point>
		<point>
			<X>394</X>
			<Y>161</Y>
		</point>
		<point>
			<X>395</X>
			<Y>163</Y>
		</point>
		<point>
			<X>395</X>
			<Y>163</Y>
		</point>
		<point>
			<X>395</X>
			<Y>164</Y>
		</point>
		<point>
			<X>395</X>
			<Y>164</Y>
		</point>
		<point>
			<X>396</X>
			<Y>165</Y>
		</point>
		<point>
			<X>396</X>
			<Y>165</Y>
		</point>
		<point>
			<X>397</X>
			<Y>166</Y>
		</point>
		<point>
			<X>397</X>
			<Y>166</Y>
		</point>
		<point>
			<X>397</X>
			<Y>166</Y>
		</point>
		<point>
			<X>397</X>
			<Y>166</Y>
		</point>
		<point>
			<X>398</X>
			<Y>166</Y>
		</point>
		<point>
			<X>398</X>
			<Y>168</Y>
		</point>
		<point>
			<X>399</X>
			<Y>168</Y>
		</point>
		<point>
			<X>400</X>
			<Y>169</Y>
		</point>
		<point>
			<X>400</X>
			<Y>169</Y>
		</point>
		<point>
			<X>400</X>
			<Y>169</Y>
		</point>
		<point>
			<X>400</X>
			<Y>169</Y>
		</point>
		<point>
			<X>401</X>
			<Y>169</Y>
		</point>
		<point>
			<X>401</X>
			<Y>169</Y>
		</point>
		<point>
			<X>402</X>
			<Y>170</Y>
		</point>
		<point>
			<X>402</X>
			<Y>170</Y>
		</point>
		<point>
			<X>403</X>
			<Y>170</Y>
		</point>
		<point>
			<X>403</X>
			<Y>170</Y>
		</point>
		<point>
			<X>404</X>
			<Y>170</Y>
		</point>
		<point>
			<X>404</X>
			<Y>170</Y>
		</point>
		<point>
			<X>405</X>
			<Y>170</Y>
		</point>
		<point>
			<X>405</X>
			<Y>170</Y>
		</point>
		<point>
			<X>406</X>
			<Y>170</Y>
		</point>
		<point>
			<X>406</X>
			<Y>170</Y>
		</point>
		<point>
			<X>406</X>
			<Y>170</Y>
		</point>
		<point>
			<X>406</X>
			<Y>170</Y>
		</point>
		<point>
			<X>407</X>
			<Y>171</Y>
		</point>
		<point>
			<X>407</X>
			<Y>171</Y>
		</point>
		<point>
			<X>408</X>
			<Y>171</Y>
		</point>
		<point>
			<X>408</X>
			<Y>171</Y>
		</point>
		<point>
			<X>409</X>
			<Y>171</Y>
		</point>
		<point>
			<X>409</X>
			<Y>171</Y>
		</point>
		<point>
			<X>408</X>
			<Y>171</Y>
		</point>
		<point>
			<X>408</X>
			<Y>171</Y>
		</point>
	</polygon>
	<polygon>
		<tag>person</tag>
		<point>
			<X>231</X>
			<Y>254</Y>
		</point>
		<point>
			<X>230</X>
			<Y>255</Y>
		</point>
		<point>
			<X>230</X>
			<Y>255</Y>
		</point>
		<point>
			<X>228</X>
			<Y>257</Y>
		</point>
		<point>
			<X>228</X>
			<Y>257</Y>
		</point>
		<point>
			<X>227</X>
			<Y>258</Y>
		</point>
		<point>
			<X>227</X>
			<Y>258</Y>
		</point>
		<point>
			<X>226</X>
			<Y>260</Y>
		</point>
		<point>
			<X>226</X>
			<Y>260</Y>
		</point>
		<point>
			<X>225</X>
			<Y>262</Y>
		</point>
		<point>
			<X>225</X>
			<Y>262</Y>
		</point>
		<point>
			<X>224</X>
			<Y>264</Y>
		</point>
		<point>
			<X>224</X>
			<Y>264</Y>
		</point>
		<point>
			<X>222</X>
			<Y>266</Y>
		</point>
		<point>
			<X>222</X>
			<Y>266</Y>
		</point>
		<point>
			<X>221</X>
			<Y>268</Y>
		</point>
		<point>
			<X>221</X>
			<Y>268</Y>
		</point>
		<point>
			<X>220</X>
			<Y>273</Y>
		</point>
		<point>
			<X>220</X>
			<Y>273</Y>
		</point>
		<point>
			<X>217</X>
			<Y>277</Y>
		</point>
		<point>
			<X>217</X>
			<Y>277</Y>
		</point>
		<point>
			<X>214</X>
			<Y>281</Y>
		</point>
		<point>
			<X>214</X>
			<Y>281</Y>
		</point>
		<point>
			<X>212</X>
			<Y>285</Y>
		</point>
		<point>
			<X>212</X>
			<Y>285</Y>
		</point>
		<point>
			<X>209</X>
			<Y>289</Y>
		</point>
		<point>
			<X>209</X>
			<Y>289</Y>
		</point>
		<point>
			<X>208</X>
			<Y>293</Y>
		</point>
		<point>
			<X>208</X>
			<Y>293</Y>
		</point>
		<point>
			<X>206</X>
			<Y>294</Y>
		</point>
		<point>
			<X>206</X>
			<Y>294</Y>
		</point>
		<point>
			<X>205</X>
			<Y>296</Y>
		</point>
		<point>
			<X>205</X>
			<Y>296</Y>
		</point>
		<point>
			<X>203</X>
			<Y>299</Y>
		</point>
		<point>
			<X>203</X>
			<Y>299</Y>
		</point>
		<point>
			<X>202</X>
			<Y>300</Y>
		</point>
		<point>
			<X>202</X>
			<Y>300</Y>
		</point>
		<point>
			<X>200</X>
			<Y>301</Y>
		</point>
		<point>
			<X>200</X>
			<Y>301</Y>
		</point>
		<point>
			<X>200</X>
			<Y>304</Y>
		</point>
		<point>
			<X>200</X>
			<Y>304</Y>
		</point>
		<point>
			<X>199</X>
			<Y>306</Y>
		</point>
		<point>
			<X>199</X>
			<Y>306</Y>
		</point>
		<point>
			<X>197</X>
			<Y>307</Y>
		</point>
		<point>
			<X>197</X>
			<Y>307</Y>
		</point>
		<point>
			<X>196</X>
			<Y>310</Y>
		</point>
		<point>
			<X>196</X>
			<Y>310</Y>
		</point>
		<point>
			<X>194</X>
			<Y>313</Y>
		</point>
		<point>
			<X>194</X>
			<Y>313</Y>
		</point>
		<point>
			<X>193</X>
			<Y>314</Y>
		</point>
		<point>
			<X>193</X>
			<Y>314</Y>
		</point>
		<point>
			<X>191</X>
			<Y>316</Y>
		</point>
		<point>
			<X>191</X>
			<Y>316</Y>
		</point>
		<point>
			<X>189</X>
			<Y>319</Y>
		</point>
		<point>
			<X>189</X>
			<Y>319</Y>
		</point>
		<point>
			<X>188</X>
			<Y>320</Y>
		</point>
		<point>
			<X>188</X>
			<Y>320</Y>
		</point>
		<point>
			<X>186</X>
			<Y>322</Y>
		</point>
		<point>
			<X>186</X>
			<Y>322</Y>
		</point>
		<point>
			<X>185</X>
			<Y>325</Y>
		</point>
		<point>
			<X>185</X>
			<Y>325</Y>
		</point>
		<point>
			<X>184</X>
			<Y>326</Y>
		</point>
		<point>
			<X>184</X>
			<Y>326</Y>
		</point>
		<point>
			<X>181</X>
			<Y>327</Y>
		</point>
		<point>
			<X>181</X>
			<Y>327</Y>
		</point>
		<point>
			<X>181</X>
			<Y>330</Y>
		</point>
		<point>
			<X>181</X>
			<Y>330</Y>
		</point>
		<point>
			<X>180</X>
			<Y>331</Y>
		</point>
		<point>
			<X>180</X>
			<Y>331</Y>
		</point>
		<point>
			<X>180</X>
			<Y>333</Y>
		</point>
		<point>
			<X>180</X>
			<Y>333</Y>
		</point>
		<point>
			<X>179</X>
			<Y>335</Y>
		</point>
		<point>
			<X>179</X>
			<Y>335</Y>
		</point>
		<point>
			<X>176</X>
			<Y>337</Y>
		</point>
		<point>
			<X>176</X>
			<Y>337</Y>
		</point>
		<point>
			<X>176</X>
			<Y>338</Y>
		</point>
		<point>
			<X>176</X>
			<Y>338</Y>
		</point>
		<point>
			<X>175</X>
			<Y>340</Y>
		</point>
		<point>
			<X>175</X>
			<Y>340</Y>
		</point>
		<point>
			<X>174</X>
			<Y>342</Y>
		</point>
		<point>
			<X>174</X>
			<Y>342</Y>
		</point>
		<point>
			<X>173</X>
			<Y>343</Y>
		</point>
		<point>
			<X>173</X>
			<Y>343</Y>
		</point>
		<point>
			<X>171</X>
			<Y>346</Y>
		</point>
		<point>
			<X>171</X>
			<Y>346</Y>
		</point>
		<point>
			<X>171</X>
			<Y>348</Y>
		</point>
		<point>
			<X>171</X>
			<Y>348</Y>
		</point>
		<point>
			<X>171</X>
			<Y>351</Y>
		</point>
		<point>
			<X>171</X>
			<Y>351</Y>
		</point>
		<point>
			<X>170</X>
			<Y>353</Y>
		</point>
		<point>
			<X>170</X>
			<Y>353</Y>
		</point>
		<point>
			<X>170</X>
			<Y>353</Y>
		</point>
		<point>
			<X>170</X>
			<Y>353</Y>
		</point>
		<point>
			<X>169</X>
			<Y>357</Y>
		</point>
		<point>
			<X>169</X>
			<Y>357</Y>
		</point>
		<point>
			<X>169</X>
			<Y>358</Y>
		</point>
		<point>
			<X>169</X>
			<Y>358</Y>
		</point>
		<point>
			<X>169</X>
			<Y>358</Y>
		</point>
		<point>
			<X>169</X>
			<Y>358</Y>
		</point>
		<point>
			<X>169</X>
			<Y>360</Y>
		</point>
		<point>
			<X>169</X>
			<Y>360</Y>
		</point>
		<point>
			<X>168</X>
			<Y>360</Y>
		</point>
		<point>
			<X>168</X>
			<Y>360</Y>
		</point>
		<point>
			<X>166</X>
			<Y>360</Y>
		</point>
		<point>
			<X>166</X>
			<Y>360</Y>
		</point>
		<point>
			<X>164</X>
			<Y>358</Y>
		</point>
		<point>
			<X>164</X>
			<Y>358</Y>
		</point>
		<point>
			<X>160</X>
			<Y>358</Y>
		</point>
		<point>
			<X>160</X>
			<Y>358</Y>
		</point>
	</polygon>
	<polygon>
		<tag>background</tag>
		<point>
			<X>29</X>
			<Y>13</Y>
		</point>
		<point>
			<X>29</X>
			<Y>13</Y>
		</point>
		<point>
			<X>29</X>
			<Y>13</Y>
		</point>
		<point>
			<X>29</X>
			<Y>15</Y>
		</point>
		<point>
			<X>29</X>
			<Y>15</Y>
		</point>
		<point>
			<X>30</X>
			<Y>20</Y>
		</point>
		<point>
			<X>30</X>
			<Y>20</Y>
		</point>
		<point>
			<X>32</X>
			<Y>26</Y>
		</point>
		<point>
			<X>32</X>
			<Y>26</Y>
		</point>
		<point>
			<X>33</X>
			<Y>32</Y>
		</point>
		<point>
			<X>33</X>
			<Y>32</Y>
		</point>
		<point>
			<X>33</X>
			<Y>39</Y>
		</point>
		<point>
			<X>33</X>
			<Y>39</Y>
		</point>
		<point>
			<X>35</X>
			<Y>47</Y>
		</point>
		<point>
			<X>35</X>
			<Y>47</Y>
		</point>
		<point>
			<X>38</X>
			<Y>56</Y>
		</point>
		<point>
			<X>38</X>
			<Y>56</Y>
		</point>
		<point>
			<X>40</X>
			<Y>64</Y>
		</point>
		<point>
			<X>40</X>
			<Y>64</Y>
		</point>
		<point>
			<X>41</X>
			<Y>74</Y>
		</point>
		<point>
			<X>41</X>
			<Y>74</Y>
		</point>
		<point>
			<X>42</X>
			<Y>84</Y>
		</point>
		<point>
			<X>42</X>
			<Y>84</Y>
		</point>
		<point>
			<X>45</X>
			<Y>94</Y>
		</point>
		<point>
			<X>45</X>
			<Y>94</Y>
		</point>
		<point>
			<X>47</X>
			<Y>107</Y>
		</point>
		<point>
			<X>47</X>
			<Y>107</Y>
		</point>
		<point>
			<X>48</X>
			<Y>120</Y>
		</point>
		<point>
			<X>48</X>
			<Y>120</Y>
		</point>
		<point>
			<X>48</X>
			<Y>133</Y>
		</point>
		<point>
			<X>48</X>
			<Y>133</Y>
		</point>
		<point>
			<X>48</X>
			<Y>150</Y>
		</point>
		<point>
			<X>48</X>
			<Y>150</Y>
		</point>
		<point>
			<X>48</X>
			<Y>163</Y>
		</point>
		<point>
			<X>48</X>
			<Y>163</Y>
		</point>
		<point>
			<X>48</X>
			<Y>176</Y>
		</point>
		<point>
			<X>48</X>
			<Y>176</Y>
		</point>
		<point>
			<X>50</X>
			<Y>189</Y>
		</point>
		<point>
			<X>50</X>
			<Y>189</Y>
		</point>
		<point>
			<X>51</X>
			<Y>199</Y>
		</point>
		<point>
			<X>51</X>
			<Y>199</Y>
		</point>
		<point>
			<X>53</X>
			<Y>206</Y>
		</point>
		<point>
			<X>53</X>
			<Y>206</Y>
		</point>
		<point>
			<X>55</X>
			<Y>213</Y>
		</point>
		<point>
			<X>55</X>
			<Y>213</Y>
		</point>
		<point>
			<X>57</X>
			<Y>218</Y>
		</point>
		<point>
			<X>57</X>
			<Y>218</Y>
		</point>
		<point>
			<X>58</X>
			<Y>221</Y>
		</point>
		<point>
			<X>58</X>
			<Y>221</Y>
		</point>
		<point>
			<X>60</X>
			<Y>226</Y>
		</point>
		<point>
			<X>60</X>
			<Y>226</Y>
		</point>
		<point>
			<X>62</X>
			<Y>230</Y>
		</point>
		<point>
			<X>62</X>
			<Y>230</Y>
		</point>
		<point>
			<X>65</X>
			<Y>233</Y>
		</point>
		<point>
			<X>65</X>
			<Y>233</Y>
		</point>
		<point>
			<X>66</X>
			<Y>236</Y>
		</point>
		<point>
			<X>66</X>
			<Y>236</Y>
		</point>
		<point>
			<X>67</X>
			<Y>239</Y>
		</point>
		<point>
			<X>67</X>
			<Y>239</Y>
		</point>
		<point>
			<X>70</X>
			<Y>240</Y>
		</point>
		<point>
			<X>70</X>
			<Y>240</Y>
		</point>
		<point>
			<X>71</X>
			<Y>243</Y>
		</point>
		<point>
			<X>71</X>
			<Y>243</Y>
		</point>
		<point>
			<X>73</X>
			<Y>245</Y>
		</point>
		<point>
			<X>73</X>
			<Y>245</Y>
		</point>
		<point>
			<X>74</X>
			<Y>246</Y>
		</point>
		<point>
			<X>74</X>
			<Y>246</Y>
		</point>
		<point>
			<X>76</X>
			<Y>249</Y>
		</point>
		<point>
			<X>76</X>
			<Y>249</Y>
		</point>
		<point>
			<X>80</X>
			<Y>250</Y>
		</point>
		<point>
			<X>80</X>
			<Y>250</Y>
		</point>
		<point>
			<X>80</X>
			<Y>253</Y>
		</point>
		<point>
			<X>80</X>
			<Y>253</Y>
		</point>
		<point>
			<X>84</X>
			<Y>253</Y>
		</point>
		<point>
			<X>84</X>
			<Y>253</Y>
		</point>
		<point>
			<X>87</X>
			<Y>256</Y>
		</point>
		<point>
			<X>87</X>
			<Y>256</Y>
		</point>
		<point>
			<X>90</X>
			<Y>258</Y>
		</point>
		<point>
			<X>90</X>
			<Y>258</Y>
		</point>
		<point>
			<X>93</X>
			<Y>259</Y>
		</point>
		<point>
			<X>93</X>
			<Y>259</Y>
		</point>
		<point>
			<X>96</X>
			<Y>260</Y>
		</point>
		<point>
			<X>96</X>
			<Y>260</Y>
		</point>
		<point>
			<X>99</X>
			<Y>261</Y>
		</point>
		<point>
			<X>99</X>
			<Y>261</Y>
		</point>
		<point>
			<X>103</X>
			<Y>262</Y>
		</point>
		<point>
			<X>103</X>
			<Y>262</Y>
		</point>
		<point>
			<X>105</X>
			<Y>262</Y>
		</point>
		<point>
			<X>105</X>
			<Y>262</Y>
		</point>
		<point>
			<X>108</X>
			<Y>262</Y>
		</point>
		<point>
			<X>108</X>
			<Y>262</Y>
		</point>
		<point>
			<X>112</X>
			<Y>262</Y>
		</point>
		<point>
			<X>112</X>
			<Y>262</Y>
		</point>
		<point>
			<X>117</X>
			<Y>262</Y>
		</point>
		<point>
			<X>117</X>
			<Y>262</Y>
		</point>
		<point>
			<X>123</X>
			<Y>262</Y>
		</point>
		<point>
			<X>123</X>
			<Y>262</Y>
		</point>
		<point>
			<X>129</X>
			<Y>261</Y>
		</point>
		<point>
			<X>129</X>
			<Y>261</Y>
		</point>
		<point>
			<X>134</X>
			<Y>260</Y>
		</point>
		<point>
			<X>134</X>
			<Y>260</Y>
		</point>
		<point>
			<X>140</X>
			<Y>258</Y>
		</point>
		<point>
			<X>140</X>
			<Y>258</Y>
		</point>
		<point>
			<X>145</X>
			<Y>255</Y>
		</point>
		<point>
			<X>145</X>
			<Y>255</Y>
		</point>
		<point>
			<X>150</X>
			<Y>253</Y>
		</point>
		<point>
			<X>150</X>
			<Y>253</Y>
		</point>
		<point>
			<X>155</X>
			<Y>251</Y>
		</point>
		<point>
			<X>155</X>
			<Y>251</Y>
		</point>
		<point>
			<X>159</X>
			<Y>249</Y>
		</point>
		<point>
			<X>159</X>
			<Y>249</Y>
		</point>
		<point>
			<X>163</X>
			<Y>247</Y>
		</point>
		<point>
			<X>163</X>
			<Y>247</Y>
		</point>
		<point>
			<X>166</X>
			<Y>246</Y>
		</point>
		<point>
			<X>166</X>
			<Y>246</Y>
		</point>
		<point>
			<X>170</X>
			<Y>244</Y>
		</point>
		<point>
			<X>170</X>
			<Y>244</Y>
		</point>
		<point>
			<X>174</X>
			<Y>241</Y>
		</point>
		<point>
			<X>174</X>
			<Y>241</Y>
		</point>
		<point>
			<X>176</X>
			<Y>239</Y>
		</point>
		<point>
			<X>176</X>
			<Y>239</Y>
		</point>
		<point>
			<X>180</X>
			<Y>235</Y>
		</point>
		<point>
			<X>180</X>
			<Y>235</Y>
		</point>
		<point>
			<X>184</X>
			<Y>231</Y>
		</point>
		<point>
			<X>184</X>
			<Y>231</Y>
		</point>
		<point>
			<X>188</X>
			<Y>226</Y>
		</point>
		<point>
			<X>188</X>
			<Y>226</Y>
		</point>
		<point>
			<X>193</X>
			<Y>220</Y>
		</point>
		<point>
			<X>193</X>
			<Y>220</Y>
		</point>
		<point>
			<X>198</X>
			<Y>215</Y>
		</point>
		<point>
			<X>198</X>
			<Y>215</Y>
		</point>
		<point>
			<X>202</X>
			<Y>209</Y>
		</point>
		<point>
			<X>202</X>
			<Y>209</Y>
		</point>
		<point>
			<X>206</X>
			<Y>204</Y>
		</point>
		<point>
			<X>206</X>
			<Y>204</Y>
		</point>
		<point>
			<X>208</X>
			<Y>200</Y>
		</point>
		<point>
			<X>208</X>
			<Y>200</Y>
		</point>
		<point>
			<X>212</X>
			<Y>195</Y>
		</point>
		<point>
			<X>212</X>
			<Y>195</Y>
		</point>
		<point>
			<X>214</X>
			<Y>192</Y>
		</point>
		<point>
			<X>214</X>
			<Y>192</Y>
		</point>
		<point>
			<X>217</X>
			<Y>186</Y>
		</point>
		<point>
			<X>217</X>
			<Y>186</Y>
		</point>
		<point>
			<X>219</X>
			<Y>183</Y>
		</point>
		<point>
			<X>219</X>
			<Y>183</Y>
		</point>
		<point>
			<X>220</X>
			<Y>180</Y>
		</point>
		<point>
			<X>220</X>
			<Y>180</Y>
		</point>
		<point>
			<X>223</X>
			<Y>176</Y>
		</point>
		<point>
			<X>223</X>
			<Y>176</Y>
		</point>
		<point>
			<X>225</X>
			<Y>173</Y>
		</point>
		<point>
			<X>225</X>
			<Y>173</Y>
		</point>
		<point>
			<X>226</X>
			<Y>170</Y>
		</point>
		<point>
			<X>226</X>
			<Y>170</Y>
		</point>
		<point>
			<X>228</X>
			<Y>166</Y>
		</point>
		<point>
			<X>228</X>
			<Y>166</Y>
		</point>
		<point>
			<X>231</X>
			<Y>164</Y>
		</point>
		<point>
			<X>231</X>
			<Y>164</Y>
		</point>
		<point>
			<X>233</X>
			<Y>160</Y>
		</point>
		<point>
			<X>233</X>
			<Y>160</Y>
		</point>
		<point>
			<X>234</X>
			<Y>156</Y>
		</point>
		<point>
			<X>234</X>
			<Y>156</Y>
		</point>
		<point>
			<X>238</X>
			<Y>152</Y>
		</point>
		<point>
			<X>238</X>
			<Y>152</Y>
		</point>
		<point>
			<X>240</X>
			<Y>146</Y>
		</point>
		<point>
			<X>240</X>
			<Y>146</Y>
		</point>
		<point>
			<X>245</X>
			<Y>141</Y>
		</point>
		<point>
			<X>245</X>
			<Y>141</Y>
		</point>
		<point>
			<X>248</X>
			<Y>135</Y>
		</point>
		<point>
			<X>248</X>
			<Y>135</Y>
		</point>
		<point>
			<X>251</X>
			<Y>130</Y>
		</point>
		<point>
			<X>251</X>
			<Y>130</Y>
		</point>
		<point>
			<X>253</X>
			<Y>125</Y>
		</point>
		<point>
			<X>253</X>
			<Y>125</Y>
		</point>
		<point>
			<X>257</X>
			<Y>120</Y>
		</point>
		<point>
			<X>257</X>
			<Y>120</Y>
		</point>
		<point>
			<X>259</X>
			<Y>115</Y>
		</point>
		<point>
			<X>259</X>
			<Y>115</Y>
		</point>
		<point>
			<X>261</X>
			<Y>110</Y>
		</point>
		<point>
			<X>261</X>
			<Y>110</Y>
		</point>
		<point>
			<X>262</X>
			<Y>106</Y>
		</point>
		<point>
			<X>262</X>
			<Y>106</Y>
		</point>
		<point>
			<X>264</X>
			<Y>102</Y>
		</point>
		<point>
			<X>264</X>
			<Y>102</Y>
		</point>
		<point>
			<X>266</X>
			<Y>99</Y>
		</point>
		<point>
			<X>266</X>
			<Y>99</Y>
		</point>
		<point>
			<X>267</X>
			<Y>94</Y>
		</point>
		<point>
			<X>267</X>
			<Y>94</Y>
		</point>
		<point>
			<X>268</X>
			<Y>92</Y>
		</point>
		<point>
			<X>268</X>
			<Y>92</Y>
		</point>
		<point>
			<X>270</X>
			<Y>87</Y>
		</point>
		<point>
			<X>270</X>
			<Y>87</Y>
		</point>
		<point>
			<X>271</X>
			<Y>85</Y>
		</point>
		<point>
			<X>271</X>
			<Y>85</Y>
		</point>
		<point>
			<X>272</X>
			<Y>82</Y>
		</point>
		<point>
			<X>272</X>
			<Y>82</Y>
		</point>
		<point>
			<X>273</X>
			<Y>79</Y>
		</point>
		<point>
			<X>273</X>
			<Y>79</Y>
		</point>
		<point>
			<X>274</X>
			<Y>77</Y>
		</point>
		<point>
			<X>274</X>
			<Y>77</Y>
		</point>
		<point>
			<X>274</X>
			<Y>75</Y>
		</point>
		<point>
			<X>274</X>
			<Y>75</Y>
		</point>
		<point>
			<X>275</X>
			<Y>73</Y>
		</point>
		<point>
			<X>275</X>
			<Y>73</Y>
		</point>
		<point>
			<X>276</X>
			<Y>71</Y>
		</point>
		<point>
			<X>276</X>
			<Y>71</Y>
		</point>
		<point>
			<X>277</X>
			<Y>69</Y>
		</point>
		<point>
			<X>277</X>
			<Y>69</Y>
		</point>
		<point>
			<X>277</X>
			<Y>68</Y>
		</point>
		<point>
			<X>277</X>
			<Y>68</Y>
		</point>
		<point>
			<X>278</X>
			<Y>66</Y>
		</point>
		<point>
			<X>278</X>
			<Y>66</Y>
		</point>
		<point>
			<X>278</X>
			<Y>65</Y>
		</point>
		<point>
			<X>278</X>
			<Y>65</Y>
		</point>
		<point>
			<X>279</X>
			<Y>62</Y>
		</point>
		<point>
			<X>279</X>
			<Y>62</Y>
		</point>
		<point>
			<X>280</X>
			<Y>60</Y>
		</point>
		<point>
			<X>280</X>
			<Y>60</Y>
		</point>
		<point>
			<X>280</X>
			<Y>58</Y>
		</point>
		<point>
			<X>280</X>
			<Y>58</Y>
		</point>
		<point>
			<X>280</X>
			<Y>55</Y>
		</point>
		<point>
			<X>280</X>
			<Y>55</Y>
		</point>
		<point>
			<X>281</X>
			<Y>53</Y>
		</point>
		<point>
			<X>281</X>
			<Y>53</Y>
		</point>
		<point>
			<X>282</X>
			<Y>51</Y>
		</point>
		<point>
			<X>282</X>
			<Y>51</Y>
		</point>
		<point>
			<X>282</X>
			<Y>48</Y>
		</point>
		<point>
			<X>282</X>
			<Y>48</Y>
		</point>
		<point>
			<X>283</X>
			<Y>46</Y>
		</point>
		<point>
			<X>283</X>
			<Y>46</Y>
		</point>
		<point>
			<X>284</X>
			<Y>42</Y>
		</point>
		<point>
			<X>284</X>
			<Y>42</Y>
		</point>
		<point>
			<X>285</X>
			<Y>41</Y>
		</point>
		<point>
			<X>285</X>
			<Y>41</Y>
		</point>
		<point>
			<X>285</X>
			<Y>40</Y>
		</point>
		<point>
			<X>285</X>
			<Y>40</Y>
		</point>
		<point>
			<X>285</X>
			<Y>40</Y>
		</point>
		<point>
			<X>285</X>
			<Y>40</Y>
		</point>
		<point>
			<X>286</X>
			<Y>40</Y>
		</point>
		<point>
			<X>286</X>
			<Y>40</Y>
		</point>
		<point>
			<X>286</X>
			<Y>42</Y>
		</point>
		<point>
			<X>286</X>
			<Y>42</Y>
		</point>
		<point>
			<X>287</X>
			<Y>44</Y>
		</point>
		<point>
			<X>287</X>
			<Y>44</Y>
		</point>
		<point>
			<X>287</X>
			<Y>47</Y>
		</point>
		<point>
			<X>287</X>
			<Y>47</Y>
		</point>
		<point>
			<X>287</X>
			<Y>49</Y>
		</point>
		<point>
			<X>287</X>
			<Y>49</Y>
		</point>
		<point>
			<X>288</X>
			<Y>53</Y>
		</point>
		<point>
			<X>288</X>
			<Y>53</Y>
		</point>
		<point>
			<X>288</X>
			<Y>56</Y>
		</point>
		<point>
			<X>288</X>
			<Y>56</Y>
		</point>
		<point>
			<X>288</X>
			<Y>61</Y>
		</point>
		<point>
			<X>288</X>
			<Y>61</Y>
		</point>
		<point>
			<X>288</X>
			<Y>67</Y>
		</point>
		<point>
			<X>288</X>
			<Y>67</Y>
		</point>
		<point>
			<X>288</X>
			<Y>74</Y>
		</point>
		<point>
			<X>288</X>
			<Y>74</Y>
		</point>
		<point>
			<X>288</X>
			<Y>83</Y>
		</point>
		<point>
			<X>288</X>
			<Y>83</Y>
		</point>
		<point>
			<X>288</X>
			<Y>92</Y>
		</point>
		<point>
			<X>288</X>
			<Y>92</Y>
		</point>
		<point>
			<X>289</X>
			<Y>100</Y>
		</point>
		<point>
			<X>289</X>
			<Y>100</Y>
		</point>
		<point>
			<X>291</X>
			<Y>107</Y>
		</point>
		<point>
			<X>291</X>
			<Y>107</Y>
		</point>
		<point>
			<X>292</X>
			<Y>113</Y>
		</point>
		<point>
			<X>292</X>
			<Y>113</Y>
		</point>
		<point>
			<X>293</X>
			<Y>120</Y>
		</point>
		<point>
			<X>293</X>
			<Y>120</Y>
		</point>
		<point>
			<X>294</X>
			<Y>126</Y>
		</point>
		<point>
			<X>294</X>
			<Y>126</Y>
		</point>
		<point>
			<X>295</X>
			<Y>131</Y>
		</point>
		<point>
			<X>295</X>
			<Y>131</Y>
		</point>
		<point>
			<X>296</X>
			<Y>134</Y>
		</point>
		<point>
			<X>296</X>
			<Y>134</Y>
		</point>
		<point>
			<X>297</X>
			<Y>137</Y>
		</point>
		<point>
			<X>297</X>
			<Y>137</Y>
		</point>
		<point>
			<X>298</X>
			<Y>140</Y>
		</point>
		<point>
			<X>298</X>
			<Y>140</Y>
		</point>
		<point>
			<X>299</X>
			<Y>144</Y>
		</point>
		<point>
			<X>299</X>
			<Y>144</Y>
		</point>
		<point>
			<X>300</X>
			<Y>146</Y>
		</point>
		<point>
			<X>300</X>
			<Y>146</Y>
		</point>
		<point>
			<X>300</X>
			<Y>151</Y>
		</point>
		<point>
			<X>300</X>
			<Y>151</Y>
		</point>
		<point>
			<X>300</X>
			<Y>154</Y>
		</point>
		<point>
			<X>300</X>
			<Y>154</Y>
		</point>
		<point>
			<X>301</X>
			<Y>158</Y>
		</point>
		<point>
			<X>301</X>
			<Y>158</Y>
		</point>
		<point>
			<X>302</X>
			<Y>161</Y>
		</point>
		<point>
			<X>302</X>
			<Y>161</Y>
		</point>
		<point>
			<X>303</X>
			<Y>166</Y>
		</point>
		<point>
			<X>303</X>
			<Y>166</Y>
		</point>
		<point>
			<X>304</X>
			<Y>173</Y>
		</point>
		<point>
			<X>304</X>
			<Y>173</Y>
		</point>
		<point>
			<X>305</X>
			<Y>180</Y>
		</point>
		<point>
			<X>305</X>
			<Y>180</Y>
		</point>
		<point>
			<X>306</X>
			<Y>186</Y>
		</point>
		<point>
			<X>306</X>
			<Y>186</Y>
		</point>
		<point>
			<X>307</X>
			<Y>192</Y>
		</point>
		<point>
			<X>307</X>
			<Y>192</Y>
		</point>
		<point>
			<X>309</X>
			<Y>198</Y>
		</point>
		<point>
			<X>309</X>
			<Y>198</Y>
		</point>
		<point>
			<X>311</X>
			<Y>204</Y>
		</point>
		<point>
			<X>311</X>
			<Y>204</Y>
		</point>
		<point>
			<X>313</X>
			<Y>211</Y>
		</point>
		<point>
			<X>313</X>
			<Y>211</Y>
		</point>
		<point>
			<X>314</X>
			<Y>217</Y>
		</point>
		<point>
			<X>314</X>
			<Y>217</Y>
		</point>
		<point>
			<X>316</X>
			<Y>222</Y>
		</point>
		<point>
			<X>316</X>
			<Y>222</Y>
		</point>
		<point>
			<X>319</X>
			<Y>227</Y>
		</point>
		<point>
			<X>319</X>
			<Y>227</Y>
		</point>
		<point>
			<X>320</X>
			<Y>233</Y>
		</point>
		<point>
			<X>320</X>
			<Y>233</Y>
		</point>
		<point>
			<X>321</X>
			<Y>237</Y>
		</point>
		<point>
			<X>321</X>
			<Y>237</Y>
		</point>
		<point>
			<X>323</X>
			<Y>241</Y>
		</point>
		<point>
			<X>323</X>
			<Y>241</Y>
		</point>
		<point>
			<X>325</X>
			<Y>246</Y>
		</point>
		<point>
			<X>325</X>
			<Y>246</Y>
		</point>
		<point>
			<X>327</X>
			<Y>249</Y>
		</point>
		<point>
			<X>327</X>
			<Y>249</Y>
		</point>
		<point>
			<X>328</X>
			<Y>253</Y>
		</point>
		<point>
			<X>328</X>
			<Y>253</Y>
		</point>
		<point>
			<X>331</X>
			<Y>258</Y>
		</point>
		<point>
			<X>331</X>
			<Y>258</Y>
		</point>
		<point>
			<X>333</X>
			<Y>261</Y>
		</point>
		<point>
			<X>333</X>
			<Y>261</Y>
		</point>
		<point>
			<X>335</X>
			<Y>266</Y>
		</point>
		<point>
			<X>335</X>
			<Y>266</Y>
		</point>
		<point>
			<X>337</X>
			<Y>270</Y>
		</point>
		<point>
			<X>337</X>
			<Y>270</Y>
		</point>
		<point>
			<X>340</X>
			<Y>273</Y>
		</point>
		<point>
			<X>340</X>
			<Y>273</Y>
		</point>
		<point>
			<X>340</X>
			<Y>275</Y>
		</point>
		<point>
			<X>340</X>
			<Y>275</Y>
		</point>
		<point>
			<X>342</X>
			<Y>277</Y>
		</point>
		<point>
			<X>342</X>
			<Y>277</Y>
		</point>
		<point>
			<X>343</X>
			<Y>279</Y>
		</point>
		<point>
			<X>343</X>
			<Y>279</Y>
		</point>
		<point>
			<X>345</X>
			<Y>280</Y>
		</point>
		<point>
			<X>345</X>
			<Y>280</Y>
		</point>
		<point>
			<X>346</X>
			<Y>281</Y>
		</point>
		<point>
			<X>346</X>
			<Y>281</Y>
		</point>
		<point>
			<X>346</X>
			<Y>283</Y>
		</point>
		<point>
			<X>346</X>
			<Y>283</Y>
		</point>
		<point>
			<X>347</X>
			<Y>284</Y>
		</point>
		<point>
			<X>347</X>
			<Y>284</Y>
		</point>
		<point>
			<X>347</X>
			<Y>285</Y>
		</point>
		<point>
			<X>347</X>
			<Y>285</Y>
		</point>
		<point>
			<X>348</X>
			<Y>286</Y>
		</point>
		<point>
			<X>348</X>
			<Y>286</Y>
		</point>
		<point>
			<X>350</X>
			<Y>287</Y>
		</point>
		<point>
			<X>350</X>
			<Y>287</Y>
		</point>
		<point>
			<X>352</X>
			<Y>290</Y>
		</point>
		<point>
			<X>352</X>
			<Y>290</Y>
		</point>
		<point>
			<X>353</X>
			<Y>291</Y>
		</point>
		<point>
			<X>353</X>
			<Y>291</Y>
		</point>
		<point>
			<X>353</X>
			<Y>293</Y>
		</point>
		<point>
			<X>353</X>
			<Y>293</Y>
		</point>
		<point>
			<X>356</X>
			<Y>294</Y>
		</point>
		<point>
			<X>356</X>
			<Y>294</Y>
		</point>
		<point>
			<X>360</X>
			<Y>296</Y>
		</point>
		<point>
			<X>360</X>
			<Y>296</Y>
		</point>
		<point>
			<X>363</X>
			<Y>298</Y>
		</point>
		<point>
			<X>363</X>
			<Y>298</Y>
		</point>
		<point>
			<X>367</X>
			<Y>300</Y>
		</point>
		<point>
			<X>367</X>
			<Y>300</Y>
		</point>
		<point>
			<X>371</X>
			<Y>301</Y>
		</point>
		<point>
			<X>371</X>
			<Y>301</Y>
		</point>
		<point>
			<X>375</X>
			<Y>302</Y>
		</point>
		<point>
			<X>375</X>
			<Y>302</Y>
		</point>
		<point>
			<X>378</X>
			<Y>303</Y>
		</point>
		<point>
			<X>378</X>
			<Y>303</Y>
		</point>
		<point>
			<X>378</X>
			<Y>303</Y>
		</point>
		<point>
			<X>378</X>
			<Y>303</Y>
		</point>
		<point>
			<X>380</X>
			<Y>303</Y>
		</point>
		<point>
			<X>380</X>
			<Y>303</Y>
		</point>
		<point>
			<X>380</X>
			<Y>303</Y>
		</point>
		<point>
			<X>380</X>
			<Y>303</Y>
		</point>
		<point>
			<X>381</X>
			<Y>303</Y>
		</point>
		<point>
			<X>381</X>
			<Y>303</Y>
		</point>
		<point>
			<X>382</X>
			<Y>303</Y>
		</point>
		<point>
			<X>382</X>
			<Y>303</Y>
		</point>
		<point>
			<X>384</X>
			<Y>303</Y>
		</point>
		<point>
			<X>384</X>
			<Y>303</Y>
		</point>
		<point>
			<X>385</X>
			<Y>304</Y>
		</point>
		<point>
			<X>385</X>
			<Y>304</Y>
		</point>
		<point>
			<X>386</X>
			<Y>304</Y>
		</point>
		<point>
			<X>386</X>
			<Y>304</Y>
		</point>
		<point>
			<X>388</X>
			<Y>305</Y>
		</point>
		<point>
			<X>388</X>
			<Y>305</Y>
		</point>
		<point>
			<X>390</X>
			<Y>306</Y>
		</point>
		<point>
			<X>390</X>
			<Y>306</Y>
		</point>
		<point>
			<X>393</X>
			<Y>306</Y>
		</point>
		<point>
			<X>393</X>
			<Y>306</Y>
		</point>
		<point>
			<X>395</X>
			<Y>308</Y>
		</point>
		<point>
			<X>395</X>
			<Y>308</Y>
		</point>
		<point>
			<X>398</X>
			<Y>309</Y>
		</point>
		<point>
			<X>398</X>
			<Y>309</Y>
		</point>
		<point>
			<X>400</X>
			<Y>310</Y>
		</point>
		<point>
			<X>400</X>
			<Y>310</Y>
		</point>
		<point>
			<X>402</X>
			<Y>311</Y>
		</point>
		<point>
			<X>402</X>
			<Y>311</Y>
		</point>
		<point>
			<X>403</X>
			<Y>311</Y>
		</point>
		<point>
			<X>403</X>
			<Y>311</Y>
		</point>
		<point>
			<X>404</X>
			<Y>311</Y>
		</point>
		<point>
			<X>404</X>
			<Y>311</Y>
		</point>
		<point>
			<X>405</X>
			<Y>311</Y>
		</point>
		<point>
			<X>405</X>
			<Y>311</Y>
		</point>
		<point>
			<X>406</X>
			<Y>312</Y>
		</point>
		<point>
			<X>406</X>
			<Y>312</Y>
		</point>
		<point>
			<X>406</X>
			<Y>312</Y>
		</point>
		<point>
			<X>406</X>
			<Y>312</Y>
		</point>
		<point>
			<X>407</X>
			<Y>313</Y>
		</point>
		<point>
			<X>407</X>
			<Y>313</Y>
		</point>
		<point>
			<X>409</X>
			<Y>313</Y>
		</point>
		<point>
			<X>409</X>
			<Y>313</Y>
		</point>
		<point>
			<X>413</X>
			<Y>314</Y>
		</point>
		<point>
			<X>413</X>
			<Y>314</Y>
		</point>
		<point>
			<X>415</X>
			<Y>315</Y>
		</point>
		<point>
			<X>415</X>
			<Y>315</Y>
		</point>
		<point>
			<X>417</X>
			<Y>316</Y>
		</point>
		<point>
			<X>417</X>
			<Y>316</Y>
		</point>
		<point>
			<X>419</X>
			<Y>316</Y>
		</point>
		<point>
			<X>419</X>
			<Y>316</Y>
		</point>
		<point>
			<X>420</X>
			<Y>318</Y>
		</point>
		<point>
			<X>420</X>
			<Y>318</Y>
		</point>
		<point>
			<X>421</X>
			<Y>318</Y>
		</point>
		<point>
			<X>421</X>
			<Y>318</Y>
		</point>
		<point>
			<X>423</X>
			<Y>319</Y>
		</point>
		<point>
			<X>423</X>
			<Y>319</Y>
		</point>
		<point>
			<X>423</X>
			<Y>320</Y>
		</point>
		<point>
			<X>423</X>
			<Y>320</Y>
		</point>
		<point>
			<X>424</X>
			<Y>320</Y>
		</point>
		<point>
			<X>425</X>
			<Y>320</Y>
		</point>
		<point>
			<X>425</X>
			<Y>320</Y>
		</point>
		<point>
			<X>426</X>
			<Y>320</Y>
		</point>
		<point>
			<X>426</X>
			<Y>320</Y>
		</point>
		<point>
			<X>427</X>
			<Y>321</Y>
		</point>
		<point>
			<X>427</X>
			<Y>321</Y>
		</point>
		<point>
			<X>429</X>
			<Y>321</Y>
		</point>
		<point>
			<X>429</X>
			<Y>321</Y>
		</point>
		<point>
			<X>430</X>
			<Y>322</Y>
		</point>
		<point>
			<X>430</X>
			<Y>322</Y>
		</point>
		<point>
			<X>432</X>
			<Y>323</Y>
		</point>
		<point>
			<X>432</X>
			<Y>323</Y>
		</point>
		<point>
			<X>433</X>
			<Y>323</Y>
		</point>
		<point>
			<X>433</X>
			<Y>323</Y>
		</point>
		<point>
			<X>434</X>
			<Y>323</Y>
		</point>
		<point>
			<X>434</X>
			<Y>323</Y>
		</point>
		<point>
			<X>437</X>
			<Y>323</Y>
		</point>
		<point>
			<X>437</X>
			<Y>323</Y>
		</point>
		<point>
			<X>440</X>
			<Y>325</Y>
		</point>
		<point>
			<X>440</X>
			<Y>325</Y>
		</point>
		<point>
			<X>440</X>
			<Y>326</Y>
		</point>
		<point>
			<X>440</X>
			<Y>326</Y>
		</point>
		<point>
			<X>441</X>
			<Y>328</Y>
		</point>
		<point>
			<X>441</X>
			<Y>328</Y>
		</point>
	</polygon>
</annotation>