<annotation>
	<folder>anno</folder>
	<filename>2008_001070.jpg</filename>
	<source>
		<database>The anno Database</database>
		<annotation>VC anno</annotation>
		<image>Unknow</image>
		<flickrid>Unknow</flickrid>
	</source>
	<owner>
		<flickrid>Unknow</flickrid>
		<name>Unknow</name>
	</owner>
	<size>
		<width>500</width>
		<height>375</height>
		<depth>4</depth>
	</size>
	<segmented>1</segmented>
	<polygon>
		<tag>dog</tag>
		<point>
			<X>247</X>
			<Y>138</Y>
		</point>
		<point>
			<X>247</X>
			<Y>136</Y>
		</point>
		<point>
			<X>247</X>
			<Y>136</Y>
		</point>
		<point>
			<X>247</X>
			<Y>138</Y>
		</point>
		<point>
			<X>247</X>
			<Y>143</Y>
		</point>
		<point>
			<X>247</X>
			<Y>143</Y>
		</point>
		<point>
			<X>251</X>
			<Y>148</Y>
		</point>
		<point>
			<X>251</X>
			<Y>148</Y>
		</point>
		<point>
			<X>254</X>
			<Y>153</Y>
		</point>
		<point>
			<X>254</X>
			<Y>153</Y>
		</point>
		<point>
			<X>257</X>
			<Y>159</Y>
		</point>
		<point>
			<X>257</X>
			<Y>159</Y>
		</point>
		<point>
			<X>259</X>
			<Y>161</Y>
		</point>
		<point>
			<X>259</X>
			<Y>161</Y>
		</point>
		<point>
			<X>262</X>
			<Y>166</Y>
		</point>
		<point>
			<X>262</X>
			<Y>166</Y>
		</point>
		<point>
			<X>264</X>
			<Y>170</Y>
		</point>
		<point>
			<X>264</X>
			<Y>170</Y>
		</point>
		<point>
			<X>266</X>
			<Y>173</Y>
		</point>
		<point>
			<X>266</X>
			<Y>173</Y>
		</point>
		<point>
			<X>269</X>
			<Y>175</Y>
		</point>
		<point>
			<X>269</X>
			<Y>175</Y>
		</point>
		<point>
			<X>270</X>
			<Y>178</Y>
		</point>
		<point>
			<X>270</X>
			<Y>178</Y>
		</point>
		<point>
			<X>271</X>
			<Y>183</Y>
		</point>
		<point>
			<X>271</X>
			<Y>183</Y>
		</point>
		<point>
			<X>274</X>
			<Y>186</Y>
		</point>
		<point>
			<X>274</X>
			<Y>186</Y>
		</point>
		<point>
			<X>275</X>
			<Y>190</Y>
		</point>
		<point>
			<X>275</X>
			<Y>190</Y>
		</point>
		<point>
			<X>279</X>
			<Y>196</Y>
		</point>
		<point>
			<X>279</X>
			<Y>196</Y>
		</point>
		<point>
			<X>279</X>
			<Y>200</Y>
		</point>
		<point>
			<X>279</X>
			<Y>200</Y>
		</point>
		<point>
			<X>281</X>
			<Y>204</Y>
		</point>
		<point>
			<X>281</X>
			<Y>204</Y>
		</point>
		<point>
			<X>284</X>
			<Y>208</Y>
		</point>
		<point>
			<X>284</X>
			<Y>208</Y>
		</point>
		<point>
			<X>285</X>
			<Y>213</Y>
		</point>
		<point>
			<X>285</X>
			<Y>213</Y>
		</point>
		<point>
			<X>285</X>
			<Y>215</Y>
		</point>
		<point>
			<X>285</X>
			<Y>215</Y>
		</point>
		<point>
			<X>287</X>
			<Y>218</Y>
		</point>
		<point>
			<X>287</X>
			<Y>218</Y>
		</point>
		<point>
			<X>287</X>
			<Y>220</Y>
		</point>
		<point>
			<X>287</X>
			<Y>220</Y>
		</point>
		<point>
			<X>287</X>
			<Y>221</Y>
		</point>
		<point>
			<X>287</X>
			<Y>221</Y>
		</point>
		<point>
			<X>289</X>
			<Y>226</Y>
		</point>
		<point>
			<X>289</X>
			<Y>226</Y>
		</point>
		<point>
			<X>289</X>
			<Y>228</Y>
		</point>
		<point>
			<X>289</X>
			<Y>228</Y>
		</point>
		<point>
			<X>289</X>
			<Y>230</Y>
		</point>
		<point>
			<X>289</X>
			<Y>230</Y>
		</point>
		<point>
			<X>286</X>
			<Y>233</Y>
		</point>
		<point>
			<X>286</X>
			<Y>233</Y>
		</point>
		<point>
			<X>282</X>
			<Y>238</Y>
		</point>
		<point>
			<X>282</X>
			<Y>238</Y>
		</point>
		<point>
			<X>280</X>
			<Y>240</Y>
		</point>
		<point>
			<X>280</X>
			<Y>240</Y>
		</point>
		<point>
			<X>279</X>
			<Y>243</Y>
		</point>
		<point>
			<X>279</X>
			<Y>243</Y>
		</point>
		<point>
			<X>276</X>
			<Y>246</Y>
		</point>
		<point>
			<X>276</X>
			<Y>246</Y>
		</point>
		<point>
			<X>272</X>
			<Y>249</Y>
		</point>
		<point>
			<X>272</X>
			<Y>249</Y>
		</point>
		<point>
			<X>270</X>
			<Y>250</Y>
		</point>
		<point>
			<X>270</X>
			<Y>250</Y>
		</point>
		<point>
			<X>267</X>
			<Y>253</Y>
		</point>
		<point>
			<X>267</X>
			<Y>253</Y>
		</point>
		<point>
			<X>265</X>
			<Y>254</Y>
		</point>
		<point>
			<X>265</X>
			<Y>254</Y>
		</point>
		<point>
			<X>261</X>
			<Y>256</Y>
		</point>
		<point>
			<X>261</X>
			<Y>256</Y>
		</point>
		<point>
			<X>259</X>
			<Y>258</Y>
		</point>
		<point>
			<X>259</X>
			<Y>258</Y>
		</point>
		<point>
			<X>256</X>
			<Y>260</Y>
		</point>
		<point>
			<X>256</X>
			<Y>260</Y>
		</point>
		<point>
			<X>254</X>
			<Y>261</Y>
		</point>
		<point>
			<X>254</X>
			<Y>261</Y>
		</point>
		<point>
			<X>251</X>
			<Y>263</Y>
		</point>
		<point>
			<X>251</X>
			<Y>263</Y>
		</point>
		<point>
			<X>249</X>
			<Y>265</Y>
		</point>
		<point>
			<X>249</X>
			<Y>265</Y>
		</point>
		<point>
			<X>247</X>
			<Y>265</Y>
		</point>
		<point>
			<X>247</X>
			<Y>265</Y>
		</point>
		<point>
			<X>246</X>
			<Y>266</Y>
		</point>
		<point>
			<X>246</X>
			<Y>266</Y>
		</point>
		<point>
			<X>245</X>
			<Y>268</Y>
		</point>
		<point>
			<X>245</X>
			<Y>268</Y>
		</point>
		<point>
			<X>244</X>
			<Y>269</Y>
		</point>
		<point>
			<X>244</X>
			<Y>269</Y>
		</point>
		<point>
			<X>240</X>
			<Y>270</Y>
		</point>
		<point>
			<X>240</X>
			<Y>270</Y>
		</point>
		<point>
			<X>239</X>
			<Y>271</Y>
		</point>
		<point>
			<X>239</X>
			<Y>271</Y>
		</point>
		<point>
			<X>236</X>
			<Y>273</Y>
		</point>
		<point>
			<X>236</X>
			<Y>273</Y>
		</point>
		<point>
			<X>234</X>
			<Y>275</Y>
		</point>
		<point>
			<X>234</X>
			<Y>275</Y>
		</point>
		<point>
			<X>230</X>
			<Y>276</Y>
		</point>
		<point>
			<X>230</X>
			<Y>276</Y>
		</point>
		<point>
			<X>226</X>
			<Y>279</Y>
		</point>
		<point>
			<X>226</X>
			<Y>279</Y>
		</point>
		<point>
			<X>222</X>
			<Y>280</Y>
		</point>
		<point>
			<X>222</X>
			<Y>280</Y>
		</point>
		<point>
			<X>219</X>
			<Y>281</Y>
		</point>
		<point>
			<X>219</X>
			<Y>281</Y>
		</point>
		<point>
			<X>216</X>
			<Y>281</Y>
		</point>
		<point>
			<X>216</X>
			<Y>281</Y>
		</point>
		<point>
			<X>214</X>
			<Y>283</Y>
		</point>
		<point>
			<X>214</X>
			<Y>283</Y>
		</point>
		<point>
			<X>212</X>
			<Y>284</Y>
		</point>
		<point>
			<X>212</X>
			<Y>284</Y>
		</point>
		<point>
			<X>211</X>
			<Y>284</Y>
		</point>
		<point>
			<X>211</X>
			<Y>284</Y>
		</point>
		<point>
			<X>210</X>
			<Y>284</Y>
		</point>
		<point>
			<X>210</X>
			<Y>284</Y>
		</point>
		<point>
			<X>210</X>
			<Y>285</Y>
		</point>
		<point>
			<X>209</X>
			<Y>285</Y>
		</point>
		<point>
			<X>207</X>
			<Y>285</Y>
		</point>
		<point>
			<X>207</X>
			<Y>285</Y>
		</point>
		<point>
			<X>205</X>
			<Y>286</Y>
		</point>
		<point>
			<X>205</X>
			<Y>286</Y>
		</point>
		<point>
			<X>205</X>
			<Y>288</Y>
		</point>
		<point>
			<X>205</X>
			<Y>288</Y>
		</point>
		<point>
			<X>204</X>
			<Y>288</Y>
		</point>
		<point>
			<X>201</X>
			<Y>288</Y>
		</point>
		<point>
			<X>201</X>
			<Y>288</Y>
		</point>
		<point>
			<X>200</X>
			<Y>288</Y>
		</point>
		<point>
			<X>200</X>
			<Y>288</Y>
		</point>
		<point>
			<X>199</X>
			<Y>288</Y>
		</point>
		<point>
			<X>199</X>
			<Y>288</Y>
		</point>
		<point>
			<X>196</X>
			<Y>288</Y>
		</point>
		<point>
			<X>196</X>
			<Y>288</Y>
		</point>
		<point>
			<X>195</X>
			<Y>288</Y>
		</point>
		<point>
			<X>195</X>
			<Y>288</Y>
		</point>
		<point>
			<X>192</X>
			<Y>288</Y>
		</point>
		<point>
			<X>192</X>
			<Y>288</Y>
		</point>
		<point>
			<X>191</X>
			<Y>288</Y>
		</point>
		<point>
			<X>191</X>
			<Y>288</Y>
		</point>
		<point>
			<X>191</X>
			<Y>288</Y>
		</point>
	</polygon>
	<polygon>
		<tag>background</tag>
		<point>
			<X>467</X>
			<Y>343</Y>
		</point>
		<point>
			<X>465</X>
			<Y>343</Y>
		</point>
		<point>
			<X>465</X>
			<Y>343</Y>
		</point>
		<point>
			<X>461</X>
			<Y>343</Y>
		</point>
		<point>
			<X>461</X>
			<Y>343</Y>
		</point>
		<point>
			<X>455</X>
			<Y>343</Y>
		</point>
		<point>
			<X>455</X>
			<Y>343</Y>
		</point>
		<point>
			<X>446</X>
			<Y>345</Y>
		</point>
		<point>
			<X>446</X>
			<Y>345</Y>
		</point>
		<point>
			<X>436</X>
			<Y>345</Y>
		</point>
		<point>
			<X>436</X>
			<Y>345</Y>
		</point>
		<point>
			<X>425</X>
			<Y>346</Y>
		</point>
		<point>
			<X>425</X>
			<Y>346</Y>
		</point>
		<point>
			<X>411</X>
			<Y>348</Y>
		</point>
		<point>
			<X>411</X>
			<Y>348</Y>
		</point>
		<point>
			<X>400</X>
			<Y>350</Y>
		</point>
		<point>
			<X>400</X>
			<Y>350</Y>
		</point>
		<point>
			<X>387</X>
			<Y>351</Y>
		</point>
		<point>
			<X>387</X>
			<Y>351</Y>
		</point>
		<point>
			<X>377</X>
			<Y>351</Y>
		</point>
		<point>
			<X>377</X>
			<Y>351</Y>
		</point>
		<point>
			<X>367</X>
			<Y>351</Y>
		</point>
		<point>
			<X>367</X>
			<Y>351</Y>
		</point>
		<point>
			<X>358</X>
			<Y>351</Y>
		</point>
		<point>
			<X>358</X>
			<Y>351</Y>
		</point>
		<point>
			<X>351</X>
			<Y>351</Y>
		</point>
		<point>
			<X>351</X>
			<Y>351</Y>
		</point>
		<point>
			<X>342</X>
			<Y>351</Y>
		</point>
		<point>
			<X>342</X>
			<Y>351</Y>
		</point>
		<point>
			<X>330</X>
			<Y>350</Y>
		</point>
		<point>
			<X>330</X>
			<Y>350</Y>
		</point>
		<point>
			<X>320</X>
			<Y>348</Y>
		</point>
		<point>
			<X>320</X>
			<Y>348</Y>
		</point>
		<point>
			<X>306</X>
			<Y>348</Y>
		</point>
		<point>
			<X>306</X>
			<Y>348</Y>
		</point>
		<point>
			<X>295</X>
			<Y>348</Y>
		</point>
		<point>
			<X>295</X>
			<Y>348</Y>
		</point>
		<point>
			<X>284</X>
			<Y>348</Y>
		</point>
		<point>
			<X>284</X>
			<Y>348</Y>
		</point>
		<point>
			<X>271</X>
			<Y>348</Y>
		</point>
		<point>
			<X>271</X>
			<Y>348</Y>
		</point>
		<point>
			<X>261</X>
			<Y>346</Y>
		</point>
		<point>
			<X>261</X>
			<Y>346</Y>
		</point>
		<point>
			<X>251</X>
			<Y>346</Y>
		</point>
		<point>
			<X>251</X>
			<Y>346</Y>
		</point>
		<point>
			<X>242</X>
			<Y>345</Y>
		</point>
		<point>
			<X>242</X>
			<Y>345</Y>
		</point>
		<point>
			<X>235</X>
			<Y>345</Y>
		</point>
		<point>
			<X>235</X>
			<Y>345</Y>
		</point>
		<point>
			<X>227</X>
			<Y>343</Y>
		</point>
		<point>
			<X>227</X>
			<Y>343</Y>
		</point>
		<point>
			<X>219</X>
			<Y>341</Y>
		</point>
		<point>
			<X>219</X>
			<Y>341</Y>
		</point>
		<point>
			<X>211</X>
			<Y>338</Y>
		</point>
		<point>
			<X>211</X>
			<Y>338</Y>
		</point>
		<point>
			<X>202</X>
			<Y>336</Y>
		</point>
		<point>
			<X>202</X>
			<Y>336</Y>
		</point>
		<point>
			<X>194</X>
			<Y>335</Y>
		</point>
		<point>
			<X>194</X>
			<Y>335</Y>
		</point>
		<point>
			<X>184</X>
			<Y>333</Y>
		</point>
		<point>
			<X>184</X>
			<Y>333</Y>
		</point>
		<point>
			<X>174</X>
			<Y>330</Y>
		</point>
		<point>
			<X>174</X>
			<Y>330</Y>
		</point>
		<point>
			<X>166</X>
			<Y>328</Y>
		</point>
		<point>
			<X>166</X>
			<Y>328</Y>
		</point>
		<point>
			<X>157</X>
			<Y>328</Y>
		</point>
		<point>
			<X>157</X>
			<Y>328</Y>
		</point>
		<point>
			<X>152</X>
			<Y>325</Y>
		</point>
		<point>
			<X>152</X>
			<Y>325</Y>
		</point>
		<point>
			<X>146</X>
			<Y>323</Y>
		</point>
		<point>
			<X>146</X>
			<Y>323</Y>
		</point>
		<point>
			<X>141</X>
			<Y>323</Y>
		</point>
		<point>
			<X>141</X>
			<Y>323</Y>
		</point>
		<point>
			<X>137</X>
			<Y>320</Y>
		</point>
		<point>
			<X>137</X>
			<Y>320</Y>
		</point>
		<point>
			<X>134</X>
			<Y>318</Y>
		</point>
		<point>
			<X>134</X>
			<Y>318</Y>
		</point>
		<point>
			<X>129</X>
			<Y>315</Y>
		</point>
		<point>
			<X>129</X>
			<Y>315</Y>
		</point>
		<point>
			<X>125</X>
			<Y>314</Y>
		</point>
		<point>
			<X>125</X>
			<Y>314</Y>
		</point>
		<point>
			<X>121</X>
			<Y>311</Y>
		</point>
		<point>
			<X>121</X>
			<Y>311</Y>
		</point>
		<point>
			<X>116</X>
			<Y>309</Y>
		</point>
		<point>
			<X>116</X>
			<Y>309</Y>
		</point>
		<point>
			<X>114</X>
			<Y>306</Y>
		</point>
		<point>
			<X>114</X>
			<Y>306</Y>
		</point>
		<point>
			<X>107</X>
			<Y>304</Y>
		</point>
		<point>
			<X>107</X>
			<Y>304</Y>
		</point>
		<point>
			<X>104</X>
			<Y>301</Y>
		</point>
		<point>
			<X>104</X>
			<Y>301</Y>
		</point>
		<point>
			<X>97</X>
			<Y>296</Y>
		</point>
		<point>
			<X>97</X>
			<Y>296</Y>
		</point>
		<point>
			<X>94</X>
			<Y>293</Y>
		</point>
		<point>
			<X>94</X>
			<Y>293</Y>
		</point>
		<point>
			<X>89</X>
			<Y>286</Y>
		</point>
		<point>
			<X>89</X>
			<Y>286</Y>
		</point>
		<point>
			<X>80</X>
			<Y>280</Y>
		</point>
		<point>
			<X>80</X>
			<Y>280</Y>
		</point>
		<point>
			<X>80</X>
			<Y>273</Y>
		</point>
		<point>
			<X>80</X>
			<Y>273</Y>
		</point>
		<point>
			<X>75</X>
			<Y>266</Y>
		</point>
		<point>
			<X>75</X>
			<Y>266</Y>
		</point>
		<point>
			<X>69</X>
			<Y>259</Y>
		</point>
		<point>
			<X>69</X>
			<Y>259</Y>
		</point>
		<point>
			<X>61</X>
			<Y>251</Y>
		</point>
		<point>
			<X>61</X>
			<Y>251</Y>
		</point>
		<point>
			<X>55</X>
			<Y>246</Y>
		</point>
		<point>
			<X>55</X>
			<Y>246</Y>
		</point>
		<point>
			<X>51</X>
			<Y>240</Y>
		</point>
		<point>
			<X>51</X>
			<Y>240</Y>
		</point>
		<point>
			<X>47</X>
			<Y>235</Y>
		</point>
		<point>
			<X>47</X>
			<Y>235</Y>
		</point>
		<point>
			<X>44</X>
			<Y>230</Y>
		</point>
		<point>
			<X>44</X>
			<Y>230</Y>
		</point>
		<point>
			<X>42</X>
			<Y>224</Y>
		</point>
		<point>
			<X>42</X>
			<Y>224</Y>
		</point>
		<point>
			<X>40</X>
			<Y>219</Y>
		</point>
		<point>
			<X>40</X>
			<Y>219</Y>
		</point>
		<point>
			<X>39</X>
			<Y>213</Y>
		</point>
		<point>
			<X>39</X>
			<Y>213</Y>
		</point>
		<point>
			<X>37</X>
			<Y>206</Y>
		</point>
		<point>
			<X>37</X>
			<Y>206</Y>
		</point>
		<point>
			<X>36</X>
			<Y>200</Y>
		</point>
		<point>
			<X>36</X>
			<Y>200</Y>
		</point>
		<point>
			<X>36</X>
			<Y>194</Y>
		</point>
		<point>
			<X>36</X>
			<Y>194</Y>
		</point>
		<point>
			<X>36</X>
			<Y>188</Y>
		</point>
		<point>
			<X>36</X>
			<Y>188</Y>
		</point>
		<point>
			<X>36</X>
			<Y>179</Y>
		</point>
		<point>
			<X>36</X>
			<Y>179</Y>
		</point>
		<point>
			<X>36</X>
			<Y>170</Y>
		</point>
		<point>
			<X>36</X>
			<Y>170</Y>
		</point>
		<point>
			<X>36</X>
			<Y>161</Y>
		</point>
		<point>
			<X>36</X>
			<Y>161</Y>
		</point>
		<point>
			<X>37</X>
			<Y>151</Y>
		</point>
		<point>
			<X>37</X>
			<Y>151</Y>
		</point>
		<point>
			<X>41</X>
			<Y>143</Y>
		</point>
		<point>
			<X>41</X>
			<Y>143</Y>
		</point>
		<point>
			<X>44</X>
			<Y>133</Y>
		</point>
		<point>
			<X>44</X>
			<Y>133</Y>
		</point>
		<point>
			<X>47</X>
			<Y>123</Y>
		</point>
		<point>
			<X>47</X>
			<Y>123</Y>
		</point>
		<point>
			<X>52</X>
			<Y>113</Y>
		</point>
		<point>
			<X>52</X>
			<Y>113</Y>
		</point>
		<point>
			<X>55</X>
			<Y>105</Y>
		</point>
		<point>
			<X>55</X>
			<Y>105</Y>
		</point>
		<point>
			<X>61</X>
			<Y>98</Y>
		</point>
		<point>
			<X>61</X>
			<Y>98</Y>
		</point>
		<point>
			<X>66</X>
			<Y>90</Y>
		</point>
		<point>
			<X>66</X>
			<Y>90</Y>
		</point>
		<point>
			<X>71</X>
			<Y>80</Y>
		</point>
		<point>
			<X>71</X>
			<Y>80</Y>
		</point>
		<point>
			<X>76</X>
			<Y>75</Y>
		</point>
		<point>
			<X>76</X>
			<Y>75</Y>
		</point>
		<point>
			<X>84</X>
			<Y>68</Y>
		</point>
		<point>
			<X>84</X>
			<Y>68</Y>
		</point>
		<point>
			<X>90</X>
			<Y>63</Y>
		</point>
		<point>
			<X>90</X>
			<Y>63</Y>
		</point>
		<point>
			<X>97</X>
			<Y>56</Y>
		</point>
		<point>
			<X>97</X>
			<Y>56</Y>
		</point>
		<point>
			<X>105</X>
			<Y>51</Y>
		</point>
		<point>
			<X>105</X>
			<Y>51</Y>
		</point>
		<point>
			<X>115</X>
			<Y>48</Y>
		</point>
		<point>
			<X>115</X>
			<Y>48</Y>
		</point>
		<point>
			<X>129</X>
			<Y>42</Y>
		</point>
		<point>
			<X>129</X>
			<Y>42</Y>
		</point>
		<point>
			<X>142</X>
			<Y>39</Y>
		</point>
		<point>
			<X>142</X>
			<Y>39</Y>
		</point>
		<point>
			<X>155</X>
			<Y>35</Y>
		</point>
		<point>
			<X>155</X>
			<Y>35</Y>
		</point>
		<point>
			<X>170</X>
			<Y>33</Y>
		</point>
		<point>
			<X>170</X>
			<Y>33</Y>
		</point>
		<point>
			<X>189</X>
			<Y>28</Y>
		</point>
		<point>
			<X>189</X>
			<Y>28</Y>
		</point>
		<point>
			<X>212</X>
			<Y>23</Y>
		</point>
		<point>
			<X>212</X>
			<Y>23</Y>
		</point>
		<point>
			<X>234</X>
			<Y>21</Y>
		</point>
		<point>
			<X>234</X>
			<Y>21</Y>
		</point>
		<point>
			<X>256</X>
			<Y>18</Y>
		</point>
		<point>
			<X>256</X>
			<Y>18</Y>
		</point>
		<point>
			<X>279</X>
			<Y>13</Y>
		</point>
		<point>
			<X>279</X>
			<Y>13</Y>
		</point>
		<point>
			<X>296</X>
			<Y>11</Y>
		</point>
		<point>
			<X>296</X>
			<Y>11</Y>
		</point>
		<point>
			<X>309</X>
			<Y>10</Y>
		</point>
		<point>
			<X>309</X>
			<Y>10</Y>
		</point>
		<point>
			<X>321</X>
			<Y>10</Y>
		</point>
		<point>
			<X>321</X>
			<Y>10</Y>
		</point>
		<point>
			<X>328</X>
			<Y>10</Y>
		</point>
		<point>
			<X>328</X>
			<Y>10</Y>
		</point>
		<point>
			<X>335</X>
			<Y>10</Y>
		</point>
		<point>
			<X>335</X>
			<Y>10</Y>
		</point>
		<point>
			<X>336</X>
			<Y>10</Y>
		</point>
		<point>
			<X>336</X>
			<Y>10</Y>
		</point>
		<point>
			<X>338</X>
			<Y>11</Y>
		</point>
		<point>
			<X>338</X>
			<Y>11</Y>
		</point>
		<point>
			<X>343</X>
			<Y>15</Y>
		</point>
		<point>
			<X>343</X>
			<Y>15</Y>
		</point>
		<point>
			<X>351</X>
			<Y>23</Y>
		</point>
		<point>
			<X>351</X>
			<Y>23</Y>
		</point>
		<point>
			<X>362</X>
			<Y>31</Y>
		</point>
		<point>
			<X>362</X>
			<Y>31</Y>
		</point>
		<point>
			<X>375</X>
			<Y>39</Y>
		</point>
		<point>
			<X>375</X>
			<Y>39</Y>
		</point>
		<point>
			<X>384</X>
			<Y>48</Y>
		</point>
		<point>
			<X>384</X>
			<Y>48</Y>
		</point>
		<point>
			<X>395</X>
			<Y>55</Y>
		</point>
		<point>
			<X>395</X>
			<Y>55</Y>
		</point>
		<point>
			<X>404</X>
			<Y>64</Y>
		</point>
		<point>
			<X>404</X>
			<Y>64</Y>
		</point>
		<point>
			<X>411</X>
			<Y>69</Y>
		</point>
		<point>
			<X>411</X>
			<Y>69</Y>
		</point>
		<point>
			<X>417</X>
			<Y>71</Y>
		</point>
		<point>
			<X>417</X>
			<Y>71</Y>
		</point>
		<point>
			<X>420</X>
			<Y>75</Y>
		</point>
		<point>
			<X>420</X>
			<Y>75</Y>
		</point>
		<point>
			<X>424</X>
			<Y>79</Y>
		</point>
		<point>
			<X>424</X>
			<Y>79</Y>
		</point>
		<point>
			<X>426</X>
			<Y>84</Y>
		</point>
		<point>
			<X>426</X>
			<Y>84</Y>
		</point>
		<point>
			<X>427</X>
			<Y>85</Y>
		</point>
		<point>
			<X>427</X>
			<Y>85</Y>
		</point>
		<point>
			<X>430</X>
			<Y>93</Y>
		</point>
		<point>
			<X>430</X>
			<Y>93</Y>
		</point>
		<point>
			<X>432</X>
			<Y>99</Y>
		</point>
		<point>
			<X>432</X>
			<Y>99</Y>
		</point>
		<point>
			<X>434</X>
			<Y>105</Y>
		</point>
		<point>
			<X>434</X>
			<Y>105</Y>
		</point>
		<point>
			<X>436</X>
			<Y>114</Y>
		</point>
		<point>
			<X>436</X>
			<Y>114</Y>
		</point>
		<point>
			<X>437</X>
			<Y>121</Y>
		</point>
		<point>
			<X>437</X>
			<Y>121</Y>
		</point>
		<point>
			<X>440</X>
			<Y>129</Y>
		</point>
		<point>
			<X>440</X>
			<Y>129</Y>
		</point>
		<point>
			<X>440</X>
			<Y>134</Y>
		</point>
		<point>
			<X>440</X>
			<Y>134</Y>
		</point>
		<point>
			<X>444</X>
			<Y>140</Y>
		</point>
		<point>
			<X>444</X>
			<Y>140</Y>
		</point>
		<point>
			<X>446</X>
			<Y>145</Y>
		</point>
		<point>
			<X>446</X>
			<Y>145</Y>
		</point>
		<point>
			<X>449</X>
			<Y>149</Y>
		</point>
		<point>
			<X>449</X>
			<Y>149</Y>
		</point>
		<point>
			<X>451</X>
			<Y>155</Y>
		</point>
		<point>
			<X>451</X>
			<Y>155</Y>
		</point>
		<point>
			<X>454</X>
			<Y>159</Y>
		</point>
		<point>
			<X>454</X>
			<Y>159</Y>
		</point>
		<point>
			<X>456</X>
			<Y>164</Y>
		</point>
		<point>
			<X>456</X>
			<Y>164</Y>
		</point>
		<point>
			<X>457</X>
			<Y>166</Y>
		</point>
		<point>
			<X>457</X>
			<Y>166</Y>
		</point>
		<point>
			<X>459</X>
			<Y>169</Y>
		</point>
		<point>
			<X>459</X>
			<Y>169</Y>
		</point>
		<point>
			<X>459</X>
			<Y>170</Y>
		</point>
		<point>
			<X>459</X>
			<Y>170</Y>
		</point>
		<point>
			<X>460</X>
			<Y>173</Y>
		</point>
		<point>
			<X>460</X>
			<Y>173</Y>
		</point>
		<point>
			<X>460</X>
			<Y>175</Y>
		</point>
		<point>
			<X>460</X>
			<Y>175</Y>
		</point>
		<point>
			<X>461</X>
			<Y>176</Y>
		</point>
		<point>
			<X>461</X>
			<Y>176</Y>
		</point>
		<point>
			<X>462</X>
			<Y>178</Y>
		</point>
		<point>
			<X>462</X>
			<Y>178</Y>
		</point>
		<point>
			<X>462</X>
			<Y>179</Y>
		</point>
		<point>
			<X>462</X>
			<Y>179</Y>
		</point>
		<point>
			<X>464</X>
			<Y>179</Y>
		</point>
		<point>
			<X>465</X>
			<Y>179</Y>
		</point>
		<point>
			<X>465</X>
			<Y>179</Y>
		</point>
		<point>
			<X>465</X>
			<Y>180</Y>
		</point>
		<point>
			<X>466</X>
			<Y>181</Y>
		</point>
		<point>
			<X>466</X>
			<Y>181</Y>
		</point>
		<point>
			<X>467</X>
			<Y>183</Y>
		</point>
		<point>
			<X>467</X>
			<Y>183</Y>
		</point>
		<point>
			<X>469</X>
			<Y>184</Y>
		</point>
		<point>
			<X>469</X>
			<Y>184</Y>
		</point>
		<point>
			<X>470</X>
			<Y>185</Y>
		</point>
		<point>
			<X>470</X>
			<Y>185</Y>
		</point>
		<point>
			<X>471</X>
			<Y>188</Y>
		</point>
		<point>
			<X>471</X>
			<Y>188</Y>
		</point>
		<point>
			<X>472</X>
			<Y>188</Y>
		</point>
		<point>
			<X>472</X>
			<Y>188</Y>
		</point>
		<point>
			<X>472</X>
			<Y>189</Y>
		</point>
		<point>
			<X>474</X>
			<Y>189</Y>
		</point>
		<point>
			<X>475</X>
			<Y>189</Y>
		</point>
		<point>
			<X>476</X>
			<Y>190</Y>
		</point>
		<point>
			<X>476</X>
			<Y>190</Y>
		</point>
		<point>
			<X>477</X>
			<Y>191</Y>
		</point>
		<point>
			<X>477</X>
			<Y>191</Y>
		</point>
		<point>
			<X>479</X>
			<Y>191</Y>
		</point>
		<point>
			<X>479</X>
			<Y>191</Y>
		</point>
		<point>
			<X>481</X>
			<Y>193</Y>
		</point>
		<point>
			<X>481</X>
			<Y>193</Y>
		</point>
		<point>
			<X>481</X>
			<Y>194</Y>
		</point>
		<point>
			<X>481</X>
			<Y>194</Y>
		</point>
		<point>
			<X>482</X>
			<Y>195</Y>
		</point>
		<point>
			<X>482</X>
			<Y>195</Y>
		</point>
		<point>
			<X>484</X>
			<Y>195</Y>
		</point>
		<point>
			<X>484</X>
			<Y>195</Y>
		</point>
		<point>
			<X>485</X>
			<Y>195</Y>
		</point>
		<point>
			<X>486</X>
			<Y>196</Y>
		</point>
		<point>
			<X>486</X>
			<Y>196</Y>
		</point>
		<point>
			<X>486</X>
			<Y>198</Y>
		</point>
		<point>
			<X>486</X>
			<Y>198</Y>
		</point>
		<point>
			<X>486</X>
			<Y>199</Y>
		</point>
		<point>
			<X>486</X>
			<Y>199</Y>
		</point>
		<point>
			<X>487</X>
			<Y>199</Y>
		</point>
		<point>
			<X>489</X>
			<Y>201</Y>
		</point>
		<point>
			<X>489</X>
			<Y>201</Y>
		</point>
		<point>
			<X>489</X>
			<Y>203</Y>
		</point>
		<point>
			<X>489</X>
			<Y>203</Y>
		</point>
		<point>
			<X>490</X>
			<Y>204</Y>
		</point>
		<point>
			<X>490</X>
			<Y>204</Y>
		</point>
		<point>
			<X>490</X>
			<Y>205</Y>
		</point>
		<point>
			<X>490</X>
			<Y>205</Y>
		</point>
		<point>
			<X>491</X>
			<Y>208</Y>
		</point>
		<point>
			<X>491</X>
			<Y>208</Y>
		</point>
		<point>
			<X>491</X>
			<Y>209</Y>
		</point>
		<point>
			<X>491</X>
			<Y>209</Y>
		</point>
	</polygon>
</annotation>