<annotation>
	<folder>anno</folder>
	<filename>2009_002460.jpg</filename>
	<source>
		<database>The anno Database</database>
		<annotation>VC anno</annotation>
		<image>Unknow</image>
		<flickrid>Unknow</flickrid>
	</source>
	<owner>
		<flickrid>Unknow</flickrid>
		<name>Unknow</name>
	</owner>
	<size>
		<width>500</width>
		<height>375</height>
		<depth>3</depth>
	</size>
	<segmented>1</segmented>
	<polygon>
		<tag>dog</tag>
		<point>
			<X>122</X>
			<Y>264</Y>
		</point>
		<point>
			<X>124</X>
			<Y>264</Y>
		</point>
		<point>
			<X>124</X>
			<Y>264</Y>
		</point>
		<point>
			<X>125</X>
			<Y>263</Y>
		</point>
		<point>
			<X>125</X>
			<Y>263</Y>
		</point>
		<point>
			<X>126</X>
			<Y>261</Y>
		</point>
		<point>
			<X>126</X>
			<Y>261</Y>
		</point>
		<point>
			<X>126</X>
			<Y>260</Y>
		</point>
		<point>
			<X>126</X>
			<Y>260</Y>
		</point>
		<point>
			<X>127</X>
			<Y>259</Y>
		</point>
		<point>
			<X>127</X>
			<Y>259</Y>
		</point>
		<point>
			<X>127</X>
			<Y>258</Y>
		</point>
		<point>
			<X>127</X>
			<Y>258</Y>
		</point>
		<point>
			<X>129</X>
			<Y>255</Y>
		</point>
		<point>
			<X>129</X>
			<Y>255</Y>
		</point>
		<point>
			<X>130</X>
			<Y>254</Y>
		</point>
		<point>
			<X>130</X>
			<Y>254</Y>
		</point>
		<point>
			<X>130</X>
			<Y>253</Y>
		</point>
		<point>
			<X>130</X>
			<Y>253</Y>
		</point>
		<point>
			<X>131</X>
			<Y>250</Y>
		</point>
		<point>
			<X>131</X>
			<Y>250</Y>
		</point>
		<point>
			<X>132</X>
			<Y>249</Y>
		</point>
		<point>
			<X>132</X>
			<Y>249</Y>
		</point>
		<point>
			<X>132</X>
			<Y>248</Y>
		</point>
		<point>
			<X>132</X>
			<Y>248</Y>
		</point>
		<point>
			<X>134</X>
			<Y>245</Y>
		</point>
		<point>
			<X>134</X>
			<Y>245</Y>
		</point>
		<point>
			<X>135</X>
			<Y>245</Y>
		</point>
		<point>
			<X>135</X>
			<Y>245</Y>
		</point>
		<point>
			<X>135</X>
			<Y>244</Y>
		</point>
		<point>
			<X>136</X>
			<Y>243</Y>
		</point>
		<point>
			<X>136</X>
			<Y>243</Y>
		</point>
		<point>
			<X>137</X>
			<Y>241</Y>
		</point>
		<point>
			<X>137</X>
			<Y>241</Y>
		</point>
		<point>
			<X>139</X>
			<Y>241</Y>
		</point>
		<point>
			<X>139</X>
			<Y>241</Y>
		</point>
		<point>
			<X>141</X>
			<Y>240</Y>
		</point>
		<point>
			<X>141</X>
			<Y>240</Y>
		</point>
		<point>
			<X>142</X>
			<Y>239</Y>
		</point>
		<point>
			<X>142</X>
			<Y>239</Y>
		</point>
		<point>
			<X>144</X>
			<Y>239</Y>
		</point>
		<point>
			<X>144</X>
			<Y>239</Y>
		</point>
		<point>
			<X>146</X>
			<Y>238</Y>
		</point>
		<point>
			<X>146</X>
			<Y>238</Y>
		</point>
		<point>
			<X>149</X>
			<Y>236</Y>
		</point>
		<point>
			<X>149</X>
			<Y>236</Y>
		</point>
		<point>
			<X>150</X>
			<Y>236</Y>
		</point>
		<point>
			<X>150</X>
			<Y>236</Y>
		</point>
		<point>
			<X>151</X>
			<Y>236</Y>
		</point>
		<point>
			<X>151</X>
			<Y>236</Y>
		</point>
		<point>
			<X>152</X>
			<Y>236</Y>
		</point>
		<point>
			<X>152</X>
			<Y>236</Y>
		</point>
		<point>
			<X>154</X>
			<Y>236</Y>
		</point>
		<point>
			<X>154</X>
			<Y>236</Y>
		</point>
		<point>
			<X>156</X>
			<Y>236</Y>
		</point>
		<point>
			<X>156</X>
			<Y>236</Y>
		</point>
		<point>
			<X>160</X>
			<Y>236</Y>
		</point>
		<point>
			<X>164</X>
			<Y>236</Y>
		</point>
		<point>
			<X>166</X>
			<Y>236</Y>
		</point>
		<point>
			<X>171</X>
			<Y>236</Y>
		</point>
		<point>
			<X>176</X>
			<Y>236</Y>
		</point>
		<point>
			<X>181</X>
			<Y>236</Y>
		</point>
		<point>
			<X>186</X>
			<Y>236</Y>
		</point>
		<point>
			<X>191</X>
			<Y>238</Y>
		</point>
		<point>
			<X>191</X>
			<Y>238</Y>
		</point>
		<point>
			<X>194</X>
			<Y>239</Y>
		</point>
		<point>
			<X>194</X>
			<Y>239</Y>
		</point>
		<point>
			<X>197</X>
			<Y>239</Y>
		</point>
		<point>
			<X>199</X>
			<Y>240</Y>
		</point>
		<point>
			<X>199</X>
			<Y>240</Y>
		</point>
		<point>
			<X>200</X>
			<Y>241</Y>
		</point>
		<point>
			<X>200</X>
			<Y>241</Y>
		</point>
		<point>
			<X>201</X>
			<Y>241</Y>
		</point>
		<point>
			<X>201</X>
			<Y>241</Y>
		</point>
		<point>
			<X>201</X>
			<Y>243</Y>
		</point>
		<point>
			<X>202</X>
			<Y>243</Y>
		</point>
		<point>
			<X>204</X>
			<Y>244</Y>
		</point>
		<point>
			<X>204</X>
			<Y>244</Y>
		</point>
		<point>
			<X>205</X>
			<Y>245</Y>
		</point>
		<point>
			<X>205</X>
			<Y>245</Y>
		</point>
		<point>
			<X>206</X>
			<Y>245</Y>
		</point>
		<point>
			<X>206</X>
			<Y>245</Y>
		</point>
		<point>
			<X>209</X>
			<Y>246</Y>
		</point>
		<point>
			<X>209</X>
			<Y>246</Y>
		</point>
		<point>
			<X>210</X>
			<Y>248</Y>
		</point>
		<point>
			<X>210</X>
			<Y>248</Y>
		</point>
		<point>
			<X>212</X>
			<Y>248</Y>
		</point>
		<point>
			<X>215</X>
			<Y>249</Y>
		</point>
		<point>
			<X>215</X>
			<Y>249</Y>
		</point>
		<point>
			<X>216</X>
			<Y>251</Y>
		</point>
		<point>
			<X>216</X>
			<Y>251</Y>
		</point>
		<point>
			<X>219</X>
			<Y>251</Y>
		</point>
		<point>
			<X>220</X>
			<Y>253</Y>
		</point>
		<point>
			<X>220</X>
			<Y>253</Y>
		</point>
		<point>
			<X>221</X>
			<Y>254</Y>
		</point>
		<point>
			<X>221</X>
			<Y>254</Y>
		</point>
		<point>
			<X>222</X>
			<Y>255</Y>
		</point>
		<point>
			<X>222</X>
			<Y>255</Y>
		</point>
		<point>
			<X>225</X>
			<Y>255</Y>
		</point>
		<point>
			<X>225</X>
			<Y>256</Y>
		</point>
		<point>
			<X>225</X>
			<Y>256</Y>
		</point>
		<point>
			<X>226</X>
			<Y>258</Y>
		</point>
		<point>
			<X>226</X>
			<Y>258</Y>
		</point>
		<point>
			<X>227</X>
			<Y>259</Y>
		</point>
		<point>
			<X>227</X>
			<Y>259</Y>
		</point>
		<point>
			<X>229</X>
			<Y>259</Y>
		</point>
		<point>
			<X>229</X>
			<Y>259</Y>
		</point>
		<point>
			<X>229</X>
			<Y>260</Y>
		</point>
		<point>
			<X>230</X>
			<Y>260</Y>
		</point>
		<point>
			<X>230</X>
			<Y>261</Y>
		</point>
		<point>
			<X>231</X>
			<Y>263</Y>
		</point>
		<point>
			<X>231</X>
			<Y>263</Y>
		</point>
		<point>
			<X>232</X>
			<Y>263</Y>
		</point>
		<point>
			<X>232</X>
			<Y>263</Y>
		</point>
		<point>
			<X>234</X>
			<Y>263</Y>
		</point>
		<point>
			<X>235</X>
			<Y>263</Y>
		</point>
		<point>
			<X>236</X>
			<Y>264</Y>
		</point>
		<point>
			<X>236</X>
			<Y>264</Y>
		</point>
		<point>
			<X>239</X>
			<Y>265</Y>
		</point>
		<point>
			<X>239</X>
			<Y>265</Y>
		</point>
		<point>
			<X>242</X>
			<Y>265</Y>
		</point>
		<point>
			<X>245</X>
			<Y>266</Y>
		</point>
		<point>
			<X>245</X>
			<Y>266</Y>
		</point>
		<point>
			<X>247</X>
			<Y>268</Y>
		</point>
		<point>
			<X>247</X>
			<Y>268</Y>
		</point>
		<point>
			<X>250</X>
			<Y>269</Y>
		</point>
		<point>
			<X>250</X>
			<Y>269</Y>
		</point>
		<point>
			<X>252</X>
			<Y>269</Y>
		</point>
		<point>
			<X>256</X>
			<Y>270</Y>
		</point>
		<point>
			<X>256</X>
			<Y>270</Y>
		</point>
		<point>
			<X>257</X>
			<Y>270</Y>
		</point>
		<point>
			<X>259</X>
			<Y>270</Y>
		</point>
		<point>
			<X>260</X>
			<Y>270</Y>
		</point>
		<point>
			<X>261</X>
			<Y>270</Y>
		</point>
		<point>
			<X>261</X>
			<Y>270</Y>
		</point>
	</polygon>
	<polygon>
		<tag>background</tag>
		<point>
			<X>50</X>
			<Y>94</Y>
		</point>
		<point>
			<X>49</X>
			<Y>94</Y>
		</point>
		<point>
			<X>49</X>
			<Y>94</Y>
		</point>
		<point>
			<X>49</X>
			<Y>95</Y>
		</point>
		<point>
			<X>47</X>
			<Y>98</Y>
		</point>
		<point>
			<X>47</X>
			<Y>98</Y>
		</point>
		<point>
			<X>46</X>
			<Y>100</Y>
		</point>
		<point>
			<X>46</X>
			<Y>100</Y>
		</point>
		<point>
			<X>46</X>
			<Y>105</Y>
		</point>
		<point>
			<X>46</X>
			<Y>105</Y>
		</point>
		<point>
			<X>45</X>
			<Y>113</Y>
		</point>
		<point>
			<X>45</X>
			<Y>113</Y>
		</point>
		<point>
			<X>44</X>
			<Y>121</Y>
		</point>
		<point>
			<X>44</X>
			<Y>121</Y>
		</point>
		<point>
			<X>42</X>
			<Y>131</Y>
		</point>
		<point>
			<X>42</X>
			<Y>131</Y>
		</point>
		<point>
			<X>42</X>
			<Y>141</Y>
		</point>
		<point>
			<X>42</X>
			<Y>141</Y>
		</point>
		<point>
			<X>42</X>
			<Y>153</Y>
		</point>
		<point>
			<X>42</X>
			<Y>153</Y>
		</point>
		<point>
			<X>42</X>
			<Y>164</Y>
		</point>
		<point>
			<X>42</X>
			<Y>164</Y>
		</point>
		<point>
			<X>42</X>
			<Y>176</Y>
		</point>
		<point>
			<X>42</X>
			<Y>176</Y>
		</point>
		<point>
			<X>41</X>
			<Y>188</Y>
		</point>
		<point>
			<X>41</X>
			<Y>188</Y>
		</point>
		<point>
			<X>41</X>
			<Y>198</Y>
		</point>
		<point>
			<X>41</X>
			<Y>198</Y>
		</point>
		<point>
			<X>41</X>
			<Y>208</Y>
		</point>
		<point>
			<X>41</X>
			<Y>208</Y>
		</point>
		<point>
			<X>41</X>
			<Y>218</Y>
		</point>
		<point>
			<X>41</X>
			<Y>218</Y>
		</point>
		<point>
			<X>41</X>
			<Y>226</Y>
		</point>
		<point>
			<X>41</X>
			<Y>226</Y>
		</point>
		<point>
			<X>41</X>
			<Y>235</Y>
		</point>
		<point>
			<X>41</X>
			<Y>235</Y>
		</point>
		<point>
			<X>41</X>
			<Y>241</Y>
		</point>
		<point>
			<X>41</X>
			<Y>241</Y>
		</point>
		<point>
			<X>41</X>
			<Y>249</Y>
		</point>
		<point>
			<X>41</X>
			<Y>249</Y>
		</point>
		<point>
			<X>41</X>
			<Y>254</Y>
		</point>
		<point>
			<X>41</X>
			<Y>254</Y>
		</point>
		<point>
			<X>41</X>
			<Y>259</Y>
		</point>
		<point>
			<X>41</X>
			<Y>259</Y>
		</point>
		<point>
			<X>41</X>
			<Y>264</Y>
		</point>
		<point>
			<X>41</X>
			<Y>264</Y>
		</point>
		<point>
			<X>42</X>
			<Y>270</Y>
		</point>
		<point>
			<X>42</X>
			<Y>270</Y>
		</point>
		<point>
			<X>44</X>
			<Y>276</Y>
		</point>
		<point>
			<X>44</X>
			<Y>276</Y>
		</point>
		<point>
			<X>45</X>
			<Y>280</Y>
		</point>
		<point>
			<X>45</X>
			<Y>280</Y>
		</point>
		<point>
			<X>45</X>
			<Y>284</Y>
		</point>
		<point>
			<X>45</X>
			<Y>284</Y>
		</point>
		<point>
			<X>46</X>
			<Y>288</Y>
		</point>
		<point>
			<X>46</X>
			<Y>288</Y>
		</point>
		<point>
			<X>47</X>
			<Y>291</Y>
		</point>
		<point>
			<X>47</X>
			<Y>291</Y>
		</point>
		<point>
			<X>49</X>
			<Y>294</Y>
		</point>
		<point>
			<X>49</X>
			<Y>294</Y>
		</point>
		<point>
			<X>49</X>
			<Y>296</Y>
		</point>
		<point>
			<X>49</X>
			<Y>296</Y>
		</point>
		<point>
			<X>50</X>
			<Y>301</Y>
		</point>
		<point>
			<X>50</X>
			<Y>301</Y>
		</point>
		<point>
			<X>51</X>
			<Y>305</Y>
		</point>
		<point>
			<X>51</X>
			<Y>305</Y>
		</point>
		<point>
			<X>52</X>
			<Y>309</Y>
		</point>
		<point>
			<X>52</X>
			<Y>309</Y>
		</point>
		<point>
			<X>52</X>
			<Y>311</Y>
		</point>
		<point>
			<X>52</X>
			<Y>311</Y>
		</point>
		<point>
			<X>54</X>
			<Y>316</Y>
		</point>
		<point>
			<X>54</X>
			<Y>316</Y>
		</point>
		<point>
			<X>55</X>
			<Y>319</Y>
		</point>
		<point>
			<X>55</X>
			<Y>319</Y>
		</point>
		<point>
			<X>56</X>
			<Y>320</Y>
		</point>
		<point>
			<X>56</X>
			<Y>320</Y>
		</point>
		<point>
			<X>56</X>
			<Y>323</Y>
		</point>
		<point>
			<X>56</X>
			<Y>323</Y>
		</point>
		<point>
			<X>57</X>
			<Y>325</Y>
		</point>
		<point>
			<X>57</X>
			<Y>325</Y>
		</point>
		<point>
			<X>59</X>
			<Y>326</Y>
		</point>
		<point>
			<X>59</X>
			<Y>326</Y>
		</point>
		<point>
			<X>61</X>
			<Y>328</Y>
		</point>
		<point>
			<X>61</X>
			<Y>328</Y>
		</point>
		<point>
			<X>62</X>
			<Y>330</Y>
		</point>
		<point>
			<X>62</X>
			<Y>330</Y>
		</point>
		<point>
			<X>65</X>
			<Y>331</Y>
		</point>
		<point>
			<X>65</X>
			<Y>331</Y>
		</point>
		<point>
			<X>66</X>
			<Y>333</Y>
		</point>
		<point>
			<X>66</X>
			<Y>333</Y>
		</point>
		<point>
			<X>67</X>
			<Y>333</Y>
		</point>
		<point>
			<X>67</X>
			<Y>333</Y>
		</point>
		<point>
			<X>71</X>
			<Y>336</Y>
		</point>
		<point>
			<X>71</X>
			<Y>336</Y>
		</point>
		<point>
			<X>72</X>
			<Y>338</Y>
		</point>
		<point>
			<X>72</X>
			<Y>338</Y>
		</point>
		<point>
			<X>75</X>
			<Y>338</Y>
		</point>
		<point>
			<X>75</X>
			<Y>338</Y>
		</point>
		<point>
			<X>79</X>
			<Y>338</Y>
		</point>
		<point>
			<X>79</X>
			<Y>338</Y>
		</point>
		<point>
			<X>82</X>
			<Y>340</Y>
		</point>
		<point>
			<X>82</X>
			<Y>340</Y>
		</point>
		<point>
			<X>85</X>
			<Y>341</Y>
		</point>
		<point>
			<X>85</X>
			<Y>341</Y>
		</point>
		<point>
			<X>92</X>
			<Y>343</Y>
		</point>
		<point>
			<X>92</X>
			<Y>343</Y>
		</point>
		<point>
			<X>99</X>
			<Y>343</Y>
		</point>
		<point>
			<X>99</X>
			<Y>343</Y>
		</point>
		<point>
			<X>104</X>
			<Y>343</Y>
		</point>
		<point>
			<X>104</X>
			<Y>343</Y>
		</point>
		<point>
			<X>111</X>
			<Y>343</Y>
		</point>
		<point>
			<X>111</X>
			<Y>343</Y>
		</point>
		<point>
			<X>117</X>
			<Y>343</Y>
		</point>
		<point>
			<X>117</X>
			<Y>343</Y>
		</point>
		<point>
			<X>126</X>
			<Y>343</Y>
		</point>
		<point>
			<X>126</X>
			<Y>343</Y>
		</point>
		<point>
			<X>134</X>
			<Y>343</Y>
		</point>
		<point>
			<X>134</X>
			<Y>343</Y>
		</point>
		<point>
			<X>140</X>
			<Y>343</Y>
		</point>
		<point>
			<X>140</X>
			<Y>343</Y>
		</point>
		<point>
			<X>149</X>
			<Y>345</Y>
		</point>
		<point>
			<X>149</X>
			<Y>345</Y>
		</point>
		<point>
			<X>156</X>
			<Y>346</Y>
		</point>
		<point>
			<X>156</X>
			<Y>346</Y>
		</point>
		<point>
			<X>161</X>
			<Y>348</Y>
		</point>
		<point>
			<X>161</X>
			<Y>348</Y>
		</point>
		<point>
			<X>170</X>
			<Y>348</Y>
		</point>
		<point>
			<X>170</X>
			<Y>348</Y>
		</point>
		<point>
			<X>176</X>
			<Y>350</Y>
		</point>
		<point>
			<X>176</X>
			<Y>350</Y>
		</point>
		<point>
			<X>184</X>
			<Y>350</Y>
		</point>
		<point>
			<X>189</X>
			<Y>351</Y>
		</point>
		<point>
			<X>189</X>
			<Y>351</Y>
		</point>
		<point>
			<X>194</X>
			<Y>351</Y>
		</point>
		<point>
			<X>201</X>
			<Y>351</Y>
		</point>
		<point>
			<X>207</X>
			<Y>351</Y>
		</point>
		<point>
			<X>215</X>
			<Y>351</Y>
		</point>
		<point>
			<X>222</X>
			<Y>351</Y>
		</point>
		<point>
			<X>230</X>
			<Y>351</Y>
		</point>
		<point>
			<X>239</X>
			<Y>353</Y>
		</point>
		<point>
			<X>239</X>
			<Y>353</Y>
		</point>
		<point>
			<X>246</X>
			<Y>353</Y>
		</point>
		<point>
			<X>255</X>
			<Y>353</Y>
		</point>
		<point>
			<X>265</X>
			<Y>353</Y>
		</point>
		<point>
			<X>274</X>
			<Y>353</Y>
		</point>
		<point>
			<X>282</X>
			<Y>353</Y>
		</point>
		<point>
			<X>291</X>
			<Y>351</Y>
		</point>
		<point>
			<X>291</X>
			<Y>351</Y>
		</point>
		<point>
			<X>299</X>
			<Y>351</Y>
		</point>
		<point>
			<X>309</X>
			<Y>351</Y>
		</point>
		<point>
			<X>320</X>
			<Y>350</Y>
		</point>
		<point>
			<X>320</X>
			<Y>350</Y>
		</point>
		<point>
			<X>330</X>
			<Y>350</Y>
		</point>
		<point>
			<X>340</X>
			<Y>348</Y>
		</point>
		<point>
			<X>340</X>
			<Y>348</Y>
		</point>
		<point>
			<X>350</X>
			<Y>348</Y>
		</point>
		<point>
			<X>358</X>
			<Y>348</Y>
		</point>
		<point>
			<X>358</X>
			<Y>348</Y>
		</point>
		<point>
			<X>365</X>
			<Y>346</Y>
		</point>
		<point>
			<X>365</X>
			<Y>346</Y>
		</point>
		<point>
			<X>371</X>
			<Y>345</Y>
		</point>
		<point>
			<X>371</X>
			<Y>345</Y>
		</point>
		<point>
			<X>377</X>
			<Y>343</Y>
		</point>
		<point>
			<X>377</X>
			<Y>343</Y>
		</point>
		<point>
			<X>384</X>
			<Y>343</Y>
		</point>
		<point>
			<X>384</X>
			<Y>343</Y>
		</point>
		<point>
			<X>387</X>
			<Y>343</Y>
		</point>
		<point>
			<X>392</X>
			<Y>341</Y>
		</point>
		<point>
			<X>392</X>
			<Y>341</Y>
		</point>
		<point>
			<X>397</X>
			<Y>338</Y>
		</point>
		<point>
			<X>397</X>
			<Y>338</Y>
		</point>
		<point>
			<X>404</X>
			<Y>336</Y>
		</point>
		<point>
			<X>404</X>
			<Y>336</Y>
		</point>
		<point>
			<X>407</X>
			<Y>333</Y>
		</point>
		<point>
			<X>407</X>
			<Y>333</Y>
		</point>
		<point>
			<X>412</X>
			<Y>331</Y>
		</point>
		<point>
			<X>412</X>
			<Y>331</Y>
		</point>
		<point>
			<X>415</X>
			<Y>328</Y>
		</point>
		<point>
			<X>415</X>
			<Y>328</Y>
		</point>
		<point>
			<X>417</X>
			<Y>326</Y>
		</point>
		<point>
			<X>417</X>
			<Y>326</Y>
		</point>
		<point>
			<X>420</X>
			<Y>323</Y>
		</point>
		<point>
			<X>420</X>
			<Y>323</Y>
		</point>
		<point>
			<X>421</X>
			<Y>321</Y>
		</point>
		<point>
			<X>421</X>
			<Y>321</Y>
		</point>
		<point>
			<X>422</X>
			<Y>318</Y>
		</point>
		<point>
			<X>422</X>
			<Y>318</Y>
		</point>
		<point>
			<X>425</X>
			<Y>315</Y>
		</point>
		<point>
			<X>425</X>
			<Y>315</Y>
		</point>
		<point>
			<X>425</X>
			<Y>313</Y>
		</point>
		<point>
			<X>425</X>
			<Y>313</Y>
		</point>
		<point>
			<X>426</X>
			<Y>309</Y>
		</point>
		<point>
			<X>426</X>
			<Y>309</Y>
		</point>
		<point>
			<X>427</X>
			<Y>305</Y>
		</point>
		<point>
			<X>427</X>
			<Y>305</Y>
		</point>
		<point>
			<X>430</X>
			<Y>299</Y>
		</point>
		<point>
			<X>430</X>
			<Y>299</Y>
		</point>
		<point>
			<X>431</X>
			<Y>294</Y>
		</point>
		<point>
			<X>431</X>
			<Y>294</Y>
		</point>
		<point>
			<X>432</X>
			<Y>286</Y>
		</point>
		<point>
			<X>432</X>
			<Y>286</Y>
		</point>
		<point>
			<X>434</X>
			<Y>281</Y>
		</point>
		<point>
			<X>434</X>
			<Y>281</Y>
		</point>
		<point>
			<X>435</X>
			<Y>275</Y>
		</point>
		<point>
			<X>435</X>
			<Y>275</Y>
		</point>
		<point>
			<X>436</X>
			<Y>270</Y>
		</point>
		<point>
			<X>436</X>
			<Y>270</Y>
		</point>
		<point>
			<X>437</X>
			<Y>265</Y>
		</point>
		<point>
			<X>437</X>
			<Y>265</Y>
		</point>
		<point>
			<X>439</X>
			<Y>259</Y>
		</point>
		<point>
			<X>439</X>
			<Y>259</Y>
		</point>
		<point>
			<X>440</X>
			<Y>253</Y>
		</point>
		<point>
			<X>440</X>
			<Y>253</Y>
		</point>
		<point>
			<X>440</X>
			<Y>244</Y>
		</point>
		<point>
			<X>440</X>
			<Y>244</Y>
		</point>
		<point>
			<X>440</X>
			<Y>238</Y>
		</point>
		<point>
			<X>440</X>
			<Y>238</Y>
		</point>
		<point>
			<X>440</X>
			<Y>233</Y>
		</point>
		<point>
			<X>440</X>
			<Y>233</Y>
		</point>
		<point>
			<X>440</X>
			<Y>225</Y>
		</point>
		<point>
			<X>440</X>
			<Y>225</Y>
		</point>
		<point>
			<X>440</X>
			<Y>220</Y>
		</point>
		<point>
			<X>440</X>
			<Y>220</Y>
		</point>
		<point>
			<X>439</X>
			<Y>214</Y>
		</point>
		<point>
			<X>439</X>
			<Y>214</Y>
		</point>
		<point>
			<X>436</X>
			<Y>208</Y>
		</point>
		<point>
			<X>436</X>
			<Y>208</Y>
		</point>
		<point>
			<X>435</X>
			<Y>201</Y>
		</point>
		<point>
			<X>435</X>
			<Y>201</Y>
		</point>
		<point>
			<X>434</X>
			<Y>196</Y>
		</point>
		<point>
			<X>434</X>
			<Y>196</Y>
		</point>
		<point>
			<X>431</X>
			<Y>191</Y>
		</point>
		<point>
			<X>431</X>
			<Y>191</Y>
		</point>
		<point>
			<X>430</X>
			<Y>185</Y>
		</point>
		<point>
			<X>430</X>
			<Y>185</Y>
		</point>
		<point>
			<X>427</X>
			<Y>181</Y>
		</point>
		<point>
			<X>427</X>
			<Y>181</Y>
		</point>
		<point>
			<X>425</X>
			<Y>176</Y>
		</point>
		<point>
			<X>425</X>
			<Y>176</Y>
		</point>
		<point>
			<X>424</X>
			<Y>171</Y>
		</point>
		<point>
			<X>424</X>
			<Y>171</Y>
		</point>
		<point>
			<X>420</X>
			<Y>165</Y>
		</point>
		<point>
			<X>420</X>
			<Y>165</Y>
		</point>
		<point>
			<X>416</X>
			<Y>160</Y>
		</point>
		<point>
			<X>416</X>
			<Y>160</Y>
		</point>
		<point>
			<X>410</X>
			<Y>155</Y>
		</point>
		<point>
			<X>410</X>
			<Y>155</Y>
		</point>
		<point>
			<X>404</X>
			<Y>150</Y>
		</point>
		<point>
			<X>404</X>
			<Y>150</Y>
		</point>
		<point>
			<X>396</X>
			<Y>146</Y>
		</point>
		<point>
			<X>396</X>
			<Y>146</Y>
		</point>
		<point>
			<X>391</X>
			<Y>143</Y>
		</point>
		<point>
			<X>391</X>
			<Y>143</Y>
		</point>
		<point>
			<X>384</X>
			<Y>139</Y>
		</point>
		<point>
			<X>384</X>
			<Y>139</Y>
		</point>
		<point>
			<X>376</X>
			<Y>135</Y>
		</point>
		<point>
			<X>376</X>
			<Y>135</Y>
		</point>
		<point>
			<X>367</X>
			<Y>131</Y>
		</point>
		<point>
			<X>367</X>
			<Y>131</Y>
		</point>
		<point>
			<X>358</X>
			<Y>128</Y>
		</point>
		<point>
			<X>358</X>
			<Y>128</Y>
		</point>
		<point>
			<X>350</X>
			<Y>124</Y>
		</point>
		<point>
			<X>350</X>
			<Y>124</Y>
		</point>
		<point>
			<X>340</X>
			<Y>120</Y>
		</point>
		<point>
			<X>340</X>
			<Y>120</Y>
		</point>
		<point>
			<X>330</X>
			<Y>116</Y>
		</point>
		<point>
			<X>330</X>
			<Y>116</Y>
		</point>
		<point>
			<X>320</X>
			<Y>113</Y>
		</point>
		<point>
			<X>320</X>
			<Y>113</Y>
		</point>
		<point>
			<X>307</X>
			<Y>106</Y>
		</point>
		<point>
			<X>307</X>
			<Y>106</Y>
		</point>
		<point>
			<X>296</X>
			<Y>101</Y>
		</point>
		<point>
			<X>296</X>
			<Y>101</Y>
		</point>
		<point>
			<X>286</X>
			<Y>99</Y>
		</point>
		<point>
			<X>286</X>
			<Y>99</Y>
		</point>
		<point>
			<X>276</X>
			<Y>96</Y>
		</point>
		<point>
			<X>276</X>
			<Y>96</Y>
		</point>
		<point>
			<X>267</X>
			<Y>95</Y>
		</point>
		<point>
			<X>267</X>
			<Y>95</Y>
		</point>
		<point>
			<X>262</X>
			<Y>94</Y>
		</point>
		<point>
			<X>262</X>
			<Y>94</Y>
		</point>
		<point>
			<X>256</X>
			<Y>93</Y>
		</point>
		<point>
			<X>256</X>
			<Y>93</Y>
		</point>
		<point>
			<X>252</X>
			<Y>93</Y>
		</point>
		<point>
			<X>252</X>
			<Y>93</Y>
		</point>
		<point>
			<X>249</X>
			<Y>93</Y>
		</point>
		<point>
			<X>249</X>
			<Y>93</Y>
		</point>
		<point>
			<X>246</X>
			<Y>93</Y>
		</point>
		<point>
			<X>246</X>
			<Y>93</Y>
		</point>
		<point>
			<X>244</X>
			<Y>93</Y>
		</point>
		<point>
			<X>244</X>
			<Y>93</Y>
		</point>
		<point>
			<X>241</X>
			<Y>93</Y>
		</point>
		<point>
			<X>241</X>
			<Y>93</Y>
		</point>
		<point>
			<X>239</X>
			<Y>93</Y>
		</point>
		<point>
			<X>239</X>
			<Y>93</Y>
		</point>
		<point>
			<X>237</X>
			<Y>93</Y>
		</point>
		<point>
			<X>237</X>
			<Y>93</Y>
		</point>
		<point>
			<X>236</X>
			<Y>93</Y>
		</point>
		<point>
			<X>236</X>
			<Y>93</Y>
		</point>
		<point>
			<X>236</X>
			<Y>93</Y>
		</point>
	</polygon>
</annotation>