<annotation>
	<folder>anno</folder>
	<filename>2009_001424.jpg</filename>
	<source>
		<database>The anno Database</database>
		<annotation>VC anno</annotation>
		<image>Unknow</image>
		<flickrid>Unknow</flickrid>
	</source>
	<owner>
		<flickrid>Unknow</flickrid>
		<name>Unknow</name>
	</owner>
	<size>
		<width>360</width>
		<height>500</height>
		<depth>3</depth>
	</size>
	<segmented>1</segmented>
	<polygon>
		<tag>dog</tag>
		<point>
			<X>93</X>
			<Y>49</Y>
		</point>
		<point>
			<X>95</X>
			<Y>49</Y>
		</point>
		<point>
			<X>95</X>
			<Y>49</Y>
		</point>
		<point>
			<X>97</X>
			<Y>49</Y>
		</point>
		<point>
			<X>97</X>
			<Y>49</Y>
		</point>
		<point>
			<X>98</X>
			<Y>50</Y>
		</point>
		<point>
			<X>98</X>
			<Y>50</Y>
		</point>
		<point>
			<X>100</X>
			<Y>51</Y>
		</point>
		<point>
			<X>100</X>
			<Y>51</Y>
		</point>
		<point>
			<X>103</X>
			<Y>54</Y>
		</point>
		<point>
			<X>103</X>
			<Y>54</Y>
		</point>
		<point>
			<X>105</X>
			<Y>55</Y>
		</point>
		<point>
			<X>105</X>
			<Y>55</Y>
		</point>
		<point>
			<X>106</X>
			<Y>60</Y>
		</point>
		<point>
			<X>106</X>
			<Y>60</Y>
		</point>
		<point>
			<X>110</X>
			<Y>62</Y>
		</point>
		<point>
			<X>110</X>
			<Y>62</Y>
		</point>
		<point>
			<X>113</X>
			<Y>67</Y>
		</point>
		<point>
			<X>113</X>
			<Y>67</Y>
		</point>
		<point>
			<X>121</X>
			<Y>77</Y>
		</point>
		<point>
			<X>121</X>
			<Y>77</Y>
		</point>
		<point>
			<X>124</X>
			<Y>82</Y>
		</point>
		<point>
			<X>124</X>
			<Y>82</Y>
		</point>
		<point>
			<X>128</X>
			<Y>88</Y>
		</point>
		<point>
			<X>128</X>
			<Y>88</Y>
		</point>
		<point>
			<X>132</X>
			<Y>96</Y>
		</point>
		<point>
			<X>132</X>
			<Y>96</Y>
		</point>
		<point>
			<X>135</X>
			<Y>105</Y>
		</point>
		<point>
			<X>135</X>
			<Y>105</Y>
		</point>
		<point>
			<X>138</X>
			<Y>111</Y>
		</point>
		<point>
			<X>138</X>
			<Y>111</Y>
		</point>
		<point>
			<X>141</X>
			<Y>121</Y>
		</point>
		<point>
			<X>141</X>
			<Y>121</Y>
		</point>
		<point>
			<X>142</X>
			<Y>129</Y>
		</point>
		<point>
			<X>142</X>
			<Y>129</Y>
		</point>
		<point>
			<X>144</X>
			<Y>136</Y>
		</point>
		<point>
			<X>144</X>
			<Y>136</Y>
		</point>
		<point>
			<X>147</X>
			<Y>143</Y>
		</point>
		<point>
			<X>147</X>
			<Y>143</Y>
		</point>
		<point>
			<X>148</X>
			<Y>151</Y>
		</point>
		<point>
			<X>148</X>
			<Y>151</Y>
		</point>
		<point>
			<X>148</X>
			<Y>156</Y>
		</point>
		<point>
			<X>148</X>
			<Y>156</Y>
		</point>
		<point>
			<X>150</X>
			<Y>160</Y>
		</point>
		<point>
			<X>150</X>
			<Y>160</Y>
		</point>
		<point>
			<X>150</X>
			<Y>165</Y>
		</point>
		<point>
			<X>150</X>
			<Y>165</Y>
		</point>
		<point>
			<X>151</X>
			<Y>171</Y>
		</point>
		<point>
			<X>151</X>
			<Y>171</Y>
		</point>
		<point>
			<X>151</X>
			<Y>174</Y>
		</point>
		<point>
			<X>151</X>
			<Y>174</Y>
		</point>
		<point>
			<X>152</X>
			<Y>180</Y>
		</point>
		<point>
			<X>152</X>
			<Y>180</Y>
		</point>
		<point>
			<X>152</X>
			<Y>182</Y>
		</point>
		<point>
			<X>152</X>
			<Y>182</Y>
		</point>
		<point>
			<X>152</X>
			<Y>187</Y>
		</point>
		<point>
			<X>152</X>
			<Y>187</Y>
		</point>
		<point>
			<X>152</X>
			<Y>190</Y>
		</point>
		<point>
			<X>152</X>
			<Y>190</Y>
		</point>
		<point>
			<X>155</X>
			<Y>194</Y>
		</point>
		<point>
			<X>155</X>
			<Y>194</Y>
		</point>
		<point>
			<X>155</X>
			<Y>197</Y>
		</point>
		<point>
			<X>155</X>
			<Y>197</Y>
		</point>
		<point>
			<X>155</X>
			<Y>200</Y>
		</point>
		<point>
			<X>155</X>
			<Y>200</Y>
		</point>
		<point>
			<X>155</X>
			<Y>202</Y>
		</point>
		<point>
			<X>155</X>
			<Y>202</Y>
		</point>
		<point>
			<X>156</X>
			<Y>207</Y>
		</point>
		<point>
			<X>156</X>
			<Y>207</Y>
		</point>
		<point>
			<X>156</X>
			<Y>210</Y>
		</point>
		<point>
			<X>156</X>
			<Y>210</Y>
		</point>
		<point>
			<X>157</X>
			<Y>215</Y>
		</point>
		<point>
			<X>157</X>
			<Y>215</Y>
		</point>
		<point>
			<X>157</X>
			<Y>217</Y>
		</point>
		<point>
			<X>157</X>
			<Y>217</Y>
		</point>
		<point>
			<X>160</X>
			<Y>222</Y>
		</point>
		<point>
			<X>160</X>
			<Y>222</Y>
		</point>
		<point>
			<X>161</X>
			<Y>227</Y>
		</point>
		<point>
			<X>161</X>
			<Y>227</Y>
		</point>
		<point>
			<X>162</X>
			<Y>232</Y>
		</point>
		<point>
			<X>162</X>
			<Y>232</Y>
		</point>
		<point>
			<X>166</X>
			<Y>238</Y>
		</point>
		<point>
			<X>166</X>
			<Y>238</Y>
		</point>
		<point>
			<X>169</X>
			<Y>245</Y>
		</point>
		<point>
			<X>169</X>
			<Y>245</Y>
		</point>
		<point>
			<X>172</X>
			<Y>253</Y>
		</point>
		<point>
			<X>172</X>
			<Y>253</Y>
		</point>
		<point>
			<X>175</X>
			<Y>259</Y>
		</point>
		<point>
			<X>175</X>
			<Y>259</Y>
		</point>
		<point>
			<X>180</X>
			<Y>264</Y>
		</point>
		<point>
			<X>180</X>
			<Y>264</Y>
		</point>
		<point>
			<X>180</X>
			<Y>270</Y>
		</point>
		<point>
			<X>180</X>
			<Y>270</Y>
		</point>
		<point>
			<X>184</X>
			<Y>276</Y>
		</point>
		<point>
			<X>184</X>
			<Y>276</Y>
		</point>
		<point>
			<X>185</X>
			<Y>277</Y>
		</point>
		<point>
			<X>185</X>
			<Y>277</Y>
		</point>
		<point>
			<X>187</X>
			<Y>280</Y>
		</point>
		<point>
			<X>187</X>
			<Y>280</Y>
		</point>
		<point>
			<X>191</X>
			<Y>284</Y>
		</point>
		<point>
			<X>191</X>
			<Y>284</Y>
		</point>
		<point>
			<X>196</X>
			<Y>289</Y>
		</point>
		<point>
			<X>196</X>
			<Y>289</Y>
		</point>
		<point>
			<X>197</X>
			<Y>293</Y>
		</point>
		<point>
			<X>197</X>
			<Y>293</Y>
		</point>
		<point>
			<X>201</X>
			<Y>296</Y>
		</point>
		<point>
			<X>201</X>
			<Y>296</Y>
		</point>
		<point>
			<X>202</X>
			<Y>300</Y>
		</point>
		<point>
			<X>202</X>
			<Y>300</Y>
		</point>
		<point>
			<X>207</X>
			<Y>302</Y>
		</point>
		<point>
			<X>207</X>
			<Y>302</Y>
		</point>
		<point>
			<X>207</X>
			<Y>307</Y>
		</point>
		<point>
			<X>207</X>
			<Y>307</Y>
		</point>
		<point>
			<X>212</X>
			<Y>312</Y>
		</point>
		<point>
			<X>212</X>
			<Y>312</Y>
		</point>
		<point>
			<X>212</X>
			<Y>314</Y>
		</point>
		<point>
			<X>212</X>
			<Y>314</Y>
		</point>
		<point>
			<X>215</X>
			<Y>315</Y>
		</point>
		<point>
			<X>215</X>
			<Y>315</Y>
		</point>
		<point>
			<X>216</X>
			<Y>318</Y>
		</point>
		<point>
			<X>216</X>
			<Y>318</Y>
		</point>
		<point>
			<X>217</X>
			<Y>320</Y>
		</point>
		<point>
			<X>217</X>
			<Y>320</Y>
		</point>
		<point>
			<X>217</X>
			<Y>320</Y>
		</point>
		<point>
			<X>217</X>
			<Y>320</Y>
		</point>
		<point>
			<X>217</X>
			<Y>322</Y>
		</point>
		<point>
			<X>217</X>
			<Y>322</Y>
		</point>
		<point>
			<X>220</X>
			<Y>323</Y>
		</point>
		<point>
			<X>220</X>
			<Y>323</Y>
		</point>
		<point>
			<X>220</X>
			<Y>325</Y>
		</point>
		<point>
			<X>220</X>
			<Y>325</Y>
		</point>
		<point>
			<X>222</X>
			<Y>325</Y>
		</point>
		<point>
			<X>222</X>
			<Y>325</Y>
		</point>
		<point>
			<X>222</X>
			<Y>328</Y>
		</point>
		<point>
			<X>222</X>
			<Y>328</Y>
		</point>
		<point>
			<X>222</X>
			<Y>329</Y>
		</point>
		<point>
			<X>222</X>
			<Y>329</Y>
		</point>
		<point>
			<X>225</X>
			<Y>330</Y>
		</point>
		<point>
			<X>225</X>
			<Y>330</Y>
		</point>
		<point>
			<X>227</X>
			<Y>333</Y>
		</point>
		<point>
			<X>227</X>
			<Y>333</Y>
		</point>
		<point>
			<X>228</X>
			<Y>335</Y>
		</point>
		<point>
			<X>228</X>
			<Y>335</Y>
		</point>
		<point>
			<X>230</X>
			<Y>337</Y>
		</point>
		<point>
			<X>230</X>
			<Y>337</Y>
		</point>
		<point>
			<X>232</X>
			<Y>337</Y>
		</point>
		<point>
			<X>233</X>
			<Y>339</Y>
		</point>
		<point>
			<X>233</X>
			<Y>339</Y>
		</point>
		<point>
			<X>235</X>
			<Y>339</Y>
		</point>
		<point>
			<X>235</X>
			<Y>339</Y>
		</point>
		<point>
			<X>238</X>
			<Y>340</Y>
		</point>
		<point>
			<X>238</X>
			<Y>340</Y>
		</point>
		<point>
			<X>241</X>
			<Y>342</Y>
		</point>
		<point>
			<X>241</X>
			<Y>342</Y>
		</point>
		<point>
			<X>242</X>
			<Y>342</Y>
		</point>
		<point>
			<X>243</X>
			<Y>343</Y>
		</point>
		<point>
			<X>243</X>
			<Y>343</Y>
		</point>
		<point>
			<X>246</X>
			<Y>344</Y>
		</point>
		<point>
			<X>246</X>
			<Y>344</Y>
		</point>
		<point>
			<X>247</X>
			<Y>344</Y>
		</point>
		<point>
			<X>248</X>
			<Y>345</Y>
		</point>
		<point>
			<X>248</X>
			<Y>345</Y>
		</point>
		<point>
			<X>252</X>
			<Y>348</Y>
		</point>
		<point>
			<X>252</X>
			<Y>348</Y>
		</point>
		<point>
			<X>256</X>
			<Y>349</Y>
		</point>
		<point>
			<X>256</X>
			<Y>349</Y>
		</point>
		<point>
			<X>258</X>
			<Y>350</Y>
		</point>
		<point>
			<X>258</X>
			<Y>350</Y>
		</point>
		<point>
			<X>263</X>
			<Y>352</Y>
		</point>
		<point>
			<X>263</X>
			<Y>352</Y>
		</point>
		<point>
			<X>265</X>
			<Y>353</Y>
		</point>
		<point>
			<X>265</X>
			<Y>353</Y>
		</point>
		<point>
			<X>267</X>
			<Y>354</Y>
		</point>
		<point>
			<X>267</X>
			<Y>354</Y>
		</point>
		<point>
			<X>269</X>
			<Y>355</Y>
		</point>
		<point>
			<X>269</X>
			<Y>355</Y>
		</point>
		<point>
			<X>273</X>
			<Y>357</Y>
		</point>
		<point>
			<X>273</X>
			<Y>357</Y>
		</point>
		<point>
			<X>276</X>
			<Y>359</Y>
		</point>
		<point>
			<X>276</X>
			<Y>359</Y>
		</point>
		<point>
			<X>278</X>
			<Y>360</Y>
		</point>
		<point>
			<X>278</X>
			<Y>360</Y>
		</point>
		<point>
			<X>279</X>
			<Y>360</Y>
		</point>
		<point>
			<X>279</X>
			<Y>360</Y>
		</point>
		<point>
			<X>281</X>
			<Y>360</Y>
		</point>
		<point>
			<X>281</X>
			<Y>360</Y>
		</point>
		<point>
			<X>282</X>
			<Y>362</Y>
		</point>
		<point>
			<X>282</X>
			<Y>362</Y>
		</point>
		<point>
			<X>283</X>
			<Y>363</Y>
		</point>
		<point>
			<X>283</X>
			<Y>363</Y>
		</point>
		<point>
			<X>284</X>
			<Y>364</Y>
		</point>
		<point>
			<X>284</X>
			<Y>364</Y>
		</point>
		<point>
			<X>284</X>
			<Y>365</Y>
		</point>
		<point>
			<X>284</X>
			<Y>365</Y>
		</point>
		<point>
			<X>286</X>
			<Y>365</Y>
		</point>
		<point>
			<X>286</X>
			<Y>365</Y>
		</point>
		<point>
			<X>287</X>
			<Y>368</Y>
		</point>
		<point>
			<X>287</X>
			<Y>368</Y>
		</point>
		<point>
			<X>287</X>
			<Y>369</Y>
		</point>
		<point>
			<X>287</X>
			<Y>369</Y>
		</point>
		<point>
			<X>288</X>
			<Y>370</Y>
		</point>
		<point>
			<X>288</X>
			<Y>370</Y>
		</point>
		<point>
			<X>290</X>
			<Y>373</Y>
		</point>
		<point>
			<X>290</X>
			<Y>373</Y>
		</point>
		<point>
			<X>290</X>
			<Y>374</Y>
		</point>
		<point>
			<X>290</X>
			<Y>374</Y>
		</point>
		<point>
			<X>292</X>
			<Y>375</Y>
		</point>
		<point>
			<X>292</X>
			<Y>375</Y>
		</point>
		<point>
			<X>292</X>
			<Y>378</Y>
		</point>
		<point>
			<X>292</X>
			<Y>378</Y>
		</point>
		<point>
			<X>292</X>
			<Y>379</Y>
		</point>
		<point>
			<X>292</X>
			<Y>379</Y>
		</point>
		<point>
			<X>293</X>
			<Y>380</Y>
		</point>
		<point>
			<X>293</X>
			<Y>380</Y>
		</point>
		<point>
			<X>294</X>
			<Y>380</Y>
		</point>
		<point>
			<X>294</X>
			<Y>380</Y>
		</point>
		<point>
			<X>294</X>
			<Y>380</Y>
		</point>
		<point>
			<X>294</X>
			<Y>382</Y>
		</point>
		<point>
			<X>294</X>
			<Y>382</Y>
		</point>
		<point>
			<X>294</X>
			<Y>383</Y>
		</point>
		<point>
			<X>294</X>
			<Y>383</Y>
		</point>
		<point>
			<X>294</X>
			<Y>385</Y>
		</point>
		<point>
			<X>294</X>
			<Y>385</Y>
		</point>
		<point>
			<X>294</X>
			<Y>385</Y>
		</point>
		<point>
			<X>294</X>
			<Y>385</Y>
		</point>
		<point>
			<X>294</X>
			<Y>387</Y>
		</point>
		<point>
			<X>294</X>
			<Y>387</Y>
		</point>
		<point>
			<X>294</X>
			<Y>389</Y>
		</point>
		<point>
			<X>294</X>
			<Y>389</Y>
		</point>
		<point>
			<X>294</X>
			<Y>390</Y>
		</point>
		<point>
			<X>294</X>
			<Y>390</Y>
		</point>
		<point>
			<X>294</X>
			<Y>392</Y>
		</point>
		<point>
			<X>294</X>
			<Y>392</Y>
		</point>
		<point>
			<X>294</X>
			<Y>393</Y>
		</point>
		<point>
			<X>294</X>
			<Y>393</Y>
		</point>
		<point>
			<X>294</X>
			<Y>394</Y>
		</point>
		<point>
			<X>294</X>
			<Y>394</Y>
		</point>
		<point>
			<X>294</X>
			<Y>395</Y>
		</point>
		<point>
			<X>294</X>
			<Y>395</Y>
		</point>
		<point>
			<X>294</X>
			<Y>395</Y>
		</point>
		<point>
			<X>294</X>
			<Y>395</Y>
		</point>
		<point>
			<X>294</X>
			<Y>397</Y>
		</point>
		<point>
			<X>294</X>
			<Y>397</Y>
		</point>
		<point>
			<X>293</X>
			<Y>397</Y>
		</point>
		<point>
			<X>293</X>
			<Y>397</Y>
		</point>
		<point>
			<X>292</X>
			<Y>399</Y>
		</point>
		<point>
			<X>292</X>
			<Y>399</Y>
		</point>
		<point>
			<X>291</X>
			<Y>400</Y>
		</point>
		<point>
			<X>291</X>
			<Y>400</Y>
		</point>
		<point>
			<X>290</X>
			<Y>400</Y>
		</point>
		<point>
			<X>290</X>
			<Y>400</Y>
		</point>
		<point>
			<X>289</X>
			<Y>400</Y>
		</point>
		<point>
			<X>289</X>
			<Y>400</Y>
		</point>
		<point>
			<X>288</X>
			<Y>402</Y>
		</point>
		<point>
			<X>288</X>
			<Y>402</Y>
		</point>
		<point>
			<X>287</X>
			<Y>404</Y>
		</point>
		<point>
			<X>287</X>
			<Y>404</Y>
		</point>
		<point>
			<X>287</X>
			<Y>405</Y>
		</point>
		<point>
			<X>287</X>
			<Y>405</Y>
		</point>
		<point>
			<X>285</X>
			<Y>405</Y>
		</point>
		<point>
			<X>285</X>
			<Y>405</Y>
		</point>
		<point>
			<X>283</X>
			<Y>407</Y>
		</point>
		<point>
			<X>283</X>
			<Y>407</Y>
		</point>
		<point>
			<X>280</X>
			<Y>407</Y>
		</point>
		<point>
			<X>280</X>
			<Y>407</Y>
		</point>
		<point>
			<X>277</X>
			<Y>410</Y>
		</point>
		<point>
			<X>277</X>
			<Y>410</Y>
		</point>
		<point>
			<X>272</X>
			<Y>414</Y>
		</point>
		<point>
			<X>272</X>
			<Y>414</Y>
		</point>
		<point>
			<X>270</X>
			<Y>414</Y>
		</point>
		<point>
			<X>270</X>
			<Y>414</Y>
		</point>
		<point>
			<X>267</X>
			<Y>415</Y>
		</point>
		<point>
			<X>267</X>
			<Y>415</Y>
		</point>
		<point>
			<X>264</X>
			<Y>417</Y>
		</point>
		<point>
			<X>264</X>
			<Y>417</Y>
		</point>
		<point>
			<X>261</X>
			<Y>417</Y>
		</point>
		<point>
			<X>261</X>
			<Y>417</Y>
		</point>
		<point>
			<X>258</X>
			<Y>417</Y>
		</point>
		<point>
			<X>258</X>
			<Y>417</Y>
		</point>
		<point>
			<X>252</X>
			<Y>419</Y>
		</point>
		<point>
			<X>252</X>
			<Y>419</Y>
		</point>
		<point>
			<X>248</X>
			<Y>420</Y>
		</point>
		<point>
			<X>248</X>
			<Y>420</Y>
		</point>
		<point>
			<X>247</X>
			<Y>420</Y>
		</point>
		<point>
			<X>247</X>
			<Y>420</Y>
		</point>
		<point>
			<X>243</X>
			<Y>420</Y>
		</point>
		<point>
			<X>243</X>
			<Y>420</Y>
		</point>
		<point>
			<X>240</X>
			<Y>422</Y>
		</point>
		<point>
			<X>240</X>
			<Y>422</Y>
		</point>
		<point>
			<X>238</X>
			<Y>422</Y>
		</point>
		<point>
			<X>238</X>
			<Y>422</Y>
		</point>
		<point>
			<X>235</X>
			<Y>425</Y>
		</point>
		<point>
			<X>235</X>
			<Y>425</Y>
		</point>
		<point>
			<X>233</X>
			<Y>425</Y>
		</point>
		<point>
			<X>233</X>
			<Y>425</Y>
		</point>
		<point>
			<X>231</X>
			<Y>427</Y>
		</point>
		<point>
			<X>231</X>
			<Y>427</Y>
		</point>
		<point>
			<X>228</X>
			<Y>427</Y>
		</point>
		<point>
			<X>228</X>
			<Y>427</Y>
		</point>
		<point>
			<X>226</X>
			<Y>427</Y>
		</point>
		<point>
			<X>226</X>
			<Y>427</Y>
		</point>
		<point>
			<X>222</X>
			<Y>429</Y>
		</point>
		<point>
			<X>222</X>
			<Y>429</Y>
		</point>
		<point>
			<X>220</X>
			<Y>430</Y>
		</point>
		<point>
			<X>220</X>
			<Y>430</Y>
		</point>
		<point>
			<X>217</X>
			<Y>430</Y>
		</point>
		<point>
			<X>217</X>
			<Y>430</Y>
		</point>
		<point>
			<X>217</X>
			<Y>430</Y>
		</point>
		<point>
			<X>217</X>
			<Y>430</Y>
		</point>
		<point>
			<X>216</X>
			<Y>430</Y>
		</point>
		<point>
			<X>216</X>
			<Y>430</Y>
		</point>
		<point>
			<X>215</X>
			<Y>430</Y>
		</point>
		<point>
			<X>215</X>
			<Y>430</Y>
		</point>
		<point>
			<X>212</X>
			<Y>430</Y>
		</point>
		<point>
			<X>212</X>
			<Y>430</Y>
		</point>
		<point>
			<X>212</X>
			<Y>430</Y>
		</point>
		<point>
			<X>212</X>
			<Y>430</Y>
		</point>
		<point>
			<X>212</X>
			<Y>432</Y>
		</point>
		<point>
			<X>212</X>
			<Y>432</Y>
		</point>
		<point>
			<X>211</X>
			<Y>432</Y>
		</point>
		<point>
			<X>211</X>
			<Y>432</Y>
		</point>
		<point>
			<X>207</X>
			<Y>432</Y>
		</point>
		<point>
			<X>207</X>
			<Y>432</Y>
		</point>
		<point>
			<X>206</X>
			<Y>434</Y>
		</point>
		<point>
			<X>206</X>
			<Y>434</Y>
		</point>
		<point>
			<X>205</X>
			<Y>435</Y>
		</point>
		<point>
			<X>205</X>
			<Y>435</Y>
		</point>
		<point>
			<X>202</X>
			<Y>435</Y>
		</point>
		<point>
			<X>202</X>
			<Y>435</Y>
		</point>
		<point>
			<X>200</X>
			<Y>437</Y>
		</point>
		<point>
			<X>200</X>
			<Y>437</Y>
		</point>
		<point>
			<X>197</X>
			<Y>437</Y>
		</point>
		<point>
			<X>197</X>
			<Y>437</Y>
		</point>
		<point>
			<X>197</X>
			<Y>437</Y>
		</point>
		<point>
			<X>197</X>
			<Y>437</Y>
		</point>
		<point>
			<X>197</X>
			<Y>439</Y>
		</point>
		<point>
			<X>197</X>
			<Y>439</Y>
		</point>
		<point>
			<X>196</X>
			<Y>439</Y>
		</point>
		<point>
			<X>196</X>
			<Y>439</Y>
		</point>
		<point>
			<X>195</X>
			<Y>439</Y>
		</point>
		<point>
			<X>195</X>
			<Y>439</Y>
		</point>
		<point>
			<X>194</X>
			<Y>439</Y>
		</point>
		<point>
			<X>194</X>
			<Y>439</Y>
		</point>
		<point>
			<X>194</X>
			<Y>440</Y>
		</point>
		<point>
			<X>194</X>
			<Y>440</Y>
		</point>
	</polygon>
	<polygon>
		<tag>background</tag>
		<point>
			<X>43</X>
			<Y>3</Y>
		</point>
		<point>
			<X>41</X>
			<Y>3</Y>
		</point>
		<point>
			<X>41</X>
			<Y>3</Y>
		</point>
		<point>
			<X>41</X>
			<Y>5</Y>
		</point>
		<point>
			<X>41</X>
			<Y>5</Y>
		</point>
		<point>
			<X>41</X>
			<Y>6</Y>
		</point>
		<point>
			<X>41</X>
			<Y>6</Y>
		</point>
		<point>
			<X>41</X>
			<Y>9</Y>
		</point>
		<point>
			<X>41</X>
			<Y>9</Y>
		</point>
		<point>
			<X>41</X>
			<Y>12</Y>
		</point>
		<point>
			<X>41</X>
			<Y>12</Y>
		</point>
		<point>
			<X>40</X>
			<Y>16</Y>
		</point>
		<point>
			<X>40</X>
			<Y>16</Y>
		</point>
		<point>
			<X>40</X>
			<Y>19</Y>
		</point>
		<point>
			<X>40</X>
			<Y>19</Y>
		</point>
		<point>
			<X>40</X>
			<Y>22</Y>
		</point>
		<point>
			<X>40</X>
			<Y>22</Y>
		</point>
		<point>
			<X>40</X>
			<Y>25</Y>
		</point>
		<point>
			<X>40</X>
			<Y>25</Y>
		</point>
		<point>
			<X>40</X>
			<Y>29</Y>
		</point>
		<point>
			<X>40</X>
			<Y>29</Y>
		</point>
		<point>
			<X>40</X>
			<Y>35</Y>
		</point>
		<point>
			<X>40</X>
			<Y>35</Y>
		</point>
		<point>
			<X>40</X>
			<Y>40</Y>
		</point>
		<point>
			<X>40</X>
			<Y>40</Y>
		</point>
		<point>
			<X>40</X>
			<Y>41</Y>
		</point>
		<point>
			<X>40</X>
			<Y>41</Y>
		</point>
		<point>
			<X>40</X>
			<Y>46</Y>
		</point>
		<point>
			<X>40</X>
			<Y>46</Y>
		</point>
		<point>
			<X>40</X>
			<Y>48</Y>
		</point>
		<point>
			<X>40</X>
			<Y>48</Y>
		</point>
		<point>
			<X>39</X>
			<Y>50</Y>
		</point>
		<point>
			<X>39</X>
			<Y>50</Y>
		</point>
		<point>
			<X>39</X>
			<Y>54</Y>
		</point>
		<point>
			<X>39</X>
			<Y>54</Y>
		</point>
		<point>
			<X>37</X>
			<Y>57</Y>
		</point>
		<point>
			<X>37</X>
			<Y>57</Y>
		</point>
		<point>
			<X>37</X>
			<Y>59</Y>
		</point>
		<point>
			<X>37</X>
			<Y>59</Y>
		</point>
		<point>
			<X>37</X>
			<Y>62</Y>
		</point>
		<point>
			<X>37</X>
			<Y>62</Y>
		</point>
		<point>
			<X>37</X>
			<Y>65</Y>
		</point>
		<point>
			<X>37</X>
			<Y>65</Y>
		</point>
		<point>
			<X>37</X>
			<Y>67</Y>
		</point>
		<point>
			<X>37</X>
			<Y>67</Y>
		</point>
		<point>
			<X>37</X>
			<Y>69</Y>
		</point>
		<point>
			<X>37</X>
			<Y>69</Y>
		</point>
		<point>
			<X>37</X>
			<Y>72</Y>
		</point>
		<point>
			<X>37</X>
			<Y>72</Y>
		</point>
		<point>
			<X>37</X>
			<Y>74</Y>
		</point>
		<point>
			<X>37</X>
			<Y>74</Y>
		</point>
		<point>
			<X>37</X>
			<Y>76</Y>
		</point>
		<point>
			<X>37</X>
			<Y>76</Y>
		</point>
		<point>
			<X>37</X>
			<Y>77</Y>
		</point>
		<point>
			<X>37</X>
			<Y>77</Y>
		</point>
		<point>
			<X>37</X>
			<Y>80</Y>
		</point>
		<point>
			<X>37</X>
			<Y>80</Y>
		</point>
		<point>
			<X>37</X>
			<Y>81</Y>
		</point>
		<point>
			<X>37</X>
			<Y>81</Y>
		</point>
		<point>
			<X>37</X>
			<Y>83</Y>
		</point>
		<point>
			<X>37</X>
			<Y>83</Y>
		</point>
		<point>
			<X>37</X>
			<Y>83</Y>
		</point>
		<point>
			<X>37</X>
			<Y>83</Y>
		</point>
		<point>
			<X>37</X>
			<Y>86</Y>
		</point>
		<point>
			<X>37</X>
			<Y>86</Y>
		</point>
		<point>
			<X>37</X>
			<Y>87</Y>
		</point>
		<point>
			<X>37</X>
			<Y>87</Y>
		</point>
		<point>
			<X>37</X>
			<Y>90</Y>
		</point>
		<point>
			<X>37</X>
			<Y>90</Y>
		</point>
		<point>
			<X>35</X>
			<Y>92</Y>
		</point>
		<point>
			<X>35</X>
			<Y>92</Y>
		</point>
		<point>
			<X>35</X>
			<Y>93</Y>
		</point>
		<point>
			<X>35</X>
			<Y>93</Y>
		</point>
		<point>
			<X>34</X>
			<Y>96</Y>
		</point>
		<point>
			<X>34</X>
			<Y>96</Y>
		</point>
		<point>
			<X>34</X>
			<Y>98</Y>
		</point>
		<point>
			<X>34</X>
			<Y>98</Y>
		</point>
		<point>
			<X>34</X>
			<Y>101</Y>
		</point>
		<point>
			<X>34</X>
			<Y>101</Y>
		</point>
		<point>
			<X>33</X>
			<Y>103</Y>
		</point>
		<point>
			<X>33</X>
			<Y>103</Y>
		</point>
		<point>
			<X>33</X>
			<Y>106</Y>
		</point>
		<point>
			<X>33</X>
			<Y>106</Y>
		</point>
		<point>
			<X>32</X>
			<Y>108</Y>
		</point>
		<point>
			<X>32</X>
			<Y>108</Y>
		</point>
		<point>
			<X>32</X>
			<Y>111</Y>
		</point>
		<point>
			<X>32</X>
			<Y>111</Y>
		</point>
		<point>
			<X>31</X>
			<Y>115</Y>
		</point>
		<point>
			<X>31</X>
			<Y>115</Y>
		</point>
		<point>
			<X>31</X>
			<Y>116</Y>
		</point>
		<point>
			<X>31</X>
			<Y>116</Y>
		</point>
		<point>
			<X>30</X>
			<Y>120</Y>
		</point>
		<point>
			<X>30</X>
			<Y>120</Y>
		</point>
		<point>
			<X>30</X>
			<Y>121</Y>
		</point>
		<point>
			<X>30</X>
			<Y>121</Y>
		</point>
		<point>
			<X>27</X>
			<Y>125</Y>
		</point>
		<point>
			<X>27</X>
			<Y>125</Y>
		</point>
		<point>
			<X>27</X>
			<Y>126</Y>
		</point>
		<point>
			<X>27</X>
			<Y>126</Y>
		</point>
		<point>
			<X>27</X>
			<Y>130</Y>
		</point>
		<point>
			<X>27</X>
			<Y>130</Y>
		</point>
		<point>
			<X>27</X>
			<Y>132</Y>
		</point>
		<point>
			<X>27</X>
			<Y>132</Y>
		</point>
		<point>
			<X>27</X>
			<Y>134</Y>
		</point>
		<point>
			<X>27</X>
			<Y>134</Y>
		</point>
		<point>
			<X>27</X>
			<Y>136</Y>
		</point>
		<point>
			<X>27</X>
			<Y>136</Y>
		</point>
		<point>
			<X>27</X>
			<Y>139</Y>
		</point>
		<point>
			<X>27</X>
			<Y>139</Y>
		</point>
		<point>
			<X>27</X>
			<Y>141</Y>
		</point>
		<point>
			<X>27</X>
			<Y>141</Y>
		</point>
		<point>
			<X>27</X>
			<Y>142</Y>
		</point>
		<point>
			<X>27</X>
			<Y>142</Y>
		</point>
		<point>
			<X>25</X>
			<Y>145</Y>
		</point>
		<point>
			<X>25</X>
			<Y>145</Y>
		</point>
		<point>
			<X>25</X>
			<Y>146</Y>
		</point>
		<point>
			<X>25</X>
			<Y>146</Y>
		</point>
		<point>
			<X>25</X>
			<Y>148</Y>
		</point>
		<point>
			<X>25</X>
			<Y>148</Y>
		</point>
		<point>
			<X>25</X>
			<Y>149</Y>
		</point>
		<point>
			<X>25</X>
			<Y>149</Y>
		</point>
		<point>
			<X>25</X>
			<Y>152</Y>
		</point>
		<point>
			<X>25</X>
			<Y>152</Y>
		</point>
		<point>
			<X>25</X>
			<Y>152</Y>
		</point>
		<point>
			<X>25</X>
			<Y>152</Y>
		</point>
		<point>
			<X>25</X>
			<Y>155</Y>
		</point>
		<point>
			<X>25</X>
			<Y>155</Y>
		</point>
		<point>
			<X>24</X>
			<Y>157</Y>
		</point>
		<point>
			<X>24</X>
			<Y>157</Y>
		</point>
		<point>
			<X>23</X>
			<Y>159</Y>
		</point>
		<point>
			<X>23</X>
			<Y>159</Y>
		</point>
		<point>
			<X>22</X>
			<Y>160</Y>
		</point>
		<point>
			<X>22</X>
			<Y>160</Y>
		</point>
		<point>
			<X>22</X>
			<Y>161</Y>
		</point>
		<point>
			<X>22</X>
			<Y>161</Y>
		</point>
		<point>
			<X>20</X>
			<Y>164</Y>
		</point>
		<point>
			<X>20</X>
			<Y>164</Y>
		</point>
		<point>
			<X>19</X>
			<Y>166</Y>
		</point>
		<point>
			<X>19</X>
			<Y>166</Y>
		</point>
		<point>
			<X>19</X>
			<Y>167</Y>
		</point>
		<point>
			<X>19</X>
			<Y>167</Y>
		</point>
		<point>
			<X>19</X>
			<Y>171</Y>
		</point>
		<point>
			<X>19</X>
			<Y>171</Y>
		</point>
		<point>
			<X>18</X>
			<Y>172</Y>
		</point>
		<point>
			<X>18</X>
			<Y>172</Y>
		</point>
		<point>
			<X>18</X>
			<Y>176</Y>
		</point>
		<point>
			<X>18</X>
			<Y>176</Y>
		</point>
		<point>
			<X>17</X>
			<Y>180</Y>
		</point>
		<point>
			<X>17</X>
			<Y>180</Y>
		</point>
		<point>
			<X>17</X>
			<Y>181</Y>
		</point>
		<point>
			<X>17</X>
			<Y>181</Y>
		</point>
		<point>
			<X>17</X>
			<Y>184</Y>
		</point>
		<point>
			<X>17</X>
			<Y>184</Y>
		</point>
		<point>
			<X>17</X>
			<Y>187</Y>
		</point>
		<point>
			<X>17</X>
			<Y>187</Y>
		</point>
		<point>
			<X>17</X>
			<Y>189</Y>
		</point>
		<point>
			<X>17</X>
			<Y>189</Y>
		</point>
		<point>
			<X>16</X>
			<Y>192</Y>
		</point>
		<point>
			<X>16</X>
			<Y>192</Y>
		</point>
		<point>
			<X>16</X>
			<Y>194</Y>
		</point>
		<point>
			<X>16</X>
			<Y>194</Y>
		</point>
		<point>
			<X>16</X>
			<Y>196</Y>
		</point>
		<point>
			<X>16</X>
			<Y>196</Y>
		</point>
		<point>
			<X>16</X>
			<Y>197</Y>
		</point>
		<point>
			<X>16</X>
			<Y>197</Y>
		</point>
		<point>
			<X>15</X>
			<Y>200</Y>
		</point>
		<point>
			<X>15</X>
			<Y>200</Y>
		</point>
		<point>
			<X>15</X>
			<Y>202</Y>
		</point>
		<point>
			<X>15</X>
			<Y>202</Y>
		</point>
		<point>
			<X>12</X>
			<Y>206</Y>
		</point>
		<point>
			<X>12</X>
			<Y>206</Y>
		</point>
		<point>
			<X>12</X>
			<Y>207</Y>
		</point>
		<point>
			<X>12</X>
			<Y>207</Y>
		</point>
		<point>
			<X>12</X>
			<Y>210</Y>
		</point>
		<point>
			<X>12</X>
			<Y>210</Y>
		</point>
		<point>
			<X>12</X>
			<Y>212</Y>
		</point>
		<point>
			<X>12</X>
			<Y>212</Y>
		</point>
		<point>
			<X>12</X>
			<Y>216</Y>
		</point>
		<point>
			<X>12</X>
			<Y>216</Y>
		</point>
		<point>
			<X>12</X>
			<Y>217</Y>
		</point>
		<point>
			<X>12</X>
			<Y>217</Y>
		</point>
		<point>
			<X>12</X>
			<Y>221</Y>
		</point>
		<point>
			<X>12</X>
			<Y>221</Y>
		</point>
		<point>
			<X>11</X>
			<Y>222</Y>
		</point>
		<point>
			<X>11</X>
			<Y>222</Y>
		</point>
		<point>
			<X>11</X>
			<Y>228</Y>
		</point>
		<point>
			<X>11</X>
			<Y>228</Y>
		</point>
		<point>
			<X>11</X>
			<Y>230</Y>
		</point>
		<point>
			<X>11</X>
			<Y>230</Y>
		</point>
		<point>
			<X>11</X>
			<Y>233</Y>
		</point>
		<point>
			<X>11</X>
			<Y>233</Y>
		</point>
		<point>
			<X>11</X>
			<Y>235</Y>
		</point>
		<point>
			<X>11</X>
			<Y>235</Y>
		</point>
		<point>
			<X>10</X>
			<Y>238</Y>
		</point>
		<point>
			<X>10</X>
			<Y>238</Y>
		</point>
		<point>
			<X>10</X>
			<Y>241</Y>
		</point>
		<point>
			<X>10</X>
			<Y>241</Y>
		</point>
		<point>
			<X>10</X>
			<Y>243</Y>
		</point>
		<point>
			<X>10</X>
			<Y>243</Y>
		</point>
		<point>
			<X>9</X>
			<Y>245</Y>
		</point>
		<point>
			<X>9</X>
			<Y>245</Y>
		</point>
		<point>
			<X>9</X>
			<Y>248</Y>
		</point>
		<point>
			<X>9</X>
			<Y>248</Y>
		</point>
		<point>
			<X>9</X>
			<Y>250</Y>
		</point>
		<point>
			<X>9</X>
			<Y>250</Y>
		</point>
		<point>
			<X>9</X>
			<Y>252</Y>
		</point>
		<point>
			<X>9</X>
			<Y>252</Y>
		</point>
		<point>
			<X>8</X>
			<Y>253</Y>
		</point>
		<point>
			<X>8</X>
			<Y>253</Y>
		</point>
		<point>
			<X>8</X>
			<Y>255</Y>
		</point>
		<point>
			<X>8</X>
			<Y>255</Y>
		</point>
		<point>
			<X>8</X>
			<Y>257</Y>
		</point>
		<point>
			<X>8</X>
			<Y>257</Y>
		</point>
		<point>
			<X>8</X>
			<Y>260</Y>
		</point>
		<point>
			<X>8</X>
			<Y>260</Y>
		</point>
		<point>
			<X>8</X>
			<Y>261</Y>
		</point>
		<point>
			<X>8</X>
			<Y>261</Y>
		</point>
		<point>
			<X>8</X>
			<Y>263</Y>
		</point>
		<point>
			<X>8</X>
			<Y>263</Y>
		</point>
		<point>
			<X>8</X>
			<Y>265</Y>
		</point>
		<point>
			<X>8</X>
			<Y>265</Y>
		</point>
		<point>
			<X>6</X>
			<Y>267</Y>
		</point>
		<point>
			<X>6</X>
			<Y>267</Y>
		</point>
		<point>
			<X>6</X>
			<Y>269</Y>
		</point>
		<point>
			<X>6</X>
			<Y>269</Y>
		</point>
		<point>
			<X>6</X>
			<Y>271</Y>
		</point>
		<point>
			<X>6</X>
			<Y>271</Y>
		</point>
		<point>
			<X>6</X>
			<Y>274</Y>
		</point>
		<point>
			<X>6</X>
			<Y>274</Y>
		</point>
		<point>
			<X>6</X>
			<Y>276</Y>
		</point>
		<point>
			<X>6</X>
			<Y>276</Y>
		</point>
		<point>
			<X>6</X>
			<Y>278</Y>
		</point>
		<point>
			<X>6</X>
			<Y>278</Y>
		</point>
		<point>
			<X>6</X>
			<Y>279</Y>
		</point>
		<point>
			<X>6</X>
			<Y>279</Y>
		</point>
		<point>
			<X>6</X>
			<Y>280</Y>
		</point>
		<point>
			<X>6</X>
			<Y>280</Y>
		</point>
		<point>
			<X>6</X>
			<Y>282</Y>
		</point>
		<point>
			<X>6</X>
			<Y>282</Y>
		</point>
		<point>
			<X>6</X>
			<Y>285</Y>
		</point>
		<point>
			<X>6</X>
			<Y>285</Y>
		</point>
		<point>
			<X>6</X>
			<Y>288</Y>
		</point>
		<point>
			<X>6</X>
			<Y>288</Y>
		</point>
		<point>
			<X>6</X>
			<Y>291</Y>
		</point>
		<point>
			<X>6</X>
			<Y>291</Y>
		</point>
		<point>
			<X>6</X>
			<Y>294</Y>
		</point>
		<point>
			<X>6</X>
			<Y>294</Y>
		</point>
		<point>
			<X>6</X>
			<Y>298</Y>
		</point>
		<point>
			<X>6</X>
			<Y>298</Y>
		</point>
		<point>
			<X>6</X>
			<Y>300</Y>
		</point>
		<point>
			<X>6</X>
			<Y>300</Y>
		</point>
		<point>
			<X>6</X>
			<Y>303</Y>
		</point>
		<point>
			<X>6</X>
			<Y>303</Y>
		</point>
		<point>
			<X>6</X>
			<Y>305</Y>
		</point>
		<point>
			<X>6</X>
			<Y>305</Y>
		</point>
		<point>
			<X>6</X>
			<Y>308</Y>
		</point>
		<point>
			<X>6</X>
			<Y>308</Y>
		</point>
		<point>
			<X>6</X>
			<Y>309</Y>
		</point>
		<point>
			<X>6</X>
			<Y>309</Y>
		</point>
		<point>
			<X>5</X>
			<Y>312</Y>
		</point>
		<point>
			<X>5</X>
			<Y>312</Y>
		</point>
		<point>
			<X>5</X>
			<Y>314</Y>
		</point>
		<point>
			<X>5</X>
			<Y>314</Y>
		</point>
		<point>
			<X>4</X>
			<Y>317</Y>
		</point>
		<point>
			<X>4</X>
			<Y>317</Y>
		</point>
		<point>
			<X>4</X>
			<Y>319</Y>
		</point>
		<point>
			<X>4</X>
			<Y>319</Y>
		</point>
		<point>
			<X>4</X>
			<Y>320</Y>
		</point>
		<point>
			<X>4</X>
			<Y>320</Y>
		</point>
		<point>
			<X>4</X>
			<Y>325</Y>
		</point>
		<point>
			<X>4</X>
			<Y>325</Y>
		</point>
		<point>
			<X>3</X>
			<Y>329</Y>
		</point>
		<point>
			<X>3</X>
			<Y>329</Y>
		</point>
		<point>
			<X>3</X>
			<Y>333</Y>
		</point>
		<point>
			<X>3</X>
			<Y>333</Y>
		</point>
		<point>
			<X>3</X>
			<Y>339</Y>
		</point>
		<point>
			<X>3</X>
			<Y>339</Y>
		</point>
		<point>
			<X>3</X>
			<Y>342</Y>
		</point>
		<point>
			<X>3</X>
			<Y>342</Y>
		</point>
		<point>
			<X>3</X>
			<Y>345</Y>
		</point>
		<point>
			<X>3</X>
			<Y>345</Y>
		</point>
		<point>
			<X>3</X>
			<Y>348</Y>
		</point>
		<point>
			<X>3</X>
			<Y>348</Y>
		</point>
		<point>
			<X>3</X>
			<Y>350</Y>
		</point>
		<point>
			<X>3</X>
			<Y>350</Y>
		</point>
		<point>
			<X>3</X>
			<Y>352</Y>
		</point>
		<point>
			<X>3</X>
			<Y>352</Y>
		</point>
		<point>
			<X>3</X>
			<Y>355</Y>
		</point>
		<point>
			<X>3</X>
			<Y>355</Y>
		</point>
		<point>
			<X>3</X>
			<Y>358</Y>
		</point>
		<point>
			<X>3</X>
			<Y>358</Y>
		</point>
		<point>
			<X>3</X>
			<Y>360</Y>
		</point>
		<point>
			<X>3</X>
			<Y>360</Y>
		</point>
		<point>
			<X>3</X>
			<Y>362</Y>
		</point>
		<point>
			<X>3</X>
			<Y>362</Y>
		</point>
		<point>
			<X>3</X>
			<Y>365</Y>
		</point>
		<point>
			<X>3</X>
			<Y>365</Y>
		</point>
		<point>
			<X>3</X>
			<Y>368</Y>
		</point>
		<point>
			<X>3</X>
			<Y>368</Y>
		</point>
		<point>
			<X>3</X>
			<Y>373</Y>
		</point>
		<point>
			<X>3</X>
			<Y>373</Y>
		</point>
		<point>
			<X>2</X>
			<Y>377</Y>
		</point>
		<point>
			<X>2</X>
			<Y>377</Y>
		</point>
		<point>
			<X>2</X>
			<Y>380</Y>
		</point>
		<point>
			<X>2</X>
			<Y>380</Y>
		</point>
		<point>
			<X>2</X>
			<Y>385</Y>
		</point>
		<point>
			<X>2</X>
			<Y>385</Y>
		</point>
		<point>
			<X>2</X>
			<Y>390</Y>
		</point>
		<point>
			<X>2</X>
			<Y>390</Y>
		</point>
		<point>
			<X>2</X>
			<Y>395</Y>
		</point>
		<point>
			<X>2</X>
			<Y>395</Y>
		</point>
		<point>
			<X>0</X>
			<Y>400</Y>
		</point>
		<point>
			<X>0</X>
			<Y>400</Y>
		</point>
	</polygon>
	<polygon>
		<tag>background</tag>
		<point>
			<X>267</X>
			<Y>3</Y>
		</point>
		<point>
			<X>267</X>
			<Y>4</Y>
		</point>
		<point>
			<X>267</X>
			<Y>4</Y>
		</point>
		<point>
			<X>267</X>
			<Y>6</Y>
		</point>
		<point>
			<X>267</X>
			<Y>6</Y>
		</point>
		<point>
			<X>267</X>
			<Y>11</Y>
		</point>
		<point>
			<X>267</X>
			<Y>11</Y>
		</point>
		<point>
			<X>267</X>
			<Y>15</Y>
		</point>
		<point>
			<X>267</X>
			<Y>15</Y>
		</point>
		<point>
			<X>267</X>
			<Y>20</Y>
		</point>
		<point>
			<X>267</X>
			<Y>20</Y>
		</point>
		<point>
			<X>268</X>
			<Y>25</Y>
		</point>
		<point>
			<X>268</X>
			<Y>25</Y>
		</point>
		<point>
			<X>269</X>
			<Y>32</Y>
		</point>
		<point>
			<X>269</X>
			<Y>32</Y>
		</point>
		<point>
			<X>270</X>
			<Y>38</Y>
		</point>
		<point>
			<X>270</X>
			<Y>38</Y>
		</point>
		<point>
			<X>270</X>
			<Y>41</Y>
		</point>
		<point>
			<X>270</X>
			<Y>41</Y>
		</point>
		<point>
			<X>272</X>
			<Y>48</Y>
		</point>
		<point>
			<X>272</X>
			<Y>48</Y>
		</point>
		<point>
			<X>273</X>
			<Y>53</Y>
		</point>
		<point>
			<X>273</X>
			<Y>53</Y>
		</point>
		<point>
			<X>273</X>
			<Y>60</Y>
		</point>
		<point>
			<X>273</X>
			<Y>60</Y>
		</point>
		<point>
			<X>275</X>
			<Y>65</Y>
		</point>
		<point>
			<X>275</X>
			<Y>65</Y>
		</point>
		<point>
			<X>276</X>
			<Y>73</Y>
		</point>
		<point>
			<X>276</X>
			<Y>73</Y>
		</point>
		<point>
			<X>276</X>
			<Y>78</Y>
		</point>
		<point>
			<X>276</X>
			<Y>78</Y>
		</point>
		<point>
			<X>278</X>
			<Y>86</Y>
		</point>
		<point>
			<X>278</X>
			<Y>86</Y>
		</point>
		<point>
			<X>279</X>
			<Y>96</Y>
		</point>
		<point>
			<X>279</X>
			<Y>96</Y>
		</point>
		<point>
			<X>281</X>
			<Y>105</Y>
		</point>
		<point>
			<X>281</X>
			<Y>105</Y>
		</point>
		<point>
			<X>282</X>
			<Y>111</Y>
		</point>
		<point>
			<X>282</X>
			<Y>111</Y>
		</point>
		<point>
			<X>285</X>
			<Y>121</Y>
		</point>
		<point>
			<X>285</X>
			<Y>121</Y>
		</point>
		<point>
			<X>287</X>
			<Y>126</Y>
		</point>
		<point>
			<X>287</X>
			<Y>126</Y>
		</point>
		<point>
			<X>289</X>
			<Y>135</Y>
		</point>
		<point>
			<X>289</X>
			<Y>135</Y>
		</point>
		<point>
			<X>289</X>
			<Y>137</Y>
		</point>
		<point>
			<X>289</X>
			<Y>137</Y>
		</point>
		<point>
			<X>292</X>
			<Y>141</Y>
		</point>
		<point>
			<X>292</X>
			<Y>141</Y>
		</point>
		<point>
			<X>293</X>
			<Y>146</Y>
		</point>
		<point>
			<X>293</X>
			<Y>146</Y>
		</point>
		<point>
			<X>294</X>
			<Y>150</Y>
		</point>
		<point>
			<X>294</X>
			<Y>150</Y>
		</point>
		<point>
			<X>296</X>
			<Y>152</Y>
		</point>
		<point>
			<X>296</X>
			<Y>152</Y>
		</point>
		<point>
			<X>298</X>
			<Y>157</Y>
		</point>
		<point>
			<X>298</X>
			<Y>157</Y>
		</point>
		<point>
			<X>300</X>
			<Y>160</Y>
		</point>
		<point>
			<X>300</X>
			<Y>160</Y>
		</point>
		<point>
			<X>301</X>
			<Y>162</Y>
		</point>
		<point>
			<X>301</X>
			<Y>162</Y>
		</point>
		<point>
			<X>304</X>
			<Y>167</Y>
		</point>
		<point>
			<X>304</X>
			<Y>167</Y>
		</point>
		<point>
			<X>305</X>
			<Y>174</Y>
		</point>
		<point>
			<X>305</X>
			<Y>174</Y>
		</point>
		<point>
			<X>308</X>
			<Y>177</Y>
		</point>
		<point>
			<X>308</X>
			<Y>177</Y>
		</point>
		<point>
			<X>310</X>
			<Y>182</Y>
		</point>
		<point>
			<X>310</X>
			<Y>182</Y>
		</point>
		<point>
			<X>314</X>
			<Y>187</Y>
		</point>
		<point>
			<X>314</X>
			<Y>187</Y>
		</point>
		<point>
			<X>315</X>
			<Y>190</Y>
		</point>
		<point>
			<X>315</X>
			<Y>190</Y>
		</point>
		<point>
			<X>318</X>
			<Y>194</Y>
		</point>
		<point>
			<X>318</X>
			<Y>194</Y>
		</point>
		<point>
			<X>319</X>
			<Y>195</Y>
		</point>
		<point>
			<X>319</X>
			<Y>195</Y>
		</point>
		<point>
			<X>320</X>
			<Y>197</Y>
		</point>
		<point>
			<X>320</X>
			<Y>197</Y>
		</point>
		<point>
			<X>320</X>
			<Y>197</Y>
		</point>
		<point>
			<X>320</X>
			<Y>197</Y>
		</point>
		<point>
			<X>322</X>
			<Y>200</Y>
		</point>
		<point>
			<X>322</X>
			<Y>200</Y>
		</point>
		<point>
			<X>323</X>
			<Y>201</Y>
		</point>
		<point>
			<X>323</X>
			<Y>201</Y>
		</point>
		<point>
			<X>323</X>
			<Y>202</Y>
		</point>
		<point>
			<X>323</X>
			<Y>202</Y>
		</point>
		<point>
			<X>324</X>
			<Y>202</Y>
		</point>
		<point>
			<X>324</X>
			<Y>202</Y>
		</point>
		<point>
			<X>325</X>
			<Y>206</Y>
		</point>
		<point>
			<X>325</X>
			<Y>206</Y>
		</point>
		<point>
			<X>325</X>
			<Y>207</Y>
		</point>
		<point>
			<X>325</X>
			<Y>207</Y>
		</point>
		<point>
			<X>325</X>
			<Y>207</Y>
		</point>
		<point>
			<X>325</X>
			<Y>207</Y>
		</point>
		<point>
			<X>325</X>
			<Y>212</Y>
		</point>
		<point>
			<X>325</X>
			<Y>212</Y>
		</point>
		<point>
			<X>327</X>
			<Y>217</Y>
		</point>
		<point>
			<X>327</X>
			<Y>217</Y>
		</point>
		<point>
			<X>327</X>
			<Y>217</Y>
		</point>
		<point>
			<X>327</X>
			<Y>217</Y>
		</point>
		<point>
			<X>328</X>
			<Y>221</Y>
		</point>
		<point>
			<X>328</X>
			<Y>221</Y>
		</point>
		<point>
			<X>329</X>
			<Y>222</Y>
		</point>
		<point>
			<X>329</X>
			<Y>222</Y>
		</point>
		<point>
			<X>330</X>
			<Y>228</Y>
		</point>
		<point>
			<X>330</X>
			<Y>228</Y>
		</point>
		<point>
			<X>330</X>
			<Y>230</Y>
		</point>
		<point>
			<X>330</X>
			<Y>230</Y>
		</point>
		<point>
			<X>333</X>
			<Y>233</Y>
		</point>
		<point>
			<X>333</X>
			<Y>233</Y>
		</point>
		<point>
			<X>334</X>
			<Y>235</Y>
		</point>
		<point>
			<X>334</X>
			<Y>235</Y>
		</point>
		<point>
			<X>334</X>
			<Y>237</Y>
		</point>
		<point>
			<X>334</X>
			<Y>237</Y>
		</point>
		<point>
			<X>335</X>
			<Y>238</Y>
		</point>
		<point>
			<X>335</X>
			<Y>238</Y>
		</point>
		<point>
			<X>335</X>
			<Y>240</Y>
		</point>
		<point>
			<X>335</X>
			<Y>240</Y>
		</point>
		<point>
			<X>335</X>
			<Y>241</Y>
		</point>
		<point>
			<X>335</X>
			<Y>241</Y>
		</point>
		<point>
			<X>337</X>
			<Y>243</Y>
		</point>
		<point>
			<X>337</X>
			<Y>243</Y>
		</point>
		<point>
			<X>337</X>
			<Y>247</Y>
		</point>
		<point>
			<X>337</X>
			<Y>247</Y>
		</point>
		<point>
			<X>338</X>
			<Y>250</Y>
		</point>
		<point>
			<X>338</X>
			<Y>250</Y>
		</point>
		<point>
			<X>340</X>
			<Y>252</Y>
		</point>
		<point>
			<X>340</X>
			<Y>252</Y>
		</point>
		<point>
			<X>340</X>
			<Y>255</Y>
		</point>
		<point>
			<X>340</X>
			<Y>255</Y>
		</point>
		<point>
			<X>342</X>
			<Y>257</Y>
		</point>
		<point>
			<X>342</X>
			<Y>257</Y>
		</point>
		<point>
			<X>344</X>
			<Y>261</Y>
		</point>
		<point>
			<X>344</X>
			<Y>261</Y>
		</point>
		<point>
			<X>345</X>
			<Y>263</Y>
		</point>
		<point>
			<X>345</X>
			<Y>263</Y>
		</point>
		<point>
			<X>345</X>
			<Y>265</Y>
		</point>
		<point>
			<X>345</X>
			<Y>265</Y>
		</point>
		<point>
			<X>345</X>
			<Y>268</Y>
		</point>
		<point>
			<X>345</X>
			<Y>268</Y>
		</point>
		<point>
			<X>347</X>
			<Y>270</Y>
		</point>
		<point>
			<X>347</X>
			<Y>270</Y>
		</point>
		<point>
			<X>347</X>
			<Y>272</Y>
		</point>
		<point>
			<X>347</X>
			<Y>272</Y>
		</point>
		<point>
			<X>347</X>
			<Y>274</Y>
		</point>
		<point>
			<X>347</X>
			<Y>274</Y>
		</point>
		<point>
			<X>347</X>
			<Y>275</Y>
		</point>
		<point>
			<X>347</X>
			<Y>275</Y>
		</point>
		<point>
			<X>348</X>
			<Y>277</Y>
		</point>
		<point>
			<X>348</X>
			<Y>277</Y>
		</point>
		<point>
			<X>349</X>
			<Y>279</Y>
		</point>
		<point>
			<X>349</X>
			<Y>279</Y>
		</point>
		<point>
			<X>349</X>
			<Y>280</Y>
		</point>
		<point>
			<X>349</X>
			<Y>280</Y>
		</point>
		<point>
			<X>350</X>
			<Y>281</Y>
		</point>
		<point>
			<X>350</X>
			<Y>281</Y>
		</point>
		<point>
			<X>350</X>
			<Y>282</Y>
		</point>
		<point>
			<X>350</X>
			<Y>282</Y>
		</point>
		<point>
			<X>350</X>
			<Y>284</Y>
		</point>
		<point>
			<X>350</X>
			<Y>284</Y>
		</point>
		<point>
			<X>350</X>
			<Y>285</Y>
		</point>
		<point>
			<X>350</X>
			<Y>285</Y>
		</point>
		<point>
			<X>350</X>
			<Y>287</Y>
		</point>
		<point>
			<X>350</X>
			<Y>287</Y>
		</point>
		<point>
			<X>350</X>
			<Y>289</Y>
		</point>
		<point>
			<X>350</X>
			<Y>289</Y>
		</point>
		<point>
			<X>350</X>
			<Y>291</Y>
		</point>
		<point>
			<X>350</X>
			<Y>291</Y>
		</point>
		<point>
			<X>352</X>
			<Y>293</Y>
		</point>
		<point>
			<X>352</X>
			<Y>293</Y>
		</point>
		<point>
			<X>353</X>
			<Y>293</Y>
		</point>
		<point>
			<X>353</X>
			<Y>293</Y>
		</point>
		<point>
			<X>353</X>
			<Y>295</Y>
		</point>
		<point>
			<X>353</X>
			<Y>295</Y>
		</point>
		<point>
			<X>353</X>
			<Y>296</Y>
		</point>
		<point>
			<X>353</X>
			<Y>296</Y>
		</point>
		<point>
			<X>354</X>
			<Y>296</Y>
		</point>
		<point>
			<X>354</X>
			<Y>297</Y>
		</point>
		<point>
			<X>354</X>
			<Y>297</Y>
		</point>
	</polygon>
	<polygon>
		<tag>background</tag>
		<point>
			<X>281</X>
			<Y>464</Y>
		</point>
		<point>
			<X>280</X>
			<Y>464</Y>
		</point>
		<point>
			<X>280</X>
			<Y>464</Y>
		</point>
		<point>
			<X>280</X>
			<Y>465</Y>
		</point>
		<point>
			<X>279</X>
			<Y>466</Y>
		</point>
		<point>
			<X>279</X>
			<Y>466</Y>
		</point>
		<point>
			<X>277</X>
			<Y>467</Y>
		</point>
		<point>
			<X>277</X>
			<Y>467</Y>
		</point>
		<point>
			<X>276</X>
			<Y>467</Y>
		</point>
		<point>
			<X>276</X>
			<Y>467</Y>
		</point>
		<point>
			<X>275</X>
			<Y>469</Y>
		</point>
		<point>
			<X>275</X>
			<Y>469</Y>
		</point>
		<point>
			<X>272</X>
			<Y>471</Y>
		</point>
		<point>
			<X>272</X>
			<Y>471</Y>
		</point>
		<point>
			<X>269</X>
			<Y>472</Y>
		</point>
		<point>
			<X>269</X>
			<Y>472</Y>
		</point>
		<point>
			<X>267</X>
			<Y>472</Y>
		</point>
		<point>
			<X>267</X>
			<Y>472</Y>
		</point>
		<point>
			<X>264</X>
			<Y>474</Y>
		</point>
		<point>
			<X>264</X>
			<Y>474</Y>
		</point>
		<point>
			<X>261</X>
			<Y>475</Y>
		</point>
		<point>
			<X>261</X>
			<Y>475</Y>
		</point>
		<point>
			<X>257</X>
			<Y>476</Y>
		</point>
		<point>
			<X>257</X>
			<Y>476</Y>
		</point>
		<point>
			<X>253</X>
			<Y>477</Y>
		</point>
		<point>
			<X>253</X>
			<Y>477</Y>
		</point>
		<point>
			<X>251</X>
			<Y>477</Y>
		</point>
		<point>
			<X>251</X>
			<Y>477</Y>
		</point>
		<point>
			<X>248</X>
			<Y>479</Y>
		</point>
		<point>
			<X>248</X>
			<Y>479</Y>
		</point>
		<point>
			<X>247</X>
			<Y>480</Y>
		</point>
		<point>
			<X>247</X>
			<Y>480</Y>
		</point>
		<point>
			<X>245</X>
			<Y>480</Y>
		</point>
		<point>
			<X>245</X>
			<Y>480</Y>
		</point>
		<point>
			<X>242</X>
			<Y>480</Y>
		</point>
		<point>
			<X>242</X>
			<Y>480</Y>
		</point>
		<point>
			<X>241</X>
			<Y>481</Y>
		</point>
		<point>
			<X>241</X>
			<Y>481</Y>
		</point>
		<point>
			<X>240</X>
			<Y>482</Y>
		</point>
		<point>
			<X>240</X>
			<Y>482</Y>
		</point>
		<point>
			<X>237</X>
			<Y>482</Y>
		</point>
		<point>
			<X>237</X>
			<Y>482</Y>
		</point>
		<point>
			<X>235</X>
			<Y>482</Y>
		</point>
		<point>
			<X>235</X>
			<Y>482</Y>
		</point>
		<point>
			<X>233</X>
			<Y>484</Y>
		</point>
		<point>
			<X>233</X>
			<Y>484</Y>
		</point>
		<point>
			<X>232</X>
			<Y>484</Y>
		</point>
		<point>
			<X>232</X>
			<Y>484</Y>
		</point>
		<point>
			<X>230</X>
			<Y>484</Y>
		</point>
		<point>
			<X>230</X>
			<Y>484</Y>
		</point>
		<point>
			<X>228</X>
			<Y>485</Y>
		</point>
		<point>
			<X>228</X>
			<Y>485</Y>
		</point>
		<point>
			<X>228</X>
			<Y>485</Y>
		</point>
		<point>
			<X>228</X>
			<Y>485</Y>
		</point>
		<point>
			<X>227</X>
			<Y>485</Y>
		</point>
		<point>
			<X>227</X>
			<Y>485</Y>
		</point>
		<point>
			<X>225</X>
			<Y>486</Y>
		</point>
		<point>
			<X>225</X>
			<Y>486</Y>
		</point>
		<point>
			<X>222</X>
			<Y>487</Y>
		</point>
		<point>
			<X>222</X>
			<Y>487</Y>
		</point>
		<point>
			<X>222</X>
			<Y>487</Y>
		</point>
		<point>
			<X>222</X>
			<Y>487</Y>
		</point>
		<point>
			<X>221</X>
			<Y>487</Y>
		</point>
		<point>
			<X>221</X>
			<Y>487</Y>
		</point>
		<point>
			<X>217</X>
			<Y>489</Y>
		</point>
		<point>
			<X>217</X>
			<Y>489</Y>
		</point>
		<point>
			<X>217</X>
			<Y>489</Y>
		</point>
		<point>
			<X>217</X>
			<Y>489</Y>
		</point>
		<point>
			<X>217</X>
			<Y>490</Y>
		</point>
		<point>
			<X>217</X>
			<Y>490</Y>
		</point>
		<point>
			<X>216</X>
			<Y>490</Y>
		</point>
		<point>
			<X>216</X>
			<Y>490</Y>
		</point>
		<point>
			<X>216</X>
			<Y>491</Y>
		</point>
		<point>
			<X>215</X>
			<Y>491</Y>
		</point>
		<point>
			<X>215</X>
			<Y>492</Y>
		</point>
		<point>
			<X>215</X>
			<Y>492</Y>
		</point>
	</polygon>
	<polygon>
		<tag>background</tag>
		<point>
			<X>92</X>
			<Y>427</Y>
		</point>
		<point>
			<X>92</X>
			<Y>429</Y>
		</point>
		<point>
			<X>92</X>
			<Y>429</Y>
		</point>
		<point>
			<X>92</X>
			<Y>432</Y>
		</point>
		<point>
			<X>92</X>
			<Y>432</Y>
		</point>
		<point>
			<X>92</X>
			<Y>435</Y>
		</point>
		<point>
			<X>92</X>
			<Y>435</Y>
		</point>
		<point>
			<X>92</X>
			<Y>440</Y>
		</point>
		<point>
			<X>92</X>
			<Y>440</Y>
		</point>
		<point>
			<X>92</X>
			<Y>447</Y>
		</point>
		<point>
			<X>92</X>
			<Y>447</Y>
		</point>
		<point>
			<X>93</X>
			<Y>452</Y>
		</point>
		<point>
			<X>93</X>
			<Y>452</Y>
		</point>
		<point>
			<X>95</X>
			<Y>457</Y>
		</point>
		<point>
			<X>95</X>
			<Y>457</Y>
		</point>
		<point>
			<X>97</X>
			<Y>462</Y>
		</point>
		<point>
			<X>97</X>
			<Y>462</Y>
		</point>
		<point>
			<X>98</X>
			<Y>466</Y>
		</point>
		<point>
			<X>98</X>
			<Y>466</Y>
		</point>
		<point>
			<X>101</X>
			<Y>471</Y>
		</point>
		<point>
			<X>101</X>
			<Y>471</Y>
		</point>
		<point>
			<X>103</X>
			<Y>474</Y>
		</point>
		<point>
			<X>103</X>
			<Y>474</Y>
		</point>
		<point>
			<X>106</X>
			<Y>479</Y>
		</point>
		<point>
			<X>106</X>
			<Y>479</Y>
		</point>
		<point>
			<X>106</X>
			<Y>481</Y>
		</point>
		<point>
			<X>106</X>
			<Y>481</Y>
		</point>
		<point>
			<X>106</X>
			<Y>482</Y>
		</point>
		<point>
			<X>106</X>
			<Y>482</Y>
		</point>
		<point>
			<X>108</X>
			<Y>485</Y>
		</point>
		<point>
			<X>108</X>
			<Y>485</Y>
		</point>
		<point>
			<X>108</X>
			<Y>487</Y>
		</point>
		<point>
			<X>108</X>
			<Y>487</Y>
		</point>
		<point>
			<X>110</X>
			<Y>490</Y>
		</point>
		<point>
			<X>110</X>
			<Y>490</Y>
		</point>
		<point>
			<X>111</X>
			<Y>492</Y>
		</point>
		<point>
			<X>111</X>
			<Y>492</Y>
		</point>
		<point>
			<X>111</X>
			<Y>494</Y>
		</point>
		<point>
			<X>111</X>
			<Y>494</Y>
		</point>
		<point>
			<X>111</X>
			<Y>496</Y>
		</point>
		<point>
			<X>111</X>
			<Y>496</Y>
		</point>
		<point>
			<X>113</X>
			<Y>497</Y>
		</point>
		<point>
			<X>113</X>
			<Y>497</Y>
		</point>
		<point>
			<X>113</X>
			<Y>499</Y>
		</point>
		<point>
			<X>113</X>
			<Y>499</Y>
		</point>
	</polygon>
	<polygon>
		<tag>background</tag>
		<point>
			<X>39</X>
			<Y>373</Y>
		</point>
		<point>
			<X>39</X>
			<Y>375</Y>
		</point>
		<point>
			<X>39</X>
			<Y>375</Y>
		</point>
		<point>
			<X>39</X>
			<Y>380</Y>
		</point>
		<point>
			<X>39</X>
			<Y>380</Y>
		</point>
		<point>
			<X>38</X>
			<Y>385</Y>
		</point>
		<point>
			<X>38</X>
			<Y>385</Y>
		</point>
		<point>
			<X>37</X>
			<Y>390</Y>
		</point>
		<point>
			<X>37</X>
			<Y>390</Y>
		</point>
		<point>
			<X>36</X>
			<Y>397</Y>
		</point>
		<point>
			<X>36</X>
			<Y>397</Y>
		</point>
		<point>
			<X>34</X>
			<Y>402</Y>
		</point>
		<point>
			<X>34</X>
			<Y>402</Y>
		</point>
		<point>
			<X>33</X>
			<Y>407</Y>
		</point>
		<point>
			<X>33</X>
			<Y>407</Y>
		</point>
		<point>
			<X>32</X>
			<Y>414</Y>
		</point>
		<point>
			<X>32</X>
			<Y>414</Y>
		</point>
		<point>
			<X>30</X>
			<Y>420</Y>
		</point>
		<point>
			<X>30</X>
			<Y>420</Y>
		</point>
		<point>
			<X>29</X>
			<Y>425</Y>
		</point>
		<point>
			<X>29</X>
			<Y>425</Y>
		</point>
		<point>
			<X>27</X>
			<Y>432</Y>
		</point>
		<point>
			<X>27</X>
			<Y>432</Y>
		</point>
		<point>
			<X>27</X>
			<Y>437</Y>
		</point>
		<point>
			<X>27</X>
			<Y>437</Y>
		</point>
		<point>
			<X>25</X>
			<Y>440</Y>
		</point>
		<point>
			<X>25</X>
			<Y>440</Y>
		</point>
		<point>
			<X>25</X>
			<Y>445</Y>
		</point>
		<point>
			<X>25</X>
			<Y>445</Y>
		</point>
		<point>
			<X>24</X>
			<Y>447</Y>
		</point>
		<point>
			<X>24</X>
			<Y>447</Y>
		</point>
		<point>
			<X>23</X>
			<Y>452</Y>
		</point>
		<point>
			<X>23</X>
			<Y>452</Y>
		</point>
		<point>
			<X>22</X>
			<Y>456</Y>
		</point>
		<point>
			<X>22</X>
			<Y>456</Y>
		</point>
		<point>
			<X>20</X>
			<Y>459</Y>
		</point>
		<point>
			<X>20</X>
			<Y>459</Y>
		</point>
		<point>
			<X>20</X>
			<Y>461</Y>
		</point>
		<point>
			<X>20</X>
			<Y>461</Y>
		</point>
		<point>
			<X>19</X>
			<Y>465</Y>
		</point>
		<point>
			<X>19</X>
			<Y>465</Y>
		</point>
		<point>
			<X>19</X>
			<Y>467</Y>
		</point>
		<point>
			<X>19</X>
			<Y>467</Y>
		</point>
		<point>
			<X>17</X>
			<Y>472</Y>
		</point>
		<point>
			<X>17</X>
			<Y>472</Y>
		</point>
		<point>
			<X>17</X>
			<Y>474</Y>
		</point>
		<point>
			<X>17</X>
			<Y>474</Y>
		</point>
		<point>
			<X>16</X>
			<Y>476</Y>
		</point>
		<point>
			<X>16</X>
			<Y>476</Y>
		</point>
		<point>
			<X>15</X>
			<Y>477</Y>
		</point>
		<point>
			<X>15</X>
			<Y>477</Y>
		</point>
		<point>
			<X>12</X>
			<Y>479</Y>
		</point>
		<point>
			<X>12</X>
			<Y>479</Y>
		</point>
		<point>
			<X>12</X>
			<Y>479</Y>
		</point>
		<point>
			<X>12</X>
			<Y>479</Y>
		</point>
		<point>
			<X>12</X>
			<Y>480</Y>
		</point>
		<point>
			<X>12</X>
			<Y>481</Y>
		</point>
		<point>
			<X>12</X>
			<Y>481</Y>
		</point>
		<point>
			<X>11</X>
			<Y>481</Y>
		</point>
		<point>
			<X>11</X>
			<Y>481</Y>
		</point>
		<point>
			<X>11</X>
			<Y>482</Y>
		</point>
		<point>
			<X>10</X>
			<Y>482</Y>
		</point>
		<point>
			<X>10</X>
			<Y>482</Y>
		</point>
		<point>
			<X>10</X>
			<Y>482</Y>
		</point>
	</polygon>
</annotation>