<annotation>
	<folder>anno</folder>
	<filename>2009_000505.jpg</filename>
	<source>
		<database>The anno Database</database>
		<annotation>VC anno</annotation>
		<image>Unknow</image>
		<flickrid>Unknow</flickrid>
	</source>
	<owner>
		<flickrid>Unknow</flickrid>
		<name>Unknow</name>
	</owner>
	<size>
		<width>500</width>
		<height>333</height>
		<depth>4</depth>
	</size>
	<segmented>1</segmented>
	<polygon>
		<tag>person</tag>
		<point>
			<X>11</X>
			<Y>168</Y>
		</point>
		<point>
			<X>14</X>
			<Y>168</Y>
		</point>
		<point>
			<X>15</X>
			<Y>168</Y>
		</point>
		<point>
			<X>16</X>
			<Y>169</Y>
		</point>
		<point>
			<X>16</X>
			<Y>169</Y>
		</point>
		<point>
			<X>17</X>
			<Y>169</Y>
		</point>
		<point>
			<X>17</X>
			<Y>169</Y>
		</point>
		<point>
			<X>19</X>
			<Y>169</Y>
		</point>
		<point>
			<X>20</X>
			<Y>169</Y>
		</point>
		<point>
			<X>21</X>
			<Y>169</Y>
		</point>
		<point>
			<X>24</X>
			<Y>169</Y>
		</point>
		<point>
			<X>26</X>
			<Y>169</Y>
		</point>
		<point>
			<X>27</X>
			<Y>170</Y>
		</point>
		<point>
			<X>27</X>
			<Y>170</Y>
		</point>
		<point>
			<X>30</X>
			<Y>171</Y>
		</point>
		<point>
			<X>30</X>
			<Y>171</Y>
		</point>
		<point>
			<X>34</X>
			<Y>171</Y>
		</point>
		<point>
			<X>35</X>
			<Y>173</Y>
		</point>
		<point>
			<X>35</X>
			<Y>173</Y>
		</point>
		<point>
			<X>39</X>
			<Y>174</Y>
		</point>
		<point>
			<X>39</X>
			<Y>174</Y>
		</point>
		<point>
			<X>41</X>
			<Y>174</Y>
		</point>
		<point>
			<X>41</X>
			<Y>174</Y>
		</point>
		<point>
			<X>44</X>
			<Y>175</Y>
		</point>
		<point>
			<X>44</X>
			<Y>175</Y>
		</point>
		<point>
			<X>46</X>
			<Y>175</Y>
		</point>
		<point>
			<X>46</X>
			<Y>175</Y>
		</point>
		<point>
			<X>47</X>
			<Y>176</Y>
		</point>
		<point>
			<X>47</X>
			<Y>176</Y>
		</point>
		<point>
			<X>50</X>
			<Y>176</Y>
		</point>
		<point>
			<X>50</X>
			<Y>176</Y>
		</point>
		<point>
			<X>51</X>
			<Y>178</Y>
		</point>
		<point>
			<X>51</X>
			<Y>178</Y>
		</point>
		<point>
			<X>52</X>
			<Y>178</Y>
		</point>
		<point>
			<X>52</X>
			<Y>178</Y>
		</point>
		<point>
			<X>54</X>
			<Y>179</Y>
		</point>
		<point>
			<X>54</X>
			<Y>179</Y>
		</point>
		<point>
			<X>56</X>
			<Y>181</Y>
		</point>
		<point>
			<X>56</X>
			<Y>181</Y>
		</point>
		<point>
			<X>60</X>
			<Y>183</Y>
		</point>
		<point>
			<X>60</X>
			<Y>183</Y>
		</point>
		<point>
			<X>61</X>
			<Y>184</Y>
		</point>
		<point>
			<X>61</X>
			<Y>184</Y>
		</point>
		<point>
			<X>61</X>
			<Y>185</Y>
		</point>
		<point>
			<X>61</X>
			<Y>185</Y>
		</point>
		<point>
			<X>64</X>
			<Y>186</Y>
		</point>
		<point>
			<X>64</X>
			<Y>186</Y>
		</point>
		<point>
			<X>65</X>
			<Y>186</Y>
		</point>
		<point>
			<X>65</X>
			<Y>186</Y>
		</point>
		<point>
			<X>66</X>
			<Y>188</Y>
		</point>
		<point>
			<X>66</X>
			<Y>188</Y>
		</point>
		<point>
			<X>67</X>
			<Y>189</Y>
		</point>
		<point>
			<X>67</X>
			<Y>189</Y>
		</point>
		<point>
			<X>67</X>
			<Y>190</Y>
		</point>
		<point>
			<X>67</X>
			<Y>190</Y>
		</point>
		<point>
			<X>70</X>
			<Y>193</Y>
		</point>
		<point>
			<X>70</X>
			<Y>193</Y>
		</point>
		<point>
			<X>70</X>
			<Y>195</Y>
		</point>
		<point>
			<X>70</X>
			<Y>195</Y>
		</point>
		<point>
			<X>72</X>
			<Y>198</Y>
		</point>
		<point>
			<X>72</X>
			<Y>198</Y>
		</point>
		<point>
			<X>74</X>
			<Y>199</Y>
		</point>
		<point>
			<X>74</X>
			<Y>199</Y>
		</point>
		<point>
			<X>75</X>
			<Y>201</Y>
		</point>
		<point>
			<X>75</X>
			<Y>201</Y>
		</point>
		<point>
			<X>76</X>
			<Y>204</Y>
		</point>
		<point>
			<X>76</X>
			<Y>204</Y>
		</point>
		<point>
			<X>79</X>
			<Y>206</Y>
		</point>
		<point>
			<X>79</X>
			<Y>206</Y>
		</point>
		<point>
			<X>80</X>
			<Y>206</Y>
		</point>
		<point>
			<X>80</X>
			<Y>206</Y>
		</point>
		<point>
			<X>80</X>
			<Y>209</Y>
		</point>
		<point>
			<X>80</X>
			<Y>209</Y>
		</point>
		<point>
			<X>82</X>
			<Y>213</Y>
		</point>
		<point>
			<X>82</X>
			<Y>213</Y>
		</point>
		<point>
			<X>85</X>
			<Y>215</Y>
		</point>
		<point>
			<X>85</X>
			<Y>215</Y>
		</point>
		<point>
			<X>85</X>
			<Y>216</Y>
		</point>
		<point>
			<X>85</X>
			<Y>216</Y>
		</point>
		<point>
			<X>89</X>
			<Y>219</Y>
		</point>
		<point>
			<X>89</X>
			<Y>219</Y>
		</point>
		<point>
			<X>90</X>
			<Y>220</Y>
		</point>
		<point>
			<X>90</X>
			<Y>220</Y>
		</point>
		<point>
			<X>92</X>
			<Y>222</Y>
		</point>
		<point>
			<X>92</X>
			<Y>222</Y>
		</point>
		<point>
			<X>95</X>
			<Y>225</Y>
		</point>
		<point>
			<X>95</X>
			<Y>225</Y>
		</point>
		<point>
			<X>96</X>
			<Y>226</Y>
		</point>
		<point>
			<X>96</X>
			<Y>226</Y>
		</point>
		<point>
			<X>97</X>
			<Y>227</Y>
		</point>
		<point>
			<X>97</X>
			<Y>227</Y>
		</point>
		<point>
			<X>100</X>
			<Y>230</Y>
		</point>
		<point>
			<X>100</X>
			<Y>230</Y>
		</point>
		<point>
			<X>101</X>
			<Y>230</Y>
		</point>
		<point>
			<X>101</X>
			<Y>230</Y>
		</point>
		<point>
			<X>102</X>
			<Y>231</Y>
		</point>
		<point>
			<X>102</X>
			<Y>231</Y>
		</point>
		<point>
			<X>106</X>
			<Y>235</Y>
		</point>
		<point>
			<X>106</X>
			<Y>235</Y>
		</point>
		<point>
			<X>110</X>
			<Y>239</Y>
		</point>
		<point>
			<X>110</X>
			<Y>239</Y>
		</point>
		<point>
			<X>112</X>
			<Y>241</Y>
		</point>
		<point>
			<X>112</X>
			<Y>241</Y>
		</point>
		<point>
			<X>116</X>
			<Y>244</Y>
		</point>
		<point>
			<X>116</X>
			<Y>244</Y>
		</point>
		<point>
			<X>118</X>
			<Y>246</Y>
		</point>
		<point>
			<X>118</X>
			<Y>246</Y>
		</point>
		<point>
			<X>121</X>
			<Y>247</Y>
		</point>
		<point>
			<X>121</X>
			<Y>247</Y>
		</point>
		<point>
			<X>123</X>
			<Y>247</Y>
		</point>
		<point>
			<X>123</X>
			<Y>247</Y>
		</point>
		<point>
			<X>129</X>
			<Y>250</Y>
		</point>
		<point>
			<X>129</X>
			<Y>250</Y>
		</point>
		<point>
			<X>130</X>
			<Y>250</Y>
		</point>
		<point>
			<X>130</X>
			<Y>250</Y>
		</point>
		<point>
			<X>135</X>
			<Y>252</Y>
		</point>
		<point>
			<X>135</X>
			<Y>252</Y>
		</point>
		<point>
			<X>137</X>
			<Y>252</Y>
		</point>
		<point>
			<X>137</X>
			<Y>252</Y>
		</point>
		<point>
			<X>139</X>
			<Y>254</Y>
		</point>
		<point>
			<X>139</X>
			<Y>254</Y>
		</point>
		<point>
			<X>140</X>
			<Y>254</Y>
		</point>
		<point>
			<X>140</X>
			<Y>254</Y>
		</point>
		<point>
			<X>142</X>
			<Y>254</Y>
		</point>
		<point>
			<X>142</X>
			<Y>254</Y>
		</point>
		<point>
			<X>144</X>
			<Y>254</Y>
		</point>
		<point>
			<X>144</X>
			<Y>254</Y>
		</point>
		<point>
			<X>144</X>
			<Y>255</Y>
		</point>
		<point>
			<X>146</X>
			<Y>255</Y>
		</point>
		<point>
			<X>146</X>
			<Y>255</Y>
		</point>
		<point>
			<X>149</X>
			<Y>258</Y>
		</point>
		<point>
			<X>149</X>
			<Y>258</Y>
		</point>
		<point>
			<X>150</X>
			<Y>258</Y>
		</point>
		<point>
			<X>150</X>
			<Y>258</Y>
		</point>
		<point>
			<X>155</X>
			<Y>258</Y>
		</point>
		<point>
			<X>155</X>
			<Y>258</Y>
		</point>
		<point>
			<X>156</X>
			<Y>258</Y>
		</point>
		<point>
			<X>156</X>
			<Y>258</Y>
		</point>
		<point>
			<X>159</X>
			<Y>258</Y>
		</point>
		<point>
			<X>159</X>
			<Y>258</Y>
		</point>
		<point>
			<X>160</X>
			<Y>260</Y>
		</point>
		<point>
			<X>160</X>
			<Y>260</Y>
		</point>
		<point>
			<X>161</X>
			<Y>260</Y>
		</point>
		<point>
			<X>166</X>
			<Y>260</Y>
		</point>
		<point>
			<X>169</X>
			<Y>261</Y>
		</point>
		<point>
			<X>169</X>
			<Y>261</Y>
		</point>
		<point>
			<X>170</X>
			<Y>261</Y>
		</point>
		<point>
			<X>171</X>
			<Y>261</Y>
		</point>
		<point>
			<X>175</X>
			<Y>263</Y>
		</point>
		<point>
			<X>175</X>
			<Y>263</Y>
		</point>
		<point>
			<X>176</X>
			<Y>263</Y>
		</point>
		<point>
			<X>181</X>
			<Y>263</Y>
		</point>
		<point>
			<X>184</X>
			<Y>263</Y>
		</point>
		<point>
			<X>186</X>
			<Y>263</Y>
		</point>
		<point>
			<X>190</X>
			<Y>263</Y>
		</point>
		<point>
			<X>191</X>
			<Y>263</Y>
		</point>
		<point>
			<X>192</X>
			<Y>263</Y>
		</point>
		<point>
			<X>194</X>
			<Y>263</Y>
		</point>
		<point>
			<X>196</X>
			<Y>263</Y>
		</point>
		<point>
			<X>199</X>
			<Y>264</Y>
		</point>
		<point>
			<X>199</X>
			<Y>264</Y>
		</point>
		<point>
			<X>201</X>
			<Y>264</Y>
		</point>
		<point>
			<X>204</X>
			<Y>264</Y>
		</point>
		<point>
			<X>209</X>
			<Y>264</Y>
		</point>
		<point>
			<X>211</X>
			<Y>264</Y>
		</point>
		<point>
			<X>214</X>
			<Y>265</Y>
		</point>
		<point>
			<X>214</X>
			<Y>265</Y>
		</point>
		<point>
			<X>216</X>
			<Y>265</Y>
		</point>
		<point>
			<X>220</X>
			<Y>265</Y>
		</point>
		<point>
			<X>222</X>
			<Y>265</Y>
		</point>
		<point>
			<X>225</X>
			<Y>265</Y>
		</point>
		<point>
			<X>227</X>
			<Y>265</Y>
		</point>
		<point>
			<X>230</X>
			<Y>265</Y>
		</point>
		<point>
			<X>231</X>
			<Y>265</Y>
		</point>
		<point>
			<X>234</X>
			<Y>266</Y>
		</point>
		<point>
			<X>234</X>
			<Y>266</Y>
		</point>
		<point>
			<X>235</X>
			<Y>266</Y>
		</point>
		<point>
			<X>236</X>
			<Y>266</Y>
		</point>
		<point>
			<X>237</X>
			<Y>268</Y>
		</point>
		<point>
			<X>237</X>
			<Y>268</Y>
		</point>
		<point>
			<X>241</X>
			<Y>269</Y>
		</point>
		<point>
			<X>241</X>
			<Y>269</Y>
		</point>
		<point>
			<X>246</X>
			<Y>269</Y>
		</point>
		<point>
			<X>250</X>
			<Y>269</Y>
		</point>
		<point>
			<X>254</X>
			<Y>268</Y>
		</point>
		<point>
			<X>254</X>
			<Y>268</Y>
		</point>
		<point>
			<X>256</X>
			<Y>268</Y>
		</point>
		<point>
			<X>259</X>
			<Y>268</Y>
		</point>
		<point>
			<X>260</X>
			<Y>268</Y>
		</point>
		<point>
			<X>262</X>
			<Y>268</Y>
		</point>
		<point>
			<X>265</X>
			<Y>268</Y>
		</point>
		<point>
			<X>266</X>
			<Y>268</Y>
		</point>
		<point>
			<X>267</X>
			<Y>269</Y>
		</point>
		<point>
			<X>267</X>
			<Y>269</Y>
		</point>
		<point>
			<X>270</X>
			<Y>270</Y>
		</point>
		<point>
			<X>270</X>
			<Y>270</Y>
		</point>
		<point>
			<X>271</X>
			<Y>270</Y>
		</point>
		<point>
			<X>272</X>
			<Y>270</Y>
		</point>
		<point>
			<X>276</X>
			<Y>274</Y>
		</point>
		<point>
			<X>276</X>
			<Y>274</Y>
		</point>
		<point>
			<X>280</X>
			<Y>275</Y>
		</point>
		<point>
			<X>280</X>
			<Y>275</Y>
		</point>
		<point>
			<X>284</X>
			<Y>275</Y>
		</point>
		<point>
			<X>287</X>
			<Y>275</Y>
		</point>
		<point>
			<X>291</X>
			<Y>276</Y>
		</point>
		<point>
			<X>291</X>
			<Y>276</Y>
		</point>
		<point>
			<X>292</X>
			<Y>276</Y>
		</point>
		<point>
			<X>296</X>
			<Y>276</Y>
		</point>
		<point>
			<X>297</X>
			<Y>278</Y>
		</point>
		<point>
			<X>297</X>
			<Y>278</Y>
		</point>
		<point>
			<X>300</X>
			<Y>278</Y>
		</point>
		<point>
			<X>301</X>
			<Y>278</Y>
		</point>
		<point>
			<X>302</X>
			<Y>278</Y>
		</point>
		<point>
			<X>305</X>
			<Y>278</Y>
		</point>
		<point>
			<X>307</X>
			<Y>278</Y>
		</point>
		<point>
			<X>310</X>
			<Y>278</Y>
		</point>
		<point>
			<X>311</X>
			<Y>280</Y>
		</point>
		<point>
			<X>311</X>
			<Y>280</Y>
		</point>
		<point>
			<X>315</X>
			<Y>280</Y>
		</point>
		<point>
			<X>316</X>
			<Y>281</Y>
		</point>
		<point>
			<X>316</X>
			<Y>281</Y>
		</point>
		<point>
			<X>317</X>
			<Y>281</Y>
		</point>
		<point>
			<X>317</X>
			<Y>281</Y>
		</point>
		<point>
			<X>321</X>
			<Y>283</Y>
		</point>
		<point>
			<X>321</X>
			<Y>283</Y>
		</point>
		<point>
			<X>323</X>
			<Y>285</Y>
		</point>
		<point>
			<X>323</X>
			<Y>285</Y>
		</point>
		<point>
			<X>328</X>
			<Y>285</Y>
		</point>
		<point>
			<X>331</X>
			<Y>285</Y>
		</point>
		<point>
			<X>333</X>
			<Y>288</Y>
		</point>
		<point>
			<X>333</X>
			<Y>288</Y>
		</point>
		<point>
			<X>335</X>
			<Y>288</Y>
		</point>
		<point>
			<X>335</X>
			<Y>288</Y>
		</point>
		<point>
			<X>337</X>
			<Y>289</Y>
		</point>
		<point>
			<X>337</X>
			<Y>289</Y>
		</point>
		<point>
			<X>340</X>
			<Y>290</Y>
		</point>
		<point>
			<X>340</X>
			<Y>290</Y>
		</point>
		<point>
			<X>341</X>
			<Y>290</Y>
		</point>
		<point>
			<X>345</X>
			<Y>290</Y>
		</point>
		<point>
			<X>347</X>
			<Y>290</Y>
		</point>
		<point>
			<X>348</X>
			<Y>293</Y>
		</point>
		<point>
			<X>348</X>
			<Y>293</Y>
		</point>
		<point>
			<X>353</X>
			<Y>293</Y>
		</point>
		<point>
			<X>356</X>
			<Y>293</Y>
		</point>
		<point>
			<X>358</X>
			<Y>293</Y>
		</point>
		<point>
			<X>361</X>
			<Y>293</Y>
		</point>
		<point>
			<X>362</X>
			<Y>293</Y>
		</point>
		<point>
			<X>363</X>
			<Y>293</Y>
		</point>
		<point>
			<X>366</X>
			<Y>293</Y>
		</point>
		<point>
			<X>368</X>
			<Y>293</Y>
		</point>
		<point>
			<X>370</X>
			<Y>293</Y>
		</point>
		<point>
			<X>371</X>
			<Y>293</Y>
		</point>
		<point>
			<X>373</X>
			<Y>293</Y>
		</point>
		<point>
			<X>375</X>
			<Y>295</Y>
		</point>
		<point>
			<X>375</X>
			<Y>295</Y>
		</point>
		<point>
			<X>378</X>
			<Y>295</Y>
		</point>
		<point>
			<X>380</X>
			<Y>295</Y>
		</point>
		<point>
			<X>382</X>
			<Y>298</Y>
		</point>
		<point>
			<X>382</X>
			<Y>298</Y>
		</point>
		<point>
			<X>389</X>
			<Y>301</Y>
		</point>
		<point>
			<X>389</X>
			<Y>301</Y>
		</point>
		<point>
			<X>390</X>
			<Y>301</Y>
		</point>
		<point>
			<X>392</X>
			<Y>301</Y>
		</point>
		<point>
			<X>394</X>
			<Y>301</Y>
		</point>
		<point>
			<X>395</X>
			<Y>304</Y>
		</point>
		<point>
			<X>395</X>
			<Y>304</Y>
		</point>
		<point>
			<X>396</X>
			<Y>304</Y>
		</point>
		<point>
			<X>396</X>
			<Y>304</Y>
		</point>
		<point>
			<X>399</X>
			<Y>305</Y>
		</point>
		<point>
			<X>399</X>
			<Y>305</Y>
		</point>
		<point>
			<X>401</X>
			<Y>306</Y>
		</point>
		<point>
			<X>401</X>
			<Y>306</Y>
		</point>
		<point>
			<X>404</X>
			<Y>306</Y>
		</point>
		<point>
			<X>406</X>
			<Y>306</Y>
		</point>
		<point>
			<X>409</X>
			<Y>306</Y>
		</point>
		<point>
			<X>410</X>
			<Y>306</Y>
		</point>
		<point>
			<X>411</X>
			<Y>306</Y>
		</point>
		<point>
			<X>414</X>
			<Y>306</Y>
		</point>
		<point>
			<X>415</X>
			<Y>306</Y>
		</point>
		<point>
			<X>417</X>
			<Y>308</Y>
		</point>
		<point>
			<X>417</X>
			<Y>308</Y>
		</point>
		<point>
			<X>419</X>
			<Y>309</Y>
		</point>
		<point>
			<X>419</X>
			<Y>309</Y>
		</point>
		<point>
			<X>421</X>
			<Y>309</Y>
		</point>
		<point>
			<X>426</X>
			<Y>309</Y>
		</point>
		<point>
			<X>429</X>
			<Y>309</Y>
		</point>
		<point>
			<X>430</X>
			<Y>310</Y>
		</point>
		<point>
			<X>430</X>
			<Y>310</Y>
		</point>
		<point>
			<X>432</X>
			<Y>311</Y>
		</point>
		<point>
			<X>432</X>
			<Y>311</Y>
		</point>
		<point>
			<X>435</X>
			<Y>311</Y>
		</point>
		<point>
			<X>440</X>
			<Y>314</Y>
		</point>
		<point>
			<X>440</X>
			<Y>314</Y>
		</point>
		<point>
			<X>442</X>
			<Y>314</Y>
		</point>
		<point>
			<X>445</X>
			<Y>314</Y>
		</point>
		<point>
			<X>447</X>
			<Y>314</Y>
		</point>
		<point>
			<X>450</X>
			<Y>314</Y>
		</point>
		<point>
			<X>455</X>
			<Y>314</Y>
		</point>
		<point>
			<X>455</X>
			<Y>314</Y>
		</point>
		<point>
			<X>457</X>
			<Y>314</Y>
		</point>
		<point>
			<X>459</X>
			<Y>314</Y>
		</point>
		<point>
			<X>460</X>
			<Y>314</Y>
		</point>
		<point>
			<X>460</X>
			<Y>314</Y>
		</point>
		<point>
			<X>462</X>
			<Y>314</Y>
		</point>
		<point>
			<X>464</X>
			<Y>314</Y>
		</point>
		<point>
			<X>465</X>
			<Y>314</Y>
		</point>
		<point>
			<X>465</X>
			<Y>314</Y>
		</point>
		<point>
			<X>467</X>
			<Y>314</Y>
		</point>
		<point>
			<X>470</X>
			<Y>314</Y>
		</point>
		<point>
			<X>470</X>
			<Y>314</Y>
		</point>
		<point>
			<X>472</X>
			<Y>314</Y>
		</point>
		<point>
			<X>474</X>
			<Y>313</Y>
		</point>
		<point>
			<X>474</X>
			<Y>313</Y>
		</point>
		<point>
			<X>474</X>
			<Y>313</Y>
		</point>
	</polygon>
	<polygon>
		<tag>person</tag>
		<point>
			<X>271</X>
			<Y>144</Y>
		</point>
		<point>
			<X>271</X>
			<Y>145</Y>
		</point>
		<point>
			<X>271</X>
			<Y>145</Y>
		</point>
		<point>
			<X>271</X>
			<Y>146</Y>
		</point>
		<point>
			<X>271</X>
			<Y>146</Y>
		</point>
		<point>
			<X>271</X>
			<Y>148</Y>
		</point>
		<point>
			<X>271</X>
			<Y>148</Y>
		</point>
		<point>
			<X>272</X>
			<Y>148</Y>
		</point>
		<point>
			<X>272</X>
			<Y>150</Y>
		</point>
		<point>
			<X>272</X>
			<Y>150</Y>
		</point>
		<point>
			<X>272</X>
			<Y>151</Y>
		</point>
		<point>
			<X>272</X>
			<Y>151</Y>
		</point>
		<point>
			<X>272</X>
			<Y>153</Y>
		</point>
		<point>
			<X>272</X>
			<Y>153</Y>
		</point>
		<point>
			<X>274</X>
			<Y>154</Y>
		</point>
		<point>
			<X>274</X>
			<Y>154</Y>
		</point>
		<point>
			<X>274</X>
			<Y>155</Y>
		</point>
		<point>
			<X>274</X>
			<Y>155</Y>
		</point>
		<point>
			<X>274</X>
			<Y>156</Y>
		</point>
		<point>
			<X>274</X>
			<Y>156</Y>
		</point>
		<point>
			<X>275</X>
			<Y>159</Y>
		</point>
		<point>
			<X>275</X>
			<Y>159</Y>
		</point>
		<point>
			<X>276</X>
			<Y>160</Y>
		</point>
		<point>
			<X>276</X>
			<Y>160</Y>
		</point>
		<point>
			<X>276</X>
			<Y>161</Y>
		</point>
		<point>
			<X>276</X>
			<Y>161</Y>
		</point>
		<point>
			<X>276</X>
			<Y>163</Y>
		</point>
		<point>
			<X>276</X>
			<Y>163</Y>
		</point>
		<point>
			<X>276</X>
			<Y>164</Y>
		</point>
		<point>
			<X>276</X>
			<Y>164</Y>
		</point>
		<point>
			<X>276</X>
			<Y>165</Y>
		</point>
		<point>
			<X>276</X>
			<Y>165</Y>
		</point>
		<point>
			<X>276</X>
			<Y>166</Y>
		</point>
		<point>
			<X>276</X>
			<Y>166</Y>
		</point>
		<point>
			<X>277</X>
			<Y>166</Y>
		</point>
		<point>
			<X>277</X>
			<Y>168</Y>
		</point>
		<point>
			<X>279</X>
			<Y>168</Y>
		</point>
		<point>
			<X>279</X>
			<Y>170</Y>
		</point>
		<point>
			<X>279</X>
			<Y>170</Y>
		</point>
		<point>
			<X>280</X>
			<Y>171</Y>
		</point>
		<point>
			<X>280</X>
			<Y>171</Y>
		</point>
		<point>
			<X>280</X>
			<Y>173</Y>
		</point>
		<point>
			<X>280</X>
			<Y>173</Y>
		</point>
		<point>
			<X>281</X>
			<Y>174</Y>
		</point>
		<point>
			<X>281</X>
			<Y>174</Y>
		</point>
		<point>
			<X>281</X>
			<Y>175</Y>
		</point>
		<point>
			<X>281</X>
			<Y>175</Y>
		</point>
		<point>
			<X>282</X>
			<Y>176</Y>
		</point>
		<point>
			<X>282</X>
			<Y>176</Y>
		</point>
		<point>
			<X>282</X>
			<Y>178</Y>
		</point>
		<point>
			<X>282</X>
			<Y>178</Y>
		</point>
		<point>
			<X>282</X>
			<Y>179</Y>
		</point>
		<point>
			<X>282</X>
			<Y>179</Y>
		</point>
		<point>
			<X>284</X>
			<Y>179</Y>
		</point>
		<point>
			<X>284</X>
			<Y>181</Y>
		</point>
		<point>
			<X>284</X>
			<Y>181</Y>
		</point>
		<point>
			<X>285</X>
			<Y>183</Y>
		</point>
		<point>
			<X>285</X>
			<Y>183</Y>
		</point>
		<point>
			<X>285</X>
			<Y>184</Y>
		</point>
		<point>
			<X>285</X>
			<Y>184</Y>
		</point>
		<point>
			<X>285</X>
			<Y>185</Y>
		</point>
		<point>
			<X>285</X>
			<Y>185</Y>
		</point>
		<point>
			<X>285</X>
			<Y>186</Y>
		</point>
		<point>
			<X>285</X>
			<Y>186</Y>
		</point>
		<point>
			<X>285</X>
			<Y>188</Y>
		</point>
		<point>
			<X>285</X>
			<Y>188</Y>
		</point>
		<point>
			<X>285</X>
			<Y>188</Y>
		</point>
	</polygon>
	<polygon>
		<tag>person</tag>
		<point>
			<X>316</X>
			<Y>41</Y>
		</point>
		<point>
			<X>315</X>
			<Y>42</Y>
		</point>
		<point>
			<X>315</X>
			<Y>42</Y>
		</point>
		<point>
			<X>315</X>
			<Y>44</Y>
		</point>
		<point>
			<X>315</X>
			<Y>44</Y>
		</point>
		<point>
			<X>314</X>
			<Y>48</Y>
		</point>
		<point>
			<X>314</X>
			<Y>48</Y>
		</point>
		<point>
			<X>312</X>
			<Y>50</Y>
		</point>
		<point>
			<X>312</X>
			<Y>50</Y>
		</point>
		<point>
			<X>311</X>
			<Y>53</Y>
		</point>
		<point>
			<X>311</X>
			<Y>53</Y>
		</point>
		<point>
			<X>310</X>
			<Y>55</Y>
		</point>
		<point>
			<X>310</X>
			<Y>55</Y>
		</point>
		<point>
			<X>309</X>
			<Y>58</Y>
		</point>
		<point>
			<X>309</X>
			<Y>58</Y>
		</point>
		<point>
			<X>307</X>
			<Y>60</Y>
		</point>
		<point>
			<X>307</X>
			<Y>60</Y>
		</point>
		<point>
			<X>305</X>
			<Y>63</Y>
		</point>
		<point>
			<X>305</X>
			<Y>63</Y>
		</point>
		<point>
			<X>305</X>
			<Y>64</Y>
		</point>
		<point>
			<X>305</X>
			<Y>64</Y>
		</point>
		<point>
			<X>305</X>
			<Y>66</Y>
		</point>
		<point>
			<X>305</X>
			<Y>66</Y>
		</point>
		<point>
			<X>302</X>
			<Y>68</Y>
		</point>
		<point>
			<X>302</X>
			<Y>68</Y>
		</point>
		<point>
			<X>302</X>
			<Y>69</Y>
		</point>
		<point>
			<X>302</X>
			<Y>69</Y>
		</point>
		<point>
			<X>302</X>
			<Y>70</Y>
		</point>
		<point>
			<X>302</X>
			<Y>70</Y>
		</point>
		<point>
			<X>302</X>
			<Y>71</Y>
		</point>
		<point>
			<X>302</X>
			<Y>71</Y>
		</point>
		<point>
			<X>302</X>
			<Y>73</Y>
		</point>
		<point>
			<X>302</X>
			<Y>73</Y>
		</point>
		<point>
			<X>301</X>
			<Y>74</Y>
		</point>
		<point>
			<X>301</X>
			<Y>74</Y>
		</point>
		<point>
			<X>299</X>
			<Y>78</Y>
		</point>
		<point>
			<X>299</X>
			<Y>78</Y>
		</point>
		<point>
			<X>299</X>
			<Y>79</Y>
		</point>
		<point>
			<X>299</X>
			<Y>79</Y>
		</point>
		<point>
			<X>297</X>
			<Y>80</Y>
		</point>
		<point>
			<X>297</X>
			<Y>80</Y>
		</point>
		<point>
			<X>296</X>
			<Y>83</Y>
		</point>
		<point>
			<X>296</X>
			<Y>83</Y>
		</point>
		<point>
			<X>296</X>
			<Y>85</Y>
		</point>
		<point>
			<X>296</X>
			<Y>85</Y>
		</point>
		<point>
			<X>295</X>
			<Y>88</Y>
		</point>
		<point>
			<X>295</X>
			<Y>88</Y>
		</point>
		<point>
			<X>294</X>
			<Y>89</Y>
		</point>
		<point>
			<X>294</X>
			<Y>89</Y>
		</point>
		<point>
			<X>292</X>
			<Y>90</Y>
		</point>
		<point>
			<X>292</X>
			<Y>90</Y>
		</point>
		<point>
			<X>291</X>
			<Y>94</Y>
		</point>
		<point>
			<X>291</X>
			<Y>94</Y>
		</point>
		<point>
			<X>290</X>
			<Y>98</Y>
		</point>
		<point>
			<X>290</X>
			<Y>98</Y>
		</point>
		<point>
			<X>290</X>
			<Y>99</Y>
		</point>
		<point>
			<X>290</X>
			<Y>99</Y>
		</point>
		<point>
			<X>289</X>
			<Y>99</Y>
		</point>
		<point>
			<X>289</X>
			<Y>99</Y>
		</point>
	</polygon>
	<polygon>
		<tag>person</tag>
		<point>
			<X>358</X>
			<Y>139</Y>
		</point>
		<point>
			<X>360</X>
			<Y>140</Y>
		</point>
		<point>
			<X>360</X>
			<Y>140</Y>
		</point>
		<point>
			<X>361</X>
			<Y>141</Y>
		</point>
		<point>
			<X>361</X>
			<Y>141</Y>
		</point>
		<point>
			<X>362</X>
			<Y>145</Y>
		</point>
		<point>
			<X>362</X>
			<Y>145</Y>
		</point>
		<point>
			<X>363</X>
			<Y>146</Y>
		</point>
		<point>
			<X>363</X>
			<Y>146</Y>
		</point>
		<point>
			<X>365</X>
			<Y>150</Y>
		</point>
		<point>
			<X>365</X>
			<Y>150</Y>
		</point>
		<point>
			<X>366</X>
			<Y>153</Y>
		</point>
		<point>
			<X>366</X>
			<Y>153</Y>
		</point>
		<point>
			<X>368</X>
			<Y>158</Y>
		</point>
		<point>
			<X>368</X>
			<Y>158</Y>
		</point>
		<point>
			<X>368</X>
			<Y>160</Y>
		</point>
		<point>
			<X>368</X>
			<Y>160</Y>
		</point>
		<point>
			<X>371</X>
			<Y>166</Y>
		</point>
		<point>
			<X>371</X>
			<Y>166</Y>
		</point>
		<point>
			<X>375</X>
			<Y>171</Y>
		</point>
		<point>
			<X>375</X>
			<Y>171</Y>
		</point>
		<point>
			<X>375</X>
			<Y>173</Y>
		</point>
		<point>
			<X>375</X>
			<Y>173</Y>
		</point>
		<point>
			<X>376</X>
			<Y>178</Y>
		</point>
		<point>
			<X>376</X>
			<Y>178</Y>
		</point>
		<point>
			<X>377</X>
			<Y>179</Y>
		</point>
		<point>
			<X>377</X>
			<Y>179</Y>
		</point>
		<point>
			<X>378</X>
			<Y>183</Y>
		</point>
		<point>
			<X>378</X>
			<Y>183</Y>
		</point>
		<point>
			<X>378</X>
			<Y>185</Y>
		</point>
		<point>
			<X>378</X>
			<Y>185</Y>
		</point>
		<point>
			<X>381</X>
			<Y>186</Y>
		</point>
		<point>
			<X>381</X>
			<Y>186</Y>
		</point>
		<point>
			<X>381</X>
			<Y>188</Y>
		</point>
		<point>
			<X>381</X>
			<Y>188</Y>
		</point>
		<point>
			<X>382</X>
			<Y>190</Y>
		</point>
		<point>
			<X>382</X>
			<Y>190</Y>
		</point>
		<point>
			<X>384</X>
			<Y>191</Y>
		</point>
		<point>
			<X>384</X>
			<Y>191</Y>
		</point>
		<point>
			<X>384</X>
			<Y>194</Y>
		</point>
		<point>
			<X>384</X>
			<Y>194</Y>
		</point>
		<point>
			<X>385</X>
			<Y>196</Y>
		</point>
		<point>
			<X>385</X>
			<Y>196</Y>
		</point>
		<point>
			<X>386</X>
			<Y>198</Y>
		</point>
		<point>
			<X>386</X>
			<Y>198</Y>
		</point>
		<point>
			<X>387</X>
			<Y>199</Y>
		</point>
		<point>
			<X>387</X>
			<Y>199</Y>
		</point>
		<point>
			<X>387</X>
			<Y>200</Y>
		</point>
		<point>
			<X>387</X>
			<Y>200</Y>
		</point>
		<point>
			<X>387</X>
			<Y>203</Y>
		</point>
		<point>
			<X>387</X>
			<Y>203</Y>
		</point>
		<point>
			<X>389</X>
			<Y>204</Y>
		</point>
		<point>
			<X>389</X>
			<Y>204</Y>
		</point>
		<point>
			<X>390</X>
			<Y>206</Y>
		</point>
		<point>
			<X>390</X>
			<Y>206</Y>
		</point>
		<point>
			<X>391</X>
			<Y>208</Y>
		</point>
		<point>
			<X>391</X>
			<Y>208</Y>
		</point>
		<point>
			<X>391</X>
			<Y>210</Y>
		</point>
		<point>
			<X>391</X>
			<Y>210</Y>
		</point>
		<point>
			<X>394</X>
			<Y>213</Y>
		</point>
		<point>
			<X>394</X>
			<Y>213</Y>
		</point>
		<point>
			<X>395</X>
			<Y>215</Y>
		</point>
		<point>
			<X>395</X>
			<Y>215</Y>
		</point>
		<point>
			<X>396</X>
			<Y>215</Y>
		</point>
		<point>
			<X>396</X>
			<Y>215</Y>
		</point>
		<point>
			<X>396</X>
			<Y>216</Y>
		</point>
		<point>
			<X>397</X>
			<Y>217</Y>
		</point>
		<point>
			<X>397</X>
			<Y>217</Y>
		</point>
		<point>
			<X>399</X>
			<Y>219</Y>
		</point>
		<point>
			<X>399</X>
			<Y>219</Y>
		</point>
		<point>
			<X>400</X>
			<Y>219</Y>
		</point>
		<point>
			<X>400</X>
			<Y>219</Y>
		</point>
		<point>
			<X>401</X>
			<Y>221</Y>
		</point>
		<point>
			<X>401</X>
			<Y>221</Y>
		</point>
		<point>
			<X>402</X>
			<Y>222</Y>
		</point>
		<point>
			<X>402</X>
			<Y>222</Y>
		</point>
		<point>
			<X>404</X>
			<Y>224</Y>
		</point>
		<point>
			<X>404</X>
			<Y>224</Y>
		</point>
		<point>
			<X>405</X>
			<Y>225</Y>
		</point>
		<point>
			<X>405</X>
			<Y>225</Y>
		</point>
		<point>
			<X>405</X>
			<Y>226</Y>
		</point>
		<point>
			<X>405</X>
			<Y>226</Y>
		</point>
		<point>
			<X>405</X>
			<Y>227</Y>
		</point>
		<point>
			<X>405</X>
			<Y>227</Y>
		</point>
		<point>
			<X>405</X>
			<Y>229</Y>
		</point>
		<point>
			<X>405</X>
			<Y>229</Y>
		</point>
		<point>
			<X>406</X>
			<Y>230</Y>
		</point>
		<point>
			<X>406</X>
			<Y>230</Y>
		</point>
		<point>
			<X>407</X>
			<Y>231</Y>
		</point>
		<point>
			<X>407</X>
			<Y>231</Y>
		</point>
		<point>
			<X>409</X>
			<Y>232</Y>
		</point>
		<point>
			<X>409</X>
			<Y>232</Y>
		</point>
		<point>
			<X>410</X>
			<Y>234</Y>
		</point>
		<point>
			<X>410</X>
			<Y>234</Y>
		</point>
		<point>
			<X>410</X>
			<Y>235</Y>
		</point>
		<point>
			<X>410</X>
			<Y>235</Y>
		</point>
		<point>
			<X>411</X>
			<Y>237</Y>
		</point>
		<point>
			<X>411</X>
			<Y>237</Y>
		</point>
		<point>
			<X>412</X>
			<Y>237</Y>
		</point>
		<point>
			<X>412</X>
			<Y>237</Y>
		</point>
		<point>
			<X>414</X>
			<Y>239</Y>
		</point>
		<point>
			<X>414</X>
			<Y>239</Y>
		</point>
		<point>
			<X>415</X>
			<Y>239</Y>
		</point>
		<point>
			<X>415</X>
			<Y>239</Y>
		</point>
		<point>
			<X>416</X>
			<Y>240</Y>
		</point>
		<point>
			<X>416</X>
			<Y>240</Y>
		</point>
		<point>
			<X>416</X>
			<Y>241</Y>
		</point>
		<point>
			<X>416</X>
			<Y>241</Y>
		</point>
		<point>
			<X>417</X>
			<Y>241</Y>
		</point>
		<point>
			<X>419</X>
			<Y>241</Y>
		</point>
		<point>
			<X>420</X>
			<Y>241</Y>
		</point>
		<point>
			<X>422</X>
			<Y>241</Y>
		</point>
		<point>
			<X>424</X>
			<Y>241</Y>
		</point>
		<point>
			<X>427</X>
			<Y>241</Y>
		</point>
		<point>
			<X>430</X>
			<Y>241</Y>
		</point>
		<point>
			<X>432</X>
			<Y>241</Y>
		</point>
		<point>
			<X>434</X>
			<Y>241</Y>
		</point>
		<point>
			<X>435</X>
			<Y>241</Y>
		</point>
		<point>
			<X>437</X>
			<Y>241</Y>
		</point>
		<point>
			<X>439</X>
			<Y>241</Y>
		</point>
		<point>
			<X>440</X>
			<Y>241</Y>
		</point>
		<point>
			<X>442</X>
			<Y>241</Y>
		</point>
		<point>
			<X>444</X>
			<Y>241</Y>
		</point>
		<point>
			<X>445</X>
			<Y>241</Y>
		</point>
		<point>
			<X>447</X>
			<Y>241</Y>
		</point>
		<point>
			<X>449</X>
			<Y>241</Y>
		</point>
		<point>
			<X>450</X>
			<Y>241</Y>
		</point>
		<point>
			<X>450</X>
			<Y>241</Y>
		</point>
		<point>
			<X>450</X>
			<Y>241</Y>
		</point>
	</polygon>
	<polygon>
		<tag>sofa</tag>
		<point>
			<X>61</X>
			<Y>108</Y>
		</point>
		<point>
			<X>65</X>
			<Y>108</Y>
		</point>
		<point>
			<X>65</X>
			<Y>108</Y>
		</point>
		<point>
			<X>67</X>
			<Y>108</Y>
		</point>
		<point>
			<X>67</X>
			<Y>108</Y>
		</point>
		<point>
			<X>70</X>
			<Y>108</Y>
		</point>
		<point>
			<X>70</X>
			<Y>108</Y>
		</point>
		<point>
			<X>72</X>
			<Y>108</Y>
		</point>
		<point>
			<X>72</X>
			<Y>108</Y>
		</point>
		<point>
			<X>76</X>
			<Y>108</Y>
		</point>
		<point>
			<X>76</X>
			<Y>108</Y>
		</point>
		<point>
			<X>80</X>
			<Y>108</Y>
		</point>
		<point>
			<X>80</X>
			<Y>108</Y>
		</point>
		<point>
			<X>82</X>
			<Y>108</Y>
		</point>
		<point>
			<X>82</X>
			<Y>108</Y>
		</point>
		<point>
			<X>85</X>
			<Y>108</Y>
		</point>
		<point>
			<X>85</X>
			<Y>108</Y>
		</point>
		<point>
			<X>85</X>
			<Y>108</Y>
		</point>
		<point>
			<X>85</X>
			<Y>108</Y>
		</point>
		<point>
			<X>90</X>
			<Y>108</Y>
		</point>
		<point>
			<X>90</X>
			<Y>108</Y>
		</point>
		<point>
			<X>90</X>
			<Y>108</Y>
		</point>
		<point>
			<X>90</X>
			<Y>108</Y>
		</point>
		<point>
			<X>94</X>
			<Y>108</Y>
		</point>
		<point>
			<X>94</X>
			<Y>108</Y>
		</point>
		<point>
			<X>96</X>
			<Y>108</Y>
		</point>
		<point>
			<X>96</X>
			<Y>108</Y>
		</point>
		<point>
			<X>97</X>
			<Y>108</Y>
		</point>
		<point>
			<X>97</X>
			<Y>108</Y>
		</point>
		<point>
			<X>99</X>
			<Y>108</Y>
		</point>
		<point>
			<X>99</X>
			<Y>108</Y>
		</point>
		<point>
			<X>101</X>
			<Y>108</Y>
		</point>
		<point>
			<X>101</X>
			<Y>108</Y>
		</point>
		<point>
			<X>104</X>
			<Y>108</Y>
		</point>
		<point>
			<X>104</X>
			<Y>108</Y>
		</point>
		<point>
			<X>106</X>
			<Y>108</Y>
		</point>
		<point>
			<X>106</X>
			<Y>108</Y>
		</point>
		<point>
			<X>108</X>
			<Y>108</Y>
		</point>
		<point>
			<X>108</X>
			<Y>108</Y>
		</point>
		<point>
			<X>111</X>
			<Y>106</Y>
		</point>
		<point>
			<X>111</X>
			<Y>106</Y>
		</point>
		<point>
			<X>113</X>
			<Y>106</Y>
		</point>
		<point>
			<X>113</X>
			<Y>106</Y>
		</point>
		<point>
			<X>115</X>
			<Y>105</Y>
		</point>
		<point>
			<X>115</X>
			<Y>105</Y>
		</point>
		<point>
			<X>116</X>
			<Y>105</Y>
		</point>
		<point>
			<X>116</X>
			<Y>105</Y>
		</point>
		<point>
			<X>118</X>
			<Y>105</Y>
		</point>
		<point>
			<X>118</X>
			<Y>105</Y>
		</point>
		<point>
			<X>121</X>
			<Y>105</Y>
		</point>
		<point>
			<X>121</X>
			<Y>105</Y>
		</point>
		<point>
			<X>122</X>
			<Y>104</Y>
		</point>
		<point>
			<X>122</X>
			<Y>104</Y>
		</point>
		<point>
			<X>123</X>
			<Y>104</Y>
		</point>
		<point>
			<X>123</X>
			<Y>104</Y>
		</point>
		<point>
			<X>126</X>
			<Y>104</Y>
		</point>
		<point>
			<X>126</X>
			<Y>104</Y>
		</point>
		<point>
			<X>130</X>
			<Y>104</Y>
		</point>
		<point>
			<X>130</X>
			<Y>104</Y>
		</point>
		<point>
			<X>131</X>
			<Y>104</Y>
		</point>
		<point>
			<X>131</X>
			<Y>104</Y>
		</point>
		<point>
			<X>132</X>
			<Y>101</Y>
		</point>
		<point>
			<X>132</X>
			<Y>101</Y>
		</point>
		<point>
			<X>135</X>
			<Y>101</Y>
		</point>
		<point>
			<X>135</X>
			<Y>101</Y>
		</point>
		<point>
			<X>136</X>
			<Y>101</Y>
		</point>
		<point>
			<X>136</X>
			<Y>101</Y>
		</point>
		<point>
			<X>137</X>
			<Y>101</Y>
		</point>
		<point>
			<X>137</X>
			<Y>101</Y>
		</point>
		<point>
			<X>140</X>
			<Y>100</Y>
		</point>
		<point>
			<X>140</X>
			<Y>100</Y>
		</point>
		<point>
			<X>141</X>
			<Y>100</Y>
		</point>
		<point>
			<X>141</X>
			<Y>100</Y>
		</point>
		<point>
			<X>142</X>
			<Y>99</Y>
		</point>
		<point>
			<X>142</X>
			<Y>99</Y>
		</point>
		<point>
			<X>144</X>
			<Y>99</Y>
		</point>
		<point>
			<X>144</X>
			<Y>99</Y>
		</point>
		<point>
			<X>146</X>
			<Y>98</Y>
		</point>
		<point>
			<X>146</X>
			<Y>98</Y>
		</point>
		<point>
			<X>147</X>
			<Y>96</Y>
		</point>
		<point>
			<X>147</X>
			<Y>96</Y>
		</point>
		<point>
			<X>149</X>
			<Y>96</Y>
		</point>
		<point>
			<X>149</X>
			<Y>96</Y>
		</point>
		<point>
			<X>150</X>
			<Y>96</Y>
		</point>
		<point>
			<X>150</X>
			<Y>96</Y>
		</point>
		<point>
			<X>151</X>
			<Y>96</Y>
		</point>
		<point>
			<X>151</X>
			<Y>96</Y>
		</point>
		<point>
			<X>151</X>
			<Y>95</Y>
		</point>
		<point>
			<X>152</X>
			<Y>95</Y>
		</point>
		<point>
			<X>154</X>
			<Y>94</Y>
		</point>
		<point>
			<X>154</X>
			<Y>94</Y>
		</point>
		<point>
			<X>154</X>
			<Y>94</Y>
		</point>
	</polygon>
	<polygon>
		<tag>sofa</tag>
		<point>
			<X>231</X>
			<Y>55</Y>
		</point>
		<point>
			<X>230</X>
			<Y>55</Y>
		</point>
		<point>
			<X>230</X>
			<Y>55</Y>
		</point>
		<point>
			<X>230</X>
			<Y>56</Y>
		</point>
		<point>
			<X>231</X>
			<Y>56</Y>
		</point>
		<point>
			<X>234</X>
			<Y>56</Y>
		</point>
		<point>
			<X>235</X>
			<Y>56</Y>
		</point>
		<point>
			<X>239</X>
			<Y>56</Y>
		</point>
		<point>
			<X>241</X>
			<Y>56</Y>
		</point>
		<point>
			<X>245</X>
			<Y>56</Y>
		</point>
		<point>
			<X>249</X>
			<Y>56</Y>
		</point>
		<point>
			<X>251</X>
			<Y>55</Y>
		</point>
		<point>
			<X>251</X>
			<Y>55</Y>
		</point>
		<point>
			<X>254</X>
			<Y>54</Y>
		</point>
		<point>
			<X>254</X>
			<Y>54</Y>
		</point>
		<point>
			<X>256</X>
			<Y>54</Y>
		</point>
		<point>
			<X>259</X>
			<Y>53</Y>
		</point>
		<point>
			<X>259</X>
			<Y>53</Y>
		</point>
		<point>
			<X>260</X>
			<Y>51</Y>
		</point>
		<point>
			<X>260</X>
			<Y>51</Y>
		</point>
		<point>
			<X>261</X>
			<Y>51</Y>
		</point>
		<point>
			<X>261</X>
			<Y>51</Y>
		</point>
		<point>
			<X>264</X>
			<Y>51</Y>
		</point>
		<point>
			<X>267</X>
			<Y>50</Y>
		</point>
		<point>
			<X>267</X>
			<Y>50</Y>
		</point>
		<point>
			<X>270</X>
			<Y>50</Y>
		</point>
		<point>
			<X>272</X>
			<Y>50</Y>
		</point>
		<point>
			<X>274</X>
			<Y>50</Y>
		</point>
		<point>
			<X>275</X>
			<Y>50</Y>
		</point>
		<point>
			<X>275</X>
			<Y>49</Y>
		</point>
		<point>
			<X>275</X>
			<Y>49</Y>
		</point>
		<point>
			<X>276</X>
			<Y>49</Y>
		</point>
		<point>
			<X>277</X>
			<Y>49</Y>
		</point>
		<point>
			<X>277</X>
			<Y>49</Y>
		</point>
	</polygon>
	<polygon>
		<tag>sofa</tag>
		<point>
			<X>1</X>
			<Y>216</Y>
		</point>
		<point>
			<X>2</X>
			<Y>216</Y>
		</point>
		<point>
			<X>2</X>
			<Y>216</Y>
		</point>
		<point>
			<X>4</X>
			<Y>217</Y>
		</point>
		<point>
			<X>4</X>
			<Y>217</Y>
		</point>
		<point>
			<X>5</X>
			<Y>217</Y>
		</point>
		<point>
			<X>5</X>
			<Y>217</Y>
		</point>
		<point>
			<X>7</X>
			<Y>219</Y>
		</point>
		<point>
			<X>7</X>
			<Y>219</Y>
		</point>
		<point>
			<X>9</X>
			<Y>219</Y>
		</point>
		<point>
			<X>9</X>
			<Y>219</Y>
		</point>
		<point>
			<X>9</X>
			<Y>220</Y>
		</point>
		<point>
			<X>10</X>
			<Y>221</Y>
		</point>
		<point>
			<X>10</X>
			<Y>221</Y>
		</point>
		<point>
			<X>12</X>
			<Y>222</Y>
		</point>
		<point>
			<X>12</X>
			<Y>222</Y>
		</point>
		<point>
			<X>14</X>
			<Y>226</Y>
		</point>
		<point>
			<X>14</X>
			<Y>226</Y>
		</point>
		<point>
			<X>14</X>
			<Y>227</Y>
		</point>
		<point>
			<X>14</X>
			<Y>227</Y>
		</point>
		<point>
			<X>16</X>
			<Y>229</Y>
		</point>
		<point>
			<X>16</X>
			<Y>229</Y>
		</point>
		<point>
			<X>17</X>
			<Y>234</Y>
		</point>
		<point>
			<X>17</X>
			<Y>234</Y>
		</point>
		<point>
			<X>19</X>
			<Y>235</Y>
		</point>
		<point>
			<X>19</X>
			<Y>235</Y>
		</point>
		<point>
			<X>20</X>
			<Y>236</Y>
		</point>
		<point>
			<X>20</X>
			<Y>236</Y>
		</point>
		<point>
			<X>20</X>
			<Y>239</Y>
		</point>
		<point>
			<X>20</X>
			<Y>239</Y>
		</point>
		<point>
			<X>22</X>
			<Y>240</Y>
		</point>
		<point>
			<X>22</X>
			<Y>240</Y>
		</point>
		<point>
			<X>24</X>
			<Y>241</Y>
		</point>
		<point>
			<X>24</X>
			<Y>241</Y>
		</point>
		<point>
			<X>26</X>
			<Y>244</Y>
		</point>
		<point>
			<X>26</X>
			<Y>244</Y>
		</point>
		<point>
			<X>26</X>
			<Y>245</Y>
		</point>
		<point>
			<X>26</X>
			<Y>245</Y>
		</point>
		<point>
			<X>29</X>
			<Y>247</Y>
		</point>
		<point>
			<X>29</X>
			<Y>247</Y>
		</point>
		<point>
			<X>29</X>
			<Y>249</Y>
		</point>
		<point>
			<X>29</X>
			<Y>249</Y>
		</point>
		<point>
			<X>30</X>
			<Y>252</Y>
		</point>
		<point>
			<X>30</X>
			<Y>252</Y>
		</point>
		<point>
			<X>32</X>
			<Y>254</Y>
		</point>
		<point>
			<X>32</X>
			<Y>254</Y>
		</point>
		<point>
			<X>32</X>
			<Y>256</Y>
		</point>
		<point>
			<X>32</X>
			<Y>256</Y>
		</point>
		<point>
			<X>34</X>
			<Y>258</Y>
		</point>
		<point>
			<X>34</X>
			<Y>258</Y>
		</point>
		<point>
			<X>35</X>
			<Y>260</Y>
		</point>
		<point>
			<X>35</X>
			<Y>260</Y>
		</point>
		<point>
			<X>36</X>
			<Y>263</Y>
		</point>
		<point>
			<X>36</X>
			<Y>263</Y>
		</point>
		<point>
			<X>37</X>
			<Y>265</Y>
		</point>
		<point>
			<X>37</X>
			<Y>265</Y>
		</point>
		<point>
			<X>39</X>
			<Y>268</Y>
		</point>
		<point>
			<X>39</X>
			<Y>268</Y>
		</point>
		<point>
			<X>39</X>
			<Y>270</Y>
		</point>
		<point>
			<X>39</X>
			<Y>270</Y>
		</point>
		<point>
			<X>39</X>
			<Y>271</Y>
		</point>
		<point>
			<X>39</X>
			<Y>271</Y>
		</point>
		<point>
			<X>41</X>
			<Y>274</Y>
		</point>
		<point>
			<X>41</X>
			<Y>274</Y>
		</point>
		<point>
			<X>41</X>
			<Y>275</Y>
		</point>
		<point>
			<X>41</X>
			<Y>275</Y>
		</point>
		<point>
			<X>44</X>
			<Y>276</Y>
		</point>
		<point>
			<X>44</X>
			<Y>276</Y>
		</point>
		<point>
			<X>44</X>
			<Y>278</Y>
		</point>
		<point>
			<X>44</X>
			<Y>278</Y>
		</point>
		<point>
			<X>45</X>
			<Y>278</Y>
		</point>
		<point>
			<X>46</X>
			<Y>280</Y>
		</point>
		<point>
			<X>46</X>
			<Y>280</Y>
		</point>
		<point>
			<X>47</X>
			<Y>280</Y>
		</point>
		<point>
			<X>47</X>
			<Y>280</Y>
		</point>
		<point>
			<X>47</X>
			<Y>283</Y>
		</point>
		<point>
			<X>47</X>
			<Y>283</Y>
		</point>
		<point>
			<X>49</X>
			<Y>284</Y>
		</point>
		<point>
			<X>49</X>
			<Y>284</Y>
		</point>
		<point>
			<X>50</X>
			<Y>285</Y>
		</point>
		<point>
			<X>50</X>
			<Y>285</Y>
		</point>
		<point>
			<X>51</X>
			<Y>286</Y>
		</point>
		<point>
			<X>51</X>
			<Y>286</Y>
		</point>
		<point>
			<X>52</X>
			<Y>288</Y>
		</point>
		<point>
			<X>52</X>
			<Y>288</Y>
		</point>
		<point>
			<X>55</X>
			<Y>290</Y>
		</point>
		<point>
			<X>55</X>
			<Y>290</Y>
		</point>
		<point>
			<X>56</X>
			<Y>290</Y>
		</point>
		<point>
			<X>56</X>
			<Y>290</Y>
		</point>
		<point>
			<X>59</X>
			<Y>293</Y>
		</point>
		<point>
			<X>59</X>
			<Y>293</Y>
		</point>
		<point>
			<X>61</X>
			<Y>293</Y>
		</point>
		<point>
			<X>61</X>
			<Y>293</Y>
		</point>
		<point>
			<X>64</X>
			<Y>295</Y>
		</point>
		<point>
			<X>64</X>
			<Y>295</Y>
		</point>
		<point>
			<X>65</X>
			<Y>295</Y>
		</point>
		<point>
			<X>65</X>
			<Y>295</Y>
		</point>
		<point>
			<X>67</X>
			<Y>298</Y>
		</point>
		<point>
			<X>67</X>
			<Y>298</Y>
		</point>
		<point>
			<X>69</X>
			<Y>299</Y>
		</point>
		<point>
			<X>69</X>
			<Y>299</Y>
		</point>
		<point>
			<X>70</X>
			<Y>301</Y>
		</point>
		<point>
			<X>70</X>
			<Y>301</Y>
		</point>
		<point>
			<X>72</X>
			<Y>303</Y>
		</point>
		<point>
			<X>72</X>
			<Y>303</Y>
		</point>
		<point>
			<X>74</X>
			<Y>304</Y>
		</point>
		<point>
			<X>74</X>
			<Y>304</Y>
		</point>
		<point>
			<X>76</X>
			<Y>305</Y>
		</point>
		<point>
			<X>76</X>
			<Y>305</Y>
		</point>
		<point>
			<X>76</X>
			<Y>306</Y>
		</point>
		<point>
			<X>76</X>
			<Y>306</Y>
		</point>
		<point>
			<X>79</X>
			<Y>309</Y>
		</point>
		<point>
			<X>79</X>
			<Y>309</Y>
		</point>
		<point>
			<X>80</X>
			<Y>310</Y>
		</point>
		<point>
			<X>80</X>
			<Y>310</Y>
		</point>
		<point>
			<X>84</X>
			<Y>311</Y>
		</point>
		<point>
			<X>84</X>
			<Y>311</Y>
		</point>
		<point>
			<X>85</X>
			<Y>313</Y>
		</point>
		<point>
			<X>85</X>
			<Y>313</Y>
		</point>
		<point>
			<X>85</X>
			<Y>313</Y>
		</point>
		<point>
			<X>85</X>
			<Y>313</Y>
		</point>
		<point>
			<X>90</X>
			<Y>316</Y>
		</point>
		<point>
			<X>90</X>
			<Y>316</Y>
		</point>
		<point>
			<X>92</X>
			<Y>319</Y>
		</point>
		<point>
			<X>92</X>
			<Y>319</Y>
		</point>
		<point>
			<X>95</X>
			<Y>319</Y>
		</point>
		<point>
			<X>95</X>
			<Y>319</Y>
		</point>
		<point>
			<X>96</X>
			<Y>319</Y>
		</point>
		<point>
			<X>96</X>
			<Y>319</Y>
		</point>
		<point>
			<X>99</X>
			<Y>319</Y>
		</point>
		<point>
			<X>99</X>
			<Y>319</Y>
		</point>
		<point>
			<X>101</X>
			<Y>320</Y>
		</point>
		<point>
			<X>101</X>
			<Y>320</Y>
		</point>
		<point>
			<X>102</X>
			<Y>321</Y>
		</point>
		<point>
			<X>102</X>
			<Y>321</Y>
		</point>
		<point>
			<X>105</X>
			<Y>321</Y>
		</point>
		<point>
			<X>105</X>
			<Y>321</Y>
		</point>
		<point>
			<X>107</X>
			<Y>321</Y>
		</point>
		<point>
			<X>107</X>
			<Y>321</Y>
		</point>
		<point>
			<X>110</X>
			<Y>321</Y>
		</point>
		<point>
			<X>112</X>
			<Y>321</Y>
		</point>
		<point>
			<X>112</X>
			<Y>321</Y>
		</point>
		<point>
			<X>115</X>
			<Y>321</Y>
		</point>
		<point>
			<X>115</X>
			<Y>321</Y>
		</point>
		<point>
			<X>117</X>
			<Y>321</Y>
		</point>
		<point>
			<X>117</X>
			<Y>321</Y>
		</point>
		<point>
			<X>120</X>
			<Y>321</Y>
		</point>
		<point>
			<X>120</X>
			<Y>321</Y>
		</point>
		<point>
			<X>123</X>
			<Y>321</Y>
		</point>
		<point>
			<X>123</X>
			<Y>321</Y>
		</point>
		<point>
			<X>126</X>
			<Y>321</Y>
		</point>
		<point>
			<X>126</X>
			<Y>321</Y>
		</point>
		<point>
			<X>129</X>
			<Y>321</Y>
		</point>
		<point>
			<X>129</X>
			<Y>321</Y>
		</point>
		<point>
			<X>131</X>
			<Y>321</Y>
		</point>
		<point>
			<X>131</X>
			<Y>321</Y>
		</point>
		<point>
			<X>136</X>
			<Y>321</Y>
		</point>
		<point>
			<X>136</X>
			<Y>321</Y>
		</point>
		<point>
			<X>139</X>
			<Y>321</Y>
		</point>
		<point>
			<X>139</X>
			<Y>321</Y>
		</point>
		<point>
			<X>142</X>
			<Y>321</Y>
		</point>
		<point>
			<X>142</X>
			<Y>321</Y>
		</point>
		<point>
			<X>145</X>
			<Y>321</Y>
		</point>
		<point>
			<X>145</X>
			<Y>321</Y>
		</point>
		<point>
			<X>147</X>
			<Y>321</Y>
		</point>
		<point>
			<X>147</X>
			<Y>321</Y>
		</point>
		<point>
			<X>150</X>
			<Y>321</Y>
		</point>
		<point>
			<X>150</X>
			<Y>321</Y>
		</point>
		<point>
			<X>151</X>
			<Y>321</Y>
		</point>
		<point>
			<X>151</X>
			<Y>321</Y>
		</point>
		<point>
			<X>152</X>
			<Y>321</Y>
		</point>
		<point>
			<X>152</X>
			<Y>321</Y>
		</point>
		<point>
			<X>154</X>
			<Y>321</Y>
		</point>
		<point>
			<X>154</X>
			<Y>321</Y>
		</point>
		<point>
			<X>155</X>
			<Y>321</Y>
		</point>
		<point>
			<X>155</X>
			<Y>321</Y>
		</point>
		<point>
			<X>156</X>
			<Y>321</Y>
		</point>
		<point>
			<X>156</X>
			<Y>321</Y>
		</point>
		<point>
			<X>157</X>
			<Y>321</Y>
		</point>
		<point>
			<X>157</X>
			<Y>321</Y>
		</point>
		<point>
			<X>159</X>
			<Y>321</Y>
		</point>
		<point>
			<X>159</X>
			<Y>321</Y>
		</point>
		<point>
			<X>164</X>
			<Y>321</Y>
		</point>
		<point>
			<X>166</X>
			<Y>321</Y>
		</point>
		<point>
			<X>171</X>
			<Y>320</Y>
		</point>
		<point>
			<X>171</X>
			<Y>320</Y>
		</point>
		<point>
			<X>171</X>
			<Y>319</Y>
		</point>
		<point>
			<X>171</X>
			<Y>319</Y>
		</point>
		<point>
			<X>174</X>
			<Y>319</Y>
		</point>
		<point>
			<X>174</X>
			<Y>319</Y>
		</point>
		<point>
			<X>175</X>
			<Y>319</Y>
		</point>
		<point>
			<X>176</X>
			<Y>319</Y>
		</point>
		<point>
			<X>176</X>
			<Y>319</Y>
		</point>
		<point>
			<X>180</X>
			<Y>319</Y>
		</point>
		<point>
			<X>181</X>
			<Y>319</Y>
		</point>
		<point>
			<X>184</X>
			<Y>319</Y>
		</point>
		<point>
			<X>186</X>
			<Y>319</Y>
		</point>
		<point>
			<X>186</X>
			<Y>319</Y>
		</point>
		<point>
			<X>190</X>
			<Y>316</Y>
		</point>
		<point>
			<X>190</X>
			<Y>316</Y>
		</point>
		<point>
			<X>192</X>
			<Y>316</Y>
		</point>
		<point>
			<X>195</X>
			<Y>316</Y>
		</point>
		<point>
			<X>196</X>
			<Y>316</Y>
		</point>
		<point>
			<X>197</X>
			<Y>316</Y>
		</point>
		<point>
			<X>200</X>
			<Y>316</Y>
		</point>
		<point>
			<X>200</X>
			<Y>315</Y>
		</point>
		<point>
			<X>200</X>
			<Y>315</Y>
		</point>
		<point>
			<X>201</X>
			<Y>315</Y>
		</point>
		<point>
			<X>202</X>
			<Y>315</Y>
		</point>
		<point>
			<X>204</X>
			<Y>315</Y>
		</point>
		<point>
			<X>205</X>
			<Y>315</Y>
		</point>
		<point>
			<X>205</X>
			<Y>314</Y>
		</point>
		<point>
			<X>205</X>
			<Y>314</Y>
		</point>
		<point>
			<X>206</X>
			<Y>314</Y>
		</point>
		<point>
			<X>206</X>
			<Y>313</Y>
		</point>
		<point>
			<X>207</X>
			<Y>313</Y>
		</point>
		<point>
			<X>209</X>
			<Y>313</Y>
		</point>
		<point>
			<X>210</X>
			<Y>313</Y>
		</point>
		<point>
			<X>211</X>
			<Y>313</Y>
		</point>
		<point>
			<X>211</X>
			<Y>313</Y>
		</point>
	</polygon>
	<polygon>
		<tag>plant</tag>
		<point>
			<X>371</X>
			<Y>21</Y>
		</point>
		<point>
			<X>371</X>
			<Y>23</Y>
		</point>
		<point>
			<X>371</X>
			<Y>23</Y>
		</point>
		<point>
			<X>371</X>
			<Y>21</Y>
		</point>
		<point>
			<X>371</X>
			<Y>19</Y>
		</point>
		<point>
			<X>371</X>
			<Y>19</Y>
		</point>
		<point>
			<X>368</X>
			<Y>14</Y>
		</point>
		<point>
			<X>368</X>
			<Y>14</Y>
		</point>
		<point>
			<X>368</X>
			<Y>10</Y>
		</point>
		<point>
			<X>368</X>
			<Y>10</Y>
		</point>
		<point>
			<X>368</X>
			<Y>6</Y>
		</point>
		<point>
			<X>368</X>
			<Y>6</Y>
		</point>
		<point>
			<X>368</X>
			<Y>3</Y>
		</point>
		<point>
			<X>368</X>
			<Y>3</Y>
		</point>
	</polygon>
	<polygon>
		<tag>background</tag>
		<point>
			<X>6</X>
			<Y>85</Y>
		</point>
		<point>
			<X>7</X>
			<Y>85</Y>
		</point>
		<point>
			<X>7</X>
			<Y>85</Y>
		</point>
		<point>
			<X>9</X>
			<Y>85</Y>
		</point>
		<point>
			<X>9</X>
			<Y>85</Y>
		</point>
		<point>
			<X>11</X>
			<Y>84</Y>
		</point>
		<point>
			<X>11</X>
			<Y>84</Y>
		</point>
		<point>
			<X>12</X>
			<Y>83</Y>
		</point>
		<point>
			<X>12</X>
			<Y>83</Y>
		</point>
		<point>
			<X>16</X>
			<Y>79</Y>
		</point>
		<point>
			<X>16</X>
			<Y>79</Y>
		</point>
		<point>
			<X>19</X>
			<Y>78</Y>
		</point>
		<point>
			<X>19</X>
			<Y>78</Y>
		</point>
		<point>
			<X>22</X>
			<Y>75</Y>
		</point>
		<point>
			<X>22</X>
			<Y>75</Y>
		</point>
		<point>
			<X>24</X>
			<Y>74</Y>
		</point>
		<point>
			<X>24</X>
			<Y>74</Y>
		</point>
		<point>
			<X>29</X>
			<Y>71</Y>
		</point>
		<point>
			<X>29</X>
			<Y>71</Y>
		</point>
		<point>
			<X>34</X>
			<Y>69</Y>
		</point>
		<point>
			<X>34</X>
			<Y>69</Y>
		</point>
		<point>
			<X>36</X>
			<Y>68</Y>
		</point>
		<point>
			<X>36</X>
			<Y>68</Y>
		</point>
		<point>
			<X>39</X>
			<Y>65</Y>
		</point>
		<point>
			<X>39</X>
			<Y>65</Y>
		</point>
		<point>
			<X>45</X>
			<Y>63</Y>
		</point>
		<point>
			<X>45</X>
			<Y>63</Y>
		</point>
		<point>
			<X>47</X>
			<Y>61</Y>
		</point>
		<point>
			<X>47</X>
			<Y>61</Y>
		</point>
		<point>
			<X>52</X>
			<Y>58</Y>
		</point>
		<point>
			<X>52</X>
			<Y>58</Y>
		</point>
		<point>
			<X>55</X>
			<Y>56</Y>
		</point>
		<point>
			<X>55</X>
			<Y>56</Y>
		</point>
		<point>
			<X>59</X>
			<Y>54</Y>
		</point>
		<point>
			<X>59</X>
			<Y>54</Y>
		</point>
		<point>
			<X>60</X>
			<Y>53</Y>
		</point>
		<point>
			<X>60</X>
			<Y>53</Y>
		</point>
		<point>
			<X>61</X>
			<Y>50</Y>
		</point>
		<point>
			<X>61</X>
			<Y>50</Y>
		</point>
		<point>
			<X>67</X>
			<Y>48</Y>
		</point>
		<point>
			<X>67</X>
			<Y>48</Y>
		</point>
		<point>
			<X>67</X>
			<Y>46</Y>
		</point>
		<point>
			<X>67</X>
			<Y>46</Y>
		</point>
		<point>
			<X>70</X>
			<Y>45</Y>
		</point>
		<point>
			<X>70</X>
			<Y>45</Y>
		</point>
		<point>
			<X>72</X>
			<Y>44</Y>
		</point>
		<point>
			<X>72</X>
			<Y>44</Y>
		</point>
		<point>
			<X>75</X>
			<Y>44</Y>
		</point>
		<point>
			<X>75</X>
			<Y>44</Y>
		</point>
		<point>
			<X>76</X>
			<Y>41</Y>
		</point>
		<point>
			<X>76</X>
			<Y>41</Y>
		</point>
		<point>
			<X>79</X>
			<Y>41</Y>
		</point>
		<point>
			<X>79</X>
			<Y>41</Y>
		</point>
		<point>
			<X>82</X>
			<Y>40</Y>
		</point>
		<point>
			<X>82</X>
			<Y>40</Y>
		</point>
		<point>
			<X>85</X>
			<Y>39</Y>
		</point>
		<point>
			<X>85</X>
			<Y>39</Y>
		</point>
		<point>
			<X>87</X>
			<Y>39</Y>
		</point>
		<point>
			<X>87</X>
			<Y>39</Y>
		</point>
		<point>
			<X>89</X>
			<Y>38</Y>
		</point>
		<point>
			<X>89</X>
			<Y>38</Y>
		</point>
		<point>
			<X>90</X>
			<Y>36</Y>
		</point>
		<point>
			<X>90</X>
			<Y>36</Y>
		</point>
		<point>
			<X>95</X>
			<Y>34</Y>
		</point>
		<point>
			<X>95</X>
			<Y>34</Y>
		</point>
		<point>
			<X>97</X>
			<Y>34</Y>
		</point>
		<point>
			<X>97</X>
			<Y>34</Y>
		</point>
		<point>
			<X>100</X>
			<Y>34</Y>
		</point>
		<point>
			<X>100</X>
			<Y>34</Y>
		</point>
		<point>
			<X>102</X>
			<Y>30</Y>
		</point>
		<point>
			<X>102</X>
			<Y>30</Y>
		</point>
		<point>
			<X>105</X>
			<Y>30</Y>
		</point>
		<point>
			<X>105</X>
			<Y>30</Y>
		</point>
		<point>
			<X>108</X>
			<Y>29</Y>
		</point>
		<point>
			<X>108</X>
			<Y>29</Y>
		</point>
		<point>
			<X>111</X>
			<Y>29</Y>
		</point>
		<point>
			<X>111</X>
			<Y>29</Y>
		</point>
		<point>
			<X>115</X>
			<Y>28</Y>
		</point>
		<point>
			<X>115</X>
			<Y>28</Y>
		</point>
		<point>
			<X>117</X>
			<Y>28</Y>
		</point>
		<point>
			<X>117</X>
			<Y>28</Y>
		</point>
		<point>
			<X>122</X>
			<Y>26</Y>
		</point>
		<point>
			<X>122</X>
			<Y>26</Y>
		</point>
		<point>
			<X>123</X>
			<Y>25</Y>
		</point>
		<point>
			<X>123</X>
			<Y>25</Y>
		</point>
		<point>
			<X>126</X>
			<Y>25</Y>
		</point>
		<point>
			<X>126</X>
			<Y>25</Y>
		</point>
		<point>
			<X>129</X>
			<Y>24</Y>
		</point>
		<point>
			<X>129</X>
			<Y>24</Y>
		</point>
		<point>
			<X>132</X>
			<Y>23</Y>
		</point>
		<point>
			<X>132</X>
			<Y>23</Y>
		</point>
		<point>
			<X>134</X>
			<Y>23</Y>
		</point>
		<point>
			<X>134</X>
			<Y>23</Y>
		</point>
		<point>
			<X>136</X>
			<Y>21</Y>
		</point>
		<point>
			<X>136</X>
			<Y>21</Y>
		</point>
		<point>
			<X>139</X>
			<Y>20</Y>
		</point>
		<point>
			<X>139</X>
			<Y>20</Y>
		</point>
		<point>
			<X>141</X>
			<Y>20</Y>
		</point>
		<point>
			<X>141</X>
			<Y>20</Y>
		</point>
		<point>
			<X>142</X>
			<Y>20</Y>
		</point>
		<point>
			<X>142</X>
			<Y>20</Y>
		</point>
		<point>
			<X>144</X>
			<Y>20</Y>
		</point>
		<point>
			<X>144</X>
			<Y>20</Y>
		</point>
		<point>
			<X>146</X>
			<Y>20</Y>
		</point>
		<point>
			<X>146</X>
			<Y>20</Y>
		</point>
		<point>
			<X>150</X>
			<Y>18</Y>
		</point>
		<point>
			<X>150</X>
			<Y>18</Y>
		</point>
		<point>
			<X>152</X>
			<Y>16</Y>
		</point>
		<point>
			<X>152</X>
			<Y>16</Y>
		</point>
		<point>
			<X>156</X>
			<Y>16</Y>
		</point>
		<point>
			<X>156</X>
			<Y>16</Y>
		</point>
		<point>
			<X>161</X>
			<Y>16</Y>
		</point>
		<point>
			<X>166</X>
			<Y>14</Y>
		</point>
		<point>
			<X>166</X>
			<Y>14</Y>
		</point>
		<point>
			<X>170</X>
			<Y>14</Y>
		</point>
		<point>
			<X>174</X>
			<Y>14</Y>
		</point>
		<point>
			<X>176</X>
			<Y>14</Y>
		</point>
		<point>
			<X>176</X>
			<Y>14</Y>
		</point>
		<point>
			<X>180</X>
			<Y>14</Y>
		</point>
		<point>
			<X>181</X>
			<Y>14</Y>
		</point>
		<point>
			<X>186</X>
			<Y>11</Y>
		</point>
		<point>
			<X>186</X>
			<Y>11</Y>
		</point>
		<point>
			<X>189</X>
			<Y>11</Y>
		</point>
		<point>
			<X>192</X>
			<Y>11</Y>
		</point>
		<point>
			<X>195</X>
			<Y>11</Y>
		</point>
		<point>
			<X>200</X>
			<Y>10</Y>
		</point>
		<point>
			<X>200</X>
			<Y>10</Y>
		</point>
		<point>
			<X>205</X>
			<Y>10</Y>
		</point>
		<point>
			<X>210</X>
			<Y>10</Y>
		</point>
		<point>
			<X>217</X>
			<Y>10</Y>
		</point>
		<point>
			<X>221</X>
			<Y>9</Y>
		</point>
		<point>
			<X>221</X>
			<Y>9</Y>
		</point>
		<point>
			<X>226</X>
			<Y>9</Y>
		</point>
		<point>
			<X>229</X>
			<Y>8</Y>
		</point>
		<point>
			<X>229</X>
			<Y>8</Y>
		</point>
		<point>
			<X>231</X>
			<Y>8</Y>
		</point>
		<point>
			<X>235</X>
			<Y>8</Y>
		</point>
		<point>
			<X>236</X>
			<Y>6</Y>
		</point>
		<point>
			<X>236</X>
			<Y>6</Y>
		</point>
		<point>
			<X>237</X>
			<Y>6</Y>
		</point>
		<point>
			<X>237</X>
			<Y>6</Y>
		</point>
		<point>
			<X>239</X>
			<Y>6</Y>
		</point>
		<point>
			<X>239</X>
			<Y>5</Y>
		</point>
		<point>
			<X>239</X>
			<Y>5</Y>
		</point>
		<point>
			<X>241</X>
			<Y>5</Y>
		</point>
		<point>
			<X>244</X>
			<Y>4</Y>
		</point>
		<point>
			<X>244</X>
			<Y>4</Y>
		</point>
		<point>
			<X>245</X>
			<Y>4</Y>
		</point>
		<point>
			<X>247</X>
			<Y>4</Y>
		</point>
		<point>
			<X>250</X>
			<Y>4</Y>
		</point>
		<point>
			<X>254</X>
			<Y>4</Y>
		</point>
		<point>
			<X>257</X>
			<Y>3</Y>
		</point>
		<point>
			<X>257</X>
			<Y>3</Y>
		</point>
		<point>
			<X>261</X>
			<Y>3</Y>
		</point>
		<point>
			<X>265</X>
			<Y>3</Y>
		</point>
		<point>
			<X>269</X>
			<Y>0</Y>
		</point>
		<point>
			<X>269</X>
			<Y>0</Y>
		</point>
		<point>
			<X>271</X>
			<Y>0</Y>
		</point>
		<point>
			<X>274</X>
			<Y>0</Y>
		</point>
		<point>
			<X>276</X>
			<Y>0</Y>
		</point>
		<point>
			<X>279</X>
			<Y>0</Y>
		</point>
		<point>
			<X>280</X>
			<Y>0</Y>
		</point>
		<point>
			<X>281</X>
			<Y>0</Y>
		</point>
		<point>
			<X>282</X>
			<Y>0</Y>
		</point>
		<point>
			<X>285</X>
			<Y>0</Y>
		</point>
	</polygon>
	<polygon>
		<tag>background</tag>
		<point>
			<X>257</X>
			<Y>313</Y>
		</point>
		<point>
			<X>260</X>
			<Y>313</Y>
		</point>
		<point>
			<X>265</X>
			<Y>313</Y>
		</point>
		<point>
			<X>270</X>
			<Y>313</Y>
		</point>
		<point>
			<X>277</X>
			<Y>313</Y>
		</point>
		<point>
			<X>284</X>
			<Y>313</Y>
		</point>
		<point>
			<X>289</X>
			<Y>313</Y>
		</point>
		<point>
			<X>295</X>
			<Y>313</Y>
		</point>
		<point>
			<X>306</X>
			<Y>315</Y>
		</point>
		<point>
			<X>306</X>
			<Y>315</Y>
		</point>
		<point>
			<X>314</X>
			<Y>319</Y>
		</point>
		<point>
			<X>314</X>
			<Y>319</Y>
		</point>
		<point>
			<X>320</X>
			<Y>323</Y>
		</point>
		<point>
			<X>320</X>
			<Y>323</Y>
		</point>
		<point>
			<X>325</X>
			<Y>326</Y>
		</point>
		<point>
			<X>325</X>
			<Y>326</Y>
		</point>
		<point>
			<X>332</X>
			<Y>330</Y>
		</point>
		<point>
			<X>332</X>
			<Y>330</Y>
		</point>
	</polygon>
	<polygon>
		<tag>background</tag>
		<point>
			<X>207</X>
			<Y>170</Y>
		</point>
		<point>
			<X>207</X>
			<Y>171</Y>
		</point>
		<point>
			<X>207</X>
			<Y>171</Y>
		</point>
		<point>
			<X>206</X>
			<Y>174</Y>
		</point>
		<point>
			<X>206</X>
			<Y>174</Y>
		</point>
		<point>
			<X>205</X>
			<Y>174</Y>
		</point>
		<point>
			<X>205</X>
			<Y>174</Y>
		</point>
		<point>
			<X>205</X>
			<Y>175</Y>
		</point>
		<point>
			<X>205</X>
			<Y>176</Y>
		</point>
		<point>
			<X>205</X>
			<Y>176</Y>
		</point>
		<point>
			<X>204</X>
			<Y>178</Y>
		</point>
		<point>
			<X>204</X>
			<Y>178</Y>
		</point>
		<point>
			<X>201</X>
			<Y>181</Y>
		</point>
		<point>
			<X>201</X>
			<Y>181</Y>
		</point>
		<point>
			<X>201</X>
			<Y>183</Y>
		</point>
		<point>
			<X>201</X>
			<Y>183</Y>
		</point>
		<point>
			<X>199</X>
			<Y>184</Y>
		</point>
		<point>
			<X>199</X>
			<Y>184</Y>
		</point>
		<point>
			<X>196</X>
			<Y>189</Y>
		</point>
		<point>
			<X>196</X>
			<Y>189</Y>
		</point>
		<point>
			<X>194</X>
			<Y>190</Y>
		</point>
		<point>
			<X>194</X>
			<Y>190</Y>
		</point>
		<point>
			<X>194</X>
			<Y>191</Y>
		</point>
		<point>
			<X>194</X>
			<Y>191</Y>
		</point>
		<point>
			<X>191</X>
			<Y>195</Y>
		</point>
		<point>
			<X>191</X>
			<Y>195</Y>
		</point>
		<point>
			<X>190</X>
			<Y>198</Y>
		</point>
		<point>
			<X>190</X>
			<Y>198</Y>
		</point>
		<point>
			<X>186</X>
			<Y>199</Y>
		</point>
		<point>
			<X>186</X>
			<Y>199</Y>
		</point>
		<point>
			<X>186</X>
			<Y>201</Y>
		</point>
		<point>
			<X>186</X>
			<Y>201</Y>
		</point>
		<point>
			<X>185</X>
			<Y>204</Y>
		</point>
		<point>
			<X>185</X>
			<Y>204</Y>
		</point>
		<point>
			<X>185</X>
			<Y>205</Y>
		</point>
		<point>
			<X>185</X>
			<Y>205</Y>
		</point>
		<point>
			<X>184</X>
			<Y>208</Y>
		</point>
		<point>
			<X>184</X>
			<Y>208</Y>
		</point>
		<point>
			<X>181</X>
			<Y>210</Y>
		</point>
		<point>
			<X>181</X>
			<Y>210</Y>
		</point>
		<point>
			<X>181</X>
			<Y>211</Y>
		</point>
		<point>
			<X>181</X>
			<Y>211</Y>
		</point>
		<point>
			<X>181</X>
			<Y>213</Y>
		</point>
		<point>
			<X>181</X>
			<Y>213</Y>
		</point>
		<point>
			<X>181</X>
			<Y>213</Y>
		</point>
		<point>
			<X>181</X>
			<Y>214</Y>
		</point>
		<point>
			<X>181</X>
			<Y>215</Y>
		</point>
		<point>
			<X>181</X>
			<Y>215</Y>
		</point>
		<point>
			<X>181</X>
			<Y>216</Y>
		</point>
		<point>
			<X>181</X>
			<Y>216</Y>
		</point>
		<point>
			<X>180</X>
			<Y>217</Y>
		</point>
		<point>
			<X>180</X>
			<Y>217</Y>
		</point>
		<point>
			<X>180</X>
			<Y>217</Y>
		</point>
	</polygon>
	<polygon>
		<tag>person</tag>
		<point>
			<X>184</X>
			<Y>51</Y>
		</point>
		<point>
			<X>184</X>
			<Y>53</Y>
		</point>
		<point>
			<X>184</X>
			<Y>53</Y>
		</point>
		<point>
			<X>184</X>
			<Y>54</Y>
		</point>
		<point>
			<X>184</X>
			<Y>54</Y>
		</point>
		<point>
			<X>184</X>
			<Y>55</Y>
		</point>
		<point>
			<X>184</X>
			<Y>55</Y>
		</point>
		<point>
			<X>184</X>
			<Y>56</Y>
		</point>
		<point>
			<X>184</X>
			<Y>56</Y>
		</point>
		<point>
			<X>184</X>
			<Y>58</Y>
		</point>
		<point>
			<X>184</X>
			<Y>58</Y>
		</point>
		<point>
			<X>184</X>
			<Y>60</Y>
		</point>
		<point>
			<X>184</X>
			<Y>60</Y>
		</point>
		<point>
			<X>184</X>
			<Y>63</Y>
		</point>
		<point>
			<X>184</X>
			<Y>63</Y>
		</point>
		<point>
			<X>185</X>
			<Y>65</Y>
		</point>
		<point>
			<X>185</X>
			<Y>65</Y>
		</point>
		<point>
			<X>186</X>
			<Y>68</Y>
		</point>
		<point>
			<X>186</X>
			<Y>68</Y>
		</point>
		<point>
			<X>187</X>
			<Y>71</Y>
		</point>
		<point>
			<X>187</X>
			<Y>71</Y>
		</point>
		<point>
			<X>190</X>
			<Y>73</Y>
		</point>
		<point>
			<X>190</X>
			<Y>73</Y>
		</point>
		<point>
			<X>191</X>
			<Y>75</Y>
		</point>
		<point>
			<X>191</X>
			<Y>75</Y>
		</point>
		<point>
			<X>191</X>
			<Y>78</Y>
		</point>
		<point>
			<X>191</X>
			<Y>78</Y>
		</point>
		<point>
			<X>194</X>
			<Y>80</Y>
		</point>
		<point>
			<X>194</X>
			<Y>80</Y>
		</point>
		<point>
			<X>194</X>
			<Y>81</Y>
		</point>
		<point>
			<X>194</X>
			<Y>81</Y>
		</point>
		<point>
			<X>195</X>
			<Y>84</Y>
		</point>
		<point>
			<X>195</X>
			<Y>84</Y>
		</point>
		<point>
			<X>196</X>
			<Y>85</Y>
		</point>
		<point>
			<X>196</X>
			<Y>85</Y>
		</point>
		<point>
			<X>196</X>
			<Y>86</Y>
		</point>
		<point>
			<X>196</X>
			<Y>86</Y>
		</point>
		<point>
			<X>197</X>
			<Y>88</Y>
		</point>
		<point>
			<X>197</X>
			<Y>88</Y>
		</point>
		<point>
			<X>197</X>
			<Y>89</Y>
		</point>
		<point>
			<X>197</X>
			<Y>89</Y>
		</point>
		<point>
			<X>199</X>
			<Y>91</Y>
		</point>
		<point>
			<X>199</X>
			<Y>91</Y>
		</point>
		<point>
			<X>199</X>
			<Y>93</Y>
		</point>
		<point>
			<X>199</X>
			<Y>93</Y>
		</point>
		<point>
			<X>201</X>
			<Y>94</Y>
		</point>
		<point>
			<X>201</X>
			<Y>94</Y>
		</point>
		<point>
			<X>201</X>
			<Y>95</Y>
		</point>
		<point>
			<X>201</X>
			<Y>95</Y>
		</point>
		<point>
			<X>201</X>
			<Y>96</Y>
		</point>
		<point>
			<X>201</X>
			<Y>96</Y>
		</point>
		<point>
			<X>202</X>
			<Y>98</Y>
		</point>
		<point>
			<X>202</X>
			<Y>98</Y>
		</point>
		<point>
			<X>202</X>
			<Y>99</Y>
		</point>
		<point>
			<X>202</X>
			<Y>99</Y>
		</point>
		<point>
			<X>202</X>
			<Y>99</Y>
		</point>
	</polygon>
	<polygon>
		<tag>person</tag>
		<point>
			<X>10</X>
			<Y>136</Y>
		</point>
		<point>
			<X>11</X>
			<Y>136</Y>
		</point>
		<point>
			<X>14</X>
			<Y>136</Y>
		</point>
		<point>
			<X>15</X>
			<Y>136</Y>
		</point>
		<point>
			<X>16</X>
			<Y>136</Y>
		</point>
		<point>
			<X>20</X>
			<Y>136</Y>
		</point>
		<point>
			<X>22</X>
			<Y>136</Y>
		</point>
		<point>
			<X>27</X>
			<Y>136</Y>
		</point>
		<point>
			<X>30</X>
			<Y>136</Y>
		</point>
		<point>
			<X>35</X>
			<Y>136</Y>
		</point>
		<point>
			<X>40</X>
			<Y>138</Y>
		</point>
		<point>
			<X>40</X>
			<Y>138</Y>
		</point>
		<point>
			<X>44</X>
			<Y>139</Y>
		</point>
		<point>
			<X>44</X>
			<Y>139</Y>
		</point>
		<point>
			<X>47</X>
			<Y>139</Y>
		</point>
		<point>
			<X>47</X>
			<Y>139</Y>
		</point>
		<point>
			<X>51</X>
			<Y>139</Y>
		</point>
		<point>
			<X>51</X>
			<Y>139</Y>
		</point>
		<point>
			<X>56</X>
			<Y>139</Y>
		</point>
		<point>
			<X>56</X>
			<Y>139</Y>
		</point>
		<point>
			<X>61</X>
			<Y>139</Y>
		</point>
		<point>
			<X>61</X>
			<Y>139</Y>
		</point>
		<point>
			<X>65</X>
			<Y>139</Y>
		</point>
		<point>
			<X>65</X>
			<Y>139</Y>
		</point>
		<point>
			<X>69</X>
			<Y>139</Y>
		</point>
		<point>
			<X>69</X>
			<Y>139</Y>
		</point>
		<point>
			<X>74</X>
			<Y>139</Y>
		</point>
		<point>
			<X>74</X>
			<Y>139</Y>
		</point>
		<point>
			<X>76</X>
			<Y>139</Y>
		</point>
		<point>
			<X>76</X>
			<Y>139</Y>
		</point>
		<point>
			<X>79</X>
			<Y>139</Y>
		</point>
		<point>
			<X>79</X>
			<Y>139</Y>
		</point>
		<point>
			<X>81</X>
			<Y>139</Y>
		</point>
		<point>
			<X>81</X>
			<Y>139</Y>
		</point>
		<point>
			<X>84</X>
			<Y>139</Y>
		</point>
		<point>
			<X>84</X>
			<Y>139</Y>
		</point>
		<point>
			<X>87</X>
			<Y>139</Y>
		</point>
		<point>
			<X>87</X>
			<Y>139</Y>
		</point>
		<point>
			<X>89</X>
			<Y>139</Y>
		</point>
		<point>
			<X>89</X>
			<Y>139</Y>
		</point>
		<point>
			<X>90</X>
			<Y>139</Y>
		</point>
		<point>
			<X>90</X>
			<Y>139</Y>
		</point>
		<point>
			<X>92</X>
			<Y>139</Y>
		</point>
		<point>
			<X>92</X>
			<Y>139</Y>
		</point>
		<point>
			<X>95</X>
			<Y>139</Y>
		</point>
		<point>
			<X>95</X>
			<Y>139</Y>
		</point>
		<point>
			<X>97</X>
			<Y>139</Y>
		</point>
		<point>
			<X>97</X>
			<Y>139</Y>
		</point>
		<point>
			<X>100</X>
			<Y>139</Y>
		</point>
		<point>
			<X>100</X>
			<Y>139</Y>
		</point>
		<point>
			<X>101</X>
			<Y>139</Y>
		</point>
		<point>
			<X>101</X>
			<Y>139</Y>
		</point>
		<point>
			<X>105</X>
			<Y>139</Y>
		</point>
		<point>
			<X>105</X>
			<Y>139</Y>
		</point>
		<point>
			<X>108</X>
			<Y>139</Y>
		</point>
		<point>
			<X>108</X>
			<Y>139</Y>
		</point>
		<point>
			<X>111</X>
			<Y>139</Y>
		</point>
		<point>
			<X>111</X>
			<Y>139</Y>
		</point>
		<point>
			<X>115</X>
			<Y>139</Y>
		</point>
		<point>
			<X>115</X>
			<Y>139</Y>
		</point>
		<point>
			<X>117</X>
			<Y>139</Y>
		</point>
		<point>
			<X>117</X>
			<Y>139</Y>
		</point>
		<point>
			<X>120</X>
			<Y>139</Y>
		</point>
		<point>
			<X>120</X>
			<Y>139</Y>
		</point>
		<point>
			<X>123</X>
			<Y>139</Y>
		</point>
		<point>
			<X>123</X>
			<Y>139</Y>
		</point>
		<point>
			<X>126</X>
			<Y>139</Y>
		</point>
		<point>
			<X>126</X>
			<Y>139</Y>
		</point>
		<point>
			<X>127</X>
			<Y>139</Y>
		</point>
		<point>
			<X>127</X>
			<Y>139</Y>
		</point>
		<point>
			<X>129</X>
			<Y>139</Y>
		</point>
		<point>
			<X>129</X>
			<Y>139</Y>
		</point>
		<point>
			<X>131</X>
			<Y>139</Y>
		</point>
		<point>
			<X>131</X>
			<Y>139</Y>
		</point>
		<point>
			<X>134</X>
			<Y>139</Y>
		</point>
		<point>
			<X>134</X>
			<Y>139</Y>
		</point>
		<point>
			<X>137</X>
			<Y>140</Y>
		</point>
		<point>
			<X>137</X>
			<Y>140</Y>
		</point>
		<point>
			<X>140</X>
			<Y>140</Y>
		</point>
		<point>
			<X>140</X>
			<Y>140</Y>
		</point>
		<point>
			<X>144</X>
			<Y>141</Y>
		</point>
		<point>
			<X>144</X>
			<Y>141</Y>
		</point>
		<point>
			<X>145</X>
			<Y>141</Y>
		</point>
		<point>
			<X>145</X>
			<Y>141</Y>
		</point>
		<point>
			<X>147</X>
			<Y>141</Y>
		</point>
		<point>
			<X>147</X>
			<Y>141</Y>
		</point>
		<point>
			<X>151</X>
			<Y>143</Y>
		</point>
		<point>
			<X>151</X>
			<Y>143</Y>
		</point>
		<point>
			<X>152</X>
			<Y>143</Y>
		</point>
		<point>
			<X>152</X>
			<Y>143</Y>
		</point>
		<point>
			<X>155</X>
			<Y>144</Y>
		</point>
		<point>
			<X>155</X>
			<Y>144</Y>
		</point>
		<point>
			<X>156</X>
			<Y>144</Y>
		</point>
		<point>
			<X>156</X>
			<Y>144</Y>
		</point>
		<point>
			<X>157</X>
			<Y>145</Y>
		</point>
		<point>
			<X>157</X>
			<Y>145</Y>
		</point>
		<point>
			<X>159</X>
			<Y>145</Y>
		</point>
		<point>
			<X>159</X>
			<Y>145</Y>
		</point>
		<point>
			<X>160</X>
			<Y>145</Y>
		</point>
		<point>
			<X>161</X>
			<Y>145</Y>
		</point>
		<point>
			<X>161</X>
			<Y>146</Y>
		</point>
		<point>
			<X>161</X>
			<Y>146</Y>
		</point>
		<point>
			<X>162</X>
			<Y>146</Y>
		</point>
		<point>
			<X>162</X>
			<Y>146</Y>
		</point>
	</polygon>
	<polygon>
		<tag>background</tag>
		<point>
			<X>245</X>
			<Y>98</Y>
		</point>
		<point>
			<X>245</X>
			<Y>100</Y>
		</point>
		<point>
			<X>245</X>
			<Y>100</Y>
		</point>
		<point>
			<X>244</X>
			<Y>100</Y>
		</point>
		<point>
			<X>242</X>
			<Y>101</Y>
		</point>
		<point>
			<X>242</X>
			<Y>101</Y>
		</point>
		<point>
			<X>241</X>
			<Y>101</Y>
		</point>
		<point>
			<X>241</X>
			<Y>101</Y>
		</point>
		<point>
			<X>241</X>
			<Y>104</Y>
		</point>
		<point>
			<X>241</X>
			<Y>104</Y>
		</point>
		<point>
			<X>239</X>
			<Y>104</Y>
		</point>
		<point>
			<X>239</X>
			<Y>104</Y>
		</point>
		<point>
			<X>237</X>
			<Y>105</Y>
		</point>
		<point>
			<X>237</X>
			<Y>105</Y>
		</point>
		<point>
			<X>230</X>
			<Y>108</Y>
		</point>
		<point>
			<X>230</X>
			<Y>108</Y>
		</point>
		<point>
			<X>226</X>
			<Y>110</Y>
		</point>
		<point>
			<X>226</X>
			<Y>110</Y>
		</point>
		<point>
			<X>222</X>
			<Y>111</Y>
		</point>
		<point>
			<X>222</X>
			<Y>111</Y>
		</point>
		<point>
			<X>219</X>
			<Y>113</Y>
		</point>
		<point>
			<X>219</X>
			<Y>113</Y>
		</point>
		<point>
			<X>216</X>
			<Y>113</Y>
		</point>
		<point>
			<X>216</X>
			<Y>113</Y>
		</point>
		<point>
			<X>214</X>
			<Y>115</Y>
		</point>
		<point>
			<X>214</X>
			<Y>115</Y>
		</point>
		<point>
			<X>212</X>
			<Y>115</Y>
		</point>
		<point>
			<X>212</X>
			<Y>115</Y>
		</point>
		<point>
			<X>211</X>
			<Y>118</Y>
		</point>
		<point>
			<X>211</X>
			<Y>118</Y>
		</point>
		<point>
			<X>209</X>
			<Y>118</Y>
		</point>
		<point>
			<X>209</X>
			<Y>118</Y>
		</point>
		<point>
			<X>207</X>
			<Y>118</Y>
		</point>
		<point>
			<X>207</X>
			<Y>118</Y>
		</point>
		<point>
			<X>207</X>
			<Y>118</Y>
		</point>
		<point>
			<X>206</X>
			<Y>118</Y>
		</point>
		<point>
			<X>205</X>
			<Y>118</Y>
		</point>
		<point>
			<X>205</X>
			<Y>118</Y>
		</point>
		<point>
			<X>204</X>
			<Y>118</Y>
		</point>
		<point>
			<X>204</X>
			<Y>118</Y>
		</point>
		<point>
			<X>202</X>
			<Y>118</Y>
		</point>
		<point>
			<X>202</X>
			<Y>118</Y>
		</point>
		<point>
			<X>200</X>
			<Y>120</Y>
		</point>
		<point>
			<X>200</X>
			<Y>120</Y>
		</point>
		<point>
			<X>199</X>
			<Y>120</Y>
		</point>
		<point>
			<X>199</X>
			<Y>120</Y>
		</point>
		<point>
			<X>196</X>
			<Y>121</Y>
		</point>
		<point>
			<X>196</X>
			<Y>121</Y>
		</point>
		<point>
			<X>195</X>
			<Y>121</Y>
		</point>
		<point>
			<X>195</X>
			<Y>121</Y>
		</point>
		<point>
			<X>195</X>
			<Y>121</Y>
		</point>
	</polygon>
	<polygon>
		<tag>background</tag>
		<point>
			<X>136</X>
			<Y>158</Y>
		</point>
		<point>
			<X>135</X>
			<Y>158</Y>
		</point>
		<point>
			<X>135</X>
			<Y>158</Y>
		</point>
		<point>
			<X>135</X>
			<Y>160</Y>
		</point>
		<point>
			<X>135</X>
			<Y>160</Y>
		</point>
		<point>
			<X>134</X>
			<Y>161</Y>
		</point>
		<point>
			<X>134</X>
			<Y>161</Y>
		</point>
		<point>
			<X>132</X>
			<Y>164</Y>
		</point>
		<point>
			<X>132</X>
			<Y>164</Y>
		</point>
		<point>
			<X>131</X>
			<Y>166</Y>
		</point>
		<point>
			<X>131</X>
			<Y>168</Y>
		</point>
		<point>
			<X>131</X>
			<Y>168</Y>
		</point>
		<point>
			<X>129</X>
			<Y>170</Y>
		</point>
		<point>
			<X>129</X>
			<Y>170</Y>
		</point>
		<point>
			<X>129</X>
			<Y>171</Y>
		</point>
		<point>
			<X>129</X>
			<Y>171</Y>
		</point>
		<point>
			<X>127</X>
			<Y>173</Y>
		</point>
		<point>
			<X>127</X>
			<Y>173</Y>
		</point>
		<point>
			<X>126</X>
			<Y>176</Y>
		</point>
		<point>
			<X>126</X>
			<Y>176</Y>
		</point>
		<point>
			<X>126</X>
			<Y>179</Y>
		</point>
		<point>
			<X>126</X>
			<Y>179</Y>
		</point>
		<point>
			<X>125</X>
			<Y>180</Y>
		</point>
		<point>
			<X>125</X>
			<Y>180</Y>
		</point>
		<point>
			<X>123</X>
			<Y>183</Y>
		</point>
		<point>
			<X>123</X>
			<Y>183</Y>
		</point>
		<point>
			<X>122</X>
			<Y>184</Y>
		</point>
		<point>
			<X>122</X>
			<Y>184</Y>
		</point>
		<point>
			<X>121</X>
			<Y>185</Y>
		</point>
		<point>
			<X>121</X>
			<Y>185</Y>
		</point>
		<point>
			<X>121</X>
			<Y>188</Y>
		</point>
		<point>
			<X>121</X>
			<Y>188</Y>
		</point>
		<point>
			<X>121</X>
			<Y>189</Y>
		</point>
		<point>
			<X>121</X>
			<Y>189</Y>
		</point>
		<point>
			<X>120</X>
			<Y>189</Y>
		</point>
		<point>
			<X>120</X>
			<Y>189</Y>
		</point>
	</polygon>
	<polygon>
		<tag>sofa</tag>
		<point>
			<X>412</X>
			<Y>59</Y>
		</point>
		<point>
			<X>412</X>
			<Y>60</Y>
		</point>
		<point>
			<X>412</X>
			<Y>60</Y>
		</point>
		<point>
			<X>412</X>
			<Y>61</Y>
		</point>
		<point>
			<X>412</X>
			<Y>61</Y>
		</point>
		<point>
			<X>415</X>
			<Y>63</Y>
		</point>
		<point>
			<X>415</X>
			<Y>63</Y>
		</point>
		<point>
			<X>415</X>
			<Y>64</Y>
		</point>
		<point>
			<X>415</X>
			<Y>64</Y>
		</point>
		<point>
			<X>416</X>
			<Y>66</Y>
		</point>
		<point>
			<X>416</X>
			<Y>66</Y>
		</point>
		<point>
			<X>417</X>
			<Y>69</Y>
		</point>
		<point>
			<X>417</X>
			<Y>69</Y>
		</point>
		<point>
			<X>420</X>
			<Y>71</Y>
		</point>
		<point>
			<X>420</X>
			<Y>71</Y>
		</point>
		<point>
			<X>422</X>
			<Y>73</Y>
		</point>
		<point>
			<X>422</X>
			<Y>73</Y>
		</point>
		<point>
			<X>425</X>
			<Y>75</Y>
		</point>
		<point>
			<X>425</X>
			<Y>75</Y>
		</point>
		<point>
			<X>427</X>
			<Y>78</Y>
		</point>
		<point>
			<X>427</X>
			<Y>78</Y>
		</point>
		<point>
			<X>430</X>
			<Y>80</Y>
		</point>
		<point>
			<X>430</X>
			<Y>80</Y>
		</point>
		<point>
			<X>434</X>
			<Y>84</Y>
		</point>
		<point>
			<X>434</X>
			<Y>84</Y>
		</point>
		<point>
			<X>435</X>
			<Y>86</Y>
		</point>
		<point>
			<X>435</X>
			<Y>86</Y>
		</point>
		<point>
			<X>437</X>
			<Y>90</Y>
		</point>
		<point>
			<X>437</X>
			<Y>90</Y>
		</point>
		<point>
			<X>440</X>
			<Y>94</Y>
		</point>
		<point>
			<X>440</X>
			<Y>94</Y>
		</point>
		<point>
			<X>442</X>
			<Y>98</Y>
		</point>
		<point>
			<X>442</X>
			<Y>98</Y>
		</point>
		<point>
			<X>445</X>
			<Y>100</Y>
		</point>
		<point>
			<X>445</X>
			<Y>100</Y>
		</point>
		<point>
			<X>450</X>
			<Y>106</Y>
		</point>
		<point>
			<X>450</X>
			<Y>106</Y>
		</point>
		<point>
			<X>454</X>
			<Y>111</Y>
		</point>
		<point>
			<X>454</X>
			<Y>111</Y>
		</point>
		<point>
			<X>457</X>
			<Y>113</Y>
		</point>
		<point>
			<X>457</X>
			<Y>113</Y>
		</point>
		<point>
			<X>462</X>
			<Y>118</Y>
		</point>
		<point>
			<X>462</X>
			<Y>118</Y>
		</point>
		<point>
			<X>469</X>
			<Y>121</Y>
		</point>
		<point>
			<X>469</X>
			<Y>121</Y>
		</point>
		<point>
			<X>470</X>
			<Y>123</Y>
		</point>
		<point>
			<X>470</X>
			<Y>123</Y>
		</point>
		<point>
			<X>472</X>
			<Y>125</Y>
		</point>
		<point>
			<X>472</X>
			<Y>125</Y>
		</point>
		<point>
			<X>474</X>
			<Y>128</Y>
		</point>
		<point>
			<X>474</X>
			<Y>128</Y>
		</point>
		<point>
			<X>475</X>
			<Y>129</Y>
		</point>
		<point>
			<X>475</X>
			<Y>129</Y>
		</point>
		<point>
			<X>475</X>
			<Y>131</Y>
		</point>
		<point>
			<X>475</X>
			<Y>131</Y>
		</point>
		<point>
			<X>479</X>
			<Y>135</Y>
		</point>
		<point>
			<X>479</X>
			<Y>135</Y>
		</point>
		<point>
			<X>480</X>
			<Y>138</Y>
		</point>
		<point>
			<X>480</X>
			<Y>138</Y>
		</point>
		<point>
			<X>480</X>
			<Y>140</Y>
		</point>
		<point>
			<X>480</X>
			<Y>140</Y>
		</point>
		<point>
			<X>480</X>
			<Y>141</Y>
		</point>
		<point>
			<X>480</X>
			<Y>141</Y>
		</point>
		<point>
			<X>484</X>
			<Y>144</Y>
		</point>
		<point>
			<X>484</X>
			<Y>144</Y>
		</point>
		<point>
			<X>484</X>
			<Y>145</Y>
		</point>
		<point>
			<X>484</X>
			<Y>145</Y>
		</point>
		<point>
			<X>484</X>
			<Y>146</Y>
		</point>
		<point>
			<X>484</X>
			<Y>146</Y>
		</point>
		<point>
			<X>485</X>
			<Y>148</Y>
		</point>
		<point>
			<X>485</X>
			<Y>148</Y>
		</point>
		<point>
			<X>485</X>
			<Y>149</Y>
		</point>
		<point>
			<X>485</X>
			<Y>149</Y>
		</point>
		<point>
			<X>485</X>
			<Y>150</Y>
		</point>
		<point>
			<X>485</X>
			<Y>150</Y>
		</point>
		<point>
			<X>485</X>
			<Y>150</Y>
		</point>
		<point>
			<X>485</X>
			<Y>153</Y>
		</point>
		<point>
			<X>485</X>
			<Y>153</Y>
		</point>
		<point>
			<X>485</X>
			<Y>154</Y>
		</point>
		<point>
			<X>485</X>
			<Y>154</Y>
		</point>
		<point>
			<X>485</X>
			<Y>156</Y>
		</point>
		<point>
			<X>485</X>
			<Y>156</Y>
		</point>
		<point>
			<X>487</X>
			<Y>159</Y>
		</point>
		<point>
			<X>487</X>
			<Y>159</Y>
		</point>
		<point>
			<X>487</X>
			<Y>161</Y>
		</point>
		<point>
			<X>487</X>
			<Y>161</Y>
		</point>
		<point>
			<X>489</X>
			<Y>164</Y>
		</point>
		<point>
			<X>489</X>
			<Y>164</Y>
		</point>
		<point>
			<X>490</X>
			<Y>165</Y>
		</point>
		<point>
			<X>490</X>
			<Y>165</Y>
		</point>
		<point>
			<X>490</X>
			<Y>168</Y>
		</point>
		<point>
			<X>490</X>
			<Y>168</Y>
		</point>
		<point>
			<X>490</X>
			<Y>170</Y>
		</point>
		<point>
			<X>490</X>
			<Y>170</Y>
		</point>
		<point>
			<X>492</X>
			<Y>171</Y>
		</point>
		<point>
			<X>492</X>
			<Y>171</Y>
		</point>
		<point>
			<X>492</X>
			<Y>174</Y>
		</point>
		<point>
			<X>492</X>
			<Y>174</Y>
		</point>
		<point>
			<X>492</X>
			<Y>175</Y>
		</point>
		<point>
			<X>492</X>
			<Y>175</Y>
		</point>
		<point>
			<X>494</X>
			<Y>178</Y>
		</point>
		<point>
			<X>494</X>
			<Y>178</Y>
		</point>
		<point>
			<X>494</X>
			<Y>179</Y>
		</point>
		<point>
			<X>494</X>
			<Y>179</Y>
		</point>
		<point>
			<X>494</X>
			<Y>181</Y>
		</point>
		<point>
			<X>494</X>
			<Y>181</Y>
		</point>
		<point>
			<X>495</X>
			<Y>184</Y>
		</point>
		<point>
			<X>495</X>
			<Y>184</Y>
		</point>
		<point>
			<X>495</X>
			<Y>185</Y>
		</point>
		<point>
			<X>495</X>
			<Y>185</Y>
		</point>
		<point>
			<X>495</X>
			<Y>186</Y>
		</point>
		<point>
			<X>495</X>
			<Y>186</Y>
		</point>
		<point>
			<X>495</X>
			<Y>188</Y>
		</point>
		<point>
			<X>495</X>
			<Y>188</Y>
		</point>
		<point>
			<X>495</X>
			<Y>190</Y>
		</point>
		<point>
			<X>495</X>
			<Y>190</Y>
		</point>
		<point>
			<X>495</X>
			<Y>191</Y>
		</point>
		<point>
			<X>495</X>
			<Y>191</Y>
		</point>
		<point>
			<X>497</X>
			<Y>193</Y>
		</point>
		<point>
			<X>497</X>
			<Y>193</Y>
		</point>
		<point>
			<X>497</X>
			<Y>194</Y>
		</point>
		<point>
			<X>497</X>
			<Y>194</Y>
		</point>
		<point>
			<X>497</X>
			<Y>195</Y>
		</point>
		<point>
			<X>497</X>
			<Y>195</Y>
		</point>
		<point>
			<X>497</X>
			<Y>196</Y>
		</point>
		<point>
			<X>497</X>
			<Y>196</Y>
		</point>
		<point>
			<X>497</X>
			<Y>198</Y>
		</point>
		<point>
			<X>497</X>
			<Y>198</Y>
		</point>
		<point>
			<X>497</X>
			<Y>199</Y>
		</point>
		<point>
			<X>497</X>
			<Y>199</Y>
		</point>
		<point>
			<X>497</X>
			<Y>201</Y>
		</point>
		<point>
			<X>497</X>
			<Y>201</Y>
		</point>
		<point>
			<X>497</X>
			<Y>203</Y>
		</point>
		<point>
			<X>497</X>
			<Y>203</Y>
		</point>
		<point>
			<X>497</X>
			<Y>204</Y>
		</point>
		<point>
			<X>497</X>
			<Y>204</Y>
		</point>
		<point>
			<X>497</X>
			<Y>205</Y>
		</point>
		<point>
			<X>497</X>
			<Y>205</Y>
		</point>
		<point>
			<X>497</X>
			<Y>206</Y>
		</point>
		<point>
			<X>497</X>
			<Y>206</Y>
		</point>
		<point>
			<X>497</X>
			<Y>208</Y>
		</point>
		<point>
			<X>497</X>
			<Y>208</Y>
		</point>
		<point>
			<X>497</X>
			<Y>209</Y>
		</point>
		<point>
			<X>497</X>
			<Y>209</Y>
		</point>
		<point>
			<X>497</X>
			<Y>210</Y>
		</point>
		<point>
			<X>497</X>
			<Y>210</Y>
		</point>
		<point>
			<X>497</X>
			<Y>211</Y>
		</point>
		<point>
			<X>497</X>
			<Y>211</Y>
		</point>
		<point>
			<X>497</X>
			<Y>213</Y>
		</point>
		<point>
			<X>497</X>
			<Y>213</Y>
		</point>
		<point>
			<X>497</X>
			<Y>214</Y>
		</point>
		<point>
			<X>497</X>
			<Y>214</Y>
		</point>
		<point>
			<X>495</X>
			<Y>215</Y>
		</point>
		<point>
			<X>495</X>
			<Y>215</Y>
		</point>
		<point>
			<X>495</X>
			<Y>216</Y>
		</point>
		<point>
			<X>495</X>
			<Y>216</Y>
		</point>
		<point>
			<X>495</X>
			<Y>217</Y>
		</point>
		<point>
			<X>495</X>
			<Y>217</Y>
		</point>
		<point>
			<X>495</X>
			<Y>219</Y>
		</point>
		<point>
			<X>495</X>
			<Y>219</Y>
		</point>
		<point>
			<X>494</X>
			<Y>221</Y>
		</point>
		<point>
			<X>494</X>
			<Y>221</Y>
		</point>
		<point>
			<X>492</X>
			<Y>224</Y>
		</point>
		<point>
			<X>492</X>
			<Y>224</Y>
		</point>
		<point>
			<X>492</X>
			<Y>225</Y>
		</point>
		<point>
			<X>492</X>
			<Y>225</Y>
		</point>
		<point>
			<X>490</X>
			<Y>227</Y>
		</point>
		<point>
			<X>490</X>
			<Y>227</Y>
		</point>
		<point>
			<X>490</X>
			<Y>230</Y>
		</point>
		<point>
			<X>490</X>
			<Y>230</Y>
		</point>
		<point>
			<X>490</X>
			<Y>231</Y>
		</point>
		<point>
			<X>490</X>
			<Y>231</Y>
		</point>
		<point>
			<X>490</X>
			<Y>232</Y>
		</point>
		<point>
			<X>490</X>
			<Y>232</Y>
		</point>
		<point>
			<X>489</X>
			<Y>234</Y>
		</point>
		<point>
			<X>489</X>
			<Y>234</Y>
		</point>
		<point>
			<X>489</X>
			<Y>235</Y>
		</point>
		<point>
			<X>489</X>
			<Y>235</Y>
		</point>
		<point>
			<X>489</X>
			<Y>236</Y>
		</point>
		<point>
			<X>489</X>
			<Y>236</Y>
		</point>
		<point>
			<X>487</X>
			<Y>236</Y>
		</point>
		<point>
			<X>487</X>
			<Y>237</Y>
		</point>
		<point>
			<X>487</X>
			<Y>239</Y>
		</point>
		<point>
			<X>487</X>
			<Y>239</Y>
		</point>
		<point>
			<X>487</X>
			<Y>240</Y>
		</point>
		<point>
			<X>487</X>
			<Y>240</Y>
		</point>
		<point>
			<X>487</X>
			<Y>241</Y>
		</point>
		<point>
			<X>487</X>
			<Y>241</Y>
		</point>
		<point>
			<X>485</X>
			<Y>242</Y>
		</point>
		<point>
			<X>485</X>
			<Y>242</Y>
		</point>
		<point>
			<X>485</X>
			<Y>242</Y>
		</point>
	</polygon>
	<polygon>
		<tag>background</tag>
		<point>
			<X>4</X>
			<Y>260</Y>
		</point>
		<point>
			<X>4</X>
			<Y>261</Y>
		</point>
		<point>
			<X>4</X>
			<Y>261</Y>
		</point>
		<point>
			<X>4</X>
			<Y>263</Y>
		</point>
		<point>
			<X>4</X>
			<Y>263</Y>
		</point>
		<point>
			<X>4</X>
			<Y>265</Y>
		</point>
		<point>
			<X>4</X>
			<Y>265</Y>
		</point>
		<point>
			<X>4</X>
			<Y>268</Y>
		</point>
		<point>
			<X>4</X>
			<Y>268</Y>
		</point>
		<point>
			<X>5</X>
			<Y>271</Y>
		</point>
		<point>
			<X>5</X>
			<Y>271</Y>
		</point>
		<point>
			<X>6</X>
			<Y>273</Y>
		</point>
		<point>
			<X>6</X>
			<Y>273</Y>
		</point>
		<point>
			<X>6</X>
			<Y>276</Y>
		</point>
		<point>
			<X>6</X>
			<Y>276</Y>
		</point>
		<point>
			<X>9</X>
			<Y>280</Y>
		</point>
		<point>
			<X>9</X>
			<Y>280</Y>
		</point>
		<point>
			<X>10</X>
			<Y>284</Y>
		</point>
		<point>
			<X>10</X>
			<Y>284</Y>
		</point>
		<point>
			<X>11</X>
			<Y>288</Y>
		</point>
		<point>
			<X>11</X>
			<Y>288</Y>
		</point>
		<point>
			<X>14</X>
			<Y>294</Y>
		</point>
		<point>
			<X>14</X>
			<Y>294</Y>
		</point>
		<point>
			<X>17</X>
			<Y>298</Y>
		</point>
		<point>
			<X>17</X>
			<Y>298</Y>
		</point>
		<point>
			<X>20</X>
			<Y>304</Y>
		</point>
		<point>
			<X>20</X>
			<Y>304</Y>
		</point>
		<point>
			<X>22</X>
			<Y>308</Y>
		</point>
		<point>
			<X>22</X>
			<Y>308</Y>
		</point>
		<point>
			<X>25</X>
			<Y>310</Y>
		</point>
		<point>
			<X>25</X>
			<Y>310</Y>
		</point>
		<point>
			<X>26</X>
			<Y>314</Y>
		</point>
		<point>
			<X>26</X>
			<Y>314</Y>
		</point>
		<point>
			<X>27</X>
			<Y>316</Y>
		</point>
		<point>
			<X>27</X>
			<Y>316</Y>
		</point>
		<point>
			<X>29</X>
			<Y>316</Y>
		</point>
		<point>
			<X>29</X>
			<Y>316</Y>
		</point>
		<point>
			<X>29</X>
			<Y>318</Y>
		</point>
		<point>
			<X>30</X>
			<Y>319</Y>
		</point>
		<point>
			<X>30</X>
			<Y>319</Y>
		</point>
		<point>
			<X>30</X>
			<Y>320</Y>
		</point>
		<point>
			<X>30</X>
			<Y>320</Y>
		</point>
		<point>
			<X>30</X>
			<Y>321</Y>
		</point>
		<point>
			<X>30</X>
			<Y>321</Y>
		</point>
		<point>
			<X>30</X>
			<Y>323</Y>
		</point>
		<point>
			<X>30</X>
			<Y>323</Y>
		</point>
		<point>
			<X>32</X>
			<Y>324</Y>
		</point>
		<point>
			<X>32</X>
			<Y>324</Y>
		</point>
		<point>
			<X>32</X>
			<Y>325</Y>
		</point>
		<point>
			<X>32</X>
			<Y>325</Y>
		</point>
		<point>
			<X>32</X>
			<Y>326</Y>
		</point>
		<point>
			<X>32</X>
			<Y>326</Y>
		</point>
		<point>
			<X>34</X>
			<Y>326</Y>
		</point>
		<point>
			<X>34</X>
			<Y>328</Y>
		</point>
		<point>
			<X>35</X>
			<Y>330</Y>
		</point>
		<point>
			<X>35</X>
			<Y>330</Y>
		</point>
		<point>
			<X>36</X>
			<Y>331</Y>
		</point>
		<point>
			<X>36</X>
			<Y>331</Y>
		</point>
		<point>
			<X>36</X>
			<Y>331</Y>
		</point>
	</polygon>
</annotation>