<annotation>
	<folder>anno</folder>
	<filename>2009_000289.jpg</filename>
	<source>
		<database>The anno Database</database>
		<annotation>VC anno</annotation>
		<image>Unknow</image>
		<flickrid>Unknow</flickrid>
	</source>
	<owner>
		<flickrid>Unknow</flickrid>
		<name>Unknow</name>
	</owner>
	<size>
		<width>500</width>
		<height>375</height>
		<depth>3</depth>
	</size>
	<segmented>1</segmented>
	<polygon>
		<tag>background</tag>
		<point>
			<X>57</X>
			<Y>120</Y>
		</point>
		<point>
			<X>60</X>
			<Y>120</Y>
		</point>
		<point>
			<X>60</X>
			<Y>120</Y>
		</point>
		<point>
			<X>61</X>
			<Y>120</Y>
		</point>
		<point>
			<X>61</X>
			<Y>120</Y>
		</point>
		<point>
			<X>66</X>
			<Y>120</Y>
		</point>
		<point>
			<X>66</X>
			<Y>120</Y>
		</point>
		<point>
			<X>74</X>
			<Y>120</Y>
		</point>
		<point>
			<X>74</X>
			<Y>120</Y>
		</point>
		<point>
			<X>85</X>
			<Y>120</Y>
		</point>
		<point>
			<X>85</X>
			<Y>120</Y>
		</point>
		<point>
			<X>97</X>
			<Y>120</Y>
		</point>
		<point>
			<X>97</X>
			<Y>120</Y>
		</point>
		<point>
			<X>107</X>
			<Y>120</Y>
		</point>
		<point>
			<X>107</X>
			<Y>120</Y>
		</point>
		<point>
			<X>120</X>
			<Y>120</Y>
		</point>
		<point>
			<X>120</X>
			<Y>120</Y>
		</point>
		<point>
			<X>133</X>
			<Y>120</Y>
		</point>
		<point>
			<X>133</X>
			<Y>120</Y>
		</point>
		<point>
			<X>146</X>
			<Y>123</Y>
		</point>
		<point>
			<X>146</X>
			<Y>123</Y>
		</point>
		<point>
			<X>157</X>
			<Y>123</Y>
		</point>
		<point>
			<X>157</X>
			<Y>123</Y>
		</point>
		<point>
			<X>169</X>
			<Y>125</Y>
		</point>
		<point>
			<X>169</X>
			<Y>125</Y>
		</point>
		<point>
			<X>180</X>
			<Y>125</Y>
		</point>
		<point>
			<X>180</X>
			<Y>125</Y>
		</point>
		<point>
			<X>189</X>
			<Y>125</Y>
		</point>
		<point>
			<X>189</X>
			<Y>125</Y>
		</point>
		<point>
			<X>200</X>
			<Y>125</Y>
		</point>
		<point>
			<X>200</X>
			<Y>125</Y>
		</point>
		<point>
			<X>208</X>
			<Y>127</Y>
		</point>
		<point>
			<X>208</X>
			<Y>127</Y>
		</point>
		<point>
			<X>217</X>
			<Y>129</Y>
		</point>
		<point>
			<X>217</X>
			<Y>129</Y>
		</point>
		<point>
			<X>224</X>
			<Y>130</Y>
		</point>
		<point>
			<X>224</X>
			<Y>130</Y>
		</point>
		<point>
			<X>231</X>
			<Y>131</Y>
		</point>
		<point>
			<X>231</X>
			<Y>131</Y>
		</point>
		<point>
			<X>238</X>
			<Y>132</Y>
		</point>
		<point>
			<X>238</X>
			<Y>132</Y>
		</point>
		<point>
			<X>244</X>
			<Y>133</Y>
		</point>
		<point>
			<X>244</X>
			<Y>133</Y>
		</point>
		<point>
			<X>250</X>
			<Y>133</Y>
		</point>
		<point>
			<X>250</X>
			<Y>133</Y>
		</point>
		<point>
			<X>256</X>
			<Y>135</Y>
		</point>
		<point>
			<X>256</X>
			<Y>135</Y>
		</point>
		<point>
			<X>262</X>
			<Y>138</Y>
		</point>
		<point>
			<X>262</X>
			<Y>138</Y>
		</point>
		<point>
			<X>270</X>
			<Y>140</Y>
		</point>
		<point>
			<X>270</X>
			<Y>140</Y>
		</point>
		<point>
			<X>279</X>
			<Y>143</Y>
		</point>
		<point>
			<X>279</X>
			<Y>143</Y>
		</point>
		<point>
			<X>288</X>
			<Y>147</Y>
		</point>
		<point>
			<X>288</X>
			<Y>147</Y>
		</point>
		<point>
			<X>300</X>
			<Y>152</Y>
		</point>
		<point>
			<X>300</X>
			<Y>152</Y>
		</point>
		<point>
			<X>311</X>
			<Y>158</Y>
		</point>
		<point>
			<X>311</X>
			<Y>158</Y>
		</point>
		<point>
			<X>325</X>
			<Y>166</Y>
		</point>
		<point>
			<X>325</X>
			<Y>166</Y>
		</point>
		<point>
			<X>340</X>
			<Y>176</Y>
		</point>
		<point>
			<X>340</X>
			<Y>176</Y>
		</point>
		<point>
			<X>353</X>
			<Y>186</Y>
		</point>
		<point>
			<X>353</X>
			<Y>186</Y>
		</point>
		<point>
			<X>366</X>
			<Y>195</Y>
		</point>
		<point>
			<X>366</X>
			<Y>195</Y>
		</point>
		<point>
			<X>378</X>
			<Y>204</Y>
		</point>
		<point>
			<X>378</X>
			<Y>204</Y>
		</point>
		<point>
			<X>389</X>
			<Y>213</Y>
		</point>
		<point>
			<X>389</X>
			<Y>213</Y>
		</point>
		<point>
			<X>397</X>
			<Y>220</Y>
		</point>
		<point>
			<X>397</X>
			<Y>220</Y>
		</point>
		<point>
			<X>403</X>
			<Y>226</Y>
		</point>
		<point>
			<X>403</X>
			<Y>226</Y>
		</point>
		<point>
			<X>407</X>
			<Y>233</Y>
		</point>
		<point>
			<X>407</X>
			<Y>233</Y>
		</point>
		<point>
			<X>413</X>
			<Y>240</Y>
		</point>
		<point>
			<X>413</X>
			<Y>240</Y>
		</point>
		<point>
			<X>415</X>
			<Y>246</Y>
		</point>
		<point>
			<X>415</X>
			<Y>246</Y>
		</point>
		<point>
			<X>418</X>
			<Y>251</Y>
		</point>
		<point>
			<X>418</X>
			<Y>251</Y>
		</point>
		<point>
			<X>420</X>
			<Y>256</Y>
		</point>
		<point>
			<X>420</X>
			<Y>256</Y>
		</point>
		<point>
			<X>422</X>
			<Y>260</Y>
		</point>
		<point>
			<X>422</X>
			<Y>260</Y>
		</point>
		<point>
			<X>424</X>
			<Y>264</Y>
		</point>
		<point>
			<X>424</X>
			<Y>264</Y>
		</point>
		<point>
			<X>425</X>
			<Y>268</Y>
		</point>
		<point>
			<X>425</X>
			<Y>268</Y>
		</point>
		<point>
			<X>426</X>
			<Y>272</Y>
		</point>
		<point>
			<X>426</X>
			<Y>272</Y>
		</point>
		<point>
			<X>428</X>
			<Y>276</Y>
		</point>
		<point>
			<X>428</X>
			<Y>276</Y>
		</point>
		<point>
			<X>429</X>
			<Y>279</Y>
		</point>
		<point>
			<X>429</X>
			<Y>279</Y>
		</point>
		<point>
			<X>430</X>
			<Y>281</Y>
		</point>
		<point>
			<X>430</X>
			<Y>281</Y>
		</point>
		<point>
			<X>430</X>
			<Y>284</Y>
		</point>
		<point>
			<X>430</X>
			<Y>284</Y>
		</point>
		<point>
			<X>430</X>
			<Y>287</Y>
		</point>
		<point>
			<X>430</X>
			<Y>287</Y>
		</point>
		<point>
			<X>430</X>
			<Y>292</Y>
		</point>
		<point>
			<X>430</X>
			<Y>292</Y>
		</point>
		<point>
			<X>430</X>
			<Y>295</Y>
		</point>
		<point>
			<X>430</X>
			<Y>295</Y>
		</point>
		<point>
			<X>430</X>
			<Y>299</Y>
		</point>
		<point>
			<X>430</X>
			<Y>299</Y>
		</point>
		<point>
			<X>430</X>
			<Y>302</Y>
		</point>
		<point>
			<X>430</X>
			<Y>302</Y>
		</point>
		<point>
			<X>430</X>
			<Y>307</Y>
		</point>
		<point>
			<X>430</X>
			<Y>307</Y>
		</point>
		<point>
			<X>429</X>
			<Y>311</Y>
		</point>
		<point>
			<X>429</X>
			<Y>311</Y>
		</point>
		<point>
			<X>428</X>
			<Y>314</Y>
		</point>
		<point>
			<X>428</X>
			<Y>314</Y>
		</point>
		<point>
			<X>427</X>
			<Y>317</Y>
		</point>
		<point>
			<X>427</X>
			<Y>317</Y>
		</point>
		<point>
			<X>426</X>
			<Y>320</Y>
		</point>
		<point>
			<X>426</X>
			<Y>320</Y>
		</point>
		<point>
			<X>425</X>
			<Y>321</Y>
		</point>
		<point>
			<X>425</X>
			<Y>321</Y>
		</point>
		<point>
			<X>424</X>
			<Y>323</Y>
		</point>
		<point>
			<X>424</X>
			<Y>323</Y>
		</point>
		<point>
			<X>423</X>
			<Y>325</Y>
		</point>
		<point>
			<X>423</X>
			<Y>325</Y>
		</point>
		<point>
			<X>421</X>
			<Y>326</Y>
		</point>
		<point>
			<X>421</X>
			<Y>326</Y>
		</point>
		<point>
			<X>420</X>
			<Y>327</Y>
		</point>
		<point>
			<X>420</X>
			<Y>327</Y>
		</point>
		<point>
			<X>419</X>
			<Y>328</Y>
		</point>
		<point>
			<X>419</X>
			<Y>328</Y>
		</point>
		<point>
			<X>415</X>
			<Y>330</Y>
		</point>
		<point>
			<X>415</X>
			<Y>330</Y>
		</point>
		<point>
			<X>413</X>
			<Y>332</Y>
		</point>
		<point>
			<X>413</X>
			<Y>332</Y>
		</point>
		<point>
			<X>408</X>
			<Y>333</Y>
		</point>
		<point>
			<X>408</X>
			<Y>333</Y>
		</point>
		<point>
			<X>403</X>
			<Y>335</Y>
		</point>
		<point>
			<X>403</X>
			<Y>335</Y>
		</point>
		<point>
			<X>398</X>
			<Y>338</Y>
		</point>
		<point>
			<X>398</X>
			<Y>338</Y>
		</point>
		<point>
			<X>393</X>
			<Y>340</Y>
		</point>
		<point>
			<X>393</X>
			<Y>340</Y>
		</point>
		<point>
			<X>386</X>
			<Y>343</Y>
		</point>
		<point>
			<X>386</X>
			<Y>343</Y>
		</point>
		<point>
			<X>380</X>
			<Y>345</Y>
		</point>
		<point>
			<X>380</X>
			<Y>345</Y>
		</point>
		<point>
			<X>373</X>
			<Y>347</Y>
		</point>
		<point>
			<X>373</X>
			<Y>347</Y>
		</point>
		<point>
			<X>366</X>
			<Y>348</Y>
		</point>
		<point>
			<X>366</X>
			<Y>348</Y>
		</point>
		<point>
			<X>360</X>
			<Y>351</Y>
		</point>
		<point>
			<X>360</X>
			<Y>351</Y>
		</point>
		<point>
			<X>352</X>
			<Y>353</Y>
		</point>
		<point>
			<X>352</X>
			<Y>353</Y>
		</point>
		<point>
			<X>345</X>
			<Y>355</Y>
		</point>
		<point>
			<X>345</X>
			<Y>355</Y>
		</point>
		<point>
			<X>336</X>
			<Y>357</Y>
		</point>
		<point>
			<X>336</X>
			<Y>357</Y>
		</point>
		<point>
			<X>328</X>
			<Y>358</Y>
		</point>
		<point>
			<X>328</X>
			<Y>358</Y>
		</point>
		<point>
			<X>323</X>
			<Y>358</Y>
		</point>
		<point>
			<X>323</X>
			<Y>358</Y>
		</point>
		<point>
			<X>317</X>
			<Y>358</Y>
		</point>
		<point>
			<X>317</X>
			<Y>358</Y>
		</point>
		<point>
			<X>309</X>
			<Y>358</Y>
		</point>
		<point>
			<X>309</X>
			<Y>358</Y>
		</point>
		<point>
			<X>302</X>
			<Y>358</Y>
		</point>
		<point>
			<X>302</X>
			<Y>358</Y>
		</point>
		<point>
			<X>294</X>
			<Y>358</Y>
		</point>
		<point>
			<X>294</X>
			<Y>358</Y>
		</point>
		<point>
			<X>283</X>
			<Y>358</Y>
		</point>
		<point>
			<X>283</X>
			<Y>358</Y>
		</point>
		<point>
			<X>272</X>
			<Y>357</Y>
		</point>
		<point>
			<X>272</X>
			<Y>357</Y>
		</point>
		<point>
			<X>260</X>
			<Y>353</Y>
		</point>
		<point>
			<X>260</X>
			<Y>353</Y>
		</point>
		<point>
			<X>244</X>
			<Y>351</Y>
		</point>
		<point>
			<X>244</X>
			<Y>351</Y>
		</point>
		<point>
			<X>228</X>
			<Y>348</Y>
		</point>
		<point>
			<X>228</X>
			<Y>348</Y>
		</point>
		<point>
			<X>209</X>
			<Y>346</Y>
		</point>
		<point>
			<X>209</X>
			<Y>346</Y>
		</point>
		<point>
			<X>193</X>
			<Y>341</Y>
		</point>
		<point>
			<X>193</X>
			<Y>341</Y>
		</point>
		<point>
			<X>176</X>
			<Y>338</Y>
		</point>
		<point>
			<X>176</X>
			<Y>338</Y>
		</point>
		<point>
			<X>161</X>
			<Y>335</Y>
		</point>
		<point>
			<X>161</X>
			<Y>335</Y>
		</point>
		<point>
			<X>148</X>
			<Y>333</Y>
		</point>
		<point>
			<X>148</X>
			<Y>333</Y>
		</point>
		<point>
			<X>136</X>
			<Y>331</Y>
		</point>
		<point>
			<X>136</X>
			<Y>331</Y>
		</point>
		<point>
			<X>125</X>
			<Y>330</Y>
		</point>
		<point>
			<X>125</X>
			<Y>330</Y>
		</point>
		<point>
			<X>119</X>
			<Y>328</Y>
		</point>
		<point>
			<X>119</X>
			<Y>328</Y>
		</point>
		<point>
			<X>110</X>
			<Y>327</Y>
		</point>
		<point>
			<X>110</X>
			<Y>327</Y>
		</point>
		<point>
			<X>105</X>
			<Y>327</Y>
		</point>
		<point>
			<X>105</X>
			<Y>327</Y>
		</point>
		<point>
			<X>100</X>
			<Y>327</Y>
		</point>
		<point>
			<X>100</X>
			<Y>327</Y>
		</point>
		<point>
			<X>95</X>
			<Y>327</Y>
		</point>
		<point>
			<X>95</X>
			<Y>327</Y>
		</point>
		<point>
			<X>92</X>
			<Y>327</Y>
		</point>
		<point>
			<X>92</X>
			<Y>327</Y>
		</point>
		<point>
			<X>88</X>
			<Y>327</Y>
		</point>
		<point>
			<X>88</X>
			<Y>327</Y>
		</point>
		<point>
			<X>85</X>
			<Y>327</Y>
		</point>
		<point>
			<X>85</X>
			<Y>327</Y>
		</point>
		<point>
			<X>83</X>
			<Y>327</Y>
		</point>
		<point>
			<X>83</X>
			<Y>327</Y>
		</point>
		<point>
			<X>80</X>
			<Y>327</Y>
		</point>
		<point>
			<X>80</X>
			<Y>327</Y>
		</point>
		<point>
			<X>79</X>
			<Y>327</Y>
		</point>
		<point>
			<X>79</X>
			<Y>327</Y>
		</point>
		<point>
			<X>76</X>
			<Y>327</Y>
		</point>
		<point>
			<X>76</X>
			<Y>327</Y>
		</point>
		<point>
			<X>73</X>
			<Y>327</Y>
		</point>
		<point>
			<X>73</X>
			<Y>327</Y>
		</point>
		<point>
			<X>68</X>
			<Y>327</Y>
		</point>
		<point>
			<X>68</X>
			<Y>327</Y>
		</point>
		<point>
			<X>60</X>
			<Y>326</Y>
		</point>
		<point>
			<X>60</X>
			<Y>326</Y>
		</point>
		<point>
			<X>53</X>
			<Y>325</Y>
		</point>
		<point>
			<X>53</X>
			<Y>325</Y>
		</point>
		<point>
			<X>44</X>
			<Y>323</Y>
		</point>
		<point>
			<X>44</X>
			<Y>323</Y>
		</point>
		<point>
			<X>35</X>
			<Y>321</Y>
		</point>
		<point>
			<X>35</X>
			<Y>321</Y>
		</point>
		<point>
			<X>26</X>
			<Y>320</Y>
		</point>
		<point>
			<X>26</X>
			<Y>320</Y>
		</point>
		<point>
			<X>20</X>
			<Y>319</Y>
		</point>
		<point>
			<X>20</X>
			<Y>319</Y>
		</point>
		<point>
			<X>15</X>
			<Y>318</Y>
		</point>
		<point>
			<X>15</X>
			<Y>318</Y>
		</point>
		<point>
			<X>13</X>
			<Y>318</Y>
		</point>
		<point>
			<X>13</X>
			<Y>318</Y>
		</point>
		<point>
			<X>12</X>
			<Y>318</Y>
		</point>
		<point>
			<X>12</X>
			<Y>318</Y>
		</point>
		<point>
			<X>11</X>
			<Y>318</Y>
		</point>
		<point>
			<X>11</X>
			<Y>318</Y>
		</point>
		<point>
			<X>10</X>
			<Y>318</Y>
		</point>
		<point>
			<X>10</X>
			<Y>318</Y>
		</point>
	</polygon>
	<polygon>
		<tag>sheep</tag>
		<point>
			<X>119</X>
			<Y>226</Y>
		</point>
		<point>
			<X>120</X>
			<Y>226</Y>
		</point>
		<point>
			<X>120</X>
			<Y>226</Y>
		</point>
		<point>
			<X>122</X>
			<Y>229</Y>
		</point>
		<point>
			<X>122</X>
			<Y>229</Y>
		</point>
		<point>
			<X>125</X>
			<Y>231</Y>
		</point>
		<point>
			<X>125</X>
			<Y>231</Y>
		</point>
		<point>
			<X>128</X>
			<Y>233</Y>
		</point>
		<point>
			<X>128</X>
			<Y>233</Y>
		</point>
		<point>
			<X>130</X>
			<Y>234</Y>
		</point>
		<point>
			<X>130</X>
			<Y>234</Y>
		</point>
		<point>
			<X>133</X>
			<Y>235</Y>
		</point>
		<point>
			<X>133</X>
			<Y>235</Y>
		</point>
		<point>
			<X>134</X>
			<Y>235</Y>
		</point>
		<point>
			<X>134</X>
			<Y>235</Y>
		</point>
		<point>
			<X>136</X>
			<Y>236</Y>
		</point>
		<point>
			<X>136</X>
			<Y>236</Y>
		</point>
		<point>
			<X>138</X>
			<Y>236</Y>
		</point>
		<point>
			<X>138</X>
			<Y>236</Y>
		</point>
		<point>
			<X>139</X>
			<Y>238</Y>
		</point>
		<point>
			<X>139</X>
			<Y>238</Y>
		</point>
		<point>
			<X>140</X>
			<Y>238</Y>
		</point>
		<point>
			<X>140</X>
			<Y>238</Y>
		</point>
		<point>
			<X>141</X>
			<Y>239</Y>
		</point>
		<point>
			<X>141</X>
			<Y>239</Y>
		</point>
		<point>
			<X>143</X>
			<Y>240</Y>
		</point>
		<point>
			<X>143</X>
			<Y>240</Y>
		</point>
		<point>
			<X>145</X>
			<Y>240</Y>
		</point>
		<point>
			<X>145</X>
			<Y>240</Y>
		</point>
		<point>
			<X>146</X>
			<Y>240</Y>
		</point>
		<point>
			<X>146</X>
			<Y>240</Y>
		</point>
		<point>
			<X>148</X>
			<Y>241</Y>
		</point>
		<point>
			<X>148</X>
			<Y>241</Y>
		</point>
		<point>
			<X>151</X>
			<Y>241</Y>
		</point>
		<point>
			<X>151</X>
			<Y>241</Y>
		</point>
		<point>
			<X>154</X>
			<Y>243</Y>
		</point>
		<point>
			<X>154</X>
			<Y>243</Y>
		</point>
		<point>
			<X>156</X>
			<Y>244</Y>
		</point>
		<point>
			<X>156</X>
			<Y>244</Y>
		</point>
		<point>
			<X>158</X>
			<Y>245</Y>
		</point>
		<point>
			<X>158</X>
			<Y>245</Y>
		</point>
		<point>
			<X>160</X>
			<Y>246</Y>
		</point>
		<point>
			<X>160</X>
			<Y>246</Y>
		</point>
		<point>
			<X>161</X>
			<Y>246</Y>
		</point>
		<point>
			<X>161</X>
			<Y>246</Y>
		</point>
		<point>
			<X>163</X>
			<Y>246</Y>
		</point>
		<point>
			<X>163</X>
			<Y>246</Y>
		</point>
		<point>
			<X>165</X>
			<Y>246</Y>
		</point>
		<point>
			<X>165</X>
			<Y>246</Y>
		</point>
		<point>
			<X>166</X>
			<Y>248</Y>
		</point>
		<point>
			<X>166</X>
			<Y>248</Y>
		</point>
		<point>
			<X>168</X>
			<Y>249</Y>
		</point>
		<point>
			<X>168</X>
			<Y>249</Y>
		</point>
		<point>
			<X>170</X>
			<Y>250</Y>
		</point>
		<point>
			<X>170</X>
			<Y>250</Y>
		</point>
		<point>
			<X>173</X>
			<Y>251</Y>
		</point>
		<point>
			<X>173</X>
			<Y>251</Y>
		</point>
		<point>
			<X>175</X>
			<Y>251</Y>
		</point>
		<point>
			<X>175</X>
			<Y>251</Y>
		</point>
		<point>
			<X>178</X>
			<Y>253</Y>
		</point>
		<point>
			<X>178</X>
			<Y>253</Y>
		</point>
		<point>
			<X>180</X>
			<Y>253</Y>
		</point>
		<point>
			<X>180</X>
			<Y>253</Y>
		</point>
		<point>
			<X>181</X>
			<Y>254</Y>
		</point>
		<point>
			<X>181</X>
			<Y>254</Y>
		</point>
		<point>
			<X>184</X>
			<Y>255</Y>
		</point>
		<point>
			<X>184</X>
			<Y>255</Y>
		</point>
		<point>
			<X>186</X>
			<Y>256</Y>
		</point>
		<point>
			<X>186</X>
			<Y>256</Y>
		</point>
		<point>
			<X>186</X>
			<Y>257</Y>
		</point>
		<point>
			<X>186</X>
			<Y>257</Y>
		</point>
		<point>
			<X>189</X>
			<Y>258</Y>
		</point>
		<point>
			<X>189</X>
			<Y>258</Y>
		</point>
		<point>
			<X>191</X>
			<Y>259</Y>
		</point>
		<point>
			<X>191</X>
			<Y>259</Y>
		</point>
		<point>
			<X>193</X>
			<Y>259</Y>
		</point>
		<point>
			<X>193</X>
			<Y>259</Y>
		</point>
		<point>
			<X>194</X>
			<Y>260</Y>
		</point>
		<point>
			<X>194</X>
			<Y>260</Y>
		</point>
		<point>
			<X>196</X>
			<Y>260</Y>
		</point>
		<point>
			<X>196</X>
			<Y>260</Y>
		</point>
		<point>
			<X>198</X>
			<Y>261</Y>
		</point>
		<point>
			<X>198</X>
			<Y>261</Y>
		</point>
		<point>
			<X>200</X>
			<Y>261</Y>
		</point>
		<point>
			<X>200</X>
			<Y>261</Y>
		</point>
		<point>
			<X>202</X>
			<Y>263</Y>
		</point>
		<point>
			<X>202</X>
			<Y>263</Y>
		</point>
		<point>
			<X>204</X>
			<Y>264</Y>
		</point>
		<point>
			<X>204</X>
			<Y>264</Y>
		</point>
		<point>
			<X>205</X>
			<Y>264</Y>
		</point>
		<point>
			<X>205</X>
			<Y>264</Y>
		</point>
		<point>
			<X>207</X>
			<Y>265</Y>
		</point>
		<point>
			<X>207</X>
			<Y>265</Y>
		</point>
		<point>
			<X>209</X>
			<Y>266</Y>
		</point>
		<point>
			<X>209</X>
			<Y>266</Y>
		</point>
		<point>
			<X>210</X>
			<Y>266</Y>
		</point>
		<point>
			<X>210</X>
			<Y>266</Y>
		</point>
		<point>
			<X>211</X>
			<Y>266</Y>
		</point>
		<point>
			<X>211</X>
			<Y>266</Y>
		</point>
		<point>
			<X>212</X>
			<Y>266</Y>
		</point>
		<point>
			<X>212</X>
			<Y>266</Y>
		</point>
		<point>
			<X>213</X>
			<Y>267</Y>
		</point>
		<point>
			<X>213</X>
			<Y>267</Y>
		</point>
		<point>
			<X>214</X>
			<Y>267</Y>
		</point>
		<point>
			<X>214</X>
			<Y>267</Y>
		</point>
		<point>
			<X>216</X>
			<Y>268</Y>
		</point>
		<point>
			<X>216</X>
			<Y>268</Y>
		</point>
		<point>
			<X>217</X>
			<Y>269</Y>
		</point>
		<point>
			<X>217</X>
			<Y>269</Y>
		</point>
		<point>
			<X>219</X>
			<Y>269</Y>
		</point>
		<point>
			<X>219</X>
			<Y>269</Y>
		</point>
		<point>
			<X>220</X>
			<Y>270</Y>
		</point>
		<point>
			<X>220</X>
			<Y>270</Y>
		</point>
		<point>
			<X>221</X>
			<Y>270</Y>
		</point>
		<point>
			<X>221</X>
			<Y>270</Y>
		</point>
		<point>
			<X>221</X>
			<Y>271</Y>
		</point>
		<point>
			<X>222</X>
			<Y>271</Y>
		</point>
		<point>
			<X>222</X>
			<Y>271</Y>
		</point>
	</polygon>
</annotation>