<annotation>
	<folder>anno</folder>
	<filename>2009_004548.jpg</filename>
	<source>
		<database>The anno Database</database>
		<annotation>VC anno</annotation>
		<image>Unknow</image>
		<flickrid>Unknow</flickrid>
	</source>
	<owner>
		<flickrid>Unknow</flickrid>
		<name>Unknow</name>
	</owner>
	<size>
		<width>500</width>
		<height>319</height>
		<depth>4</depth>
	</size>
	<segmented>1</segmented>
	<polygon>
		<tag>background</tag>
		<point>
			<X>488</X>
			<Y>130</Y>
		</point>
		<point>
			<X>488</X>
			<Y>129</Y>
		</point>
		<point>
			<X>488</X>
			<Y>129</Y>
		</point>
		<point>
			<X>488</X>
			<Y>131</Y>
		</point>
		<point>
			<X>488</X>
			<Y>134</Y>
		</point>
		<point>
			<X>488</X>
			<Y>134</Y>
		</point>
		<point>
			<X>488</X>
			<Y>139</Y>
		</point>
		<point>
			<X>488</X>
			<Y>139</Y>
		</point>
		<point>
			<X>488</X>
			<Y>143</Y>
		</point>
		<point>
			<X>488</X>
			<Y>143</Y>
		</point>
		<point>
			<X>488</X>
			<Y>147</Y>
		</point>
		<point>
			<X>488</X>
			<Y>147</Y>
		</point>
		<point>
			<X>488</X>
			<Y>152</Y>
		</point>
		<point>
			<X>488</X>
			<Y>152</Y>
		</point>
		<point>
			<X>488</X>
			<Y>158</Y>
		</point>
		<point>
			<X>488</X>
			<Y>158</Y>
		</point>
		<point>
			<X>488</X>
			<Y>161</Y>
		</point>
		<point>
			<X>488</X>
			<Y>161</Y>
		</point>
		<point>
			<X>488</X>
			<Y>166</Y>
		</point>
		<point>
			<X>488</X>
			<Y>166</Y>
		</point>
		<point>
			<X>488</X>
			<Y>168</Y>
		</point>
		<point>
			<X>488</X>
			<Y>171</Y>
		</point>
		<point>
			<X>488</X>
			<Y>175</Y>
		</point>
		<point>
			<X>488</X>
			<Y>175</Y>
		</point>
		<point>
			<X>488</X>
			<Y>181</Y>
		</point>
		<point>
			<X>488</X>
			<Y>186</Y>
		</point>
		<point>
			<X>488</X>
			<Y>191</Y>
		</point>
		<point>
			<X>488</X>
			<Y>197</Y>
		</point>
		<point>
			<X>488</X>
			<Y>197</Y>
		</point>
		<point>
			<X>488</X>
			<Y>202</Y>
		</point>
		<point>
			<X>488</X>
			<Y>202</Y>
		</point>
		<point>
			<X>488</X>
			<Y>208</Y>
		</point>
		<point>
			<X>488</X>
			<Y>210</Y>
		</point>
		<point>
			<X>488</X>
			<Y>210</Y>
		</point>
		<point>
			<X>488</X>
			<Y>210</Y>
		</point>
		<point>
			<X>488</X>
			<Y>210</Y>
		</point>
		<point>
			<X>488</X>
			<Y>215</Y>
		</point>
		<point>
			<X>488</X>
			<Y>215</Y>
		</point>
		<point>
			<X>488</X>
			<Y>219</Y>
		</point>
		<point>
			<X>488</X>
			<Y>219</Y>
		</point>
		<point>
			<X>488</X>
			<Y>221</Y>
		</point>
		<point>
			<X>485</X>
			<Y>222</Y>
		</point>
		<point>
			<X>485</X>
			<Y>222</Y>
		</point>
		<point>
			<X>485</X>
			<Y>226</Y>
		</point>
		<point>
			<X>485</X>
			<Y>230</Y>
		</point>
		<point>
			<X>485</X>
			<Y>232</Y>
		</point>
		<point>
			<X>485</X>
			<Y>232</Y>
		</point>
		<point>
			<X>485</X>
			<Y>237</Y>
		</point>
		<point>
			<X>485</X>
			<Y>237</Y>
		</point>
		<point>
			<X>484</X>
			<Y>241</Y>
		</point>
		<point>
			<X>484</X>
			<Y>241</Y>
		</point>
		<point>
			<X>484</X>
			<Y>244</Y>
		</point>
		<point>
			<X>484</X>
			<Y>247</Y>
		</point>
		<point>
			<X>483</X>
			<Y>252</Y>
		</point>
		<point>
			<X>483</X>
			<Y>252</Y>
		</point>
		<point>
			<X>482</X>
			<Y>254</Y>
		</point>
		<point>
			<X>482</X>
			<Y>254</Y>
		</point>
		<point>
			<X>480</X>
			<Y>255</Y>
		</point>
		<point>
			<X>480</X>
			<Y>255</Y>
		</point>
		<point>
			<X>480</X>
			<Y>256</Y>
		</point>
		<point>
			<X>480</X>
			<Y>256</Y>
		</point>
		<point>
			<X>480</X>
			<Y>258</Y>
		</point>
		<point>
			<X>480</X>
			<Y>258</Y>
		</point>
		<point>
			<X>480</X>
			<Y>258</Y>
		</point>
		<point>
			<X>480</X>
			<Y>258</Y>
		</point>
		<point>
			<X>480</X>
			<Y>259</Y>
		</point>
		<point>
			<X>480</X>
			<Y>259</Y>
		</point>
		<point>
			<X>480</X>
			<Y>259</Y>
		</point>
		<point>
			<X>479</X>
			<Y>261</Y>
		</point>
		<point>
			<X>479</X>
			<Y>261</Y>
		</point>
		<point>
			<X>478</X>
			<Y>263</Y>
		</point>
		<point>
			<X>478</X>
			<Y>263</Y>
		</point>
		<point>
			<X>475</X>
			<Y>265</Y>
		</point>
		<point>
			<X>475</X>
			<Y>265</Y>
		</point>
		<point>
			<X>475</X>
			<Y>266</Y>
		</point>
		<point>
			<X>475</X>
			<Y>266</Y>
		</point>
		<point>
			<X>473</X>
			<Y>267</Y>
		</point>
		<point>
			<X>473</X>
			<Y>267</Y>
		</point>
		<point>
			<X>472</X>
			<Y>269</Y>
		</point>
		<point>
			<X>472</X>
			<Y>269</Y>
		</point>
		<point>
			<X>467</X>
			<Y>271</Y>
		</point>
		<point>
			<X>467</X>
			<Y>271</Y>
		</point>
		<point>
			<X>464</X>
			<Y>273</Y>
		</point>
		<point>
			<X>464</X>
			<Y>273</Y>
		</point>
		<point>
			<X>460</X>
			<Y>274</Y>
		</point>
		<point>
			<X>460</X>
			<Y>274</Y>
		</point>
		<point>
			<X>459</X>
			<Y>276</Y>
		</point>
		<point>
			<X>459</X>
			<Y>276</Y>
		</point>
		<point>
			<X>458</X>
			<Y>278</Y>
		</point>
		<point>
			<X>458</X>
			<Y>278</Y>
		</point>
		<point>
			<X>457</X>
			<Y>280</Y>
		</point>
		<point>
			<X>457</X>
			<Y>280</Y>
		</point>
		<point>
			<X>455</X>
			<Y>282</Y>
		</point>
		<point>
			<X>455</X>
			<Y>282</Y>
		</point>
		<point>
			<X>454</X>
			<Y>284</Y>
		</point>
		<point>
			<X>454</X>
			<Y>284</Y>
		</point>
		<point>
			<X>449</X>
			<Y>284</Y>
		</point>
		<point>
			<X>449</X>
			<Y>284</Y>
		</point>
		<point>
			<X>447</X>
			<Y>285</Y>
		</point>
		<point>
			<X>447</X>
			<Y>285</Y>
		</point>
		<point>
			<X>444</X>
			<Y>285</Y>
		</point>
		<point>
			<X>444</X>
			<Y>285</Y>
		</point>
		<point>
			<X>443</X>
			<Y>286</Y>
		</point>
		<point>
			<X>443</X>
			<Y>286</Y>
		</point>
		<point>
			<X>440</X>
			<Y>287</Y>
		</point>
		<point>
			<X>440</X>
			<Y>287</Y>
		</point>
		<point>
			<X>438</X>
			<Y>287</Y>
		</point>
		<point>
			<X>438</X>
			<Y>287</Y>
		</point>
		<point>
			<X>434</X>
			<Y>287</Y>
		</point>
		<point>
			<X>434</X>
			<Y>287</Y>
		</point>
		<point>
			<X>432</X>
			<Y>288</Y>
		</point>
		<point>
			<X>432</X>
			<Y>288</Y>
		</point>
		<point>
			<X>430</X>
			<Y>289</Y>
		</point>
		<point>
			<X>430</X>
			<Y>289</Y>
		</point>
		<point>
			<X>426</X>
			<Y>290</Y>
		</point>
		<point>
			<X>426</X>
			<Y>290</Y>
		</point>
		<point>
			<X>422</X>
			<Y>291</Y>
		</point>
		<point>
			<X>422</X>
			<Y>291</Y>
		</point>
		<point>
			<X>417</X>
			<Y>291</Y>
		</point>
		<point>
			<X>417</X>
			<Y>291</Y>
		</point>
		<point>
			<X>415</X>
			<Y>292</Y>
		</point>
		<point>
			<X>415</X>
			<Y>292</Y>
		</point>
		<point>
			<X>412</X>
			<Y>293</Y>
		</point>
		<point>
			<X>412</X>
			<Y>293</Y>
		</point>
		<point>
			<X>408</X>
			<Y>293</Y>
		</point>
		<point>
			<X>408</X>
			<Y>293</Y>
		</point>
		<point>
			<X>402</X>
			<Y>293</Y>
		</point>
		<point>
			<X>402</X>
			<Y>293</Y>
		</point>
		<point>
			<X>400</X>
			<Y>293</Y>
		</point>
		<point>
			<X>400</X>
			<Y>293</Y>
		</point>
		<point>
			<X>393</X>
			<Y>293</Y>
		</point>
		<point>
			<X>393</X>
			<Y>293</Y>
		</point>
		<point>
			<X>386</X>
			<Y>293</Y>
		</point>
		<point>
			<X>386</X>
			<Y>293</Y>
		</point>
		<point>
			<X>378</X>
			<Y>293</Y>
		</point>
		<point>
			<X>378</X>
			<Y>293</Y>
		</point>
		<point>
			<X>368</X>
			<Y>293</Y>
		</point>
		<point>
			<X>368</X>
			<Y>293</Y>
		</point>
		<point>
			<X>361</X>
			<Y>293</Y>
		</point>
		<point>
			<X>361</X>
			<Y>293</Y>
		</point>
		<point>
			<X>358</X>
			<Y>293</Y>
		</point>
		<point>
			<X>358</X>
			<Y>293</Y>
		</point>
		<point>
			<X>351</X>
			<Y>294</Y>
		</point>
		<point>
			<X>351</X>
			<Y>294</Y>
		</point>
		<point>
			<X>343</X>
			<Y>294</Y>
		</point>
		<point>
			<X>343</X>
			<Y>294</Y>
		</point>
		<point>
			<X>335</X>
			<Y>294</Y>
		</point>
		<point>
			<X>335</X>
			<Y>294</Y>
		</point>
		<point>
			<X>325</X>
			<Y>294</Y>
		</point>
		<point>
			<X>325</X>
			<Y>294</Y>
		</point>
		<point>
			<X>315</X>
			<Y>294</Y>
		</point>
		<point>
			<X>315</X>
			<Y>294</Y>
		</point>
		<point>
			<X>307</X>
			<Y>294</Y>
		</point>
		<point>
			<X>307</X>
			<Y>294</Y>
		</point>
		<point>
			<X>303</X>
			<Y>294</Y>
		</point>
		<point>
			<X>303</X>
			<Y>294</Y>
		</point>
		<point>
			<X>300</X>
			<Y>294</Y>
		</point>
		<point>
			<X>300</X>
			<Y>294</Y>
		</point>
		<point>
			<X>294</X>
			<Y>294</Y>
		</point>
		<point>
			<X>294</X>
			<Y>294</Y>
		</point>
		<point>
			<X>287</X>
			<Y>294</Y>
		</point>
		<point>
			<X>287</X>
			<Y>294</Y>
		</point>
		<point>
			<X>280</X>
			<Y>294</Y>
		</point>
		<point>
			<X>280</X>
			<Y>294</Y>
		</point>
		<point>
			<X>272</X>
			<Y>294</Y>
		</point>
		<point>
			<X>272</X>
			<Y>294</Y>
		</point>
		<point>
			<X>267</X>
			<Y>294</Y>
		</point>
		<point>
			<X>267</X>
			<Y>294</Y>
		</point>
		<point>
			<X>262</X>
			<Y>294</Y>
		</point>
		<point>
			<X>262</X>
			<Y>294</Y>
		</point>
		<point>
			<X>255</X>
			<Y>294</Y>
		</point>
		<point>
			<X>255</X>
			<Y>294</Y>
		</point>
		<point>
			<X>246</X>
			<Y>294</Y>
		</point>
		<point>
			<X>246</X>
			<Y>294</Y>
		</point>
		<point>
			<X>237</X>
			<Y>294</Y>
		</point>
		<point>
			<X>237</X>
			<Y>294</Y>
		</point>
		<point>
			<X>230</X>
			<Y>294</Y>
		</point>
		<point>
			<X>230</X>
			<Y>294</Y>
		</point>
		<point>
			<X>224</X>
			<Y>294</Y>
		</point>
		<point>
			<X>224</X>
			<Y>294</Y>
		</point>
		<point>
			<X>219</X>
			<Y>294</Y>
		</point>
		<point>
			<X>219</X>
			<Y>294</Y>
		</point>
		<point>
			<X>212</X>
			<Y>294</Y>
		</point>
		<point>
			<X>212</X>
			<Y>294</Y>
		</point>
		<point>
			<X>203</X>
			<Y>294</Y>
		</point>
		<point>
			<X>203</X>
			<Y>294</Y>
		</point>
		<point>
			<X>193</X>
			<Y>294</Y>
		</point>
		<point>
			<X>193</X>
			<Y>294</Y>
		</point>
		<point>
			<X>185</X>
			<Y>294</Y>
		</point>
		<point>
			<X>185</X>
			<Y>294</Y>
		</point>
		<point>
			<X>176</X>
			<Y>294</Y>
		</point>
		<point>
			<X>176</X>
			<Y>294</Y>
		</point>
		<point>
			<X>169</X>
			<Y>294</Y>
		</point>
		<point>
			<X>169</X>
			<Y>294</Y>
		</point>
		<point>
			<X>163</X>
			<Y>294</Y>
		</point>
		<point>
			<X>163</X>
			<Y>294</Y>
		</point>
		<point>
			<X>156</X>
			<Y>294</Y>
		</point>
		<point>
			<X>156</X>
			<Y>294</Y>
		</point>
		<point>
			<X>150</X>
			<Y>294</Y>
		</point>
		<point>
			<X>150</X>
			<Y>294</Y>
		</point>
		<point>
			<X>149</X>
			<Y>294</Y>
		</point>
		<point>
			<X>149</X>
			<Y>294</Y>
		</point>
		<point>
			<X>147</X>
			<Y>294</Y>
		</point>
		<point>
			<X>147</X>
			<Y>294</Y>
		</point>
		<point>
			<X>139</X>
			<Y>295</Y>
		</point>
		<point>
			<X>139</X>
			<Y>295</Y>
		</point>
		<point>
			<X>135</X>
			<Y>294</Y>
		</point>
		<point>
			<X>135</X>
			<Y>294</Y>
		</point>
		<point>
			<X>128</X>
			<Y>294</Y>
		</point>
		<point>
			<X>128</X>
			<Y>294</Y>
		</point>
		<point>
			<X>120</X>
			<Y>294</Y>
		</point>
		<point>
			<X>120</X>
			<Y>294</Y>
		</point>
		<point>
			<X>113</X>
			<Y>294</Y>
		</point>
		<point>
			<X>113</X>
			<Y>294</Y>
		</point>
		<point>
			<X>105</X>
			<Y>294</Y>
		</point>
		<point>
			<X>105</X>
			<Y>294</Y>
		</point>
		<point>
			<X>104</X>
			<Y>294</Y>
		</point>
		<point>
			<X>104</X>
			<Y>294</Y>
		</point>
		<point>
			<X>99</X>
			<Y>294</Y>
		</point>
		<point>
			<X>99</X>
			<Y>294</Y>
		</point>
		<point>
			<X>95</X>
			<Y>294</Y>
		</point>
		<point>
			<X>95</X>
			<Y>294</Y>
		</point>
		<point>
			<X>90</X>
			<Y>294</Y>
		</point>
		<point>
			<X>90</X>
			<Y>294</Y>
		</point>
		<point>
			<X>89</X>
			<Y>294</Y>
		</point>
		<point>
			<X>89</X>
			<Y>294</Y>
		</point>
		<point>
			<X>88</X>
			<Y>294</Y>
		</point>
		<point>
			<X>88</X>
			<Y>294</Y>
		</point>
		<point>
			<X>87</X>
			<Y>294</Y>
		</point>
		<point>
			<X>87</X>
			<Y>294</Y>
		</point>
		<point>
			<X>85</X>
			<Y>294</Y>
		</point>
		<point>
			<X>85</X>
			<Y>294</Y>
		</point>
		<point>
			<X>85</X>
			<Y>294</Y>
		</point>
		<point>
			<X>85</X>
			<Y>294</Y>
		</point>
		<point>
			<X>84</X>
			<Y>293</Y>
		</point>
		<point>
			<X>84</X>
			<Y>293</Y>
		</point>
		<point>
			<X>82</X>
			<Y>291</Y>
		</point>
		<point>
			<X>82</X>
			<Y>291</Y>
		</point>
		<point>
			<X>80</X>
			<Y>290</Y>
		</point>
		<point>
			<X>80</X>
			<Y>290</Y>
		</point>
		<point>
			<X>80</X>
			<Y>290</Y>
		</point>
		<point>
			<X>80</X>
			<Y>290</Y>
		</point>
		<point>
			<X>80</X>
			<Y>289</Y>
		</point>
		<point>
			<X>80</X>
			<Y>289</Y>
		</point>
		<point>
			<X>80</X>
			<Y>287</Y>
		</point>
		<point>
			<X>80</X>
			<Y>287</Y>
		</point>
		<point>
			<X>79</X>
			<Y>285</Y>
		</point>
		<point>
			<X>79</X>
			<Y>285</Y>
		</point>
		<point>
			<X>79</X>
			<Y>284</Y>
		</point>
		<point>
			<X>79</X>
			<Y>284</Y>
		</point>
		<point>
			<X>79</X>
			<Y>283</Y>
		</point>
		<point>
			<X>79</X>
			<Y>283</Y>
		</point>
		<point>
			<X>78</X>
			<Y>282</Y>
		</point>
		<point>
			<X>78</X>
			<Y>282</Y>
		</point>
		<point>
			<X>78</X>
			<Y>282</Y>
		</point>
		<point>
			<X>78</X>
			<Y>282</Y>
		</point>
		<point>
			<X>78</X>
			<Y>280</Y>
		</point>
		<point>
			<X>78</X>
			<Y>280</Y>
		</point>
		<point>
			<X>78</X>
			<Y>278</Y>
		</point>
		<point>
			<X>78</X>
			<Y>278</Y>
		</point>
		<point>
			<X>77</X>
			<Y>277</Y>
		</point>
		<point>
			<X>77</X>
			<Y>277</Y>
		</point>
		<point>
			<X>77</X>
			<Y>276</Y>
		</point>
		<point>
			<X>77</X>
			<Y>276</Y>
		</point>
		<point>
			<X>77</X>
			<Y>274</Y>
		</point>
		<point>
			<X>77</X>
			<Y>274</Y>
		</point>
		<point>
			<X>76</X>
			<Y>271</Y>
		</point>
		<point>
			<X>76</X>
			<Y>271</Y>
		</point>
		<point>
			<X>76</X>
			<Y>270</Y>
		</point>
		<point>
			<X>76</X>
			<Y>270</Y>
		</point>
		<point>
			<X>76</X>
			<Y>269</Y>
		</point>
		<point>
			<X>76</X>
			<Y>269</Y>
		</point>
		<point>
			<X>76</X>
			<Y>267</Y>
		</point>
		<point>
			<X>76</X>
			<Y>267</Y>
		</point>
		<point>
			<X>75</X>
			<Y>266</Y>
		</point>
		<point>
			<X>75</X>
			<Y>266</Y>
		</point>
		<point>
			<X>74</X>
			<Y>265</Y>
		</point>
		<point>
			<X>74</X>
			<Y>265</Y>
		</point>
		<point>
			<X>74</X>
			<Y>264</Y>
		</point>
		<point>
			<X>74</X>
			<Y>264</Y>
		</point>
		<point>
			<X>73</X>
			<Y>262</Y>
		</point>
		<point>
			<X>73</X>
			<Y>262</Y>
		</point>
		<point>
			<X>72</X>
			<Y>262</Y>
		</point>
		<point>
			<X>72</X>
			<Y>262</Y>
		</point>
		<point>
			<X>72</X>
			<Y>261</Y>
		</point>
		<point>
			<X>72</X>
			<Y>260</Y>
		</point>
		<point>
			<X>72</X>
			<Y>260</Y>
		</point>
		<point>
			<X>71</X>
			<Y>258</Y>
		</point>
		<point>
			<X>71</X>
			<Y>258</Y>
		</point>
		<point>
			<X>70</X>
			<Y>256</Y>
		</point>
		<point>
			<X>70</X>
			<Y>256</Y>
		</point>
		<point>
			<X>69</X>
			<Y>254</Y>
		</point>
		<point>
			<X>69</X>
			<Y>254</Y>
		</point>
		<point>
			<X>68</X>
			<Y>252</Y>
		</point>
		<point>
			<X>68</X>
			<Y>252</Y>
		</point>
		<point>
			<X>66</X>
			<Y>251</Y>
		</point>
		<point>
			<X>66</X>
			<Y>251</Y>
		</point>
		<point>
			<X>66</X>
			<Y>250</Y>
		</point>
		<point>
			<X>66</X>
			<Y>250</Y>
		</point>
		<point>
			<X>65</X>
			<Y>249</Y>
		</point>
		<point>
			<X>65</X>
			<Y>249</Y>
		</point>
		<point>
			<X>64</X>
			<Y>247</Y>
		</point>
		<point>
			<X>64</X>
			<Y>247</Y>
		</point>
		<point>
			<X>64</X>
			<Y>244</Y>
		</point>
		<point>
			<X>64</X>
			<Y>244</Y>
		</point>
		<point>
			<X>63</X>
			<Y>242</Y>
		</point>
		<point>
			<X>63</X>
			<Y>242</Y>
		</point>
		<point>
			<X>63</X>
			<Y>242</Y>
		</point>
		<point>
			<X>63</X>
			<Y>242</Y>
		</point>
		<point>
			<X>61</X>
			<Y>242</Y>
		</point>
		<point>
			<X>61</X>
			<Y>242</Y>
		</point>
		<point>
			<X>61</X>
			<Y>241</Y>
		</point>
		<point>
			<X>61</X>
			<Y>241</Y>
		</point>
		<point>
			<X>61</X>
			<Y>240</Y>
		</point>
		<point>
			<X>61</X>
			<Y>240</Y>
		</point>
		<point>
			<X>60</X>
			<Y>237</Y>
		</point>
		<point>
			<X>60</X>
			<Y>237</Y>
		</point>
		<point>
			<X>60</X>
			<Y>237</Y>
		</point>
		<point>
			<X>60</X>
			<Y>237</Y>
		</point>
		<point>
			<X>60</X>
			<Y>235</Y>
		</point>
		<point>
			<X>60</X>
			<Y>235</Y>
		</point>
		<point>
			<X>60</X>
			<Y>234</Y>
		</point>
		<point>
			<X>60</X>
			<Y>234</Y>
		</point>
		<point>
			<X>60</X>
			<Y>232</Y>
		</point>
		<point>
			<X>60</X>
			<Y>232</Y>
		</point>
		<point>
			<X>59</X>
			<Y>232</Y>
		</point>
		<point>
			<X>59</X>
			<Y>231</Y>
		</point>
		<point>
			<X>58</X>
			<Y>229</Y>
		</point>
		<point>
			<X>58</X>
			<Y>229</Y>
		</point>
		<point>
			<X>56</X>
			<Y>227</Y>
		</point>
		<point>
			<X>56</X>
			<Y>227</Y>
		</point>
		<point>
			<X>56</X>
			<Y>226</Y>
		</point>
		<point>
			<X>56</X>
			<Y>226</Y>
		</point>
		<point>
			<X>56</X>
			<Y>222</Y>
		</point>
		<point>
			<X>56</X>
			<Y>222</Y>
		</point>
		<point>
			<X>56</X>
			<Y>221</Y>
		</point>
		<point>
			<X>56</X>
			<Y>221</Y>
		</point>
		<point>
			<X>55</X>
			<Y>219</Y>
		</point>
		<point>
			<X>55</X>
			<Y>219</Y>
		</point>
		<point>
			<X>54</X>
			<Y>217</Y>
		</point>
		<point>
			<X>54</X>
			<Y>217</Y>
		</point>
		<point>
			<X>53</X>
			<Y>217</Y>
		</point>
		<point>
			<X>53</X>
			<Y>217</Y>
		</point>
		<point>
			<X>53</X>
			<Y>215</Y>
		</point>
		<point>
			<X>52</X>
			<Y>212</Y>
		</point>
		<point>
			<X>52</X>
			<Y>212</Y>
		</point>
		<point>
			<X>50</X>
			<Y>210</Y>
		</point>
		<point>
			<X>50</X>
			<Y>210</Y>
		</point>
		<point>
			<X>49</X>
			<Y>208</Y>
		</point>
		<point>
			<X>49</X>
			<Y>208</Y>
		</point>
		<point>
			<X>47</X>
			<Y>204</Y>
		</point>
		<point>
			<X>47</X>
			<Y>204</Y>
		</point>
		<point>
			<X>45</X>
			<Y>202</Y>
		</point>
		<point>
			<X>45</X>
			<Y>202</Y>
		</point>
		<point>
			<X>44</X>
			<Y>202</Y>
		</point>
		<point>
			<X>44</X>
			<Y>202</Y>
		</point>
		<point>
			<X>42</X>
			<Y>200</Y>
		</point>
		<point>
			<X>42</X>
			<Y>200</Y>
		</point>
		<point>
			<X>42</X>
			<Y>199</Y>
		</point>
		<point>
			<X>42</X>
			<Y>199</Y>
		</point>
		<point>
			<X>40</X>
			<Y>196</Y>
		</point>
		<point>
			<X>40</X>
			<Y>196</Y>
		</point>
		<point>
			<X>40</X>
			<Y>194</Y>
		</point>
		<point>
			<X>40</X>
			<Y>194</Y>
		</point>
		<point>
			<X>39</X>
			<Y>194</Y>
		</point>
		<point>
			<X>39</X>
			<Y>194</Y>
		</point>
		<point>
			<X>39</X>
			<Y>193</Y>
		</point>
		<point>
			<X>39</X>
			<Y>193</Y>
		</point>
		<point>
			<X>39</X>
			<Y>192</Y>
		</point>
		<point>
			<X>39</X>
			<Y>192</Y>
		</point>
		<point>
			<X>38</X>
			<Y>191</Y>
		</point>
		<point>
			<X>38</X>
			<Y>191</Y>
		</point>
		<point>
			<X>37</X>
			<Y>191</Y>
		</point>
		<point>
			<X>37</X>
			<Y>191</Y>
		</point>
		<point>
			<X>36</X>
			<Y>189</Y>
		</point>
		<point>
			<X>36</X>
			<Y>189</Y>
		</point>
		<point>
			<X>35</X>
			<Y>186</Y>
		</point>
		<point>
			<X>35</X>
			<Y>186</Y>
		</point>
		<point>
			<X>35</X>
			<Y>186</Y>
		</point>
		<point>
			<X>35</X>
			<Y>186</Y>
		</point>
		<point>
			<X>35</X>
			<Y>184</Y>
		</point>
		<point>
			<X>35</X>
			<Y>184</Y>
		</point>
		<point>
			<X>33</X>
			<Y>181</Y>
		</point>
		<point>
			<X>33</X>
			<Y>181</Y>
		</point>
		<point>
			<X>32</X>
			<Y>181</Y>
		</point>
		<point>
			<X>32</X>
			<Y>181</Y>
		</point>
		<point>
			<X>32</X>
			<Y>179</Y>
		</point>
		<point>
			<X>32</X>
			<Y>179</Y>
		</point>
		<point>
			<X>30</X>
			<Y>178</Y>
		</point>
		<point>
			<X>30</X>
			<Y>178</Y>
		</point>
		<point>
			<X>30</X>
			<Y>176</Y>
		</point>
		<point>
			<X>30</X>
			<Y>176</Y>
		</point>
		<point>
			<X>29</X>
			<Y>175</Y>
		</point>
		<point>
			<X>29</X>
			<Y>175</Y>
		</point>
		<point>
			<X>29</X>
			<Y>174</Y>
		</point>
		<point>
			<X>29</X>
			<Y>174</Y>
		</point>
		<point>
			<X>28</X>
			<Y>171</Y>
		</point>
		<point>
			<X>28</X>
			<Y>171</Y>
		</point>
		<point>
			<X>28</X>
			<Y>170</Y>
		</point>
		<point>
			<X>28</X>
			<Y>170</Y>
		</point>
		<point>
			<X>27</X>
			<Y>169</Y>
		</point>
		<point>
			<X>27</X>
			<Y>169</Y>
		</point>
		<point>
			<X>27</X>
			<Y>166</Y>
		</point>
		<point>
			<X>27</X>
			<Y>166</Y>
		</point>
		<point>
			<X>27</X>
			<Y>163</Y>
		</point>
		<point>
			<X>27</X>
			<Y>163</Y>
		</point>
		<point>
			<X>27</X>
			<Y>161</Y>
		</point>
		<point>
			<X>27</X>
			<Y>161</Y>
		</point>
		<point>
			<X>27</X>
			<Y>158</Y>
		</point>
		<point>
			<X>27</X>
			<Y>158</Y>
		</point>
		<point>
			<X>27</X>
			<Y>157</Y>
		</point>
		<point>
			<X>27</X>
			<Y>157</Y>
		</point>
		<point>
			<X>27</X>
			<Y>154</Y>
		</point>
		<point>
			<X>27</X>
			<Y>154</Y>
		</point>
		<point>
			<X>27</X>
			<Y>152</Y>
		</point>
		<point>
			<X>27</X>
			<Y>152</Y>
		</point>
		<point>
			<X>27</X>
			<Y>149</Y>
		</point>
		<point>
			<X>27</X>
			<Y>149</Y>
		</point>
		<point>
			<X>27</X>
			<Y>147</Y>
		</point>
		<point>
			<X>27</X>
			<Y>147</Y>
		</point>
		<point>
			<X>27</X>
			<Y>144</Y>
		</point>
		<point>
			<X>27</X>
			<Y>144</Y>
		</point>
		<point>
			<X>27</X>
			<Y>143</Y>
		</point>
		<point>
			<X>27</X>
			<Y>143</Y>
		</point>
		<point>
			<X>27</X>
			<Y>142</Y>
		</point>
		<point>
			<X>27</X>
			<Y>142</Y>
		</point>
		<point>
			<X>27</X>
			<Y>139</Y>
		</point>
		<point>
			<X>27</X>
			<Y>139</Y>
		</point>
		<point>
			<X>27</X>
			<Y>138</Y>
		</point>
		<point>
			<X>27</X>
			<Y>138</Y>
		</point>
		<point>
			<X>27</X>
			<Y>135</Y>
		</point>
		<point>
			<X>27</X>
			<Y>135</Y>
		</point>
		<point>
			<X>27</X>
			<Y>131</Y>
		</point>
		<point>
			<X>27</X>
			<Y>131</Y>
		</point>
		<point>
			<X>27</X>
			<Y>130</Y>
		</point>
		<point>
			<X>27</X>
			<Y>130</Y>
		</point>
		<point>
			<X>27</X>
			<Y>127</Y>
		</point>
		<point>
			<X>27</X>
			<Y>127</Y>
		</point>
		<point>
			<X>27</X>
			<Y>123</Y>
		</point>
		<point>
			<X>27</X>
			<Y>123</Y>
		</point>
		<point>
			<X>27</X>
			<Y>121</Y>
		</point>
		<point>
			<X>27</X>
			<Y>121</Y>
		</point>
		<point>
			<X>27</X>
			<Y>118</Y>
		</point>
		<point>
			<X>27</X>
			<Y>118</Y>
		</point>
		<point>
			<X>27</X>
			<Y>115</Y>
		</point>
		<point>
			<X>27</X>
			<Y>115</Y>
		</point>
		<point>
			<X>27</X>
			<Y>113</Y>
		</point>
		<point>
			<X>27</X>
			<Y>113</Y>
		</point>
		<point>
			<X>27</X>
			<Y>113</Y>
		</point>
		<point>
			<X>27</X>
			<Y>113</Y>
		</point>
		<point>
			<X>27</X>
			<Y>113</Y>
		</point>
		<point>
			<X>27</X>
			<Y>113</Y>
		</point>
		<point>
			<X>27</X>
			<Y>111</Y>
		</point>
		<point>
			<X>27</X>
			<Y>111</Y>
		</point>
		<point>
			<X>27</X>
			<Y>108</Y>
		</point>
		<point>
			<X>27</X>
			<Y>108</Y>
		</point>
		<point>
			<X>28</X>
			<Y>108</Y>
		</point>
		<point>
			<X>28</X>
			<Y>108</Y>
		</point>
		<point>
			<X>28</X>
			<Y>107</Y>
		</point>
		<point>
			<X>28</X>
			<Y>107</Y>
		</point>
		<point>
			<X>29</X>
			<Y>106</Y>
		</point>
		<point>
			<X>29</X>
			<Y>106</Y>
		</point>
		<point>
			<X>30</X>
			<Y>104</Y>
		</point>
		<point>
			<X>30</X>
			<Y>104</Y>
		</point>
		<point>
			<X>32</X>
			<Y>102</Y>
		</point>
		<point>
			<X>32</X>
			<Y>102</Y>
		</point>
		<point>
			<X>35</X>
			<Y>98</Y>
		</point>
		<point>
			<X>35</X>
			<Y>98</Y>
		</point>
		<point>
			<X>37</X>
			<Y>97</Y>
		</point>
		<point>
			<X>37</X>
			<Y>97</Y>
		</point>
		<point>
			<X>39</X>
			<Y>95</Y>
		</point>
		<point>
			<X>39</X>
			<Y>95</Y>
		</point>
		<point>
			<X>45</X>
			<Y>90</Y>
		</point>
		<point>
			<X>45</X>
			<Y>90</Y>
		</point>
		<point>
			<X>46</X>
			<Y>90</Y>
		</point>
		<point>
			<X>46</X>
			<Y>90</Y>
		</point>
		<point>
			<X>49</X>
			<Y>85</Y>
		</point>
		<point>
			<X>49</X>
			<Y>85</Y>
		</point>
		<point>
			<X>55</X>
			<Y>83</Y>
		</point>
		<point>
			<X>55</X>
			<Y>83</Y>
		</point>
		<point>
			<X>64</X>
			<Y>80</Y>
		</point>
		<point>
			<X>64</X>
			<Y>80</Y>
		</point>
		<point>
			<X>72</X>
			<Y>76</Y>
		</point>
		<point>
			<X>72</X>
			<Y>76</Y>
		</point>
		<point>
			<X>79</X>
			<Y>75</Y>
		</point>
		<point>
			<X>79</X>
			<Y>75</Y>
		</point>
		<point>
			<X>90</X>
			<Y>72</Y>
		</point>
		<point>
			<X>90</X>
			<Y>72</Y>
		</point>
		<point>
			<X>101</X>
			<Y>69</Y>
		</point>
		<point>
			<X>101</X>
			<Y>69</Y>
		</point>
		<point>
			<X>112</X>
			<Y>66</Y>
		</point>
		<point>
			<X>112</X>
			<Y>66</Y>
		</point>
		<point>
			<X>123</X>
			<Y>63</Y>
		</point>
		<point>
			<X>123</X>
			<Y>63</Y>
		</point>
		<point>
			<X>132</X>
			<Y>60</Y>
		</point>
		<point>
			<X>132</X>
			<Y>60</Y>
		</point>
		<point>
			<X>137</X>
			<Y>56</Y>
		</point>
		<point>
			<X>137</X>
			<Y>56</Y>
		</point>
		<point>
			<X>144</X>
			<Y>54</Y>
		</point>
		<point>
			<X>144</X>
			<Y>54</Y>
		</point>
		<point>
			<X>151</X>
			<Y>52</Y>
		</point>
		<point>
			<X>151</X>
			<Y>52</Y>
		</point>
		<point>
			<X>155</X>
			<Y>51</Y>
		</point>
		<point>
			<X>155</X>
			<Y>51</Y>
		</point>
		<point>
			<X>158</X>
			<Y>50</Y>
		</point>
		<point>
			<X>158</X>
			<Y>50</Y>
		</point>
		<point>
			<X>161</X>
			<Y>48</Y>
		</point>
		<point>
			<X>161</X>
			<Y>48</Y>
		</point>
		<point>
			<X>166</X>
			<Y>47</Y>
		</point>
		<point>
			<X>166</X>
			<Y>47</Y>
		</point>
		<point>
			<X>170</X>
			<Y>46</Y>
		</point>
		<point>
			<X>170</X>
			<Y>46</Y>
		</point>
		<point>
			<X>176</X>
			<Y>45</Y>
		</point>
		<point>
			<X>176</X>
			<Y>45</Y>
		</point>
		<point>
			<X>180</X>
			<Y>44</Y>
		</point>
		<point>
			<X>180</X>
			<Y>44</Y>
		</point>
		<point>
			<X>188</X>
			<Y>42</Y>
		</point>
		<point>
			<X>188</X>
			<Y>42</Y>
		</point>
		<point>
			<X>195</X>
			<Y>42</Y>
		</point>
		<point>
			<X>195</X>
			<Y>42</Y>
		</point>
		<point>
			<X>199</X>
			<Y>42</Y>
		</point>
		<point>
			<X>199</X>
			<Y>42</Y>
		</point>
		<point>
			<X>209</X>
			<Y>39</Y>
		</point>
		<point>
			<X>209</X>
			<Y>39</Y>
		</point>
		<point>
			<X>220</X>
			<Y>38</Y>
		</point>
		<point>
			<X>220</X>
			<Y>38</Y>
		</point>
		<point>
			<X>231</X>
			<Y>36</Y>
		</point>
		<point>
			<X>231</X>
			<Y>36</Y>
		</point>
		<point>
			<X>239</X>
			<Y>34</Y>
		</point>
		<point>
			<X>239</X>
			<Y>34</Y>
		</point>
		<point>
			<X>246</X>
			<Y>34</Y>
		</point>
		<point>
			<X>246</X>
			<Y>34</Y>
		</point>
		<point>
			<X>254</X>
			<Y>33</Y>
		</point>
		<point>
			<X>254</X>
			<Y>33</Y>
		</point>
		<point>
			<X>262</X>
			<Y>30</Y>
		</point>
		<point>
			<X>262</X>
			<Y>30</Y>
		</point>
		<point>
			<X>271</X>
			<Y>29</Y>
		</point>
		<point>
			<X>271</X>
			<Y>29</Y>
		</point>
		<point>
			<X>277</X>
			<Y>26</Y>
		</point>
		<point>
			<X>277</X>
			<Y>26</Y>
		</point>
		<point>
			<X>279</X>
			<Y>26</Y>
		</point>
		<point>
			<X>279</X>
			<Y>26</Y>
		</point>
		<point>
			<X>281</X>
			<Y>26</Y>
		</point>
		<point>
			<X>281</X>
			<Y>26</Y>
		</point>
		<point>
			<X>288</X>
			<Y>25</Y>
		</point>
		<point>
			<X>288</X>
			<Y>25</Y>
		</point>
		<point>
			<X>296</X>
			<Y>25</Y>
		</point>
		<point>
			<X>296</X>
			<Y>25</Y>
		</point>
		<point>
			<X>303</X>
			<Y>25</Y>
		</point>
		<point>
			<X>303</X>
			<Y>25</Y>
		</point>
		<point>
			<X>309</X>
			<Y>25</Y>
		</point>
		<point>
			<X>309</X>
			<Y>25</Y>
		</point>
		<point>
			<X>312</X>
			<Y>25</Y>
		</point>
		<point>
			<X>312</X>
			<Y>25</Y>
		</point>
		<point>
			<X>314</X>
			<Y>25</Y>
		</point>
		<point>
			<X>314</X>
			<Y>25</Y>
		</point>
		<point>
			<X>319</X>
			<Y>25</Y>
		</point>
		<point>
			<X>319</X>
			<Y>25</Y>
		</point>
		<point>
			<X>323</X>
			<Y>24</Y>
		</point>
		<point>
			<X>323</X>
			<Y>24</Y>
		</point>
		<point>
			<X>333</X>
			<Y>24</Y>
		</point>
		<point>
			<X>333</X>
			<Y>24</Y>
		</point>
		<point>
			<X>342</X>
			<Y>24</Y>
		</point>
		<point>
			<X>342</X>
			<Y>24</Y>
		</point>
		<point>
			<X>343</X>
			<Y>24</Y>
		</point>
		<point>
			<X>343</X>
			<Y>24</Y>
		</point>
		<point>
			<X>353</X>
			<Y>24</Y>
		</point>
		<point>
			<X>353</X>
			<Y>24</Y>
		</point>
		<point>
			<X>360</X>
			<Y>24</Y>
		</point>
		<point>
			<X>360</X>
			<Y>24</Y>
		</point>
		<point>
			<X>366</X>
			<Y>24</Y>
		</point>
		<point>
			<X>366</X>
			<Y>24</Y>
		</point>
		<point>
			<X>372</X>
			<Y>25</Y>
		</point>
		<point>
			<X>372</X>
			<Y>25</Y>
		</point>
		<point>
			<X>378</X>
			<Y>25</Y>
		</point>
		<point>
			<X>378</X>
			<Y>25</Y>
		</point>
		<point>
			<X>391</X>
			<Y>27</Y>
		</point>
		<point>
			<X>391</X>
			<Y>27</Y>
		</point>
		<point>
			<X>393</X>
			<Y>27</Y>
		</point>
		<point>
			<X>393</X>
			<Y>27</Y>
		</point>
		<point>
			<X>399</X>
			<Y>28</Y>
		</point>
		<point>
			<X>399</X>
			<Y>28</Y>
		</point>
		<point>
			<X>403</X>
			<Y>29</Y>
		</point>
		<point>
			<X>403</X>
			<Y>29</Y>
		</point>
		<point>
			<X>408</X>
			<Y>30</Y>
		</point>
		<point>
			<X>408</X>
			<Y>30</Y>
		</point>
		<point>
			<X>410</X>
			<Y>30</Y>
		</point>
		<point>
			<X>410</X>
			<Y>30</Y>
		</point>
		<point>
			<X>414</X>
			<Y>33</Y>
		</point>
		<point>
			<X>414</X>
			<Y>33</Y>
		</point>
		<point>
			<X>417</X>
			<Y>34</Y>
		</point>
		<point>
			<X>417</X>
			<Y>34</Y>
		</point>
		<point>
			<X>418</X>
			<Y>34</Y>
		</point>
		<point>
			<X>418</X>
			<Y>34</Y>
		</point>
		<point>
			<X>419</X>
			<Y>34</Y>
		</point>
		<point>
			<X>419</X>
			<Y>34</Y>
		</point>
		<point>
			<X>420</X>
			<Y>35</Y>
		</point>
		<point>
			<X>420</X>
			<Y>35</Y>
		</point>
		<point>
			<X>422</X>
			<Y>36</Y>
		</point>
		<point>
			<X>422</X>
			<Y>36</Y>
		</point>
		<point>
			<X>423</X>
			<Y>37</Y>
		</point>
		<point>
			<X>423</X>
			<Y>37</Y>
		</point>
		<point>
			<X>424</X>
			<Y>38</Y>
		</point>
		<point>
			<X>424</X>
			<Y>38</Y>
		</point>
		<point>
			<X>425</X>
			<Y>40</Y>
		</point>
		<point>
			<X>425</X>
			<Y>40</Y>
		</point>
		<point>
			<X>426</X>
			<Y>42</Y>
		</point>
		<point>
			<X>426</X>
			<Y>42</Y>
		</point>
		<point>
			<X>428</X>
			<Y>42</Y>
		</point>
		<point>
			<X>428</X>
			<Y>42</Y>
		</point>
		<point>
			<X>430</X>
			<Y>45</Y>
		</point>
		<point>
			<X>430</X>
			<Y>45</Y>
		</point>
		<point>
			<X>432</X>
			<Y>47</Y>
		</point>
		<point>
			<X>432</X>
			<Y>47</Y>
		</point>
		<point>
			<X>434</X>
			<Y>48</Y>
		</point>
		<point>
			<X>434</X>
			<Y>48</Y>
		</point>
		<point>
			<X>435</X>
			<Y>50</Y>
		</point>
		<point>
			<X>435</X>
			<Y>50</Y>
		</point>
		<point>
			<X>440</X>
			<Y>51</Y>
		</point>
		<point>
			<X>440</X>
			<Y>51</Y>
		</point>
		<point>
			<X>440</X>
			<Y>53</Y>
		</point>
		<point>
			<X>440</X>
			<Y>53</Y>
		</point>
		<point>
			<X>443</X>
			<Y>54</Y>
		</point>
		<point>
			<X>443</X>
			<Y>54</Y>
		</point>
		<point>
			<X>445</X>
			<Y>55</Y>
		</point>
		<point>
			<X>445</X>
			<Y>55</Y>
		</point>
		<point>
			<X>447</X>
			<Y>55</Y>
		</point>
		<point>
			<X>447</X>
			<Y>55</Y>
		</point>
		<point>
			<X>448</X>
			<Y>56</Y>
		</point>
		<point>
			<X>448</X>
			<Y>56</Y>
		</point>
		<point>
			<X>450</X>
			<Y>56</Y>
		</point>
		<point>
			<X>450</X>
			<Y>56</Y>
		</point>
		<point>
			<X>452</X>
			<Y>56</Y>
		</point>
		<point>
			<X>452</X>
			<Y>56</Y>
		</point>
		<point>
			<X>454</X>
			<Y>56</Y>
		</point>
		<point>
			<X>454</X>
			<Y>56</Y>
		</point>
		<point>
			<X>455</X>
			<Y>56</Y>
		</point>
		<point>
			<X>455</X>
			<Y>56</Y>
		</point>
		<point>
			<X>457</X>
			<Y>56</Y>
		</point>
		<point>
			<X>457</X>
			<Y>56</Y>
		</point>
		<point>
			<X>459</X>
			<Y>56</Y>
		</point>
		<point>
			<X>459</X>
			<Y>56</Y>
		</point>
		<point>
			<X>460</X>
			<Y>58</Y>
		</point>
		<point>
			<X>460</X>
			<Y>58</Y>
		</point>
		<point>
			<X>460</X>
			<Y>58</Y>
		</point>
		<point>
			<X>460</X>
			<Y>58</Y>
		</point>
		<point>
			<X>460</X>
			<Y>58</Y>
		</point>
	</polygon>
	<polygon>
		<tag>person</tag>
		<point>
			<X>11</X>
			<Y>215</Y>
		</point>
		<point>
			<X>11</X>
			<Y>216</Y>
		</point>
		<point>
			<X>11</X>
			<Y>216</Y>
		</point>
		<point>
			<X>11</X>
			<Y>217</Y>
		</point>
		<point>
			<X>11</X>
			<Y>217</Y>
		</point>
		<point>
			<X>11</X>
			<Y>217</Y>
		</point>
		<point>
			<X>11</X>
			<Y>217</Y>
		</point>
		<point>
			<X>11</X>
			<Y>219</Y>
		</point>
		<point>
			<X>11</X>
			<Y>219</Y>
		</point>
		<point>
			<X>11</X>
			<Y>220</Y>
		</point>
		<point>
			<X>11</X>
			<Y>220</Y>
		</point>
		<point>
			<X>11</X>
			<Y>221</Y>
		</point>
		<point>
			<X>11</X>
			<Y>222</Y>
		</point>
		<point>
			<X>11</X>
			<Y>222</Y>
		</point>
		<point>
			<X>11</X>
			<Y>222</Y>
		</point>
		<point>
			<X>11</X>
			<Y>224</Y>
		</point>
		<point>
			<X>11</X>
			<Y>224</Y>
		</point>
		<point>
			<X>11</X>
			<Y>225</Y>
		</point>
		<point>
			<X>11</X>
			<Y>225</Y>
		</point>
		<point>
			<X>11</X>
			<Y>226</Y>
		</point>
		<point>
			<X>11</X>
			<Y>226</Y>
		</point>
		<point>
			<X>11</X>
			<Y>227</Y>
		</point>
		<point>
			<X>11</X>
			<Y>227</Y>
		</point>
		<point>
			<X>11</X>
			<Y>227</Y>
		</point>
		<point>
			<X>11</X>
			<Y>227</Y>
		</point>
		<point>
			<X>11</X>
			<Y>230</Y>
		</point>
		<point>
			<X>10</X>
			<Y>231</Y>
		</point>
		<point>
			<X>10</X>
			<Y>231</Y>
		</point>
		<point>
			<X>9</X>
			<Y>232</Y>
		</point>
		<point>
			<X>9</X>
			<Y>232</Y>
		</point>
		<point>
			<X>9</X>
			<Y>232</Y>
		</point>
		<point>
			<X>9</X>
			<Y>232</Y>
		</point>
		<point>
			<X>8</X>
			<Y>234</Y>
		</point>
		<point>
			<X>8</X>
			<Y>234</Y>
		</point>
		<point>
			<X>8</X>
			<Y>234</Y>
		</point>
		<point>
			<X>8</X>
			<Y>234</Y>
		</point>
		<point>
			<X>8</X>
			<Y>235</Y>
		</point>
		<point>
			<X>8</X>
			<Y>235</Y>
		</point>
		<point>
			<X>8</X>
			<Y>236</Y>
		</point>
		<point>
			<X>8</X>
			<Y>236</Y>
		</point>
		<point>
			<X>8</X>
			<Y>237</Y>
		</point>
		<point>
			<X>8</X>
			<Y>237</Y>
		</point>
		<point>
			<X>8</X>
			<Y>237</Y>
		</point>
	</polygon>
	<polygon>
		<tag>plane</tag>
		<point>
			<X>113</X>
			<Y>222</Y>
		</point>
		<point>
			<X>115</X>
			<Y>222</Y>
		</point>
		<point>
			<X>115</X>
			<Y>222</Y>
		</point>
		<point>
			<X>117</X>
			<Y>221</Y>
		</point>
		<point>
			<X>117</X>
			<Y>221</Y>
		</point>
		<point>
			<X>122</X>
			<Y>217</Y>
		</point>
		<point>
			<X>122</X>
			<Y>217</Y>
		</point>
		<point>
			<X>130</X>
			<Y>216</Y>
		</point>
		<point>
			<X>130</X>
			<Y>216</Y>
		</point>
		<point>
			<X>139</X>
			<Y>213</Y>
		</point>
		<point>
			<X>139</X>
			<Y>213</Y>
		</point>
		<point>
			<X>149</X>
			<Y>211</Y>
		</point>
		<point>
			<X>149</X>
			<Y>211</Y>
		</point>
		<point>
			<X>162</X>
			<Y>207</Y>
		</point>
		<point>
			<X>162</X>
			<Y>207</Y>
		</point>
		<point>
			<X>172</X>
			<Y>205</Y>
		</point>
		<point>
			<X>172</X>
			<Y>205</Y>
		</point>
		<point>
			<X>186</X>
			<Y>205</Y>
		</point>
		<point>
			<X>199</X>
			<Y>201</Y>
		</point>
		<point>
			<X>199</X>
			<Y>201</Y>
		</point>
		<point>
			<X>209</X>
			<Y>200</Y>
		</point>
		<point>
			<X>209</X>
			<Y>200</Y>
		</point>
		<point>
			<X>217</X>
			<Y>198</Y>
		</point>
		<point>
			<X>217</X>
			<Y>198</Y>
		</point>
		<point>
			<X>226</X>
			<Y>196</Y>
		</point>
		<point>
			<X>226</X>
			<Y>196</Y>
		</point>
		<point>
			<X>231</X>
			<Y>195</Y>
		</point>
		<point>
			<X>231</X>
			<Y>195</Y>
		</point>
		<point>
			<X>237</X>
			<Y>192</Y>
		</point>
		<point>
			<X>237</X>
			<Y>192</Y>
		</point>
		<point>
			<X>242</X>
			<Y>192</Y>
		</point>
		<point>
			<X>247</X>
			<Y>190</Y>
		</point>
		<point>
			<X>247</X>
			<Y>190</Y>
		</point>
		<point>
			<X>251</X>
			<Y>188</Y>
		</point>
		<point>
			<X>251</X>
			<Y>188</Y>
		</point>
		<point>
			<X>259</X>
			<Y>186</Y>
		</point>
		<point>
			<X>259</X>
			<Y>186</Y>
		</point>
		<point>
			<X>264</X>
			<Y>186</Y>
		</point>
		<point>
			<X>270</X>
			<Y>186</Y>
		</point>
		<point>
			<X>276</X>
			<Y>185</Y>
		</point>
		<point>
			<X>276</X>
			<Y>185</Y>
		</point>
		<point>
			<X>282</X>
			<Y>183</Y>
		</point>
		<point>
			<X>282</X>
			<Y>183</Y>
		</point>
		<point>
			<X>289</X>
			<Y>182</Y>
		</point>
		<point>
			<X>289</X>
			<Y>182</Y>
		</point>
		<point>
			<X>296</X>
			<Y>182</Y>
		</point>
		<point>
			<X>302</X>
			<Y>181</Y>
		</point>
		<point>
			<X>302</X>
			<Y>181</Y>
		</point>
		<point>
			<X>307</X>
			<Y>181</Y>
		</point>
		<point>
			<X>315</X>
			<Y>180</Y>
		</point>
		<point>
			<X>315</X>
			<Y>180</Y>
		</point>
		<point>
			<X>320</X>
			<Y>178</Y>
		</point>
		<point>
			<X>320</X>
			<Y>178</Y>
		</point>
		<point>
			<X>325</X>
			<Y>178</Y>
		</point>
		<point>
			<X>331</X>
			<Y>178</Y>
		</point>
		<point>
			<X>336</X>
			<Y>178</Y>
		</point>
		<point>
			<X>341</X>
			<Y>177</Y>
		</point>
		<point>
			<X>341</X>
			<Y>177</Y>
		</point>
		<point>
			<X>346</X>
			<Y>177</Y>
		</point>
		<point>
			<X>351</X>
			<Y>177</Y>
		</point>
		<point>
			<X>356</X>
			<Y>177</Y>
		</point>
		<point>
			<X>360</X>
			<Y>177</Y>
		</point>
		<point>
			<X>364</X>
			<Y>177</Y>
		</point>
		<point>
			<X>367</X>
			<Y>177</Y>
		</point>
		<point>
			<X>372</X>
			<Y>177</Y>
		</point>
		<point>
			<X>376</X>
			<Y>177</Y>
		</point>
		<point>
			<X>381</X>
			<Y>177</Y>
		</point>
		<point>
			<X>386</X>
			<Y>177</Y>
		</point>
		<point>
			<X>392</X>
			<Y>178</Y>
		</point>
		<point>
			<X>392</X>
			<Y>178</Y>
		</point>
		<point>
			<X>400</X>
			<Y>178</Y>
		</point>
		<point>
			<X>409</X>
			<Y>178</Y>
		</point>
		<point>
			<X>416</X>
			<Y>178</Y>
		</point>
		<point>
			<X>425</X>
			<Y>178</Y>
		</point>
		<point>
			<X>430</X>
			<Y>180</Y>
		</point>
		<point>
			<X>430</X>
			<Y>180</Y>
		</point>
		<point>
			<X>437</X>
			<Y>180</Y>
		</point>
		<point>
			<X>442</X>
			<Y>180</Y>
		</point>
		<point>
			<X>445</X>
			<Y>180</Y>
		</point>
		<point>
			<X>450</X>
			<Y>180</Y>
		</point>
		<point>
			<X>454</X>
			<Y>180</Y>
		</point>
		<point>
			<X>455</X>
			<Y>180</Y>
		</point>
		<point>
			<X>457</X>
			<Y>180</Y>
		</point>
		<point>
			<X>460</X>
			<Y>180</Y>
		</point>
		<point>
			<X>460</X>
			<Y>180</Y>
		</point>
	</polygon>
</annotation>