<annotation>
	<folder>anno</folder>
	<filename>2009_000712.jpg</filename>
	<source>
		<database>The anno Database</database>
		<annotation>VC anno</annotation>
		<image>Unknow</image>
		<flickrid>Unknow</flickrid>
	</source>
	<owner>
		<flickrid>Unknow</flickrid>
		<name>Unknow</name>
	</owner>
	<size>
		<width>500</width>
		<height>356</height>
		<depth>3</depth>
	</size>
	<segmented>1</segmented>
	<polygon>
		<tag>train</tag>
		<point>
			<X>11</X>
			<Y>148</Y>
		</point>
		<point>
			<X>11</X>
			<Y>150</Y>
		</point>
		<point>
			<X>11</X>
			<Y>150</Y>
		</point>
		<point>
			<X>12</X>
			<Y>151</Y>
		</point>
		<point>
			<X>12</X>
			<Y>151</Y>
		</point>
		<point>
			<X>12</X>
			<Y>152</Y>
		</point>
		<point>
			<X>12</X>
			<Y>152</Y>
		</point>
		<point>
			<X>15</X>
			<Y>155</Y>
		</point>
		<point>
			<X>15</X>
			<Y>155</Y>
		</point>
		<point>
			<X>17</X>
			<Y>157</Y>
		</point>
		<point>
			<X>17</X>
			<Y>157</Y>
		</point>
		<point>
			<X>19</X>
			<Y>160</Y>
		</point>
		<point>
			<X>19</X>
			<Y>160</Y>
		</point>
		<point>
			<X>21</X>
			<Y>161</Y>
		</point>
		<point>
			<X>21</X>
			<Y>161</Y>
		</point>
		<point>
			<X>24</X>
			<Y>165</Y>
		</point>
		<point>
			<X>24</X>
			<Y>165</Y>
		</point>
		<point>
			<X>25</X>
			<Y>166</Y>
		</point>
		<point>
			<X>25</X>
			<Y>166</Y>
		</point>
		<point>
			<X>26</X>
			<Y>171</Y>
		</point>
		<point>
			<X>26</X>
			<Y>171</Y>
		</point>
		<point>
			<X>27</X>
			<Y>175</Y>
		</point>
		<point>
			<X>27</X>
			<Y>175</Y>
		</point>
		<point>
			<X>29</X>
			<Y>178</Y>
		</point>
		<point>
			<X>29</X>
			<Y>178</Y>
		</point>
		<point>
			<X>30</X>
			<Y>181</Y>
		</point>
		<point>
			<X>30</X>
			<Y>181</Y>
		</point>
		<point>
			<X>30</X>
			<Y>185</Y>
		</point>
		<point>
			<X>30</X>
			<Y>185</Y>
		</point>
		<point>
			<X>34</X>
			<Y>190</Y>
		</point>
		<point>
			<X>34</X>
			<Y>190</Y>
		</point>
		<point>
			<X>34</X>
			<Y>193</Y>
		</point>
		<point>
			<X>34</X>
			<Y>193</Y>
		</point>
		<point>
			<X>34</X>
			<Y>195</Y>
		</point>
		<point>
			<X>34</X>
			<Y>195</Y>
		</point>
		<point>
			<X>34</X>
			<Y>196</Y>
		</point>
		<point>
			<X>34</X>
			<Y>196</Y>
		</point>
		<point>
			<X>35</X>
			<Y>198</Y>
		</point>
		<point>
			<X>35</X>
			<Y>198</Y>
		</point>
		<point>
			<X>37</X>
			<Y>201</Y>
		</point>
		<point>
			<X>37</X>
			<Y>201</Y>
		</point>
		<point>
			<X>37</X>
			<Y>202</Y>
		</point>
		<point>
			<X>37</X>
			<Y>202</Y>
		</point>
		<point>
			<X>37</X>
			<Y>203</Y>
		</point>
		<point>
			<X>37</X>
			<Y>203</Y>
		</point>
		<point>
			<X>41</X>
			<Y>207</Y>
		</point>
		<point>
			<X>41</X>
			<Y>207</Y>
		</point>
		<point>
			<X>42</X>
			<Y>210</Y>
		</point>
		<point>
			<X>42</X>
			<Y>210</Y>
		</point>
		<point>
			<X>44</X>
			<Y>211</Y>
		</point>
		<point>
			<X>44</X>
			<Y>211</Y>
		</point>
		<point>
			<X>46</X>
			<Y>215</Y>
		</point>
		<point>
			<X>46</X>
			<Y>215</Y>
		</point>
		<point>
			<X>47</X>
			<Y>216</Y>
		</point>
		<point>
			<X>47</X>
			<Y>216</Y>
		</point>
		<point>
			<X>49</X>
			<Y>217</Y>
		</point>
		<point>
			<X>49</X>
			<Y>217</Y>
		</point>
		<point>
			<X>51</X>
			<Y>221</Y>
		</point>
		<point>
			<X>51</X>
			<Y>221</Y>
		</point>
		<point>
			<X>52</X>
			<Y>225</Y>
		</point>
		<point>
			<X>52</X>
			<Y>225</Y>
		</point>
		<point>
			<X>56</X>
			<Y>227</Y>
		</point>
		<point>
			<X>56</X>
			<Y>227</Y>
		</point>
		<point>
			<X>59</X>
			<Y>230</Y>
		</point>
		<point>
			<X>59</X>
			<Y>230</Y>
		</point>
		<point>
			<X>61</X>
			<Y>232</Y>
		</point>
		<point>
			<X>61</X>
			<Y>232</Y>
		</point>
		<point>
			<X>61</X>
			<Y>232</Y>
		</point>
		<point>
			<X>61</X>
			<Y>232</Y>
		</point>
		<point>
			<X>67</X>
			<Y>236</Y>
		</point>
		<point>
			<X>67</X>
			<Y>236</Y>
		</point>
		<point>
			<X>70</X>
			<Y>237</Y>
		</point>
		<point>
			<X>70</X>
			<Y>237</Y>
		</point>
		<point>
			<X>72</X>
			<Y>241</Y>
		</point>
		<point>
			<X>72</X>
			<Y>241</Y>
		</point>
		<point>
			<X>75</X>
			<Y>241</Y>
		</point>
		<point>
			<X>75</X>
			<Y>241</Y>
		</point>
		<point>
			<X>79</X>
			<Y>245</Y>
		</point>
		<point>
			<X>79</X>
			<Y>245</Y>
		</point>
		<point>
			<X>84</X>
			<Y>247</Y>
		</point>
		<point>
			<X>84</X>
			<Y>247</Y>
		</point>
		<point>
			<X>89</X>
			<Y>250</Y>
		</point>
		<point>
			<X>89</X>
			<Y>250</Y>
		</point>
		<point>
			<X>96</X>
			<Y>252</Y>
		</point>
		<point>
			<X>96</X>
			<Y>252</Y>
		</point>
		<point>
			<X>104</X>
			<Y>255</Y>
		</point>
		<point>
			<X>104</X>
			<Y>255</Y>
		</point>
		<point>
			<X>113</X>
			<Y>257</Y>
		</point>
		<point>
			<X>113</X>
			<Y>257</Y>
		</point>
		<point>
			<X>120</X>
			<Y>257</Y>
		</point>
		<point>
			<X>120</X>
			<Y>257</Y>
		</point>
		<point>
			<X>129</X>
			<Y>257</Y>
		</point>
		<point>
			<X>129</X>
			<Y>257</Y>
		</point>
		<point>
			<X>135</X>
			<Y>258</Y>
		</point>
		<point>
			<X>135</X>
			<Y>258</Y>
		</point>
		<point>
			<X>137</X>
			<Y>258</Y>
		</point>
		<point>
			<X>137</X>
			<Y>258</Y>
		</point>
		<point>
			<X>139</X>
			<Y>258</Y>
		</point>
		<point>
			<X>139</X>
			<Y>258</Y>
		</point>
		<point>
			<X>140</X>
			<Y>258</Y>
		</point>
		<point>
			<X>140</X>
			<Y>258</Y>
		</point>
		<point>
			<X>142</X>
			<Y>258</Y>
		</point>
		<point>
			<X>142</X>
			<Y>258</Y>
		</point>
		<point>
			<X>144</X>
			<Y>258</Y>
		</point>
		<point>
			<X>144</X>
			<Y>258</Y>
		</point>
		<point>
			<X>145</X>
			<Y>258</Y>
		</point>
		<point>
			<X>145</X>
			<Y>258</Y>
		</point>
		<point>
			<X>149</X>
			<Y>260</Y>
		</point>
		<point>
			<X>149</X>
			<Y>260</Y>
		</point>
		<point>
			<X>150</X>
			<Y>261</Y>
		</point>
		<point>
			<X>150</X>
			<Y>261</Y>
		</point>
		<point>
			<X>152</X>
			<Y>261</Y>
		</point>
		<point>
			<X>152</X>
			<Y>261</Y>
		</point>
		<point>
			<X>155</X>
			<Y>261</Y>
		</point>
		<point>
			<X>155</X>
			<Y>261</Y>
		</point>
		<point>
			<X>159</X>
			<Y>261</Y>
		</point>
		<point>
			<X>159</X>
			<Y>261</Y>
		</point>
		<point>
			<X>161</X>
			<Y>261</Y>
		</point>
		<point>
			<X>165</X>
			<Y>261</Y>
		</point>
		<point>
			<X>169</X>
			<Y>261</Y>
		</point>
		<point>
			<X>171</X>
			<Y>261</Y>
		</point>
		<point>
			<X>171</X>
			<Y>261</Y>
		</point>
		<point>
			<X>174</X>
			<Y>261</Y>
		</point>
		<point>
			<X>176</X>
			<Y>257</Y>
		</point>
		<point>
			<X>176</X>
			<Y>257</Y>
		</point>
		<point>
			<X>179</X>
			<Y>257</Y>
		</point>
		<point>
			<X>179</X>
			<Y>257</Y>
		</point>
		<point>
			<X>181</X>
			<Y>255</Y>
		</point>
		<point>
			<X>181</X>
			<Y>255</Y>
		</point>
		<point>
			<X>186</X>
			<Y>252</Y>
		</point>
		<point>
			<X>186</X>
			<Y>252</Y>
		</point>
		<point>
			<X>189</X>
			<Y>252</Y>
		</point>
		<point>
			<X>194</X>
			<Y>250</Y>
		</point>
		<point>
			<X>194</X>
			<Y>250</Y>
		</point>
		<point>
			<X>201</X>
			<Y>246</Y>
		</point>
		<point>
			<X>201</X>
			<Y>246</Y>
		</point>
		<point>
			<X>205</X>
			<Y>245</Y>
		</point>
		<point>
			<X>205</X>
			<Y>245</Y>
		</point>
		<point>
			<X>212</X>
			<Y>242</Y>
		</point>
		<point>
			<X>212</X>
			<Y>242</Y>
		</point>
		<point>
			<X>217</X>
			<Y>241</Y>
		</point>
		<point>
			<X>217</X>
			<Y>241</Y>
		</point>
		<point>
			<X>224</X>
			<Y>237</Y>
		</point>
		<point>
			<X>224</X>
			<Y>237</Y>
		</point>
		<point>
			<X>227</X>
			<Y>236</Y>
		</point>
		<point>
			<X>227</X>
			<Y>236</Y>
		</point>
		<point>
			<X>230</X>
			<Y>235</Y>
		</point>
		<point>
			<X>230</X>
			<Y>235</Y>
		</point>
		<point>
			<X>232</X>
			<Y>235</Y>
		</point>
		<point>
			<X>237</X>
			<Y>232</Y>
		</point>
		<point>
			<X>237</X>
			<Y>232</Y>
		</point>
		<point>
			<X>240</X>
			<Y>232</Y>
		</point>
		<point>
			<X>240</X>
			<Y>232</Y>
		</point>
		<point>
			<X>242</X>
			<Y>230</Y>
		</point>
		<point>
			<X>242</X>
			<Y>230</Y>
		</point>
		<point>
			<X>244</X>
			<Y>230</Y>
		</point>
		<point>
			<X>244</X>
			<Y>230</Y>
		</point>
		<point>
			<X>249</X>
			<Y>227</Y>
		</point>
		<point>
			<X>249</X>
			<Y>227</Y>
		</point>
		<point>
			<X>250</X>
			<Y>226</Y>
		</point>
		<point>
			<X>250</X>
			<Y>226</Y>
		</point>
		<point>
			<X>254</X>
			<Y>222</Y>
		</point>
		<point>
			<X>254</X>
			<Y>222</Y>
		</point>
		<point>
			<X>256</X>
			<Y>222</Y>
		</point>
		<point>
			<X>256</X>
			<Y>222</Y>
		</point>
		<point>
			<X>259</X>
			<Y>220</Y>
		</point>
		<point>
			<X>259</X>
			<Y>220</Y>
		</point>
		<point>
			<X>261</X>
			<Y>217</Y>
		</point>
		<point>
			<X>261</X>
			<Y>217</Y>
		</point>
		<point>
			<X>264</X>
			<Y>216</Y>
		</point>
		<point>
			<X>264</X>
			<Y>216</Y>
		</point>
		<point>
			<X>266</X>
			<Y>213</Y>
		</point>
		<point>
			<X>266</X>
			<Y>213</Y>
		</point>
		<point>
			<X>267</X>
			<Y>213</Y>
		</point>
		<point>
			<X>267</X>
			<Y>213</Y>
		</point>
		<point>
			<X>270</X>
			<Y>211</Y>
		</point>
		<point>
			<X>270</X>
			<Y>211</Y>
		</point>
		<point>
			<X>272</X>
			<Y>211</Y>
		</point>
		<point>
			<X>275</X>
			<Y>208</Y>
		</point>
		<point>
			<X>275</X>
			<Y>208</Y>
		</point>
		<point>
			<X>277</X>
			<Y>207</Y>
		</point>
		<point>
			<X>277</X>
			<Y>207</Y>
		</point>
		<point>
			<X>280</X>
			<Y>207</Y>
		</point>
		<point>
			<X>284</X>
			<Y>207</Y>
		</point>
		<point>
			<X>286</X>
			<Y>207</Y>
		</point>
		<point>
			<X>289</X>
			<Y>206</Y>
		</point>
		<point>
			<X>289</X>
			<Y>206</Y>
		</point>
		<point>
			<X>292</X>
			<Y>206</Y>
		</point>
		<point>
			<X>295</X>
			<Y>205</Y>
		</point>
		<point>
			<X>295</X>
			<Y>205</Y>
		</point>
		<point>
			<X>296</X>
			<Y>205</Y>
		</point>
		<point>
			<X>299</X>
			<Y>205</Y>
		</point>
		<point>
			<X>300</X>
			<Y>205</Y>
		</point>
		<point>
			<X>301</X>
			<Y>205</Y>
		</point>
		<point>
			<X>302</X>
			<Y>205</Y>
		</point>
		<point>
			<X>304</X>
			<Y>205</Y>
		</point>
		<point>
			<X>305</X>
			<Y>205</Y>
		</point>
		<point>
			<X>306</X>
			<Y>205</Y>
		</point>
		<point>
			<X>306</X>
			<Y>206</Y>
		</point>
		<point>
			<X>306</X>
			<Y>206</Y>
		</point>
		<point>
			<X>306</X>
			<Y>208</Y>
		</point>
		<point>
			<X>306</X>
			<Y>208</Y>
		</point>
		<point>
			<X>307</X>
			<Y>210</Y>
		</point>
		<point>
			<X>307</X>
			<Y>210</Y>
		</point>
		<point>
			<X>307</X>
			<Y>211</Y>
		</point>
		<point>
			<X>307</X>
			<Y>211</Y>
		</point>
		<point>
			<X>309</X>
			<Y>215</Y>
		</point>
		<point>
			<X>309</X>
			<Y>215</Y>
		</point>
		<point>
			<X>309</X>
			<Y>217</Y>
		</point>
		<point>
			<X>309</X>
			<Y>217</Y>
		</point>
		<point>
			<X>309</X>
			<Y>221</Y>
		</point>
		<point>
			<X>309</X>
			<Y>221</Y>
		</point>
		<point>
			<X>309</X>
			<Y>225</Y>
		</point>
		<point>
			<X>309</X>
			<Y>225</Y>
		</point>
		<point>
			<X>311</X>
			<Y>227</Y>
		</point>
		<point>
			<X>311</X>
			<Y>227</Y>
		</point>
		<point>
			<X>311</X>
			<Y>232</Y>
		</point>
		<point>
			<X>311</X>
			<Y>232</Y>
		</point>
		<point>
			<X>311</X>
			<Y>232</Y>
		</point>
		<point>
			<X>311</X>
			<Y>232</Y>
		</point>
		<point>
			<X>311</X>
			<Y>236</Y>
		</point>
		<point>
			<X>311</X>
			<Y>236</Y>
		</point>
		<point>
			<X>311</X>
			<Y>237</Y>
		</point>
		<point>
			<X>311</X>
			<Y>237</Y>
		</point>
		<point>
			<X>311</X>
			<Y>240</Y>
		</point>
		<point>
			<X>311</X>
			<Y>240</Y>
		</point>
		<point>
			<X>311</X>
			<Y>242</Y>
		</point>
		<point>
			<X>311</X>
			<Y>242</Y>
		</point>
		<point>
			<X>311</X>
			<Y>242</Y>
		</point>
		<point>
			<X>311</X>
			<Y>242</Y>
		</point>
		<point>
			<X>311</X>
			<Y>245</Y>
		</point>
		<point>
			<X>311</X>
			<Y>245</Y>
		</point>
		<point>
			<X>311</X>
			<Y>247</Y>
		</point>
		<point>
			<X>311</X>
			<Y>247</Y>
		</point>
		<point>
			<X>311</X>
			<Y>247</Y>
		</point>
		<point>
			<X>311</X>
			<Y>247</Y>
		</point>
		<point>
			<X>311</X>
			<Y>250</Y>
		</point>
		<point>
			<X>311</X>
			<Y>250</Y>
		</point>
		<point>
			<X>311</X>
			<Y>251</Y>
		</point>
		<point>
			<X>311</X>
			<Y>251</Y>
		</point>
		<point>
			<X>311</X>
			<Y>252</Y>
		</point>
		<point>
			<X>311</X>
			<Y>252</Y>
		</point>
		<point>
			<X>311</X>
			<Y>255</Y>
		</point>
		<point>
			<X>311</X>
			<Y>255</Y>
		</point>
		<point>
			<X>311</X>
			<Y>256</Y>
		</point>
		<point>
			<X>311</X>
			<Y>256</Y>
		</point>
		<point>
			<X>311</X>
			<Y>257</Y>
		</point>
		<point>
			<X>311</X>
			<Y>257</Y>
		</point>
		<point>
			<X>311</X>
			<Y>258</Y>
		</point>
		<point>
			<X>311</X>
			<Y>258</Y>
		</point>
		<point>
			<X>311</X>
			<Y>260</Y>
		</point>
		<point>
			<X>311</X>
			<Y>260</Y>
		</point>
		<point>
			<X>311</X>
			<Y>261</Y>
		</point>
		<point>
			<X>311</X>
			<Y>261</Y>
		</point>
		<point>
			<X>311</X>
			<Y>262</Y>
		</point>
		<point>
			<X>311</X>
			<Y>262</Y>
		</point>
		<point>
			<X>311</X>
			<Y>263</Y>
		</point>
		<point>
			<X>311</X>
			<Y>263</Y>
		</point>
		<point>
			<X>311</X>
			<Y>265</Y>
		</point>
		<point>
			<X>311</X>
			<Y>265</Y>
		</point>
		<point>
			<X>310</X>
			<Y>266</Y>
		</point>
		<point>
			<X>310</X>
			<Y>266</Y>
		</point>
		<point>
			<X>310</X>
			<Y>267</Y>
		</point>
		<point>
			<X>310</X>
			<Y>267</Y>
		</point>
		<point>
			<X>309</X>
			<Y>268</Y>
		</point>
		<point>
			<X>309</X>
			<Y>268</Y>
		</point>
		<point>
			<X>309</X>
			<Y>270</Y>
		</point>
		<point>
			<X>309</X>
			<Y>270</Y>
		</point>
		<point>
			<X>309</X>
			<Y>271</Y>
		</point>
		<point>
			<X>309</X>
			<Y>271</Y>
		</point>
		<point>
			<X>306</X>
			<Y>271</Y>
		</point>
		<point>
			<X>306</X>
			<Y>271</Y>
		</point>
		<point>
			<X>305</X>
			<Y>272</Y>
		</point>
		<point>
			<X>305</X>
			<Y>272</Y>
		</point>
		<point>
			<X>302</X>
			<Y>272</Y>
		</point>
		<point>
			<X>302</X>
			<Y>272</Y>
		</point>
		<point>
			<X>301</X>
			<Y>272</Y>
		</point>
		<point>
			<X>301</X>
			<Y>272</Y>
		</point>
		<point>
			<X>297</X>
			<Y>272</Y>
		</point>
		<point>
			<X>297</X>
			<Y>272</Y>
		</point>
		<point>
			<X>296</X>
			<Y>272</Y>
		</point>
		<point>
			<X>296</X>
			<Y>272</Y>
		</point>
	</polygon>
	<polygon>
		<tag>background</tag>
		<point>
			<X>7</X>
			<Y>52</Y>
		</point>
		<point>
			<X>11</X>
			<Y>52</Y>
		</point>
		<point>
			<X>17</X>
			<Y>52</Y>
		</point>
		<point>
			<X>25</X>
			<Y>52</Y>
		</point>
		<point>
			<X>35</X>
			<Y>52</Y>
		</point>
		<point>
			<X>45</X>
			<Y>52</Y>
		</point>
		<point>
			<X>45</X>
			<Y>52</Y>
		</point>
		<point>
			<X>54</X>
			<Y>52</Y>
		</point>
		<point>
			<X>54</X>
			<Y>52</Y>
		</point>
		<point>
			<X>84</X>
			<Y>52</Y>
		</point>
		<point>
			<X>84</X>
			<Y>52</Y>
		</point>
		<point>
			<X>96</X>
			<Y>52</Y>
		</point>
		<point>
			<X>96</X>
			<Y>52</Y>
		</point>
		<point>
			<X>115</X>
			<Y>52</Y>
		</point>
		<point>
			<X>115</X>
			<Y>52</Y>
		</point>
		<point>
			<X>132</X>
			<Y>52</Y>
		</point>
		<point>
			<X>132</X>
			<Y>52</Y>
		</point>
		<point>
			<X>154</X>
			<Y>52</Y>
		</point>
		<point>
			<X>154</X>
			<Y>52</Y>
		</point>
		<point>
			<X>170</X>
			<Y>52</Y>
		</point>
		<point>
			<X>186</X>
			<Y>52</Y>
		</point>
		<point>
			<X>201</X>
			<Y>52</Y>
		</point>
		<point>
			<X>215</X>
			<Y>52</Y>
		</point>
		<point>
			<X>226</X>
			<Y>52</Y>
		</point>
		<point>
			<X>235</X>
			<Y>52</Y>
		</point>
		<point>
			<X>246</X>
			<Y>52</Y>
		</point>
		<point>
			<X>256</X>
			<Y>52</Y>
		</point>
		<point>
			<X>265</X>
			<Y>52</Y>
		</point>
		<point>
			<X>275</X>
			<Y>52</Y>
		</point>
		<point>
			<X>284</X>
			<Y>52</Y>
		</point>
		<point>
			<X>294</X>
			<Y>52</Y>
		</point>
		<point>
			<X>301</X>
			<Y>52</Y>
		</point>
		<point>
			<X>312</X>
			<Y>55</Y>
		</point>
		<point>
			<X>312</X>
			<Y>55</Y>
		</point>
		<point>
			<X>321</X>
			<Y>56</Y>
		</point>
		<point>
			<X>321</X>
			<Y>56</Y>
		</point>
		<point>
			<X>328</X>
			<Y>56</Y>
		</point>
		<point>
			<X>337</X>
			<Y>58</Y>
		</point>
		<point>
			<X>337</X>
			<Y>58</Y>
		</point>
		<point>
			<X>346</X>
			<Y>60</Y>
		</point>
		<point>
			<X>346</X>
			<Y>60</Y>
		</point>
		<point>
			<X>353</X>
			<Y>60</Y>
		</point>
		<point>
			<X>363</X>
			<Y>61</Y>
		</point>
		<point>
			<X>363</X>
			<Y>61</Y>
		</point>
		<point>
			<X>372</X>
			<Y>63</Y>
		</point>
		<point>
			<X>372</X>
			<Y>63</Y>
		</point>
		<point>
			<X>378</X>
			<Y>63</Y>
		</point>
		<point>
			<X>385</X>
			<Y>65</Y>
		</point>
		<point>
			<X>385</X>
			<Y>65</Y>
		</point>
		<point>
			<X>389</X>
			<Y>65</Y>
		</point>
		<point>
			<X>394</X>
			<Y>66</Y>
		</point>
		<point>
			<X>394</X>
			<Y>66</Y>
		</point>
		<point>
			<X>397</X>
			<Y>66</Y>
		</point>
		<point>
			<X>402</X>
			<Y>68</Y>
		</point>
		<point>
			<X>402</X>
			<Y>68</Y>
		</point>
		<point>
			<X>407</X>
			<Y>70</Y>
		</point>
		<point>
			<X>407</X>
			<Y>70</Y>
		</point>
		<point>
			<X>414</X>
			<Y>72</Y>
		</point>
		<point>
			<X>414</X>
			<Y>72</Y>
		</point>
		<point>
			<X>421</X>
			<Y>73</Y>
		</point>
		<point>
			<X>421</X>
			<Y>73</Y>
		</point>
		<point>
			<X>427</X>
			<Y>75</Y>
		</point>
		<point>
			<X>427</X>
			<Y>75</Y>
		</point>
		<point>
			<X>430</X>
			<Y>76</Y>
		</point>
		<point>
			<X>430</X>
			<Y>76</Y>
		</point>
		<point>
			<X>435</X>
			<Y>78</Y>
		</point>
		<point>
			<X>435</X>
			<Y>78</Y>
		</point>
		<point>
			<X>435</X>
			<Y>80</Y>
		</point>
		<point>
			<X>435</X>
			<Y>80</Y>
		</point>
		<point>
			<X>437</X>
			<Y>80</Y>
		</point>
		<point>
			<X>437</X>
			<Y>80</Y>
		</point>
		<point>
			<X>437</X>
			<Y>80</Y>
		</point>
		<point>
			<X>439</X>
			<Y>80</Y>
		</point>
		<point>
			<X>440</X>
			<Y>85</Y>
		</point>
		<point>
			<X>440</X>
			<Y>85</Y>
		</point>
		<point>
			<X>442</X>
			<Y>85</Y>
		</point>
		<point>
			<X>442</X>
			<Y>85</Y>
		</point>
		<point>
			<X>444</X>
			<Y>88</Y>
		</point>
		<point>
			<X>444</X>
			<Y>88</Y>
		</point>
		<point>
			<X>444</X>
			<Y>90</Y>
		</point>
		<point>
			<X>444</X>
			<Y>90</Y>
		</point>
		<point>
			<X>444</X>
			<Y>93</Y>
		</point>
		<point>
			<X>444</X>
			<Y>93</Y>
		</point>
		<point>
			<X>445</X>
			<Y>96</Y>
		</point>
		<point>
			<X>445</X>
			<Y>96</Y>
		</point>
		<point>
			<X>445</X>
			<Y>100</Y>
		</point>
		<point>
			<X>445</X>
			<Y>100</Y>
		</point>
		<point>
			<X>447</X>
			<Y>106</Y>
		</point>
		<point>
			<X>447</X>
			<Y>106</Y>
		</point>
		<point>
			<X>447</X>
			<Y>112</Y>
		</point>
		<point>
			<X>447</X>
			<Y>112</Y>
		</point>
		<point>
			<X>450</X>
			<Y>118</Y>
		</point>
		<point>
			<X>450</X>
			<Y>118</Y>
		</point>
		<point>
			<X>450</X>
			<Y>123</Y>
		</point>
		<point>
			<X>450</X>
			<Y>123</Y>
		</point>
		<point>
			<X>450</X>
			<Y>130</Y>
		</point>
		<point>
			<X>450</X>
			<Y>130</Y>
		</point>
		<point>
			<X>450</X>
			<Y>133</Y>
		</point>
		<point>
			<X>450</X>
			<Y>133</Y>
		</point>
		<point>
			<X>450</X>
			<Y>137</Y>
		</point>
		<point>
			<X>450</X>
			<Y>137</Y>
		</point>
		<point>
			<X>454</X>
			<Y>145</Y>
		</point>
		<point>
			<X>454</X>
			<Y>145</Y>
		</point>
		<point>
			<X>454</X>
			<Y>147</Y>
		</point>
		<point>
			<X>454</X>
			<Y>147</Y>
		</point>
		<point>
			<X>454</X>
			<Y>152</Y>
		</point>
		<point>
			<X>454</X>
			<Y>152</Y>
		</point>
		<point>
			<X>454</X>
			<Y>157</Y>
		</point>
		<point>
			<X>454</X>
			<Y>157</Y>
		</point>
		<point>
			<X>454</X>
			<Y>163</Y>
		</point>
		<point>
			<X>454</X>
			<Y>163</Y>
		</point>
		<point>
			<X>454</X>
			<Y>168</Y>
		</point>
		<point>
			<X>454</X>
			<Y>168</Y>
		</point>
		<point>
			<X>454</X>
			<Y>176</Y>
		</point>
		<point>
			<X>454</X>
			<Y>176</Y>
		</point>
		<point>
			<X>454</X>
			<Y>185</Y>
		</point>
		<point>
			<X>454</X>
			<Y>185</Y>
		</point>
		<point>
			<X>454</X>
			<Y>192</Y>
		</point>
		<point>
			<X>454</X>
			<Y>192</Y>
		</point>
		<point>
			<X>454</X>
			<Y>201</Y>
		</point>
		<point>
			<X>454</X>
			<Y>201</Y>
		</point>
		<point>
			<X>454</X>
			<Y>216</Y>
		</point>
		<point>
			<X>454</X>
			<Y>216</Y>
		</point>
		<point>
			<X>454</X>
			<Y>222</Y>
		</point>
		<point>
			<X>454</X>
			<Y>222</Y>
		</point>
		<point>
			<X>454</X>
			<Y>227</Y>
		</point>
		<point>
			<X>454</X>
			<Y>227</Y>
		</point>
		<point>
			<X>450</X>
			<Y>232</Y>
		</point>
		<point>
			<X>450</X>
			<Y>232</Y>
		</point>
		<point>
			<X>447</X>
			<Y>237</Y>
		</point>
		<point>
			<X>447</X>
			<Y>237</Y>
		</point>
		<point>
			<X>445</X>
			<Y>240</Y>
		</point>
		<point>
			<X>445</X>
			<Y>240</Y>
		</point>
		<point>
			<X>445</X>
			<Y>242</Y>
		</point>
		<point>
			<X>445</X>
			<Y>242</Y>
		</point>
		<point>
			<X>440</X>
			<Y>246</Y>
		</point>
		<point>
			<X>440</X>
			<Y>246</Y>
		</point>
		<point>
			<X>437</X>
			<Y>247</Y>
		</point>
		<point>
			<X>437</X>
			<Y>247</Y>
		</point>
		<point>
			<X>435</X>
			<Y>252</Y>
		</point>
		<point>
			<X>435</X>
			<Y>252</Y>
		</point>
		<point>
			<X>429</X>
			<Y>257</Y>
		</point>
		<point>
			<X>429</X>
			<Y>257</Y>
		</point>
		<point>
			<X>426</X>
			<Y>262</Y>
		</point>
		<point>
			<X>426</X>
			<Y>262</Y>
		</point>
		<point>
			<X>420</X>
			<Y>266</Y>
		</point>
		<point>
			<X>420</X>
			<Y>266</Y>
		</point>
		<point>
			<X>412</X>
			<Y>271</Y>
		</point>
		<point>
			<X>412</X>
			<Y>271</Y>
		</point>
		<point>
			<X>406</X>
			<Y>275</Y>
		</point>
		<point>
			<X>406</X>
			<Y>275</Y>
		</point>
		<point>
			<X>397</X>
			<Y>285</Y>
		</point>
		<point>
			<X>397</X>
			<Y>285</Y>
		</point>
		<point>
			<X>389</X>
			<Y>291</Y>
		</point>
		<point>
			<X>389</X>
			<Y>291</Y>
		</point>
		<point>
			<X>385</X>
			<Y>295</Y>
		</point>
		<point>
			<X>385</X>
			<Y>295</Y>
		</point>
		<point>
			<X>372</X>
			<Y>305</Y>
		</point>
		<point>
			<X>372</X>
			<Y>305</Y>
		</point>
		<point>
			<X>361</X>
			<Y>312</Y>
		</point>
		<point>
			<X>361</X>
			<Y>312</Y>
		</point>
		<point>
			<X>357</X>
			<Y>313</Y>
		</point>
		<point>
			<X>357</X>
			<Y>313</Y>
		</point>
		<point>
			<X>351</X>
			<Y>316</Y>
		</point>
		<point>
			<X>351</X>
			<Y>316</Y>
		</point>
		<point>
			<X>348</X>
			<Y>322</Y>
		</point>
		<point>
			<X>348</X>
			<Y>322</Y>
		</point>
		<point>
			<X>345</X>
			<Y>330</Y>
		</point>
		<point>
			<X>345</X>
			<Y>330</Y>
		</point>
		<point>
			<X>345</X>
			<Y>332</Y>
		</point>
		<point>
			<X>345</X>
			<Y>332</Y>
		</point>
		<point>
			<X>341</X>
			<Y>338</Y>
		</point>
		<point>
			<X>341</X>
			<Y>338</Y>
		</point>
		<point>
			<X>337</X>
			<Y>343</Y>
		</point>
		<point>
			<X>337</X>
			<Y>343</Y>
		</point>
		<point>
			<X>328</X>
			<Y>346</Y>
		</point>
		<point>
			<X>328</X>
			<Y>346</Y>
		</point>
		<point>
			<X>322</X>
			<Y>346</Y>
		</point>
		<point>
			<X>322</X>
			<Y>346</Y>
		</point>
		<point>
			<X>319</X>
			<Y>350</Y>
		</point>
		<point>
			<X>319</X>
			<Y>350</Y>
		</point>
		<point>
			<X>316</X>
			<Y>350</Y>
		</point>
		<point>
			<X>316</X>
			<Y>350</Y>
		</point>
		<point>
			<X>311</X>
			<Y>350</Y>
		</point>
		<point>
			<X>311</X>
			<Y>350</Y>
		</point>
		<point>
			<X>295</X>
			<Y>353</Y>
		</point>
		<point>
			<X>295</X>
			<Y>353</Y>
		</point>
		<point>
			<X>282</X>
			<Y>355</Y>
		</point>
		<point>
			<X>282</X>
			<Y>355</Y>
		</point>
	</polygon>
	<polygon>
		<tag>background</tag>
		<point>
			<X>14</X>
			<Y>323</Y>
		</point>
		<point>
			<X>14</X>
			<Y>325</Y>
		</point>
		<point>
			<X>14</X>
			<Y>325</Y>
		</point>
		<point>
			<X>16</X>
			<Y>326</Y>
		</point>
		<point>
			<X>16</X>
			<Y>326</Y>
		</point>
		<point>
			<X>20</X>
			<Y>327</Y>
		</point>
		<point>
			<X>20</X>
			<Y>327</Y>
		</point>
		<point>
			<X>25</X>
			<Y>328</Y>
		</point>
		<point>
			<X>25</X>
			<Y>328</Y>
		</point>
		<point>
			<X>35</X>
			<Y>328</Y>
		</point>
		<point>
			<X>46</X>
			<Y>330</Y>
		</point>
		<point>
			<X>46</X>
			<Y>330</Y>
		</point>
		<point>
			<X>59</X>
			<Y>330</Y>
		</point>
		<point>
			<X>59</X>
			<Y>330</Y>
		</point>
		<point>
			<X>71</X>
			<Y>331</Y>
		</point>
		<point>
			<X>71</X>
			<Y>331</Y>
		</point>
		<point>
			<X>85</X>
			<Y>331</Y>
		</point>
		<point>
			<X>85</X>
			<Y>331</Y>
		</point>
		<point>
			<X>99</X>
			<Y>331</Y>
		</point>
		<point>
			<X>99</X>
			<Y>331</Y>
		</point>
		<point>
			<X>110</X>
			<Y>331</Y>
		</point>
		<point>
			<X>110</X>
			<Y>331</Y>
		</point>
		<point>
			<X>121</X>
			<Y>331</Y>
		</point>
		<point>
			<X>121</X>
			<Y>331</Y>
		</point>
		<point>
			<X>131</X>
			<Y>331</Y>
		</point>
		<point>
			<X>131</X>
			<Y>331</Y>
		</point>
		<point>
			<X>139</X>
			<Y>331</Y>
		</point>
		<point>
			<X>139</X>
			<Y>331</Y>
		</point>
		<point>
			<X>144</X>
			<Y>330</Y>
		</point>
		<point>
			<X>144</X>
			<Y>330</Y>
		</point>
		<point>
			<X>147</X>
			<Y>330</Y>
		</point>
		<point>
			<X>147</X>
			<Y>330</Y>
		</point>
		<point>
			<X>152</X>
			<Y>330</Y>
		</point>
		<point>
			<X>152</X>
			<Y>330</Y>
		</point>
		<point>
			<X>157</X>
			<Y>330</Y>
		</point>
		<point>
			<X>157</X>
			<Y>330</Y>
		</point>
		<point>
			<X>165</X>
			<Y>328</Y>
		</point>
		<point>
			<X>165</X>
			<Y>328</Y>
		</point>
		<point>
			<X>170</X>
			<Y>327</Y>
		</point>
		<point>
			<X>170</X>
			<Y>327</Y>
		</point>
		<point>
			<X>179</X>
			<Y>326</Y>
		</point>
		<point>
			<X>179</X>
			<Y>326</Y>
		</point>
		<point>
			<X>186</X>
			<Y>325</Y>
		</point>
		<point>
			<X>186</X>
			<Y>325</Y>
		</point>
		<point>
			<X>195</X>
			<Y>323</Y>
		</point>
		<point>
			<X>195</X>
			<Y>323</Y>
		</point>
		<point>
			<X>204</X>
			<Y>322</Y>
		</point>
		<point>
			<X>204</X>
			<Y>322</Y>
		</point>
		<point>
			<X>212</X>
			<Y>321</Y>
		</point>
		<point>
			<X>212</X>
			<Y>321</Y>
		</point>
		<point>
			<X>217</X>
			<Y>321</Y>
		</point>
		<point>
			<X>234</X>
			<Y>321</Y>
		</point>
		<point>
			<X>240</X>
			<Y>321</Y>
		</point>
		<point>
			<X>245</X>
			<Y>321</Y>
		</point>
		<point>
			<X>252</X>
			<Y>321</Y>
		</point>
		<point>
			<X>257</X>
			<Y>321</Y>
		</point>
		<point>
			<X>262</X>
			<Y>320</Y>
		</point>
		<point>
			<X>262</X>
			<Y>320</Y>
		</point>
		<point>
			<X>267</X>
			<Y>320</Y>
		</point>
		<point>
			<X>274</X>
			<Y>320</Y>
		</point>
		<point>
			<X>276</X>
			<Y>320</Y>
		</point>
		<point>
			<X>279</X>
			<Y>318</Y>
		</point>
		<point>
			<X>279</X>
			<Y>318</Y>
		</point>
		<point>
			<X>280</X>
			<Y>318</Y>
		</point>
		<point>
			<X>280</X>
			<Y>317</Y>
		</point>
		<point>
			<X>280</X>
			<Y>317</Y>
		</point>
		<point>
			<X>281</X>
			<Y>317</Y>
		</point>
		<point>
			<X>281</X>
			<Y>316</Y>
		</point>
		<point>
			<X>282</X>
			<Y>316</Y>
		</point>
		<point>
			<X>284</X>
			<Y>316</Y>
		</point>
		<point>
			<X>285</X>
			<Y>316</Y>
		</point>
		<point>
			<X>286</X>
			<Y>316</Y>
		</point>
		<point>
			<X>287</X>
			<Y>316</Y>
		</point>
		<point>
			<X>289</X>
			<Y>316</Y>
		</point>
		<point>
			<X>291</X>
			<Y>316</Y>
		</point>
		<point>
			<X>295</X>
			<Y>316</Y>
		</point>
		<point>
			<X>295</X>
			<Y>316</Y>
		</point>
	</polygon>
</annotation>