<annotation>
	<folder>anno</folder>
	<filename>2009_005044.jpg</filename>
	<source>
		<database>The anno Database</database>
		<annotation>VC anno</annotation>
		<image>Unknow</image>
		<flickrid>Unknow</flickrid>
	</source>
	<owner>
		<flickrid>Unknow</flickrid>
		<name>Unknow</name>
	</owner>
	<size>
		<width>321</width>
		<height>500</height>
		<depth>4</depth>
	</size>
	<segmented>1</segmented>
	<polygon>
		<tag>background</tag>
		<point>
			<X>315</X>
			<Y>41</Y>
		</point>
		<point>
			<X>315</X>
			<Y>40</Y>
		</point>
		<point>
			<X>315</X>
			<Y>40</Y>
		</point>
		<point>
			<X>314</X>
			<Y>40</Y>
		</point>
		<point>
			<X>314</X>
			<Y>40</Y>
		</point>
		<point>
			<X>314</X>
			<Y>38</Y>
		</point>
		<point>
			<X>314</X>
			<Y>38</Y>
		</point>
		<point>
			<X>313</X>
			<Y>38</Y>
		</point>
		<point>
			<X>313</X>
			<Y>38</Y>
		</point>
		<point>
			<X>310</X>
			<Y>35</Y>
		</point>
		<point>
			<X>310</X>
			<Y>35</Y>
		</point>
		<point>
			<X>308</X>
			<Y>33</Y>
		</point>
		<point>
			<X>308</X>
			<Y>33</Y>
		</point>
		<point>
			<X>304</X>
			<Y>31</Y>
		</point>
		<point>
			<X>304</X>
			<Y>31</Y>
		</point>
		<point>
			<X>301</X>
			<Y>28</Y>
		</point>
		<point>
			<X>301</X>
			<Y>28</Y>
		</point>
		<point>
			<X>295</X>
			<Y>25</Y>
		</point>
		<point>
			<X>295</X>
			<Y>25</Y>
		</point>
		<point>
			<X>289</X>
			<Y>23</Y>
		</point>
		<point>
			<X>289</X>
			<Y>23</Y>
		</point>
		<point>
			<X>285</X>
			<Y>22</Y>
		</point>
		<point>
			<X>285</X>
			<Y>22</Y>
		</point>
		<point>
			<X>282</X>
			<Y>20</Y>
		</point>
		<point>
			<X>282</X>
			<Y>20</Y>
		</point>
		<point>
			<X>276</X>
			<Y>18</Y>
		</point>
		<point>
			<X>276</X>
			<Y>18</Y>
		</point>
		<point>
			<X>272</X>
			<Y>16</Y>
		</point>
		<point>
			<X>272</X>
			<Y>16</Y>
		</point>
		<point>
			<X>264</X>
			<Y>14</Y>
		</point>
		<point>
			<X>264</X>
			<Y>14</Y>
		</point>
		<point>
			<X>257</X>
			<Y>12</Y>
		</point>
		<point>
			<X>257</X>
			<Y>12</Y>
		</point>
		<point>
			<X>250</X>
			<Y>11</Y>
		</point>
		<point>
			<X>250</X>
			<Y>11</Y>
		</point>
		<point>
			<X>245</X>
			<Y>9</Y>
		</point>
		<point>
			<X>245</X>
			<Y>9</Y>
		</point>
		<point>
			<X>239</X>
			<Y>9</Y>
		</point>
		<point>
			<X>239</X>
			<Y>9</Y>
		</point>
		<point>
			<X>231</X>
			<Y>9</Y>
		</point>
		<point>
			<X>231</X>
			<Y>9</Y>
		</point>
		<point>
			<X>226</X>
			<Y>9</Y>
		</point>
		<point>
			<X>226</X>
			<Y>9</Y>
		</point>
		<point>
			<X>221</X>
			<Y>9</Y>
		</point>
		<point>
			<X>221</X>
			<Y>9</Y>
		</point>
		<point>
			<X>216</X>
			<Y>9</Y>
		</point>
		<point>
			<X>216</X>
			<Y>9</Y>
		</point>
		<point>
			<X>212</X>
			<Y>9</Y>
		</point>
		<point>
			<X>212</X>
			<Y>9</Y>
		</point>
		<point>
			<X>211</X>
			<Y>9</Y>
		</point>
		<point>
			<X>211</X>
			<Y>9</Y>
		</point>
		<point>
			<X>207</X>
			<Y>9</Y>
		</point>
		<point>
			<X>207</X>
			<Y>9</Y>
		</point>
		<point>
			<X>207</X>
			<Y>9</Y>
		</point>
		<point>
			<X>207</X>
			<Y>9</Y>
		</point>
		<point>
			<X>205</X>
			<Y>9</Y>
		</point>
		<point>
			<X>205</X>
			<Y>9</Y>
		</point>
		<point>
			<X>204</X>
			<Y>9</Y>
		</point>
		<point>
			<X>204</X>
			<Y>9</Y>
		</point>
		<point>
			<X>202</X>
			<Y>10</Y>
		</point>
		<point>
			<X>202</X>
			<Y>10</Y>
		</point>
		<point>
			<X>200</X>
			<Y>10</Y>
		</point>
		<point>
			<X>200</X>
			<Y>10</Y>
		</point>
		<point>
			<X>197</X>
			<Y>11</Y>
		</point>
		<point>
			<X>197</X>
			<Y>11</Y>
		</point>
		<point>
			<X>195</X>
			<Y>12</Y>
		</point>
		<point>
			<X>195</X>
			<Y>12</Y>
		</point>
		<point>
			<X>191</X>
			<Y>12</Y>
		</point>
		<point>
			<X>191</X>
			<Y>12</Y>
		</point>
		<point>
			<X>187</X>
			<Y>14</Y>
		</point>
		<point>
			<X>187</X>
			<Y>14</Y>
		</point>
		<point>
			<X>184</X>
			<Y>16</Y>
		</point>
		<point>
			<X>184</X>
			<Y>16</Y>
		</point>
		<point>
			<X>180</X>
			<Y>17</Y>
		</point>
		<point>
			<X>180</X>
			<Y>17</Y>
		</point>
		<point>
			<X>176</X>
			<Y>18</Y>
		</point>
		<point>
			<X>176</X>
			<Y>18</Y>
		</point>
		<point>
			<X>172</X>
			<Y>19</Y>
		</point>
		<point>
			<X>172</X>
			<Y>19</Y>
		</point>
		<point>
			<X>172</X>
			<Y>20</Y>
		</point>
		<point>
			<X>172</X>
			<Y>20</Y>
		</point>
		<point>
			<X>171</X>
			<Y>20</Y>
		</point>
		<point>
			<X>171</X>
			<Y>20</Y>
		</point>
		<point>
			<X>169</X>
			<Y>22</Y>
		</point>
		<point>
			<X>169</X>
			<Y>22</Y>
		</point>
		<point>
			<X>166</X>
			<Y>23</Y>
		</point>
		<point>
			<X>166</X>
			<Y>23</Y>
		</point>
		<point>
			<X>162</X>
			<Y>25</Y>
		</point>
		<point>
			<X>162</X>
			<Y>25</Y>
		</point>
		<point>
			<X>160</X>
			<Y>27</Y>
		</point>
		<point>
			<X>159</X>
			<Y>27</Y>
		</point>
		<point>
			<X>159</X>
			<Y>27</Y>
		</point>
		<point>
			<X>157</X>
			<Y>30</Y>
		</point>
		<point>
			<X>157</X>
			<Y>30</Y>
		</point>
		<point>
			<X>152</X>
			<Y>33</Y>
		</point>
		<point>
			<X>152</X>
			<Y>33</Y>
		</point>
		<point>
			<X>150</X>
			<Y>35</Y>
		</point>
		<point>
			<X>150</X>
			<Y>35</Y>
		</point>
		<point>
			<X>145</X>
			<Y>38</Y>
		</point>
		<point>
			<X>145</X>
			<Y>38</Y>
		</point>
		<point>
			<X>141</X>
			<Y>41</Y>
		</point>
		<point>
			<X>141</X>
			<Y>41</Y>
		</point>
		<point>
			<X>136</X>
			<Y>44</Y>
		</point>
		<point>
			<X>136</X>
			<Y>44</Y>
		</point>
		<point>
			<X>132</X>
			<Y>46</Y>
		</point>
		<point>
			<X>132</X>
			<Y>46</Y>
		</point>
		<point>
			<X>128</X>
			<Y>49</Y>
		</point>
		<point>
			<X>128</X>
			<Y>49</Y>
		</point>
		<point>
			<X>125</X>
			<Y>51</Y>
		</point>
		<point>
			<X>125</X>
			<Y>51</Y>
		</point>
		<point>
			<X>120</X>
			<Y>55</Y>
		</point>
		<point>
			<X>120</X>
			<Y>55</Y>
		</point>
		<point>
			<X>115</X>
			<Y>57</Y>
		</point>
		<point>
			<X>115</X>
			<Y>57</Y>
		</point>
		<point>
			<X>112</X>
			<Y>60</Y>
		</point>
		<point>
			<X>112</X>
			<Y>60</Y>
		</point>
		<point>
			<X>110</X>
			<Y>60</Y>
		</point>
		<point>
			<X>110</X>
			<Y>60</Y>
		</point>
		<point>
			<X>108</X>
			<Y>62</Y>
		</point>
		<point>
			<X>108</X>
			<Y>62</Y>
		</point>
		<point>
			<X>107</X>
			<Y>64</Y>
		</point>
		<point>
			<X>107</X>
			<Y>64</Y>
		</point>
		<point>
			<X>107</X>
			<Y>65</Y>
		</point>
		<point>
			<X>107</X>
			<Y>65</Y>
		</point>
		<point>
			<X>105</X>
			<Y>66</Y>
		</point>
		<point>
			<X>105</X>
			<Y>66</Y>
		</point>
		<point>
			<X>103</X>
			<Y>67</Y>
		</point>
		<point>
			<X>103</X>
			<Y>67</Y>
		</point>
		<point>
			<X>103</X>
			<Y>68</Y>
		</point>
		<point>
			<X>103</X>
			<Y>68</Y>
		</point>
		<point>
			<X>102</X>
			<Y>68</Y>
		</point>
		<point>
			<X>102</X>
			<Y>68</Y>
		</point>
		<point>
			<X>101</X>
			<Y>69</Y>
		</point>
		<point>
			<X>101</X>
			<Y>69</Y>
		</point>
		<point>
			<X>101</X>
			<Y>69</Y>
		</point>
		<point>
			<X>101</X>
			<Y>69</Y>
		</point>
		<point>
			<X>98</X>
			<Y>70</Y>
		</point>
		<point>
			<X>98</X>
			<Y>70</Y>
		</point>
		<point>
			<X>98</X>
			<Y>70</Y>
		</point>
		<point>
			<X>98</X>
			<Y>70</Y>
		</point>
		<point>
			<X>97</X>
			<Y>71</Y>
		</point>
		<point>
			<X>97</X>
			<Y>71</Y>
		</point>
		<point>
			<X>96</X>
			<Y>72</Y>
		</point>
		<point>
			<X>96</X>
			<Y>72</Y>
		</point>
		<point>
			<X>93</X>
			<Y>73</Y>
		</point>
		<point>
			<X>93</X>
			<Y>73</Y>
		</point>
		<point>
			<X>93</X>
			<Y>74</Y>
		</point>
		<point>
			<X>93</X>
			<Y>74</Y>
		</point>
		<point>
			<X>93</X>
			<Y>75</Y>
		</point>
		<point>
			<X>93</X>
			<Y>75</Y>
		</point>
		<point>
			<X>92</X>
			<Y>76</Y>
		</point>
		<point>
			<X>92</X>
			<Y>76</Y>
		</point>
		<point>
			<X>90</X>
			<Y>78</Y>
		</point>
		<point>
			<X>90</X>
			<Y>78</Y>
		</point>
		<point>
			<X>90</X>
			<Y>78</Y>
		</point>
		<point>
			<X>90</X>
			<Y>78</Y>
		</point>
		<point>
			<X>88</X>
			<Y>80</Y>
		</point>
		<point>
			<X>88</X>
			<Y>80</Y>
		</point>
		<point>
			<X>87</X>
			<Y>80</Y>
		</point>
		<point>
			<X>87</X>
			<Y>80</Y>
		</point>
		<point>
			<X>87</X>
			<Y>81</Y>
		</point>
		<point>
			<X>87</X>
			<Y>81</Y>
		</point>
		<point>
			<X>85</X>
			<Y>83</Y>
		</point>
		<point>
			<X>85</X>
			<Y>83</Y>
		</point>
		<point>
			<X>85</X>
			<Y>83</Y>
		</point>
		<point>
			<X>85</X>
			<Y>83</Y>
		</point>
		<point>
			<X>83</X>
			<Y>87</Y>
		</point>
		<point>
			<X>83</X>
			<Y>87</Y>
		</point>
		<point>
			<X>82</X>
			<Y>88</Y>
		</point>
		<point>
			<X>82</X>
			<Y>88</Y>
		</point>
		<point>
			<X>80</X>
			<Y>92</Y>
		</point>
		<point>
			<X>80</X>
			<Y>92</Y>
		</point>
		<point>
			<X>80</X>
			<Y>93</Y>
		</point>
		<point>
			<X>80</X>
			<Y>93</Y>
		</point>
		<point>
			<X>78</X>
			<Y>96</Y>
		</point>
		<point>
			<X>78</X>
			<Y>96</Y>
		</point>
		<point>
			<X>77</X>
			<Y>98</Y>
		</point>
		<point>
			<X>77</X>
			<Y>98</Y>
		</point>
		<point>
			<X>76</X>
			<Y>101</Y>
		</point>
		<point>
			<X>76</X>
			<Y>101</Y>
		</point>
		<point>
			<X>75</X>
			<Y>103</Y>
		</point>
		<point>
			<X>75</X>
			<Y>103</Y>
		</point>
		<point>
			<X>74</X>
			<Y>107</Y>
		</point>
		<point>
			<X>74</X>
			<Y>107</Y>
		</point>
		<point>
			<X>73</X>
			<Y>108</Y>
		</point>
		<point>
			<X>73</X>
			<Y>108</Y>
		</point>
		<point>
			<X>72</X>
			<Y>113</Y>
		</point>
		<point>
			<X>72</X>
			<Y>113</Y>
		</point>
		<point>
			<X>72</X>
			<Y>115</Y>
		</point>
		<point>
			<X>72</X>
			<Y>115</Y>
		</point>
		<point>
			<X>71</X>
			<Y>117</Y>
		</point>
		<point>
			<X>71</X>
			<Y>117</Y>
		</point>
		<point>
			<X>71</X>
			<Y>120</Y>
		</point>
		<point>
			<X>71</X>
			<Y>120</Y>
		</point>
		<point>
			<X>71</X>
			<Y>123</Y>
		</point>
		<point>
			<X>70</X>
			<Y>125</Y>
		</point>
		<point>
			<X>70</X>
			<Y>125</Y>
		</point>
		<point>
			<X>69</X>
			<Y>129</Y>
		</point>
		<point>
			<X>69</X>
			<Y>129</Y>
		</point>
		<point>
			<X>69</X>
			<Y>134</Y>
		</point>
		<point>
			<X>69</X>
			<Y>134</Y>
		</point>
		<point>
			<X>69</X>
			<Y>139</Y>
		</point>
		<point>
			<X>69</X>
			<Y>145</Y>
		</point>
		<point>
			<X>69</X>
			<Y>150</Y>
		</point>
		<point>
			<X>69</X>
			<Y>150</Y>
		</point>
		<point>
			<X>70</X>
			<Y>155</Y>
		</point>
		<point>
			<X>70</X>
			<Y>155</Y>
		</point>
		<point>
			<X>70</X>
			<Y>159</Y>
		</point>
		<point>
			<X>70</X>
			<Y>159</Y>
		</point>
		<point>
			<X>71</X>
			<Y>162</Y>
		</point>
		<point>
			<X>71</X>
			<Y>162</Y>
		</point>
		<point>
			<X>71</X>
			<Y>169</Y>
		</point>
		<point>
			<X>71</X>
			<Y>169</Y>
		</point>
		<point>
			<X>71</X>
			<Y>176</Y>
		</point>
		<point>
			<X>71</X>
			<Y>181</Y>
		</point>
		<point>
			<X>71</X>
			<Y>181</Y>
		</point>
		<point>
			<X>70</X>
			<Y>185</Y>
		</point>
		<point>
			<X>70</X>
			<Y>185</Y>
		</point>
		<point>
			<X>69</X>
			<Y>194</Y>
		</point>
		<point>
			<X>69</X>
			<Y>194</Y>
		</point>
		<point>
			<X>69</X>
			<Y>197</Y>
		</point>
		<point>
			<X>69</X>
			<Y>197</Y>
		</point>
		<point>
			<X>69</X>
			<Y>202</Y>
		</point>
		<point>
			<X>69</X>
			<Y>209</Y>
		</point>
		<point>
			<X>69</X>
			<Y>209</Y>
		</point>
		<point>
			<X>69</X>
			<Y>214</Y>
		</point>
		<point>
			<X>69</X>
			<Y>214</Y>
		</point>
		<point>
			<X>69</X>
			<Y>217</Y>
		</point>
		<point>
			<X>69</X>
			<Y>217</Y>
		</point>
		<point>
			<X>67</X>
			<Y>222</Y>
		</point>
		<point>
			<X>67</X>
			<Y>222</Y>
		</point>
		<point>
			<X>67</X>
			<Y>225</Y>
		</point>
		<point>
			<X>67</X>
			<Y>225</Y>
		</point>
		<point>
			<X>67</X>
			<Y>229</Y>
		</point>
		<point>
			<X>67</X>
			<Y>229</Y>
		</point>
		<point>
			<X>65</X>
			<Y>233</Y>
		</point>
		<point>
			<X>65</X>
			<Y>233</Y>
		</point>
		<point>
			<X>64</X>
			<Y>239</Y>
		</point>
		<point>
			<X>64</X>
			<Y>239</Y>
		</point>
		<point>
			<X>62</X>
			<Y>246</Y>
		</point>
		<point>
			<X>62</X>
			<Y>246</Y>
		</point>
		<point>
			<X>60</X>
			<Y>255</Y>
		</point>
		<point>
			<X>60</X>
			<Y>255</Y>
		</point>
		<point>
			<X>59</X>
			<Y>261</Y>
		</point>
		<point>
			<X>59</X>
			<Y>261</Y>
		</point>
		<point>
			<X>57</X>
			<Y>269</Y>
		</point>
		<point>
			<X>57</X>
			<Y>269</Y>
		</point>
		<point>
			<X>57</X>
			<Y>272</Y>
		</point>
		<point>
			<X>57</X>
			<Y>272</Y>
		</point>
		<point>
			<X>57</X>
			<Y>279</Y>
		</point>
		<point>
			<X>57</X>
			<Y>288</Y>
		</point>
		<point>
			<X>57</X>
			<Y>293</Y>
		</point>
		<point>
			<X>57</X>
			<Y>293</Y>
		</point>
		<point>
			<X>57</X>
			<Y>299</Y>
		</point>
		<point>
			<X>57</X>
			<Y>299</Y>
		</point>
		<point>
			<X>59</X>
			<Y>302</Y>
		</point>
		<point>
			<X>59</X>
			<Y>302</Y>
		</point>
		<point>
			<X>59</X>
			<Y>302</Y>
		</point>
		<point>
			<X>59</X>
			<Y>302</Y>
		</point>
		<point>
			<X>57</X>
			<Y>303</Y>
		</point>
		<point>
			<X>57</X>
			<Y>303</Y>
		</point>
		<point>
			<X>56</X>
			<Y>304</Y>
		</point>
		<point>
			<X>56</X>
			<Y>304</Y>
		</point>
		<point>
			<X>56</X>
			<Y>305</Y>
		</point>
		<point>
			<X>56</X>
			<Y>305</Y>
		</point>
		<point>
			<X>55</X>
			<Y>309</Y>
		</point>
		<point>
			<X>55</X>
			<Y>309</Y>
		</point>
		<point>
			<X>55</X>
			<Y>313</Y>
		</point>
		<point>
			<X>54</X>
			<Y>320</Y>
		</point>
		<point>
			<X>54</X>
			<Y>320</Y>
		</point>
		<point>
			<X>53</X>
			<Y>329</Y>
		</point>
		<point>
			<X>53</X>
			<Y>329</Y>
		</point>
		<point>
			<X>51</X>
			<Y>335</Y>
		</point>
		<point>
			<X>51</X>
			<Y>335</Y>
		</point>
		<point>
			<X>51</X>
			<Y>345</Y>
		</point>
		<point>
			<X>51</X>
			<Y>345</Y>
		</point>
		<point>
			<X>49</X>
			<Y>355</Y>
		</point>
		<point>
			<X>49</X>
			<Y>355</Y>
		</point>
		<point>
			<X>48</X>
			<Y>364</Y>
		</point>
		<point>
			<X>48</X>
			<Y>364</Y>
		</point>
		<point>
			<X>46</X>
			<Y>372</Y>
		</point>
		<point>
			<X>46</X>
			<Y>372</Y>
		</point>
		<point>
			<X>45</X>
			<Y>377</Y>
		</point>
		<point>
			<X>45</X>
			<Y>377</Y>
		</point>
		<point>
			<X>44</X>
			<Y>384</Y>
		</point>
		<point>
			<X>44</X>
			<Y>384</Y>
		</point>
		<point>
			<X>41</X>
			<Y>390</Y>
		</point>
		<point>
			<X>41</X>
			<Y>390</Y>
		</point>
		<point>
			<X>41</X>
			<Y>395</Y>
		</point>
		<point>
			<X>41</X>
			<Y>395</Y>
		</point>
		<point>
			<X>41</X>
			<Y>403</Y>
		</point>
		<point>
			<X>41</X>
			<Y>403</Y>
		</point>
		<point>
			<X>40</X>
			<Y>405</Y>
		</point>
		<point>
			<X>40</X>
			<Y>405</Y>
		</point>
		<point>
			<X>40</X>
			<Y>408</Y>
		</point>
		<point>
			<X>40</X>
			<Y>410</Y>
		</point>
		<point>
			<X>40</X>
			<Y>410</Y>
		</point>
		<point>
			<X>40</X>
			<Y>410</Y>
		</point>
		<point>
			<X>39</X>
			<Y>413</Y>
		</point>
		<point>
			<X>39</X>
			<Y>413</Y>
		</point>
		<point>
			<X>39</X>
			<Y>414</Y>
		</point>
		<point>
			<X>39</X>
			<Y>414</Y>
		</point>
		<point>
			<X>39</X>
			<Y>415</Y>
		</point>
		<point>
			<X>39</X>
			<Y>415</Y>
		</point>
		<point>
			<X>39</X>
			<Y>417</Y>
		</point>
		<point>
			<X>39</X>
			<Y>420</Y>
		</point>
		<point>
			<X>39</X>
			<Y>420</Y>
		</point>
		<point>
			<X>39</X>
			<Y>422</Y>
		</point>
		<point>
			<X>39</X>
			<Y>422</Y>
		</point>
		<point>
			<X>39</X>
			<Y>425</Y>
		</point>
		<point>
			<X>39</X>
			<Y>425</Y>
		</point>
		<point>
			<X>39</X>
			<Y>425</Y>
		</point>
		<point>
			<X>39</X>
			<Y>425</Y>
		</point>
		<point>
			<X>39</X>
			<Y>428</Y>
		</point>
		<point>
			<X>39</X>
			<Y>428</Y>
		</point>
		<point>
			<X>41</X>
			<Y>432</Y>
		</point>
		<point>
			<X>41</X>
			<Y>432</Y>
		</point>
		<point>
			<X>41</X>
			<Y>433</Y>
		</point>
		<point>
			<X>41</X>
			<Y>434</Y>
		</point>
		<point>
			<X>41</X>
			<Y>434</Y>
		</point>
		<point>
			<X>45</X>
			<Y>435</Y>
		</point>
		<point>
			<X>45</X>
			<Y>435</Y>
		</point>
		<point>
			<X>46</X>
			<Y>438</Y>
		</point>
		<point>
			<X>46</X>
			<Y>438</Y>
		</point>
		<point>
			<X>50</X>
			<Y>440</Y>
		</point>
		<point>
			<X>50</X>
			<Y>440</Y>
		</point>
		<point>
			<X>51</X>
			<Y>442</Y>
		</point>
		<point>
			<X>51</X>
			<Y>442</Y>
		</point>
		<point>
			<X>55</X>
			<Y>442</Y>
		</point>
		<point>
			<X>55</X>
			<Y>442</Y>
		</point>
		<point>
			<X>57</X>
			<Y>443</Y>
		</point>
		<point>
			<X>59</X>
			<Y>443</Y>
		</point>
		<point>
			<X>59</X>
			<Y>443</Y>
		</point>
		<point>
			<X>62</X>
			<Y>444</Y>
		</point>
		<point>
			<X>62</X>
			<Y>444</Y>
		</point>
		<point>
			<X>66</X>
			<Y>444</Y>
		</point>
		<point>
			<X>66</X>
			<Y>444</Y>
		</point>
		<point>
			<X>69</X>
			<Y>444</Y>
		</point>
		<point>
			<X>69</X>
			<Y>444</Y>
		</point>
		<point>
			<X>75</X>
			<Y>444</Y>
		</point>
		<point>
			<X>75</X>
			<Y>444</Y>
		</point>
		<point>
			<X>76</X>
			<Y>444</Y>
		</point>
		<point>
			<X>76</X>
			<Y>444</Y>
		</point>
		<point>
			<X>80</X>
			<Y>444</Y>
		</point>
		<point>
			<X>80</X>
			<Y>444</Y>
		</point>
		<point>
			<X>82</X>
			<Y>444</Y>
		</point>
		<point>
			<X>82</X>
			<Y>444</Y>
		</point>
		<point>
			<X>83</X>
			<Y>444</Y>
		</point>
		<point>
			<X>83</X>
			<Y>444</Y>
		</point>
		<point>
			<X>83</X>
			<Y>444</Y>
		</point>
		<point>
			<X>83</X>
			<Y>444</Y>
		</point>
		<point>
			<X>87</X>
			<Y>444</Y>
		</point>
		<point>
			<X>87</X>
			<Y>444</Y>
		</point>
		<point>
			<X>88</X>
			<Y>444</Y>
		</point>
		<point>
			<X>88</X>
			<Y>444</Y>
		</point>
		<point>
			<X>88</X>
			<Y>444</Y>
		</point>
		<point>
			<X>88</X>
			<Y>444</Y>
		</point>
		<point>
			<X>91</X>
			<Y>443</Y>
		</point>
		<point>
			<X>91</X>
			<Y>443</Y>
		</point>
		<point>
			<X>95</X>
			<Y>443</Y>
		</point>
		<point>
			<X>95</X>
			<Y>443</Y>
		</point>
		<point>
			<X>98</X>
			<Y>443</Y>
		</point>
		<point>
			<X>98</X>
			<Y>443</Y>
		</point>
		<point>
			<X>101</X>
			<Y>443</Y>
		</point>
		<point>
			<X>101</X>
			<Y>443</Y>
		</point>
		<point>
			<X>103</X>
			<Y>445</Y>
		</point>
		<point>
			<X>103</X>
			<Y>445</Y>
		</point>
		<point>
			<X>108</X>
			<Y>445</Y>
		</point>
		<point>
			<X>108</X>
			<Y>445</Y>
		</point>
		<point>
			<X>115</X>
			<Y>448</Y>
		</point>
		<point>
			<X>115</X>
			<Y>448</Y>
		</point>
		<point>
			<X>121</X>
			<Y>448</Y>
		</point>
		<point>
			<X>121</X>
			<Y>448</Y>
		</point>
		<point>
			<X>123</X>
			<Y>448</Y>
		</point>
		<point>
			<X>123</X>
			<Y>448</Y>
		</point>
		<point>
			<X>125</X>
			<Y>448</Y>
		</point>
		<point>
			<X>125</X>
			<Y>448</Y>
		</point>
		<point>
			<X>135</X>
			<Y>450</Y>
		</point>
		<point>
			<X>135</X>
			<Y>450</Y>
		</point>
		<point>
			<X>145</X>
			<Y>452</Y>
		</point>
		<point>
			<X>145</X>
			<Y>452</Y>
		</point>
		<point>
			<X>157</X>
			<Y>451</Y>
		</point>
		<point>
			<X>157</X>
			<Y>451</Y>
		</point>
		<point>
			<X>171</X>
			<Y>451</Y>
		</point>
		<point>
			<X>171</X>
			<Y>451</Y>
		</point>
		<point>
			<X>172</X>
			<Y>451</Y>
		</point>
		<point>
			<X>172</X>
			<Y>451</Y>
		</point>
		<point>
			<X>177</X>
			<Y>451</Y>
		</point>
		<point>
			<X>177</X>
			<Y>451</Y>
		</point>
		<point>
			<X>179</X>
			<Y>451</Y>
		</point>
		<point>
			<X>179</X>
			<Y>451</Y>
		</point>
		<point>
			<X>186</X>
			<Y>452</Y>
		</point>
		<point>
			<X>186</X>
			<Y>452</Y>
		</point>
		<point>
			<X>192</X>
			<Y>452</Y>
		</point>
		<point>
			<X>192</X>
			<Y>452</Y>
		</point>
		<point>
			<X>197</X>
			<Y>452</Y>
		</point>
		<point>
			<X>197</X>
			<Y>452</Y>
		</point>
		<point>
			<X>197</X>
			<Y>453</Y>
		</point>
		<point>
			<X>202</X>
			<Y>453</Y>
		</point>
		<point>
			<X>202</X>
			<Y>453</Y>
		</point>
		<point>
			<X>205</X>
			<Y>455</Y>
		</point>
		<point>
			<X>205</X>
			<Y>455</Y>
		</point>
		<point>
			<X>207</X>
			<Y>455</Y>
		</point>
		<point>
			<X>207</X>
			<Y>455</Y>
		</point>
		<point>
			<X>209</X>
			<Y>456</Y>
		</point>
		<point>
			<X>209</X>
			<Y>456</Y>
		</point>
		<point>
			<X>212</X>
			<Y>456</Y>
		</point>
		<point>
			<X>212</X>
			<Y>456</Y>
		</point>
		<point>
			<X>217</X>
			<Y>456</Y>
		</point>
		<point>
			<X>217</X>
			<Y>456</Y>
		</point>
		<point>
			<X>219</X>
			<Y>456</Y>
		</point>
		<point>
			<X>219</X>
			<Y>456</Y>
		</point>
		<point>
			<X>222</X>
			<Y>457</Y>
		</point>
		<point>
			<X>222</X>
			<Y>457</Y>
		</point>
		<point>
			<X>225</X>
			<Y>457</Y>
		</point>
		<point>
			<X>226</X>
			<Y>457</Y>
		</point>
		<point>
			<X>226</X>
			<Y>457</Y>
		</point>
		<point>
			<X>226</X>
			<Y>457</Y>
		</point>
		<point>
			<X>226</X>
			<Y>457</Y>
		</point>
		<point>
			<X>226</X>
			<Y>458</Y>
		</point>
		<point>
			<X>226</X>
			<Y>458</Y>
		</point>
		<point>
			<X>228</X>
			<Y>458</Y>
		</point>
		<point>
			<X>228</X>
			<Y>458</Y>
		</point>
		<point>
			<X>229</X>
			<Y>458</Y>
		</point>
		<point>
			<X>229</X>
			<Y>458</Y>
		</point>
		<point>
			<X>231</X>
			<Y>460</Y>
		</point>
		<point>
			<X>231</X>
			<Y>460</Y>
		</point>
		<point>
			<X>231</X>
			<Y>460</Y>
		</point>
		<point>
			<X>231</X>
			<Y>460</Y>
		</point>
		<point>
			<X>235</X>
			<Y>462</Y>
		</point>
		<point>
			<X>235</X>
			<Y>462</Y>
		</point>
		<point>
			<X>236</X>
			<Y>463</Y>
		</point>
		<point>
			<X>236</X>
			<Y>463</Y>
		</point>
		<point>
			<X>239</X>
			<Y>466</Y>
		</point>
		<point>
			<X>239</X>
			<Y>466</Y>
		</point>
		<point>
			<X>241</X>
			<Y>467</Y>
		</point>
		<point>
			<X>241</X>
			<Y>467</Y>
		</point>
		<point>
			<X>246</X>
			<Y>468</Y>
		</point>
		<point>
			<X>246</X>
			<Y>468</Y>
		</point>
		<point>
			<X>251</X>
			<Y>471</Y>
		</point>
		<point>
			<X>251</X>
			<Y>471</Y>
		</point>
		<point>
			<X>256</X>
			<Y>472</Y>
		</point>
		<point>
			<X>256</X>
			<Y>472</Y>
		</point>
		<point>
			<X>263</X>
			<Y>473</Y>
		</point>
		<point>
			<X>263</X>
			<Y>473</Y>
		</point>
		<point>
			<X>267</X>
			<Y>473</Y>
		</point>
		<point>
			<X>267</X>
			<Y>473</Y>
		</point>
		<point>
			<X>272</X>
			<Y>473</Y>
		</point>
		<point>
			<X>272</X>
			<Y>473</Y>
		</point>
		<point>
			<X>274</X>
			<Y>473</Y>
		</point>
		<point>
			<X>274</X>
			<Y>473</Y>
		</point>
		<point>
			<X>276</X>
			<Y>473</Y>
		</point>
		<point>
			<X>276</X>
			<Y>473</Y>
		</point>
		<point>
			<X>277</X>
			<Y>473</Y>
		</point>
		<point>
			<X>277</X>
			<Y>473</Y>
		</point>
		<point>
			<X>277</X>
			<Y>473</Y>
		</point>
		<point>
			<X>277</X>
			<Y>473</Y>
		</point>
		<point>
			<X>278</X>
			<Y>473</Y>
		</point>
		<point>
			<X>278</X>
			<Y>473</Y>
		</point>
		<point>
			<X>279</X>
			<Y>473</Y>
		</point>
		<point>
			<X>279</X>
			<Y>473</Y>
		</point>
		<point>
			<X>279</X>
			<Y>472</Y>
		</point>
		<point>
			<X>279</X>
			<Y>472</Y>
		</point>
		<point>
			<X>280</X>
			<Y>472</Y>
		</point>
		<point>
			<X>280</X>
			<Y>472</Y>
		</point>
		<point>
			<X>280</X>
			<Y>472</Y>
		</point>
		<point>
			<X>280</X>
			<Y>472</Y>
		</point>
		<point>
			<X>282</X>
			<Y>471</Y>
		</point>
		<point>
			<X>282</X>
			<Y>471</Y>
		</point>
		<point>
			<X>283</X>
			<Y>471</Y>
		</point>
		<point>
			<X>283</X>
			<Y>471</Y>
		</point>
		<point>
			<X>285</X>
			<Y>471</Y>
		</point>
		<point>
			<X>285</X>
			<Y>471</Y>
		</point>
		<point>
			<X>286</X>
			<Y>471</Y>
		</point>
		<point>
			<X>286</X>
			<Y>471</Y>
		</point>
		<point>
			<X>287</X>
			<Y>471</Y>
		</point>
		<point>
			<X>287</X>
			<Y>471</Y>
		</point>
		<point>
			<X>287</X>
			<Y>470</Y>
		</point>
		<point>
			<X>287</X>
			<Y>470</Y>
		</point>
	</polygon>
	<polygon>
		<tag>bottle</tag>
		<point>
			<X>210</X>
			<Y>103</Y>
		</point>
		<point>
			<X>210</X>
			<Y>103</Y>
		</point>
		<point>
			<X>210</X>
			<Y>103</Y>
		</point>
		<point>
			<X>209</X>
			<Y>105</Y>
		</point>
		<point>
			<X>207</X>
			<Y>107</Y>
		</point>
		<point>
			<X>207</X>
			<Y>107</Y>
		</point>
		<point>
			<X>207</X>
			<Y>111</Y>
		</point>
		<point>
			<X>207</X>
			<Y>111</Y>
		</point>
		<point>
			<X>207</X>
			<Y>115</Y>
		</point>
		<point>
			<X>207</X>
			<Y>115</Y>
		</point>
		<point>
			<X>207</X>
			<Y>120</Y>
		</point>
		<point>
			<X>207</X>
			<Y>120</Y>
		</point>
		<point>
			<X>206</X>
			<Y>125</Y>
		</point>
		<point>
			<X>206</X>
			<Y>125</Y>
		</point>
		<point>
			<X>205</X>
			<Y>130</Y>
		</point>
		<point>
			<X>205</X>
			<Y>130</Y>
		</point>
		<point>
			<X>205</X>
			<Y>136</Y>
		</point>
		<point>
			<X>204</X>
			<Y>141</Y>
		</point>
		<point>
			<X>204</X>
			<Y>145</Y>
		</point>
		<point>
			<X>204</X>
			<Y>150</Y>
		</point>
		<point>
			<X>204</X>
			<Y>150</Y>
		</point>
		<point>
			<X>204</X>
			<Y>152</Y>
		</point>
		<point>
			<X>204</X>
			<Y>152</Y>
		</point>
		<point>
			<X>204</X>
			<Y>157</Y>
		</point>
		<point>
			<X>204</X>
			<Y>161</Y>
		</point>
		<point>
			<X>204</X>
			<Y>162</Y>
		</point>
		<point>
			<X>204</X>
			<Y>166</Y>
		</point>
		<point>
			<X>204</X>
			<Y>166</Y>
		</point>
		<point>
			<X>205</X>
			<Y>169</Y>
		</point>
		<point>
			<X>205</X>
			<Y>169</Y>
		</point>
		<point>
			<X>205</X>
			<Y>171</Y>
		</point>
		<point>
			<X>205</X>
			<Y>171</Y>
		</point>
		<point>
			<X>205</X>
			<Y>174</Y>
		</point>
		<point>
			<X>205</X>
			<Y>174</Y>
		</point>
		<point>
			<X>205</X>
			<Y>180</Y>
		</point>
		<point>
			<X>205</X>
			<Y>181</Y>
		</point>
		<point>
			<X>205</X>
			<Y>181</Y>
		</point>
		<point>
			<X>205</X>
			<Y>184</Y>
		</point>
		<point>
			<X>205</X>
			<Y>184</Y>
		</point>
		<point>
			<X>205</X>
			<Y>189</Y>
		</point>
		<point>
			<X>205</X>
			<Y>189</Y>
		</point>
		<point>
			<X>204</X>
			<Y>192</Y>
		</point>
		<point>
			<X>204</X>
			<Y>192</Y>
		</point>
		<point>
			<X>202</X>
			<Y>195</Y>
		</point>
		<point>
			<X>202</X>
			<Y>195</Y>
		</point>
		<point>
			<X>202</X>
			<Y>199</Y>
		</point>
		<point>
			<X>202</X>
			<Y>199</Y>
		</point>
		<point>
			<X>201</X>
			<Y>202</Y>
		</point>
		<point>
			<X>201</X>
			<Y>202</Y>
		</point>
		<point>
			<X>200</X>
			<Y>207</Y>
		</point>
		<point>
			<X>200</X>
			<Y>207</Y>
		</point>
		<point>
			<X>199</X>
			<Y>212</Y>
		</point>
		<point>
			<X>199</X>
			<Y>212</Y>
		</point>
		<point>
			<X>197</X>
			<Y>216</Y>
		</point>
		<point>
			<X>197</X>
			<Y>216</Y>
		</point>
		<point>
			<X>195</X>
			<Y>219</Y>
		</point>
		<point>
			<X>195</X>
			<Y>219</Y>
		</point>
		<point>
			<X>194</X>
			<Y>224</Y>
		</point>
		<point>
			<X>194</X>
			<Y>224</Y>
		</point>
		<point>
			<X>192</X>
			<Y>228</Y>
		</point>
		<point>
			<X>192</X>
			<Y>228</Y>
		</point>
		<point>
			<X>191</X>
			<Y>231</Y>
		</point>
		<point>
			<X>191</X>
			<Y>231</Y>
		</point>
		<point>
			<X>189</X>
			<Y>236</Y>
		</point>
		<point>
			<X>187</X>
			<Y>240</Y>
		</point>
		<point>
			<X>187</X>
			<Y>240</Y>
		</point>
		<point>
			<X>186</X>
			<Y>241</Y>
		</point>
		<point>
			<X>186</X>
			<Y>241</Y>
		</point>
		<point>
			<X>185</X>
			<Y>245</Y>
		</point>
		<point>
			<X>185</X>
			<Y>245</Y>
		</point>
		<point>
			<X>184</X>
			<Y>246</Y>
		</point>
		<point>
			<X>184</X>
			<Y>246</Y>
		</point>
		<point>
			<X>184</X>
			<Y>248</Y>
		</point>
		<point>
			<X>184</X>
			<Y>248</Y>
		</point>
		<point>
			<X>182</X>
			<Y>248</Y>
		</point>
		<point>
			<X>182</X>
			<Y>248</Y>
		</point>
		<point>
			<X>182</X>
			<Y>251</Y>
		</point>
		<point>
			<X>182</X>
			<Y>251</Y>
		</point>
		<point>
			<X>181</X>
			<Y>253</Y>
		</point>
		<point>
			<X>181</X>
			<Y>253</Y>
		</point>
		<point>
			<X>179</X>
			<Y>255</Y>
		</point>
		<point>
			<X>179</X>
			<Y>255</Y>
		</point>
		<point>
			<X>176</X>
			<Y>258</Y>
		</point>
		<point>
			<X>176</X>
			<Y>258</Y>
		</point>
		<point>
			<X>176</X>
			<Y>259</Y>
		</point>
		<point>
			<X>176</X>
			<Y>259</Y>
		</point>
		<point>
			<X>176</X>
			<Y>261</Y>
		</point>
		<point>
			<X>176</X>
			<Y>261</Y>
		</point>
		<point>
			<X>172</X>
			<Y>265</Y>
		</point>
		<point>
			<X>172</X>
			<Y>265</Y>
		</point>
		<point>
			<X>172</X>
			<Y>267</Y>
		</point>
		<point>
			<X>171</X>
			<Y>269</Y>
		</point>
		<point>
			<X>171</X>
			<Y>269</Y>
		</point>
		<point>
			<X>170</X>
			<Y>271</Y>
		</point>
		<point>
			<X>170</X>
			<Y>271</Y>
		</point>
		<point>
			<X>167</X>
			<Y>273</Y>
		</point>
		<point>
			<X>167</X>
			<Y>273</Y>
		</point>
		<point>
			<X>167</X>
			<Y>273</Y>
		</point>
		<point>
			<X>167</X>
			<Y>273</Y>
		</point>
		<point>
			<X>165</X>
			<Y>274</Y>
		</point>
		<point>
			<X>165</X>
			<Y>274</Y>
		</point>
		<point>
			<X>165</X>
			<Y>276</Y>
		</point>
		<point>
			<X>165</X>
			<Y>276</Y>
		</point>
		<point>
			<X>165</X>
			<Y>276</Y>
		</point>
		<point>
			<X>165</X>
			<Y>277</Y>
		</point>
		<point>
			<X>164</X>
			<Y>277</Y>
		</point>
		<point>
			<X>164</X>
			<Y>277</Y>
		</point>
		<point>
			<X>164</X>
			<Y>278</Y>
		</point>
		<point>
			<X>164</X>
			<Y>278</Y>
		</point>
		<point>
			<X>162</X>
			<Y>279</Y>
		</point>
		<point>
			<X>162</X>
			<Y>279</Y>
		</point>
		<point>
			<X>162</X>
			<Y>280</Y>
		</point>
		<point>
			<X>162</X>
			<Y>280</Y>
		</point>
		<point>
			<X>162</X>
			<Y>280</Y>
		</point>
		<point>
			<X>162</X>
			<Y>281</Y>
		</point>
		<point>
			<X>162</X>
			<Y>281</Y>
		</point>
		<point>
			<X>162</X>
			<Y>282</Y>
		</point>
		<point>
			<X>162</X>
			<Y>283</Y>
		</point>
		<point>
			<X>162</X>
			<Y>283</Y>
		</point>
		<point>
			<X>162</X>
			<Y>283</Y>
		</point>
		<point>
			<X>162</X>
			<Y>283</Y>
		</point>
		<point>
			<X>162</X>
			<Y>285</Y>
		</point>
		<point>
			<X>162</X>
			<Y>287</Y>
		</point>
		<point>
			<X>162</X>
			<Y>287</Y>
		</point>
		<point>
			<X>162</X>
			<Y>288</Y>
		</point>
		<point>
			<X>162</X>
			<Y>288</Y>
		</point>
		<point>
			<X>162</X>
			<Y>288</Y>
		</point>
		<point>
			<X>162</X>
			<Y>289</Y>
		</point>
		<point>
			<X>160</X>
			<Y>291</Y>
		</point>
		<point>
			<X>160</X>
			<Y>291</Y>
		</point>
		<point>
			<X>160</X>
			<Y>293</Y>
		</point>
		<point>
			<X>160</X>
			<Y>293</Y>
		</point>
		<point>
			<X>160</X>
			<Y>295</Y>
		</point>
		<point>
			<X>160</X>
			<Y>295</Y>
		</point>
		<point>
			<X>159</X>
			<Y>297</Y>
		</point>
		<point>
			<X>159</X>
			<Y>297</Y>
		</point>
		<point>
			<X>159</X>
			<Y>299</Y>
		</point>
		<point>
			<X>159</X>
			<Y>301</Y>
		</point>
		<point>
			<X>159</X>
			<Y>301</Y>
		</point>
		<point>
			<X>159</X>
			<Y>302</Y>
		</point>
		<point>
			<X>157</X>
			<Y>303</Y>
		</point>
		<point>
			<X>157</X>
			<Y>303</Y>
		</point>
		<point>
			<X>157</X>
			<Y>304</Y>
		</point>
		<point>
			<X>157</X>
			<Y>304</Y>
		</point>
		<point>
			<X>157</X>
			<Y>305</Y>
		</point>
		<point>
			<X>157</X>
			<Y>305</Y>
		</point>
		<point>
			<X>157</X>
			<Y>307</Y>
		</point>
		<point>
			<X>157</X>
			<Y>307</Y>
		</point>
		<point>
			<X>157</X>
			<Y>307</Y>
		</point>
		<point>
			<X>157</X>
			<Y>308</Y>
		</point>
		<point>
			<X>157</X>
			<Y>309</Y>
		</point>
		<point>
			<X>157</X>
			<Y>309</Y>
		</point>
		<point>
			<X>157</X>
			<Y>309</Y>
		</point>
		<point>
			<X>157</X>
			<Y>309</Y>
		</point>
		<point>
			<X>157</X>
			<Y>310</Y>
		</point>
		<point>
			<X>157</X>
			<Y>310</Y>
		</point>
		<point>
			<X>157</X>
			<Y>310</Y>
		</point>
		<point>
			<X>157</X>
			<Y>310</Y>
		</point>
	</polygon>
</annotation>