<annotation>
	<folder>anno</folder>
	<filename>2009_004986.jpg</filename>
	<source>
		<database>The anno Database</database>
		<annotation>VC anno</annotation>
		<image>Unknow</image>
		<flickrid>Unknow</flickrid>
	</source>
	<owner>
		<flickrid>Unknow</flickrid>
		<name>Unknow</name>
	</owner>
	<size>
		<width>500</width>
		<height>333</height>
		<depth>3</depth>
	</size>
	<segmented>1</segmented>
	<polygon>
		<tag>background</tag>
		<point>
			<X>24</X>
			<Y>30</Y>
		</point>
		<point>
			<X>24</X>
			<Y>30</Y>
		</point>
		<point>
			<X>30</X>
			<Y>30</Y>
		</point>
		<point>
			<X>30</X>
			<Y>30</Y>
		</point>
		<point>
			<X>37</X>
			<Y>30</Y>
		</point>
		<point>
			<X>42</X>
			<Y>30</Y>
		</point>
		<point>
			<X>42</X>
			<Y>30</Y>
		</point>
		<point>
			<X>51</X>
			<Y>30</Y>
		</point>
		<point>
			<X>51</X>
			<Y>30</Y>
		</point>
		<point>
			<X>56</X>
			<Y>30</Y>
		</point>
		<point>
			<X>65</X>
			<Y>30</Y>
		</point>
		<point>
			<X>65</X>
			<Y>30</Y>
		</point>
		<point>
			<X>77</X>
			<Y>30</Y>
		</point>
		<point>
			<X>88</X>
			<Y>32</Y>
		</point>
		<point>
			<X>88</X>
			<Y>32</Y>
		</point>
		<point>
			<X>100</X>
			<Y>32</Y>
		</point>
		<point>
			<X>100</X>
			<Y>32</Y>
		</point>
		<point>
			<X>117</X>
			<Y>32</Y>
		</point>
		<point>
			<X>120</X>
			<Y>32</Y>
		</point>
		<point>
			<X>136</X>
			<Y>32</Y>
		</point>
		<point>
			<X>136</X>
			<Y>32</Y>
		</point>
		<point>
			<X>155</X>
			<Y>32</Y>
		</point>
		<point>
			<X>173</X>
			<Y>32</Y>
		</point>
		<point>
			<X>193</X>
			<Y>30</Y>
		</point>
		<point>
			<X>193</X>
			<Y>30</Y>
		</point>
		<point>
			<X>206</X>
			<Y>27</Y>
		</point>
		<point>
			<X>206</X>
			<Y>27</Y>
		</point>
		<point>
			<X>224</X>
			<Y>25</Y>
		</point>
		<point>
			<X>224</X>
			<Y>25</Y>
		</point>
		<point>
			<X>246</X>
			<Y>22</Y>
		</point>
		<point>
			<X>246</X>
			<Y>22</Y>
		</point>
		<point>
			<X>262</X>
			<Y>20</Y>
		</point>
		<point>
			<X>262</X>
			<Y>20</Y>
		</point>
		<point>
			<X>279</X>
			<Y>18</Y>
		</point>
		<point>
			<X>279</X>
			<Y>18</Y>
		</point>
		<point>
			<X>295</X>
			<Y>15</Y>
		</point>
		<point>
			<X>295</X>
			<Y>15</Y>
		</point>
		<point>
			<X>307</X>
			<Y>13</Y>
		</point>
		<point>
			<X>307</X>
			<Y>13</Y>
		</point>
		<point>
			<X>318</X>
			<Y>11</Y>
		</point>
		<point>
			<X>318</X>
			<Y>11</Y>
		</point>
		<point>
			<X>331</X>
			<Y>10</Y>
		</point>
		<point>
			<X>331</X>
			<Y>10</Y>
		</point>
		<point>
			<X>341</X>
			<Y>10</Y>
		</point>
		<point>
			<X>341</X>
			<Y>10</Y>
		</point>
		<point>
			<X>350</X>
			<Y>10</Y>
		</point>
		<point>
			<X>350</X>
			<Y>10</Y>
		</point>
		<point>
			<X>356</X>
			<Y>10</Y>
		</point>
		<point>
			<X>363</X>
			<Y>10</Y>
		</point>
		<point>
			<X>363</X>
			<Y>10</Y>
		</point>
		<point>
			<X>368</X>
			<Y>10</Y>
		</point>
		<point>
			<X>368</X>
			<Y>10</Y>
		</point>
		<point>
			<X>377</X>
			<Y>10</Y>
		</point>
		<point>
			<X>383</X>
			<Y>10</Y>
		</point>
		<point>
			<X>389</X>
			<Y>10</Y>
		</point>
		<point>
			<X>395</X>
			<Y>10</Y>
		</point>
		<point>
			<X>400</X>
			<Y>10</Y>
		</point>
		<point>
			<X>400</X>
			<Y>10</Y>
		</point>
		<point>
			<X>406</X>
			<Y>10</Y>
		</point>
		<point>
			<X>406</X>
			<Y>10</Y>
		</point>
		<point>
			<X>412</X>
			<Y>9</Y>
		</point>
		<point>
			<X>412</X>
			<Y>9</Y>
		</point>
		<point>
			<X>417</X>
			<Y>8</Y>
		</point>
		<point>
			<X>417</X>
			<Y>8</Y>
		</point>
		<point>
			<X>424</X>
			<Y>7</Y>
		</point>
		<point>
			<X>424</X>
			<Y>7</Y>
		</point>
		<point>
			<X>430</X>
			<Y>7</Y>
		</point>
		<point>
			<X>439</X>
			<Y>6</Y>
		</point>
		<point>
			<X>439</X>
			<Y>6</Y>
		</point>
		<point>
			<X>443</X>
			<Y>6</Y>
		</point>
		<point>
			<X>443</X>
			<Y>6</Y>
		</point>
		<point>
			<X>450</X>
			<Y>7</Y>
		</point>
		<point>
			<X>450</X>
			<Y>7</Y>
		</point>
		<point>
			<X>455</X>
			<Y>9</Y>
		</point>
		<point>
			<X>455</X>
			<Y>9</Y>
		</point>
		<point>
			<X>464</X>
			<Y>10</Y>
		</point>
		<point>
			<X>464</X>
			<Y>10</Y>
		</point>
		<point>
			<X>472</X>
			<Y>14</Y>
		</point>
		<point>
			<X>472</X>
			<Y>14</Y>
		</point>
		<point>
			<X>475</X>
			<Y>17</Y>
		</point>
		<point>
			<X>475</X>
			<Y>17</Y>
		</point>
		<point>
			<X>480</X>
			<Y>21</Y>
		</point>
		<point>
			<X>480</X>
			<Y>21</Y>
		</point>
		<point>
			<X>482</X>
			<Y>23</Y>
		</point>
		<point>
			<X>482</X>
			<Y>23</Y>
		</point>
		<point>
			<X>485</X>
			<Y>27</Y>
		</point>
		<point>
			<X>485</X>
			<Y>27</Y>
		</point>
		<point>
			<X>488</X>
			<Y>32</Y>
		</point>
		<point>
			<X>488</X>
			<Y>32</Y>
		</point>
		<point>
			<X>490</X>
			<Y>37</Y>
		</point>
		<point>
			<X>490</X>
			<Y>37</Y>
		</point>
		<point>
			<X>490</X>
			<Y>38</Y>
		</point>
		<point>
			<X>490</X>
			<Y>38</Y>
		</point>
		<point>
			<X>490</X>
			<Y>42</Y>
		</point>
		<point>
			<X>490</X>
			<Y>42</Y>
		</point>
		<point>
			<X>490</X>
			<Y>47</Y>
		</point>
		<point>
			<X>490</X>
			<Y>47</Y>
		</point>
		<point>
			<X>490</X>
			<Y>51</Y>
		</point>
		<point>
			<X>489</X>
			<Y>56</Y>
		</point>
		<point>
			<X>489</X>
			<Y>56</Y>
		</point>
		<point>
			<X>487</X>
			<Y>61</Y>
		</point>
		<point>
			<X>487</X>
			<Y>61</Y>
		</point>
		<point>
			<X>483</X>
			<Y>66</Y>
		</point>
		<point>
			<X>483</X>
			<Y>66</Y>
		</point>
		<point>
			<X>480</X>
			<Y>71</Y>
		</point>
		<point>
			<X>480</X>
			<Y>71</Y>
		</point>
		<point>
			<X>474</X>
			<Y>79</Y>
		</point>
		<point>
			<X>474</X>
			<Y>79</Y>
		</point>
		<point>
			<X>472</X>
			<Y>84</Y>
		</point>
		<point>
			<X>472</X>
			<Y>84</Y>
		</point>
		<point>
			<X>470</X>
			<Y>92</Y>
		</point>
		<point>
			<X>470</X>
			<Y>92</Y>
		</point>
		<point>
			<X>467</X>
			<Y>101</Y>
		</point>
		<point>
			<X>467</X>
			<Y>101</Y>
		</point>
		<point>
			<X>465</X>
			<Y>108</Y>
		</point>
		<point>
			<X>465</X>
			<Y>108</Y>
		</point>
		<point>
			<X>464</X>
			<Y>117</Y>
		</point>
		<point>
			<X>464</X>
			<Y>117</Y>
		</point>
		<point>
			<X>464</X>
			<Y>123</Y>
		</point>
		<point>
			<X>464</X>
			<Y>123</Y>
		</point>
		<point>
			<X>464</X>
			<Y>131</Y>
		</point>
		<point>
			<X>464</X>
			<Y>131</Y>
		</point>
		<point>
			<X>464</X>
			<Y>138</Y>
		</point>
		<point>
			<X>464</X>
			<Y>138</Y>
		</point>
		<point>
			<X>464</X>
			<Y>144</Y>
		</point>
		<point>
			<X>464</X>
			<Y>149</Y>
		</point>
		<point>
			<X>464</X>
			<Y>155</Y>
		</point>
		<point>
			<X>464</X>
			<Y>155</Y>
		</point>
		<point>
			<X>464</X>
			<Y>161</Y>
		</point>
		<point>
			<X>464</X>
			<Y>161</Y>
		</point>
		<point>
			<X>464</X>
			<Y>169</Y>
		</point>
		<point>
			<X>464</X>
			<Y>169</Y>
		</point>
		<point>
			<X>464</X>
			<Y>174</Y>
		</point>
		<point>
			<X>464</X>
			<Y>174</Y>
		</point>
		<point>
			<X>464</X>
			<Y>183</Y>
		</point>
		<point>
			<X>464</X>
			<Y>183</Y>
		</point>
		<point>
			<X>464</X>
			<Y>189</Y>
		</point>
		<point>
			<X>460</X>
			<Y>196</Y>
		</point>
		<point>
			<X>460</X>
			<Y>196</Y>
		</point>
		<point>
			<X>460</X>
			<Y>204</Y>
		</point>
		<point>
			<X>460</X>
			<Y>204</Y>
		</point>
		<point>
			<X>458</X>
			<Y>213</Y>
		</point>
		<point>
			<X>458</X>
			<Y>213</Y>
		</point>
		<point>
			<X>455</X>
			<Y>222</Y>
		</point>
		<point>
			<X>455</X>
			<Y>222</Y>
		</point>
		<point>
			<X>455</X>
			<Y>229</Y>
		</point>
		<point>
			<X>455</X>
			<Y>229</Y>
		</point>
		<point>
			<X>453</X>
			<Y>236</Y>
		</point>
		<point>
			<X>453</X>
			<Y>236</Y>
		</point>
		<point>
			<X>450</X>
			<Y>237</Y>
		</point>
		<point>
			<X>450</X>
			<Y>237</Y>
		</point>
		<point>
			<X>450</X>
			<Y>237</Y>
		</point>
		<point>
			<X>450</X>
			<Y>237</Y>
		</point>
		<point>
			<X>450</X>
			<Y>242</Y>
		</point>
		<point>
			<X>450</X>
			<Y>247</Y>
		</point>
		<point>
			<X>450</X>
			<Y>251</Y>
		</point>
		<point>
			<X>450</X>
			<Y>254</Y>
		</point>
		<point>
			<X>450</X>
			<Y>254</Y>
		</point>
		<point>
			<X>450</X>
			<Y>260</Y>
		</point>
		<point>
			<X>450</X>
			<Y>269</Y>
		</point>
		<point>
			<X>448</X>
			<Y>277</Y>
		</point>
		<point>
			<X>448</X>
			<Y>277</Y>
		</point>
		<point>
			<X>445</X>
			<Y>284</Y>
		</point>
		<point>
			<X>445</X>
			<Y>284</Y>
		</point>
		<point>
			<X>443</X>
			<Y>289</Y>
		</point>
		<point>
			<X>440</X>
			<Y>295</Y>
		</point>
		<point>
			<X>440</X>
			<Y>295</Y>
		</point>
		<point>
			<X>434</X>
			<Y>301</Y>
		</point>
		<point>
			<X>434</X>
			<Y>301</Y>
		</point>
		<point>
			<X>429</X>
			<Y>306</Y>
		</point>
		<point>
			<X>429</X>
			<Y>306</Y>
		</point>
		<point>
			<X>425</X>
			<Y>310</Y>
		</point>
		<point>
			<X>425</X>
			<Y>310</Y>
		</point>
		<point>
			<X>419</X>
			<Y>313</Y>
		</point>
		<point>
			<X>419</X>
			<Y>313</Y>
		</point>
		<point>
			<X>413</X>
			<Y>315</Y>
		</point>
		<point>
			<X>413</X>
			<Y>315</Y>
		</point>
		<point>
			<X>404</X>
			<Y>316</Y>
		</point>
		<point>
			<X>404</X>
			<Y>316</Y>
		</point>
		<point>
			<X>392</X>
			<Y>318</Y>
		</point>
		<point>
			<X>392</X>
			<Y>318</Y>
		</point>
		<point>
			<X>383</X>
			<Y>319</Y>
		</point>
		<point>
			<X>383</X>
			<Y>319</Y>
		</point>
		<point>
			<X>372</X>
			<Y>321</Y>
		</point>
		<point>
			<X>372</X>
			<Y>321</Y>
		</point>
		<point>
			<X>360</X>
			<Y>322</Y>
		</point>
		<point>
			<X>360</X>
			<Y>322</Y>
		</point>
		<point>
			<X>351</X>
			<Y>322</Y>
		</point>
		<point>
			<X>351</X>
			<Y>322</Y>
		</point>
		<point>
			<X>337</X>
			<Y>322</Y>
		</point>
		<point>
			<X>337</X>
			<Y>322</Y>
		</point>
		<point>
			<X>325</X>
			<Y>322</Y>
		</point>
		<point>
			<X>325</X>
			<Y>322</Y>
		</point>
		<point>
			<X>313</X>
			<Y>322</Y>
		</point>
		<point>
			<X>313</X>
			<Y>322</Y>
		</point>
		<point>
			<X>298</X>
			<Y>322</Y>
		</point>
		<point>
			<X>298</X>
			<Y>322</Y>
		</point>
		<point>
			<X>292</X>
			<Y>322</Y>
		</point>
		<point>
			<X>292</X>
			<Y>322</Y>
		</point>
		<point>
			<X>281</X>
			<Y>322</Y>
		</point>
		<point>
			<X>281</X>
			<Y>322</Y>
		</point>
		<point>
			<X>271</X>
			<Y>322</Y>
		</point>
		<point>
			<X>271</X>
			<Y>322</Y>
		</point>
		<point>
			<X>261</X>
			<Y>322</Y>
		</point>
		<point>
			<X>261</X>
			<Y>322</Y>
		</point>
		<point>
			<X>255</X>
			<Y>322</Y>
		</point>
		<point>
			<X>255</X>
			<Y>322</Y>
		</point>
		<point>
			<X>247</X>
			<Y>322</Y>
		</point>
		<point>
			<X>247</X>
			<Y>322</Y>
		</point>
		<point>
			<X>241</X>
			<Y>321</Y>
		</point>
		<point>
			<X>241</X>
			<Y>321</Y>
		</point>
		<point>
			<X>232</X>
			<Y>320</Y>
		</point>
		<point>
			<X>232</X>
			<Y>320</Y>
		</point>
		<point>
			<X>224</X>
			<Y>320</Y>
		</point>
		<point>
			<X>224</X>
			<Y>320</Y>
		</point>
		<point>
			<X>213</X>
			<Y>318</Y>
		</point>
		<point>
			<X>213</X>
			<Y>318</Y>
		</point>
		<point>
			<X>202</X>
			<Y>318</Y>
		</point>
		<point>
			<X>202</X>
			<Y>318</Y>
		</point>
		<point>
			<X>192</X>
			<Y>318</Y>
		</point>
		<point>
			<X>183</X>
			<Y>318</Y>
		</point>
		<point>
			<X>183</X>
			<Y>318</Y>
		</point>
		<point>
			<X>176</X>
			<Y>317</Y>
		</point>
		<point>
			<X>176</X>
			<Y>317</Y>
		</point>
		<point>
			<X>166</X>
			<Y>317</Y>
		</point>
		<point>
			<X>166</X>
			<Y>317</Y>
		</point>
		<point>
			<X>159</X>
			<Y>316</Y>
		</point>
		<point>
			<X>159</X>
			<Y>316</Y>
		</point>
		<point>
			<X>154</X>
			<Y>315</Y>
		</point>
		<point>
			<X>154</X>
			<Y>315</Y>
		</point>
		<point>
			<X>146</X>
			<Y>315</Y>
		</point>
		<point>
			<X>146</X>
			<Y>315</Y>
		</point>
		<point>
			<X>139</X>
			<Y>315</Y>
		</point>
		<point>
			<X>139</X>
			<Y>315</Y>
		</point>
		<point>
			<X>131</X>
			<Y>315</Y>
		</point>
		<point>
			<X>131</X>
			<Y>315</Y>
		</point>
		<point>
			<X>125</X>
			<Y>315</Y>
		</point>
		<point>
			<X>125</X>
			<Y>315</Y>
		</point>
		<point>
			<X>117</X>
			<Y>313</Y>
		</point>
		<point>
			<X>117</X>
			<Y>313</Y>
		</point>
		<point>
			<X>111</X>
			<Y>311</Y>
		</point>
		<point>
			<X>111</X>
			<Y>311</Y>
		</point>
		<point>
			<X>104</X>
			<Y>310</Y>
		</point>
		<point>
			<X>104</X>
			<Y>310</Y>
		</point>
		<point>
			<X>101</X>
			<Y>310</Y>
		</point>
		<point>
			<X>101</X>
			<Y>310</Y>
		</point>
		<point>
			<X>94</X>
			<Y>308</Y>
		</point>
		<point>
			<X>94</X>
			<Y>308</Y>
		</point>
		<point>
			<X>89</X>
			<Y>307</Y>
		</point>
		<point>
			<X>89</X>
			<Y>307</Y>
		</point>
		<point>
			<X>84</X>
			<Y>305</Y>
		</point>
		<point>
			<X>84</X>
			<Y>305</Y>
		</point>
		<point>
			<X>82</X>
			<Y>303</Y>
		</point>
		<point>
			<X>82</X>
			<Y>303</Y>
		</point>
		<point>
			<X>80</X>
			<Y>302</Y>
		</point>
		<point>
			<X>80</X>
			<Y>302</Y>
		</point>
		<point>
			<X>78</X>
			<Y>298</Y>
		</point>
		<point>
			<X>78</X>
			<Y>298</Y>
		</point>
		<point>
			<X>76</X>
			<Y>298</Y>
		</point>
		<point>
			<X>76</X>
			<Y>298</Y>
		</point>
		<point>
			<X>71</X>
			<Y>293</Y>
		</point>
		<point>
			<X>71</X>
			<Y>293</Y>
		</point>
		<point>
			<X>66</X>
			<Y>290</Y>
		</point>
		<point>
			<X>66</X>
			<Y>290</Y>
		</point>
		<point>
			<X>63</X>
			<Y>286</Y>
		</point>
		<point>
			<X>63</X>
			<Y>286</Y>
		</point>
		<point>
			<X>56</X>
			<Y>281</Y>
		</point>
		<point>
			<X>56</X>
			<Y>281</Y>
		</point>
		<point>
			<X>51</X>
			<Y>277</Y>
		</point>
		<point>
			<X>51</X>
			<Y>277</Y>
		</point>
		<point>
			<X>47</X>
			<Y>273</Y>
		</point>
		<point>
			<X>47</X>
			<Y>273</Y>
		</point>
		<point>
			<X>42</X>
			<Y>269</Y>
		</point>
		<point>
			<X>42</X>
			<Y>269</Y>
		</point>
		<point>
			<X>39</X>
			<Y>266</Y>
		</point>
		<point>
			<X>37</X>
			<Y>261</Y>
		</point>
		<point>
			<X>37</X>
			<Y>261</Y>
		</point>
		<point>
			<X>37</X>
			<Y>259</Y>
		</point>
		<point>
			<X>37</X>
			<Y>259</Y>
		</point>
		<point>
			<X>36</X>
			<Y>256</Y>
		</point>
		<point>
			<X>36</X>
			<Y>256</Y>
		</point>
		<point>
			<X>36</X>
			<Y>252</Y>
		</point>
		<point>
			<X>36</X>
			<Y>252</Y>
		</point>
		<point>
			<X>36</X>
			<Y>250</Y>
		</point>
		<point>
			<X>36</X>
			<Y>250</Y>
		</point>
		<point>
			<X>36</X>
			<Y>246</Y>
		</point>
		<point>
			<X>36</X>
			<Y>246</Y>
		</point>
		<point>
			<X>36</X>
			<Y>242</Y>
		</point>
		<point>
			<X>36</X>
			<Y>242</Y>
		</point>
		<point>
			<X>37</X>
			<Y>235</Y>
		</point>
		<point>
			<X>37</X>
			<Y>235</Y>
		</point>
		<point>
			<X>39</X>
			<Y>229</Y>
		</point>
		<point>
			<X>39</X>
			<Y>229</Y>
		</point>
		<point>
			<X>40</X>
			<Y>222</Y>
		</point>
		<point>
			<X>40</X>
			<Y>222</Y>
		</point>
		<point>
			<X>42</X>
			<Y>217</Y>
		</point>
		<point>
			<X>42</X>
			<Y>217</Y>
		</point>
		<point>
			<X>46</X>
			<Y>210</Y>
		</point>
		<point>
			<X>46</X>
			<Y>210</Y>
		</point>
		<point>
			<X>48</X>
			<Y>202</Y>
		</point>
		<point>
			<X>48</X>
			<Y>202</Y>
		</point>
		<point>
			<X>49</X>
			<Y>195</Y>
		</point>
		<point>
			<X>49</X>
			<Y>195</Y>
		</point>
		<point>
			<X>51</X>
			<Y>189</Y>
		</point>
		<point>
			<X>51</X>
			<Y>189</Y>
		</point>
		<point>
			<X>52</X>
			<Y>183</Y>
		</point>
		<point>
			<X>52</X>
			<Y>183</Y>
		</point>
		<point>
			<X>53</X>
			<Y>179</Y>
		</point>
		<point>
			<X>53</X>
			<Y>179</Y>
		</point>
		<point>
			<X>53</X>
			<Y>178</Y>
		</point>
		<point>
			<X>53</X>
			<Y>178</Y>
		</point>
		<point>
			<X>54</X>
			<Y>173</Y>
		</point>
		<point>
			<X>54</X>
			<Y>173</Y>
		</point>
		<point>
			<X>55</X>
			<Y>169</Y>
		</point>
		<point>
			<X>55</X>
			<Y>169</Y>
		</point>
		<point>
			<X>55</X>
			<Y>163</Y>
		</point>
		<point>
			<X>55</X>
			<Y>163</Y>
		</point>
		<point>
			<X>56</X>
			<Y>160</Y>
		</point>
		<point>
			<X>56</X>
			<Y>160</Y>
		</point>
		<point>
			<X>56</X>
			<Y>155</Y>
		</point>
		<point>
			<X>56</X>
			<Y>155</Y>
		</point>
		<point>
			<X>56</X>
			<Y>154</Y>
		</point>
		<point>
			<X>56</X>
			<Y>154</Y>
		</point>
		<point>
			<X>56</X>
			<Y>151</Y>
		</point>
		<point>
			<X>56</X>
			<Y>151</Y>
		</point>
		<point>
			<X>56</X>
			<Y>150</Y>
		</point>
		<point>
			<X>56</X>
			<Y>150</Y>
		</point>
		<point>
			<X>56</X>
			<Y>148</Y>
		</point>
		<point>
			<X>56</X>
			<Y>148</Y>
		</point>
		<point>
			<X>56</X>
			<Y>147</Y>
		</point>
		<point>
			<X>56</X>
			<Y>147</Y>
		</point>
		<point>
			<X>56</X>
			<Y>147</Y>
		</point>
		<point>
			<X>56</X>
			<Y>147</Y>
		</point>
		<point>
			<X>56</X>
			<Y>146</Y>
		</point>
		<point>
			<X>56</X>
			<Y>146</Y>
		</point>
	</polygon>
	<polygon>
		<tag>car</tag>
		<point>
			<X>199</X>
			<Y>171</Y>
		</point>
		<point>
			<X>200</X>
			<Y>171</Y>
		</point>
		<point>
			<X>201</X>
			<Y>171</Y>
		</point>
		<point>
			<X>201</X>
			<Y>171</Y>
		</point>
		<point>
			<X>202</X>
			<Y>171</Y>
		</point>
		<point>
			<X>203</X>
			<Y>171</Y>
		</point>
		<point>
			<X>206</X>
			<Y>171</Y>
		</point>
		<point>
			<X>206</X>
			<Y>171</Y>
		</point>
		<point>
			<X>208</X>
			<Y>171</Y>
		</point>
		<point>
			<X>212</X>
			<Y>170</Y>
		</point>
		<point>
			<X>212</X>
			<Y>170</Y>
		</point>
		<point>
			<X>216</X>
			<Y>170</Y>
		</point>
		<point>
			<X>220</X>
			<Y>170</Y>
		</point>
		<point>
			<X>224</X>
			<Y>170</Y>
		</point>
		<point>
			<X>230</X>
			<Y>170</Y>
		</point>
		<point>
			<X>232</X>
			<Y>170</Y>
		</point>
		<point>
			<X>232</X>
			<Y>170</Y>
		</point>
		<point>
			<X>234</X>
			<Y>169</Y>
		</point>
		<point>
			<X>234</X>
			<Y>169</Y>
		</point>
		<point>
			<X>237</X>
			<Y>169</Y>
		</point>
		<point>
			<X>242</X>
			<Y>168</Y>
		</point>
		<point>
			<X>242</X>
			<Y>168</Y>
		</point>
		<point>
			<X>245</X>
			<Y>168</Y>
		</point>
		<point>
			<X>245</X>
			<Y>168</Y>
		</point>
		<point>
			<X>247</X>
			<Y>166</Y>
		</point>
		<point>
			<X>247</X>
			<Y>166</Y>
		</point>
		<point>
			<X>247</X>
			<Y>166</Y>
		</point>
		<point>
			<X>247</X>
			<Y>166</Y>
		</point>
		<point>
			<X>250</X>
			<Y>165</Y>
		</point>
		<point>
			<X>250</X>
			<Y>165</Y>
		</point>
		<point>
			<X>254</X>
			<Y>161</Y>
		</point>
		<point>
			<X>254</X>
			<Y>161</Y>
		</point>
		<point>
			<X>256</X>
			<Y>160</Y>
		</point>
		<point>
			<X>256</X>
			<Y>160</Y>
		</point>
		<point>
			<X>260</X>
			<Y>157</Y>
		</point>
		<point>
			<X>260</X>
			<Y>157</Y>
		</point>
		<point>
			<X>263</X>
			<Y>156</Y>
		</point>
		<point>
			<X>263</X>
			<Y>156</Y>
		</point>
		<point>
			<X>266</X>
			<Y>155</Y>
		</point>
		<point>
			<X>266</X>
			<Y>155</Y>
		</point>
		<point>
			<X>268</X>
			<Y>153</Y>
		</point>
		<point>
			<X>268</X>
			<Y>153</Y>
		</point>
		<point>
			<X>270</X>
			<Y>151</Y>
		</point>
		<point>
			<X>270</X>
			<Y>151</Y>
		</point>
		<point>
			<X>272</X>
			<Y>150</Y>
		</point>
		<point>
			<X>272</X>
			<Y>150</Y>
		</point>
		<point>
			<X>273</X>
			<Y>149</Y>
		</point>
		<point>
			<X>273</X>
			<Y>149</Y>
		</point>
		<point>
			<X>275</X>
			<Y>147</Y>
		</point>
		<point>
			<X>275</X>
			<Y>147</Y>
		</point>
		<point>
			<X>277</X>
			<Y>147</Y>
		</point>
		<point>
			<X>277</X>
			<Y>147</Y>
		</point>
		<point>
			<X>279</X>
			<Y>146</Y>
		</point>
		<point>
			<X>279</X>
			<Y>146</Y>
		</point>
		<point>
			<X>280</X>
			<Y>145</Y>
		</point>
		<point>
			<X>280</X>
			<Y>145</Y>
		</point>
		<point>
			<X>285</X>
			<Y>144</Y>
		</point>
		<point>
			<X>285</X>
			<Y>144</Y>
		</point>
		<point>
			<X>288</X>
			<Y>143</Y>
		</point>
		<point>
			<X>288</X>
			<Y>143</Y>
		</point>
		<point>
			<X>294</X>
			<Y>141</Y>
		</point>
		<point>
			<X>294</X>
			<Y>141</Y>
		</point>
		<point>
			<X>298</X>
			<Y>139</Y>
		</point>
		<point>
			<X>298</X>
			<Y>139</Y>
		</point>
		<point>
			<X>304</X>
			<Y>139</Y>
		</point>
		<point>
			<X>304</X>
			<Y>139</Y>
		</point>
		<point>
			<X>309</X>
			<Y>138</Y>
		</point>
		<point>
			<X>309</X>
			<Y>138</Y>
		</point>
		<point>
			<X>315</X>
			<Y>138</Y>
		</point>
		<point>
			<X>321</X>
			<Y>138</Y>
		</point>
		<point>
			<X>321</X>
			<Y>138</Y>
		</point>
		<point>
			<X>327</X>
			<Y>138</Y>
		</point>
		<point>
			<X>330</X>
			<Y>138</Y>
		</point>
		<point>
			<X>330</X>
			<Y>138</Y>
		</point>
		<point>
			<X>333</X>
			<Y>138</Y>
		</point>
		<point>
			<X>336</X>
			<Y>138</Y>
		</point>
		<point>
			<X>336</X>
			<Y>138</Y>
		</point>
		<point>
			<X>338</X>
			<Y>138</Y>
		</point>
		<point>
			<X>340</X>
			<Y>139</Y>
		</point>
		<point>
			<X>340</X>
			<Y>139</Y>
		</point>
		<point>
			<X>342</X>
			<Y>139</Y>
		</point>
		<point>
			<X>342</X>
			<Y>139</Y>
		</point>
		<point>
			<X>343</X>
			<Y>142</Y>
		</point>
		<point>
			<X>343</X>
			<Y>142</Y>
		</point>
		<point>
			<X>345</X>
			<Y>143</Y>
		</point>
		<point>
			<X>345</X>
			<Y>143</Y>
		</point>
		<point>
			<X>348</X>
			<Y>146</Y>
		</point>
		<point>
			<X>348</X>
			<Y>146</Y>
		</point>
		<point>
			<X>352</X>
			<Y>148</Y>
		</point>
		<point>
			<X>352</X>
			<Y>148</Y>
		</point>
		<point>
			<X>353</X>
			<Y>150</Y>
		</point>
		<point>
			<X>353</X>
			<Y>150</Y>
		</point>
		<point>
			<X>357</X>
			<Y>153</Y>
		</point>
		<point>
			<X>357</X>
			<Y>153</Y>
		</point>
		<point>
			<X>360</X>
			<Y>155</Y>
		</point>
		<point>
			<X>360</X>
			<Y>155</Y>
		</point>
		<point>
			<X>363</X>
			<Y>156</Y>
		</point>
		<point>
			<X>363</X>
			<Y>156</Y>
		</point>
		<point>
			<X>368</X>
			<Y>159</Y>
		</point>
		<point>
			<X>368</X>
			<Y>159</Y>
		</point>
		<point>
			<X>372</X>
			<Y>161</Y>
		</point>
		<point>
			<X>372</X>
			<Y>161</Y>
		</point>
		<point>
			<X>373</X>
			<Y>161</Y>
		</point>
		<point>
			<X>373</X>
			<Y>161</Y>
		</point>
		<point>
			<X>377</X>
			<Y>164</Y>
		</point>
		<point>
			<X>377</X>
			<Y>164</Y>
		</point>
		<point>
			<X>381</X>
			<Y>166</Y>
		</point>
		<point>
			<X>381</X>
			<Y>166</Y>
		</point>
		<point>
			<X>385</X>
			<Y>168</Y>
		</point>
		<point>
			<X>385</X>
			<Y>168</Y>
		</point>
		<point>
			<X>389</X>
			<Y>170</Y>
		</point>
		<point>
			<X>389</X>
			<Y>170</Y>
		</point>
		<point>
			<X>393</X>
			<Y>171</Y>
		</point>
		<point>
			<X>393</X>
			<Y>171</Y>
		</point>
		<point>
			<X>395</X>
			<Y>171</Y>
		</point>
		<point>
			<X>395</X>
			<Y>171</Y>
		</point>
		<point>
			<X>397</X>
			<Y>173</Y>
		</point>
		<point>
			<X>397</X>
			<Y>173</Y>
		</point>
		<point>
			<X>395</X>
			<Y>175</Y>
		</point>
		<point>
			<X>395</X>
			<Y>175</Y>
		</point>
		<point>
			<X>392</X>
			<Y>176</Y>
		</point>
		<point>
			<X>392</X>
			<Y>176</Y>
		</point>
		<point>
			<X>386</X>
			<Y>178</Y>
		</point>
		<point>
			<X>386</X>
			<Y>178</Y>
		</point>
		<point>
			<X>380</X>
			<Y>179</Y>
		</point>
		<point>
			<X>380</X>
			<Y>179</Y>
		</point>
		<point>
			<X>375</X>
			<Y>181</Y>
		</point>
		<point>
			<X>375</X>
			<Y>181</Y>
		</point>
		<point>
			<X>366</X>
			<Y>181</Y>
		</point>
		<point>
			<X>366</X>
			<Y>181</Y>
		</point>
		<point>
			<X>360</X>
			<Y>183</Y>
		</point>
		<point>
			<X>360</X>
			<Y>183</Y>
		</point>
		<point>
			<X>352</X>
			<Y>185</Y>
		</point>
		<point>
			<X>352</X>
			<Y>185</Y>
		</point>
		<point>
			<X>346</X>
			<Y>185</Y>
		</point>
		<point>
			<X>346</X>
			<Y>185</Y>
		</point>
		<point>
			<X>341</X>
			<Y>185</Y>
		</point>
		<point>
			<X>341</X>
			<Y>185</Y>
		</point>
		<point>
			<X>335</X>
			<Y>185</Y>
		</point>
		<point>
			<X>335</X>
			<Y>185</Y>
		</point>
		<point>
			<X>331</X>
			<Y>186</Y>
		</point>
		<point>
			<X>331</X>
			<Y>186</Y>
		</point>
		<point>
			<X>328</X>
			<Y>186</Y>
		</point>
		<point>
			<X>328</X>
			<Y>186</Y>
		</point>
		<point>
			<X>326</X>
			<Y>186</Y>
		</point>
		<point>
			<X>326</X>
			<Y>186</Y>
		</point>
		<point>
			<X>323</X>
			<Y>186</Y>
		</point>
		<point>
			<X>323</X>
			<Y>186</Y>
		</point>
		<point>
			<X>321</X>
			<Y>186</Y>
		</point>
		<point>
			<X>321</X>
			<Y>186</Y>
		</point>
		<point>
			<X>320</X>
			<Y>186</Y>
		</point>
		<point>
			<X>320</X>
			<Y>186</Y>
		</point>
		<point>
			<X>318</X>
			<Y>186</Y>
		</point>
		<point>
			<X>318</X>
			<Y>186</Y>
		</point>
		<point>
			<X>314</X>
			<Y>185</Y>
		</point>
		<point>
			<X>314</X>
			<Y>185</Y>
		</point>
		<point>
			<X>312</X>
			<Y>185</Y>
		</point>
		<point>
			<X>312</X>
			<Y>185</Y>
		</point>
		<point>
			<X>309</X>
			<Y>185</Y>
		</point>
		<point>
			<X>309</X>
			<Y>185</Y>
		</point>
		<point>
			<X>304</X>
			<Y>185</Y>
		</point>
		<point>
			<X>304</X>
			<Y>185</Y>
		</point>
		<point>
			<X>300</X>
			<Y>185</Y>
		</point>
		<point>
			<X>300</X>
			<Y>185</Y>
		</point>
		<point>
			<X>296</X>
			<Y>185</Y>
		</point>
		<point>
			<X>296</X>
			<Y>185</Y>
		</point>
		<point>
			<X>293</X>
			<Y>185</Y>
		</point>
		<point>
			<X>293</X>
			<Y>185</Y>
		</point>
		<point>
			<X>288</X>
			<Y>185</Y>
		</point>
		<point>
			<X>288</X>
			<Y>185</Y>
		</point>
		<point>
			<X>285</X>
			<Y>185</Y>
		</point>
		<point>
			<X>285</X>
			<Y>185</Y>
		</point>
		<point>
			<X>282</X>
			<Y>185</Y>
		</point>
		<point>
			<X>282</X>
			<Y>185</Y>
		</point>
		<point>
			<X>279</X>
			<Y>185</Y>
		</point>
		<point>
			<X>279</X>
			<Y>185</Y>
		</point>
		<point>
			<X>276</X>
			<Y>185</Y>
		</point>
		<point>
			<X>276</X>
			<Y>185</Y>
		</point>
		<point>
			<X>273</X>
			<Y>185</Y>
		</point>
		<point>
			<X>273</X>
			<Y>185</Y>
		</point>
		<point>
			<X>271</X>
			<Y>185</Y>
		</point>
		<point>
			<X>271</X>
			<Y>185</Y>
		</point>
		<point>
			<X>269</X>
			<Y>185</Y>
		</point>
		<point>
			<X>269</X>
			<Y>185</Y>
		</point>
		<point>
			<X>266</X>
			<Y>185</Y>
		</point>
		<point>
			<X>266</X>
			<Y>185</Y>
		</point>
		<point>
			<X>265</X>
			<Y>185</Y>
		</point>
		<point>
			<X>265</X>
			<Y>185</Y>
		</point>
		<point>
			<X>264</X>
			<Y>185</Y>
		</point>
		<point>
			<X>264</X>
			<Y>185</Y>
		</point>
		<point>
			<X>264</X>
			<Y>185</Y>
		</point>
		<point>
			<X>264</X>
			<Y>185</Y>
		</point>
	</polygon>
</annotation>