<annotation>
	<folder>anno</folder>
	<filename>2010_005874.jpg</filename>
	<source>
		<database>The anno Database</database>
		<annotation>VC anno</annotation>
		<image>Unknow</image>
		<flickrid>Unknow</flickrid>
	</source>
	<owner>
		<flickrid>Unknow</flickrid>
		<name>Unknow</name>
	</owner>
	<size>
		<width>375</width>
		<height>500</height>
		<depth>3</depth>
	</size>
	<segmented>1</segmented>
	<polygon>
		<tag>dog</tag>
		<point>
			<X>308</X>
			<Y>297</Y>
		</point>
		<point>
			<X>307</X>
			<Y>297</Y>
		</point>
		<point>
			<X>307</X>
			<Y>297</Y>
		</point>
		<point>
			<X>305</X>
			<Y>297</Y>
		</point>
		<point>
			<X>305</X>
			<Y>297</Y>
		</point>
		<point>
			<X>304</X>
			<Y>296</Y>
		</point>
		<point>
			<X>304</X>
			<Y>296</Y>
		</point>
		<point>
			<X>304</X>
			<Y>295</Y>
		</point>
		<point>
			<X>304</X>
			<Y>295</Y>
		</point>
		<point>
			<X>301</X>
			<Y>292</Y>
		</point>
		<point>
			<X>301</X>
			<Y>292</Y>
		</point>
		<point>
			<X>297</X>
			<Y>288</Y>
		</point>
		<point>
			<X>297</X>
			<Y>288</Y>
		</point>
		<point>
			<X>294</X>
			<Y>285</Y>
		</point>
		<point>
			<X>294</X>
			<Y>285</Y>
		</point>
		<point>
			<X>291</X>
			<Y>282</Y>
		</point>
		<point>
			<X>291</X>
			<Y>282</Y>
		</point>
		<point>
			<X>287</X>
			<Y>278</Y>
		</point>
		<point>
			<X>287</X>
			<Y>278</Y>
		</point>
		<point>
			<X>282</X>
			<Y>274</Y>
		</point>
		<point>
			<X>282</X>
			<Y>274</Y>
		</point>
		<point>
			<X>277</X>
			<Y>270</Y>
		</point>
		<point>
			<X>277</X>
			<Y>270</Y>
		</point>
		<point>
			<X>274</X>
			<Y>268</Y>
		</point>
		<point>
			<X>270</X>
			<Y>264</Y>
		</point>
		<point>
			<X>270</X>
			<Y>264</Y>
		</point>
		<point>
			<X>266</X>
			<Y>262</Y>
		</point>
		<point>
			<X>266</X>
			<Y>262</Y>
		</point>
		<point>
			<X>262</X>
			<Y>260</Y>
		</point>
		<point>
			<X>262</X>
			<Y>260</Y>
		</point>
		<point>
			<X>259</X>
			<Y>258</Y>
		</point>
		<point>
			<X>259</X>
			<Y>258</Y>
		</point>
		<point>
			<X>255</X>
			<Y>256</Y>
		</point>
		<point>
			<X>255</X>
			<Y>256</Y>
		</point>
		<point>
			<X>251</X>
			<Y>252</Y>
		</point>
		<point>
			<X>251</X>
			<Y>252</Y>
		</point>
		<point>
			<X>247</X>
			<Y>251</Y>
		</point>
		<point>
			<X>247</X>
			<Y>251</Y>
		</point>
		<point>
			<X>242</X>
			<Y>250</Y>
		</point>
		<point>
			<X>242</X>
			<Y>250</Y>
		</point>
		<point>
			<X>239</X>
			<Y>247</Y>
		</point>
		<point>
			<X>239</X>
			<Y>247</Y>
		</point>
		<point>
			<X>235</X>
			<Y>247</Y>
		</point>
		<point>
			<X>235</X>
			<Y>247</Y>
		</point>
		<point>
			<X>231</X>
			<Y>246</Y>
		</point>
		<point>
			<X>231</X>
			<Y>246</Y>
		</point>
		<point>
			<X>226</X>
			<Y>244</Y>
		</point>
		<point>
			<X>226</X>
			<Y>244</Y>
		</point>
		<point>
			<X>222</X>
			<Y>242</Y>
		</point>
		<point>
			<X>222</X>
			<Y>242</Y>
		</point>
		<point>
			<X>216</X>
			<Y>240</Y>
		</point>
		<point>
			<X>216</X>
			<Y>240</Y>
		</point>
		<point>
			<X>210</X>
			<Y>237</Y>
		</point>
		<point>
			<X>210</X>
			<Y>237</Y>
		</point>
		<point>
			<X>204</X>
			<Y>236</Y>
		</point>
		<point>
			<X>204</X>
			<Y>236</Y>
		</point>
		<point>
			<X>199</X>
			<Y>235</Y>
		</point>
		<point>
			<X>199</X>
			<Y>235</Y>
		</point>
		<point>
			<X>191</X>
			<Y>232</Y>
		</point>
		<point>
			<X>191</X>
			<Y>232</Y>
		</point>
		<point>
			<X>189</X>
			<Y>232</Y>
		</point>
		<point>
			<X>189</X>
			<Y>232</Y>
		</point>
		<point>
			<X>184</X>
			<Y>231</Y>
		</point>
		<point>
			<X>184</X>
			<Y>231</Y>
		</point>
		<point>
			<X>180</X>
			<Y>231</Y>
		</point>
		<point>
			<X>180</X>
			<Y>231</Y>
		</point>
		<point>
			<X>175</X>
			<Y>231</Y>
		</point>
		<point>
			<X>175</X>
			<Y>231</Y>
		</point>
		<point>
			<X>172</X>
			<Y>230</Y>
		</point>
		<point>
			<X>172</X>
			<Y>230</Y>
		</point>
		<point>
			<X>167</X>
			<Y>229</Y>
		</point>
		<point>
			<X>167</X>
			<Y>229</Y>
		</point>
		<point>
			<X>162</X>
			<Y>227</Y>
		</point>
		<point>
			<X>162</X>
			<Y>227</Y>
		</point>
		<point>
			<X>159</X>
			<Y>227</Y>
		</point>
		<point>
			<X>159</X>
			<Y>227</Y>
		</point>
		<point>
			<X>154</X>
			<Y>227</Y>
		</point>
		<point>
			<X>154</X>
			<Y>227</Y>
		</point>
		<point>
			<X>150</X>
			<Y>226</Y>
		</point>
		<point>
			<X>150</X>
			<Y>226</Y>
		</point>
		<point>
			<X>146</X>
			<Y>226</Y>
		</point>
		<point>
			<X>146</X>
			<Y>226</Y>
		</point>
		<point>
			<X>142</X>
			<Y>225</Y>
		</point>
		<point>
			<X>142</X>
			<Y>225</Y>
		</point>
		<point>
			<X>138</X>
			<Y>225</Y>
		</point>
		<point>
			<X>138</X>
			<Y>225</Y>
		</point>
		<point>
			<X>135</X>
			<Y>224</Y>
		</point>
		<point>
			<X>135</X>
			<Y>224</Y>
		</point>
		<point>
			<X>131</X>
			<Y>224</Y>
		</point>
		<point>
			<X>131</X>
			<Y>224</Y>
		</point>
		<point>
			<X>127</X>
			<Y>222</Y>
		</point>
		<point>
			<X>127</X>
			<Y>222</Y>
		</point>
		<point>
			<X>123</X>
			<Y>222</Y>
		</point>
		<point>
			<X>123</X>
			<Y>222</Y>
		</point>
		<point>
			<X>122</X>
			<Y>222</Y>
		</point>
		<point>
			<X>122</X>
			<Y>222</Y>
		</point>
		<point>
			<X>118</X>
			<Y>222</Y>
		</point>
		<point>
			<X>118</X>
			<Y>222</Y>
		</point>
		<point>
			<X>116</X>
			<Y>222</Y>
		</point>
		<point>
			<X>116</X>
			<Y>222</Y>
		</point>
		<point>
			<X>113</X>
			<Y>221</Y>
		</point>
		<point>
			<X>113</X>
			<Y>221</Y>
		</point>
		<point>
			<X>111</X>
			<Y>220</Y>
		</point>
		<point>
			<X>111</X>
			<Y>220</Y>
		</point>
		<point>
			<X>108</X>
			<Y>219</Y>
		</point>
		<point>
			<X>108</X>
			<Y>219</Y>
		</point>
		<point>
			<X>106</X>
			<Y>217</Y>
		</point>
		<point>
			<X>106</X>
			<Y>217</Y>
		</point>
		<point>
			<X>103</X>
			<Y>217</Y>
		</point>
		<point>
			<X>103</X>
			<Y>217</Y>
		</point>
		<point>
			<X>100</X>
			<Y>217</Y>
		</point>
		<point>
			<X>100</X>
			<Y>217</Y>
		</point>
		<point>
			<X>100</X>
			<Y>217</Y>
		</point>
		<point>
			<X>100</X>
			<Y>217</Y>
		</point>
		<point>
			<X>98</X>
			<Y>216</Y>
		</point>
		<point>
			<X>98</X>
			<Y>216</Y>
		</point>
		<point>
			<X>97</X>
			<Y>216</Y>
		</point>
		<point>
			<X>97</X>
			<Y>216</Y>
		</point>
		<point>
			<X>95</X>
			<Y>215</Y>
		</point>
		<point>
			<X>95</X>
			<Y>215</Y>
		</point>
		<point>
			<X>93</X>
			<Y>214</Y>
		</point>
		<point>
			<X>93</X>
			<Y>214</Y>
		</point>
		<point>
			<X>93</X>
			<Y>212</Y>
		</point>
		<point>
			<X>93</X>
			<Y>212</Y>
		</point>
		<point>
			<X>91</X>
			<Y>212</Y>
		</point>
		<point>
			<X>91</X>
			<Y>212</Y>
		</point>
		<point>
			<X>90</X>
			<Y>212</Y>
		</point>
		<point>
			<X>90</X>
			<Y>212</Y>
		</point>
		<point>
			<X>88</X>
			<Y>211</Y>
		</point>
		<point>
			<X>88</X>
			<Y>211</Y>
		</point>
		<point>
			<X>88</X>
			<Y>210</Y>
		</point>
		<point>
			<X>88</X>
			<Y>210</Y>
		</point>
		<point>
			<X>86</X>
			<Y>209</Y>
		</point>
		<point>
			<X>86</X>
			<Y>209</Y>
		</point>
		<point>
			<X>85</X>
			<Y>206</Y>
		</point>
		<point>
			<X>85</X>
			<Y>206</Y>
		</point>
		<point>
			<X>83</X>
			<Y>206</Y>
		</point>
		<point>
			<X>83</X>
			<Y>206</Y>
		</point>
		<point>
			<X>83</X>
			<Y>206</Y>
		</point>
		<point>
			<X>83</X>
			<Y>206</Y>
		</point>
		<point>
			<X>82</X>
			<Y>205</Y>
		</point>
		<point>
			<X>82</X>
			<Y>205</Y>
		</point>
		<point>
			<X>82</X>
			<Y>204</Y>
		</point>
		<point>
			<X>82</X>
			<Y>204</Y>
		</point>
		<point>
			<X>81</X>
			<Y>201</Y>
		</point>
		<point>
			<X>81</X>
			<Y>201</Y>
		</point>
		<point>
			<X>80</X>
			<Y>201</Y>
		</point>
		<point>
			<X>80</X>
			<Y>201</Y>
		</point>
		<point>
			<X>78</X>
			<Y>200</Y>
		</point>
		<point>
			<X>78</X>
			<Y>200</Y>
		</point>
		<point>
			<X>77</X>
			<Y>196</Y>
		</point>
		<point>
			<X>77</X>
			<Y>196</Y>
		</point>
		<point>
			<X>76</X>
			<Y>195</Y>
		</point>
		<point>
			<X>76</X>
			<Y>195</Y>
		</point>
		<point>
			<X>76</X>
			<Y>194</Y>
		</point>
		<point>
			<X>76</X>
			<Y>194</Y>
		</point>
		<point>
			<X>75</X>
			<Y>191</Y>
		</point>
		<point>
			<X>75</X>
			<Y>191</Y>
		</point>
		<point>
			<X>75</X>
			<Y>191</Y>
		</point>
		<point>
			<X>75</X>
			<Y>191</Y>
		</point>
		<point>
			<X>75</X>
			<Y>191</Y>
		</point>
		<point>
			<X>75</X>
			<Y>191</Y>
		</point>
		<point>
			<X>75</X>
			<Y>189</Y>
		</point>
		<point>
			<X>75</X>
			<Y>189</Y>
		</point>
		<point>
			<X>74</X>
			<Y>187</Y>
		</point>
		<point>
			<X>74</X>
			<Y>187</Y>
		</point>
		<point>
			<X>74</X>
			<Y>187</Y>
		</point>
		<point>
			<X>74</X>
			<Y>187</Y>
		</point>
		<point>
			<X>74</X>
			<Y>186</Y>
		</point>
		<point>
			<X>74</X>
			<Y>186</Y>
		</point>
		<point>
			<X>73</X>
			<Y>184</Y>
		</point>
		<point>
			<X>73</X>
			<Y>184</Y>
		</point>
		<point>
			<X>73</X>
			<Y>182</Y>
		</point>
		<point>
			<X>73</X>
			<Y>182</Y>
		</point>
		<point>
			<X>73</X>
			<Y>181</Y>
		</point>
		<point>
			<X>73</X>
			<Y>181</Y>
		</point>
		<point>
			<X>73</X>
			<Y>180</Y>
		</point>
		<point>
			<X>73</X>
			<Y>180</Y>
		</point>
		<point>
			<X>73</X>
			<Y>180</Y>
		</point>
		<point>
			<X>73</X>
			<Y>180</Y>
		</point>
		<point>
			<X>73</X>
			<Y>177</Y>
		</point>
		<point>
			<X>73</X>
			<Y>177</Y>
		</point>
		<point>
			<X>73</X>
			<Y>177</Y>
		</point>
		<point>
			<X>73</X>
			<Y>177</Y>
		</point>
		<point>
			<X>73</X>
			<Y>175</Y>
		</point>
		<point>
			<X>73</X>
			<Y>175</Y>
		</point>
		<point>
			<X>73</X>
			<Y>174</Y>
		</point>
		<point>
			<X>73</X>
			<Y>174</Y>
		</point>
		<point>
			<X>74</X>
			<Y>172</Y>
		</point>
		<point>
			<X>74</X>
			<Y>172</Y>
		</point>
		<point>
			<X>75</X>
			<Y>171</Y>
		</point>
		<point>
			<X>75</X>
			<Y>171</Y>
		</point>
		<point>
			<X>76</X>
			<Y>170</Y>
		</point>
		<point>
			<X>76</X>
			<Y>170</Y>
		</point>
		<point>
			<X>77</X>
			<Y>167</Y>
		</point>
		<point>
			<X>77</X>
			<Y>167</Y>
		</point>
		<point>
			<X>78</X>
			<Y>166</Y>
		</point>
		<point>
			<X>78</X>
			<Y>166</Y>
		</point>
		<point>
			<X>81</X>
			<Y>165</Y>
		</point>
		<point>
			<X>81</X>
			<Y>165</Y>
		</point>
		<point>
			<X>83</X>
			<Y>162</Y>
		</point>
		<point>
			<X>83</X>
			<Y>162</Y>
		</point>
		<point>
			<X>86</X>
			<Y>162</Y>
		</point>
		<point>
			<X>86</X>
			<Y>162</Y>
		</point>
		<point>
			<X>88</X>
			<Y>160</Y>
		</point>
		<point>
			<X>88</X>
			<Y>160</Y>
		</point>
		<point>
			<X>93</X>
			<Y>157</Y>
		</point>
		<point>
			<X>93</X>
			<Y>157</Y>
		</point>
		<point>
			<X>95</X>
			<Y>155</Y>
		</point>
		<point>
			<X>100</X>
			<Y>155</Y>
		</point>
		<point>
			<X>100</X>
			<Y>155</Y>
		</point>
		<point>
			<X>102</X>
			<Y>152</Y>
		</point>
		<point>
			<X>102</X>
			<Y>152</Y>
		</point>
		<point>
			<X>105</X>
			<Y>151</Y>
		</point>
		<point>
			<X>105</X>
			<Y>151</Y>
		</point>
		<point>
			<X>108</X>
			<Y>149</Y>
		</point>
		<point>
			<X>108</X>
			<Y>149</Y>
		</point>
		<point>
			<X>111</X>
			<Y>148</Y>
		</point>
		<point>
			<X>111</X>
			<Y>148</Y>
		</point>
		<point>
			<X>115</X>
			<Y>146</Y>
		</point>
		<point>
			<X>115</X>
			<Y>146</Y>
		</point>
		<point>
			<X>117</X>
			<Y>145</Y>
		</point>
		<point>
			<X>117</X>
			<Y>145</Y>
		</point>
		<point>
			<X>120</X>
			<Y>144</Y>
		</point>
		<point>
			<X>120</X>
			<Y>144</Y>
		</point>
		<point>
			<X>122</X>
			<Y>142</Y>
		</point>
		<point>
			<X>122</X>
			<Y>142</Y>
		</point>
		<point>
			<X>123</X>
			<Y>141</Y>
		</point>
		<point>
			<X>123</X>
			<Y>141</Y>
		</point>
		<point>
			<X>126</X>
			<Y>140</Y>
		</point>
		<point>
			<X>126</X>
			<Y>140</Y>
		</point>
		<point>
			<X>127</X>
			<Y>138</Y>
		</point>
		<point>
			<X>127</X>
			<Y>138</Y>
		</point>
		<point>
			<X>128</X>
			<Y>137</Y>
		</point>
		<point>
			<X>128</X>
			<Y>137</Y>
		</point>
		<point>
			<X>130</X>
			<Y>135</Y>
		</point>
		<point>
			<X>130</X>
			<Y>135</Y>
		</point>
		<point>
			<X>132</X>
			<Y>133</Y>
		</point>
		<point>
			<X>132</X>
			<Y>133</Y>
		</point>
		<point>
			<X>133</X>
			<Y>131</Y>
		</point>
		<point>
			<X>133</X>
			<Y>131</Y>
		</point>
		<point>
			<X>134</X>
			<Y>129</Y>
		</point>
		<point>
			<X>134</X>
			<Y>129</Y>
		</point>
		<point>
			<X>135</X>
			<Y>128</Y>
		</point>
		<point>
			<X>135</X>
			<Y>128</Y>
		</point>
		<point>
			<X>137</X>
			<Y>125</Y>
		</point>
		<point>
			<X>137</X>
			<Y>125</Y>
		</point>
		<point>
			<X>139</X>
			<Y>123</Y>
		</point>
		<point>
			<X>139</X>
			<Y>123</Y>
		</point>
		<point>
			<X>140</X>
			<Y>120</Y>
		</point>
		<point>
			<X>140</X>
			<Y>120</Y>
		</point>
		<point>
			<X>140</X>
			<Y>118</Y>
		</point>
		<point>
			<X>140</X>
			<Y>118</Y>
		</point>
		<point>
			<X>141</X>
			<Y>115</Y>
		</point>
		<point>
			<X>141</X>
			<Y>115</Y>
		</point>
		<point>
			<X>142</X>
			<Y>112</Y>
		</point>
		<point>
			<X>142</X>
			<Y>112</Y>
		</point>
		<point>
			<X>143</X>
			<Y>110</Y>
		</point>
		<point>
			<X>143</X>
			<Y>110</Y>
		</point>
		<point>
			<X>143</X>
			<Y>107</Y>
		</point>
		<point>
			<X>143</X>
			<Y>107</Y>
		</point>
		<point>
			<X>144</X>
			<Y>103</Y>
		</point>
		<point>
			<X>144</X>
			<Y>103</Y>
		</point>
		<point>
			<X>145</X>
			<Y>100</Y>
		</point>
		<point>
			<X>145</X>
			<Y>100</Y>
		</point>
		<point>
			<X>146</X>
			<Y>97</Y>
		</point>
		<point>
			<X>147</X>
			<Y>95</Y>
		</point>
		<point>
			<X>147</X>
			<Y>95</Y>
		</point>
		<point>
			<X>148</X>
			<Y>92</Y>
		</point>
		<point>
			<X>148</X>
			<Y>92</Y>
		</point>
		<point>
			<X>148</X>
			<Y>90</Y>
		</point>
		<point>
			<X>148</X>
			<Y>90</Y>
		</point>
		<point>
			<X>148</X>
			<Y>87</Y>
		</point>
		<point>
			<X>148</X>
			<Y>87</Y>
		</point>
		<point>
			<X>149</X>
			<Y>83</Y>
		</point>
		<point>
			<X>149</X>
			<Y>83</Y>
		</point>
		<point>
			<X>149</X>
			<Y>82</Y>
		</point>
		<point>
			<X>149</X>
			<Y>82</Y>
		</point>
		<point>
			<X>150</X>
			<Y>80</Y>
		</point>
		<point>
			<X>150</X>
			<Y>80</Y>
		</point>
		<point>
			<X>150</X>
			<Y>77</Y>
		</point>
		<point>
			<X>150</X>
			<Y>77</Y>
		</point>
		<point>
			<X>151</X>
			<Y>75</Y>
		</point>
		<point>
			<X>151</X>
			<Y>75</Y>
		</point>
		<point>
			<X>151</X>
			<Y>73</Y>
		</point>
		<point>
			<X>151</X>
			<Y>73</Y>
		</point>
		<point>
			<X>151</X>
			<Y>70</Y>
		</point>
		<point>
			<X>151</X>
			<Y>70</Y>
		</point>
		<point>
			<X>152</X>
			<Y>68</Y>
		</point>
		<point>
			<X>152</X>
			<Y>68</Y>
		</point>
		<point>
			<X>152</X>
			<Y>66</Y>
		</point>
		<point>
			<X>152</X>
			<Y>66</Y>
		</point>
		<point>
			<X>152</X>
			<Y>64</Y>
		</point>
		<point>
			<X>152</X>
			<Y>64</Y>
		</point>
		<point>
			<X>154</X>
			<Y>61</Y>
		</point>
		<point>
			<X>154</X>
			<Y>61</Y>
		</point>
		<point>
			<X>155</X>
			<Y>58</Y>
		</point>
		<point>
			<X>155</X>
			<Y>58</Y>
		</point>
		<point>
			<X>155</X>
			<Y>56</Y>
		</point>
		<point>
			<X>155</X>
			<Y>56</Y>
		</point>
		<point>
			<X>156</X>
			<Y>53</Y>
		</point>
		<point>
			<X>156</X>
			<Y>53</Y>
		</point>
		<point>
			<X>156</X>
			<Y>50</Y>
		</point>
		<point>
			<X>156</X>
			<Y>50</Y>
		</point>
		<point>
			<X>157</X>
			<Y>46</Y>
		</point>
		<point>
			<X>157</X>
			<Y>46</Y>
		</point>
		<point>
			<X>157</X>
			<Y>46</Y>
		</point>
		<point>
			<X>157</X>
			<Y>46</Y>
		</point>
		<point>
			<X>157</X>
			<Y>44</Y>
		</point>
		<point>
			<X>157</X>
			<Y>44</Y>
		</point>
		<point>
			<X>159</X>
			<Y>41</Y>
		</point>
		<point>
			<X>159</X>
			<Y>41</Y>
		</point>
		<point>
			<X>160</X>
			<Y>40</Y>
		</point>
		<point>
			<X>160</X>
			<Y>40</Y>
		</point>
		<point>
			<X>160</X>
			<Y>37</Y>
		</point>
		<point>
			<X>160</X>
			<Y>37</Y>
		</point>
		<point>
			<X>162</X>
			<Y>35</Y>
		</point>
		<point>
			<X>162</X>
			<Y>35</Y>
		</point>
		<point>
			<X>162</X>
			<Y>34</Y>
		</point>
		<point>
			<X>162</X>
			<Y>34</Y>
		</point>
		<point>
			<X>164</X>
			<Y>33</Y>
		</point>
		<point>
			<X>164</X>
			<Y>33</Y>
		</point>
		<point>
			<X>165</X>
			<Y>30</Y>
		</point>
		<point>
			<X>165</X>
			<Y>30</Y>
		</point>
		<point>
			<X>165</X>
			<Y>29</Y>
		</point>
		<point>
			<X>165</X>
			<Y>29</Y>
		</point>
		<point>
			<X>166</X>
			<Y>27</Y>
		</point>
		<point>
			<X>166</X>
			<Y>27</Y>
		</point>
		<point>
			<X>166</X>
			<Y>25</Y>
		</point>
		<point>
			<X>166</X>
			<Y>25</Y>
		</point>
		<point>
			<X>167</X>
			<Y>23</Y>
		</point>
		<point>
			<X>167</X>
			<Y>23</Y>
		</point>
		<point>
			<X>167</X>
			<Y>23</Y>
		</point>
		<point>
			<X>167</X>
			<Y>23</Y>
		</point>
		<point>
			<X>170</X>
			<Y>22</Y>
		</point>
		<point>
			<X>170</X>
			<Y>22</Y>
		</point>
		<point>
			<X>170</X>
			<Y>20</Y>
		</point>
		<point>
			<X>170</X>
			<Y>20</Y>
		</point>
		<point>
			<X>171</X>
			<Y>20</Y>
		</point>
		<point>
			<X>171</X>
			<Y>20</Y>
		</point>
		<point>
			<X>172</X>
			<Y>19</Y>
		</point>
		<point>
			<X>172</X>
			<Y>19</Y>
		</point>
		<point>
			<X>174</X>
			<Y>18</Y>
		</point>
		<point>
			<X>174</X>
			<Y>18</Y>
		</point>
		<point>
			<X>175</X>
			<Y>17</Y>
		</point>
		<point>
			<X>175</X>
			<Y>17</Y>
		</point>
		<point>
			<X>176</X>
			<Y>17</Y>
		</point>
		<point>
			<X>176</X>
			<Y>17</Y>
		</point>
		<point>
			<X>179</X>
			<Y>16</Y>
		</point>
		<point>
			<X>179</X>
			<Y>16</Y>
		</point>
		<point>
			<X>180</X>
			<Y>15</Y>
		</point>
		<point>
			<X>180</X>
			<Y>15</Y>
		</point>
		<point>
			<X>182</X>
			<Y>14</Y>
		</point>
		<point>
			<X>182</X>
			<Y>14</Y>
		</point>
		<point>
			<X>184</X>
			<Y>11</Y>
		</point>
		<point>
			<X>184</X>
			<Y>11</Y>
		</point>
		<point>
			<X>186</X>
			<Y>11</Y>
		</point>
		<point>
			<X>186</X>
			<Y>11</Y>
		</point>
		<point>
			<X>187</X>
			<Y>11</Y>
		</point>
		<point>
			<X>187</X>
			<Y>11</Y>
		</point>
		<point>
			<X>191</X>
			<Y>11</Y>
		</point>
		<point>
			<X>191</X>
			<Y>11</Y>
		</point>
		<point>
			<X>191</X>
			<Y>10</Y>
		</point>
		<point>
			<X>191</X>
			<Y>10</Y>
		</point>
		<point>
			<X>191</X>
			<Y>10</Y>
		</point>
		<point>
			<X>191</X>
			<Y>10</Y>
		</point>
		<point>
			<X>195</X>
			<Y>8</Y>
		</point>
		<point>
			<X>195</X>
			<Y>8</Y>
		</point>
		<point>
			<X>196</X>
			<Y>8</Y>
		</point>
		<point>
			<X>196</X>
			<Y>8</Y>
		</point>
		<point>
			<X>199</X>
			<Y>8</Y>
		</point>
		<point>
			<X>199</X>
			<Y>8</Y>
		</point>
		<point>
			<X>200</X>
			<Y>8</Y>
		</point>
		<point>
			<X>200</X>
			<Y>8</Y>
		</point>
		<point>
			<X>201</X>
			<Y>7</Y>
		</point>
		<point>
			<X>201</X>
			<Y>7</Y>
		</point>
		<point>
			<X>201</X>
			<Y>5</Y>
		</point>
		<point>
			<X>201</X>
			<Y>5</Y>
		</point>
		<point>
			<X>201</X>
			<Y>5</Y>
		</point>
		<point>
			<X>201</X>
			<Y>5</Y>
		</point>
		<point>
			<X>204</X>
			<Y>5</Y>
		</point>
		<point>
			<X>204</X>
			<Y>5</Y>
		</point>
		<point>
			<X>204</X>
			<Y>5</Y>
		</point>
		<point>
			<X>204</X>
			<Y>5</Y>
		</point>
		<point>
			<X>205</X>
			<Y>5</Y>
		</point>
		<point>
			<X>205</X>
			<Y>5</Y>
		</point>
		<point>
			<X>206</X>
			<Y>5</Y>
		</point>
		<point>
			<X>206</X>
			<Y>5</Y>
		</point>
		<point>
			<X>206</X>
			<Y>5</Y>
		</point>
		<point>
			<X>206</X>
			<Y>5</Y>
		</point>
		<point>
			<X>206</X>
			<Y>5</Y>
		</point>
		<point>
			<X>206</X>
			<Y>5</Y>
		</point>
		<point>
			<X>210</X>
			<Y>5</Y>
		</point>
		<point>
			<X>210</X>
			<Y>5</Y>
		</point>
		<point>
			<X>211</X>
			<Y>5</Y>
		</point>
		<point>
			<X>211</X>
			<Y>5</Y>
		</point>
		<point>
			<X>211</X>
			<Y>5</Y>
		</point>
		<point>
			<X>211</X>
			<Y>5</Y>
		</point>
		<point>
			<X>212</X>
			<Y>5</Y>
		</point>
		<point>
			<X>212</X>
			<Y>5</Y>
		</point>
		<point>
			<X>212</X>
			<Y>5</Y>
		</point>
		<point>
			<X>212</X>
			<Y>5</Y>
		</point>
		<point>
			<X>214</X>
			<Y>5</Y>
		</point>
		<point>
			<X>214</X>
			<Y>5</Y>
		</point>
		<point>
			<X>215</X>
			<Y>5</Y>
		</point>
		<point>
			<X>215</X>
			<Y>5</Y>
		</point>
		<point>
			<X>217</X>
			<Y>5</Y>
		</point>
		<point>
			<X>217</X>
			<Y>5</Y>
		</point>
		<point>
			<X>217</X>
			<Y>5</Y>
		</point>
		<point>
			<X>217</X>
			<Y>5</Y>
		</point>
		<point>
			<X>217</X>
			<Y>5</Y>
		</point>
		<point>
			<X>217</X>
			<Y>5</Y>
		</point>
		<point>
			<X>219</X>
			<Y>5</Y>
		</point>
		<point>
			<X>219</X>
			<Y>5</Y>
		</point>
		<point>
			<X>220</X>
			<Y>5</Y>
		</point>
		<point>
			<X>220</X>
			<Y>5</Y>
		</point>
		<point>
			<X>220</X>
			<Y>5</Y>
		</point>
		<point>
			<X>220</X>
			<Y>5</Y>
		</point>
		<point>
			<X>221</X>
			<Y>5</Y>
		</point>
		<point>
			<X>222</X>
			<Y>5</Y>
		</point>
		<point>
			<X>222</X>
			<Y>5</Y>
		</point>
		<point>
			<X>222</X>
			<Y>5</Y>
		</point>
		<point>
			<X>222</X>
			<Y>5</Y>
		</point>
		<point>
			<X>224</X>
			<Y>5</Y>
		</point>
		<point>
			<X>224</X>
			<Y>5</Y>
		</point>
		<point>
			<X>225</X>
			<Y>5</Y>
		</point>
		<point>
			<X>225</X>
			<Y>5</Y>
		</point>
		<point>
			<X>226</X>
			<Y>5</Y>
		</point>
		<point>
			<X>226</X>
			<Y>5</Y>
		</point>
		<point>
			<X>226</X>
			<Y>5</Y>
		</point>
		<point>
			<X>226</X>
			<Y>5</Y>
		</point>
		<point>
			<X>227</X>
			<Y>7</Y>
		</point>
		<point>
			<X>227</X>
			<Y>7</Y>
		</point>
		<point>
			<X>227</X>
			<Y>8</Y>
		</point>
		<point>
			<X>227</X>
			<Y>8</Y>
		</point>
		<point>
			<X>229</X>
			<Y>8</Y>
		</point>
		<point>
			<X>229</X>
			<Y>8</Y>
		</point>
		<point>
			<X>230</X>
			<Y>9</Y>
		</point>
		<point>
			<X>230</X>
			<Y>9</Y>
		</point>
		<point>
			<X>231</X>
			<Y>10</Y>
		</point>
		<point>
			<X>231</X>
			<Y>10</Y>
		</point>
		<point>
			<X>232</X>
			<Y>11</Y>
		</point>
		<point>
			<X>232</X>
			<Y>11</Y>
		</point>
		<point>
			<X>234</X>
			<Y>11</Y>
		</point>
		<point>
			<X>234</X>
			<Y>11</Y>
		</point>
		<point>
			<X>235</X>
			<Y>11</Y>
		</point>
		<point>
			<X>235</X>
			<Y>11</Y>
		</point>
		<point>
			<X>236</X>
			<Y>14</Y>
		</point>
		<point>
			<X>236</X>
			<Y>14</Y>
		</point>
		<point>
			<X>237</X>
			<Y>15</Y>
		</point>
		<point>
			<X>237</X>
			<Y>15</Y>
		</point>
		<point>
			<X>237</X>
			<Y>15</Y>
		</point>
		<point>
			<X>237</X>
			<Y>15</Y>
		</point>
		<point>
			<X>237</X>
			<Y>16</Y>
		</point>
		<point>
			<X>237</X>
			<Y>16</Y>
		</point>
		<point>
			<X>237</X>
			<Y>17</Y>
		</point>
		<point>
			<X>237</X>
			<Y>17</Y>
		</point>
		<point>
			<X>239</X>
			<Y>17</Y>
		</point>
		<point>
			<X>239</X>
			<Y>17</Y>
		</point>
		<point>
			<X>240</X>
			<Y>18</Y>
		</point>
		<point>
			<X>240</X>
			<Y>18</Y>
		</point>
		<point>
			<X>240</X>
			<Y>18</Y>
		</point>
		<point>
			<X>240</X>
			<Y>18</Y>
		</point>
		<point>
			<X>240</X>
			<Y>19</Y>
		</point>
		<point>
			<X>241</X>
			<Y>20</Y>
		</point>
		<point>
			<X>241</X>
			<Y>20</Y>
		</point>
		<point>
			<X>241</X>
			<Y>20</Y>
		</point>
		<point>
			<X>241</X>
			<Y>20</Y>
		</point>
		<point>
			<X>242</X>
			<Y>20</Y>
		</point>
		<point>
			<X>242</X>
			<Y>20</Y>
		</point>
		<point>
			<X>242</X>
			<Y>22</Y>
		</point>
		<point>
			<X>242</X>
			<Y>22</Y>
		</point>
		<point>
			<X>242</X>
			<Y>22</Y>
		</point>
		<point>
			<X>242</X>
			<Y>23</Y>
		</point>
		<point>
			<X>242</X>
			<Y>23</Y>
		</point>
		<point>
			<X>244</X>
			<Y>23</Y>
		</point>
		<point>
			<X>244</X>
			<Y>23</Y>
		</point>
		<point>
			<X>245</X>
			<Y>25</Y>
		</point>
		<point>
			<X>245</X>
			<Y>25</Y>
		</point>
		<point>
			<X>246</X>
			<Y>25</Y>
		</point>
		<point>
			<X>246</X>
			<Y>25</Y>
		</point>
		<point>
			<X>246</X>
			<Y>27</Y>
		</point>
		<point>
			<X>246</X>
			<Y>27</Y>
		</point>
		<point>
			<X>247</X>
			<Y>29</Y>
		</point>
		<point>
			<X>247</X>
			<Y>29</Y>
		</point>
		<point>
			<X>247</X>
			<Y>30</Y>
		</point>
		<point>
			<X>247</X>
			<Y>30</Y>
		</point>
		<point>
			<X>247</X>
			<Y>32</Y>
		</point>
		<point>
			<X>247</X>
			<Y>32</Y>
		</point>
		<point>
			<X>249</X>
			<Y>33</Y>
		</point>
		<point>
			<X>249</X>
			<Y>33</Y>
		</point>
		<point>
			<X>250</X>
			<Y>34</Y>
		</point>
		<point>
			<X>250</X>
			<Y>34</Y>
		</point>
		<point>
			<X>250</X>
			<Y>36</Y>
		</point>
		<point>
			<X>250</X>
			<Y>36</Y>
		</point>
		<point>
			<X>251</X>
			<Y>37</Y>
		</point>
		<point>
			<X>251</X>
			<Y>37</Y>
		</point>
		<point>
			<X>252</X>
			<Y>40</Y>
		</point>
		<point>
			<X>252</X>
			<Y>40</Y>
		</point>
		<point>
			<X>252</X>
			<Y>41</Y>
		</point>
		<point>
			<X>252</X>
			<Y>41</Y>
		</point>
		<point>
			<X>252</X>
			<Y>41</Y>
		</point>
		<point>
			<X>254</X>
			<Y>43</Y>
		</point>
		<point>
			<X>254</X>
			<Y>43</Y>
		</point>
		<point>
			<X>254</X>
			<Y>44</Y>
		</point>
		<point>
			<X>254</X>
			<Y>44</Y>
		</point>
		<point>
			<X>254</X>
			<Y>45</Y>
		</point>
		<point>
			<X>254</X>
			<Y>45</Y>
		</point>
		<point>
			<X>255</X>
			<Y>46</Y>
		</point>
		<point>
			<X>255</X>
			<Y>46</Y>
		</point>
		<point>
			<X>255</X>
			<Y>46</Y>
		</point>
		<point>
			<X>255</X>
			<Y>46</Y>
		</point>
		<point>
			<X>256</X>
			<Y>46</Y>
		</point>
		<point>
			<X>256</X>
			<Y>46</Y>
		</point>
		<point>
			<X>256</X>
			<Y>49</Y>
		</point>
		<point>
			<X>256</X>
			<Y>49</Y>
		</point>
		<point>
			<X>256</X>
			<Y>50</Y>
		</point>
		<point>
			<X>256</X>
			<Y>50</Y>
		</point>
		<point>
			<X>256</X>
			<Y>51</Y>
		</point>
		<point>
			<X>256</X>
			<Y>51</Y>
		</point>
		<point>
			<X>257</X>
			<Y>51</Y>
		</point>
		<point>
			<X>257</X>
			<Y>51</Y>
		</point>
		<point>
			<X>257</X>
			<Y>53</Y>
		</point>
		<point>
			<X>257</X>
			<Y>53</Y>
		</point>
		<point>
			<X>257</X>
			<Y>53</Y>
		</point>
		<point>
			<X>257</X>
			<Y>53</Y>
		</point>
		<point>
			<X>257</X>
			<Y>55</Y>
		</point>
		<point>
			<X>257</X>
			<Y>55</Y>
		</point>
		<point>
			<X>257</X>
			<Y>56</Y>
		</point>
		<point>
			<X>257</X>
			<Y>56</Y>
		</point>
		<point>
			<X>258</X>
			<Y>56</Y>
		</point>
		<point>
			<X>258</X>
			<Y>56</Y>
		</point>
		<point>
			<X>259</X>
			<Y>59</Y>
		</point>
		<point>
			<X>259</X>
			<Y>59</Y>
		</point>
		<point>
			<X>259</X>
			<Y>60</Y>
		</point>
		<point>
			<X>259</X>
			<Y>60</Y>
		</point>
		<point>
			<X>259</X>
			<Y>61</Y>
		</point>
		<point>
			<X>259</X>
			<Y>61</Y>
		</point>
		<point>
			<X>259</X>
			<Y>61</Y>
		</point>
		<point>
			<X>259</X>
			<Y>61</Y>
		</point>
		<point>
			<X>260</X>
			<Y>64</Y>
		</point>
		<point>
			<X>260</X>
			<Y>64</Y>
		</point>
		<point>
			<X>260</X>
			<Y>65</Y>
		</point>
		<point>
			<X>260</X>
			<Y>65</Y>
		</point>
		<point>
			<X>260</X>
			<Y>66</Y>
		</point>
		<point>
			<X>260</X>
			<Y>66</Y>
		</point>
		<point>
			<X>260</X>
			<Y>67</Y>
		</point>
		<point>
			<X>260</X>
			<Y>67</Y>
		</point>
		<point>
			<X>260</X>
			<Y>68</Y>
		</point>
		<point>
			<X>260</X>
			<Y>68</Y>
		</point>
		<point>
			<X>261</X>
			<Y>70</Y>
		</point>
		<point>
			<X>261</X>
			<Y>70</Y>
		</point>
		<point>
			<X>261</X>
			<Y>71</Y>
		</point>
		<point>
			<X>261</X>
			<Y>71</Y>
		</point>
		<point>
			<X>261</X>
			<Y>72</Y>
		</point>
		<point>
			<X>261</X>
			<Y>72</Y>
		</point>
		<point>
			<X>262</X>
			<Y>73</Y>
		</point>
		<point>
			<X>262</X>
			<Y>73</Y>
		</point>
		<point>
			<X>262</X>
			<Y>73</Y>
		</point>
		<point>
			<X>262</X>
			<Y>73</Y>
		</point>
		<point>
			<X>262</X>
			<Y>74</Y>
		</point>
		<point>
			<X>262</X>
			<Y>74</Y>
		</point>
		<point>
			<X>262</X>
			<Y>75</Y>
		</point>
		<point>
			<X>262</X>
			<Y>75</Y>
		</point>
		<point>
			<X>262</X>
			<Y>75</Y>
		</point>
		<point>
			<X>262</X>
			<Y>75</Y>
		</point>
		<point>
			<X>262</X>
			<Y>77</Y>
		</point>
		<point>
			<X>262</X>
			<Y>77</Y>
		</point>
		<point>
			<X>262</X>
			<Y>77</Y>
		</point>
		<point>
			<X>262</X>
			<Y>77</Y>
		</point>
		<point>
			<X>263</X>
			<Y>78</Y>
		</point>
		<point>
			<X>263</X>
			<Y>78</Y>
		</point>
		<point>
			<X>263</X>
			<Y>80</Y>
		</point>
		<point>
			<X>263</X>
			<Y>80</Y>
		</point>
		<point>
			<X>264</X>
			<Y>80</Y>
		</point>
		<point>
			<X>264</X>
			<Y>80</Y>
		</point>
		<point>
			<X>264</X>
			<Y>82</Y>
		</point>
		<point>
			<X>264</X>
			<Y>82</Y>
		</point>
		<point>
			<X>264</X>
			<Y>82</Y>
		</point>
		<point>
			<X>264</X>
			<Y>82</Y>
		</point>
		<point>
			<X>264</X>
			<Y>83</Y>
		</point>
		<point>
			<X>264</X>
			<Y>83</Y>
		</point>
		<point>
			<X>264</X>
			<Y>83</Y>
		</point>
		<point>
			<X>264</X>
			<Y>83</Y>
		</point>
		<point>
			<X>264</X>
			<Y>83</Y>
		</point>
		<point>
			<X>264</X>
			<Y>85</Y>
		</point>
		<point>
			<X>264</X>
			<Y>85</Y>
		</point>
		<point>
			<X>264</X>
			<Y>86</Y>
		</point>
		<point>
			<X>264</X>
			<Y>86</Y>
		</point>
		<point>
			<X>264</X>
			<Y>86</Y>
		</point>
		<point>
			<X>264</X>
			<Y>86</Y>
		</point>
		<point>
			<X>264</X>
			<Y>88</Y>
		</point>
		<point>
			<X>264</X>
			<Y>88</Y>
		</point>
		<point>
			<X>264</X>
			<Y>88</Y>
		</point>
		<point>
			<X>264</X>
			<Y>88</Y>
		</point>
		<point>
			<X>264</X>
			<Y>88</Y>
		</point>
		<point>
			<X>264</X>
			<Y>88</Y>
		</point>
		<point>
			<X>264</X>
			<Y>90</Y>
		</point>
		<point>
			<X>264</X>
			<Y>90</Y>
		</point>
		<point>
			<X>264</X>
			<Y>91</Y>
		</point>
		<point>
			<X>264</X>
			<Y>91</Y>
		</point>
		<point>
			<X>264</X>
			<Y>91</Y>
		</point>
		<point>
			<X>264</X>
			<Y>91</Y>
		</point>
		<point>
			<X>264</X>
			<Y>92</Y>
		</point>
		<point>
			<X>264</X>
			<Y>92</Y>
		</point>
		<point>
			<X>264</X>
			<Y>93</Y>
		</point>
		<point>
			<X>264</X>
			<Y>93</Y>
		</point>
		<point>
			<X>264</X>
			<Y>93</Y>
		</point>
		<point>
			<X>264</X>
			<Y>93</Y>
		</point>
		<point>
			<X>264</X>
			<Y>95</Y>
		</point>
		<point>
			<X>264</X>
			<Y>95</Y>
		</point>
		<point>
			<X>264</X>
			<Y>95</Y>
		</point>
		<point>
			<X>264</X>
			<Y>95</Y>
		</point>
		<point>
			<X>264</X>
			<Y>95</Y>
		</point>
		<point>
			<X>264</X>
			<Y>95</Y>
		</point>
		<point>
			<X>264</X>
			<Y>97</Y>
		</point>
		<point>
			<X>264</X>
			<Y>97</Y>
		</point>
		<point>
			<X>264</X>
			<Y>98</Y>
		</point>
		<point>
			<X>264</X>
			<Y>98</Y>
		</point>
		<point>
			<X>264</X>
			<Y>98</Y>
		</point>
		<point>
			<X>264</X>
			<Y>98</Y>
		</point>
		<point>
			<X>264</X>
			<Y>100</Y>
		</point>
		<point>
			<X>264</X>
			<Y>100</Y>
		</point>
		<point>
			<X>264</X>
			<Y>100</Y>
		</point>
		<point>
			<X>264</X>
			<Y>100</Y>
		</point>
		<point>
			<X>264</X>
			<Y>100</Y>
		</point>
		<point>
			<X>264</X>
			<Y>100</Y>
		</point>
		<point>
			<X>264</X>
			<Y>102</Y>
		</point>
		<point>
			<X>264</X>
			<Y>102</Y>
		</point>
		<point>
			<X>264</X>
			<Y>102</Y>
		</point>
		<point>
			<X>264</X>
			<Y>102</Y>
		</point>
		<point>
			<X>264</X>
			<Y>102</Y>
		</point>
	</polygon>
	<polygon>
		<tag>background</tag>
		<point>
			<X>322</X>
			<Y>20</Y>
		</point>
		<point>
			<X>323</X>
			<Y>20</Y>
		</point>
		<point>
			<X>323</X>
			<Y>20</Y>
		</point>
		<point>
			<X>324</X>
			<Y>22</Y>
		</point>
		<point>
			<X>324</X>
			<Y>22</Y>
		</point>
		<point>
			<X>325</X>
			<Y>22</Y>
		</point>
		<point>
			<X>325</X>
			<Y>22</Y>
		</point>
		<point>
			<X>325</X>
			<Y>23</Y>
		</point>
		<point>
			<X>325</X>
			<Y>23</Y>
		</point>
		<point>
			<X>328</X>
			<Y>25</Y>
		</point>
		<point>
			<X>328</X>
			<Y>25</Y>
		</point>
		<point>
			<X>330</X>
			<Y>28</Y>
		</point>
		<point>
			<X>330</X>
			<Y>28</Y>
		</point>
		<point>
			<X>330</X>
			<Y>29</Y>
		</point>
		<point>
			<X>330</X>
			<Y>29</Y>
		</point>
		<point>
			<X>332</X>
			<Y>30</Y>
		</point>
		<point>
			<X>332</X>
			<Y>30</Y>
		</point>
		<point>
			<X>332</X>
			<Y>32</Y>
		</point>
		<point>
			<X>332</X>
			<Y>32</Y>
		</point>
		<point>
			<X>333</X>
			<Y>33</Y>
		</point>
		<point>
			<X>333</X>
			<Y>33</Y>
		</point>
		<point>
			<X>333</X>
			<Y>35</Y>
		</point>
		<point>
			<X>333</X>
			<Y>35</Y>
		</point>
		<point>
			<X>333</X>
			<Y>35</Y>
		</point>
		<point>
			<X>333</X>
			<Y>35</Y>
		</point>
		<point>
			<X>334</X>
			<Y>37</Y>
		</point>
		<point>
			<X>334</X>
			<Y>37</Y>
		</point>
		<point>
			<X>335</X>
			<Y>40</Y>
		</point>
		<point>
			<X>335</X>
			<Y>40</Y>
		</point>
		<point>
			<X>335</X>
			<Y>40</Y>
		</point>
		<point>
			<X>335</X>
			<Y>40</Y>
		</point>
		<point>
			<X>335</X>
			<Y>41</Y>
		</point>
		<point>
			<X>335</X>
			<Y>41</Y>
		</point>
		<point>
			<X>335</X>
			<Y>43</Y>
		</point>
		<point>
			<X>335</X>
			<Y>43</Y>
		</point>
		<point>
			<X>337</X>
			<Y>44</Y>
		</point>
		<point>
			<X>337</X>
			<Y>44</Y>
		</point>
		<point>
			<X>337</X>
			<Y>45</Y>
		</point>
		<point>
			<X>337</X>
			<Y>45</Y>
		</point>
		<point>
			<X>337</X>
			<Y>46</Y>
		</point>
		<point>
			<X>337</X>
			<Y>46</Y>
		</point>
		<point>
			<X>338</X>
			<Y>46</Y>
		</point>
		<point>
			<X>338</X>
			<Y>46</Y>
		</point>
		<point>
			<X>339</X>
			<Y>50</Y>
		</point>
		<point>
			<X>339</X>
			<Y>50</Y>
		</point>
		<point>
			<X>339</X>
			<Y>51</Y>
		</point>
		<point>
			<X>339</X>
			<Y>51</Y>
		</point>
		<point>
			<X>340</X>
			<Y>53</Y>
		</point>
		<point>
			<X>340</X>
			<Y>53</Y>
		</point>
		<point>
			<X>340</X>
			<Y>54</Y>
		</point>
		<point>
			<X>340</X>
			<Y>54</Y>
		</point>
		<point>
			<X>340</X>
			<Y>55</Y>
		</point>
		<point>
			<X>340</X>
			<Y>55</Y>
		</point>
		<point>
			<X>340</X>
			<Y>56</Y>
		</point>
		<point>
			<X>340</X>
			<Y>56</Y>
		</point>
		<point>
			<X>342</X>
			<Y>60</Y>
		</point>
		<point>
			<X>342</X>
			<Y>60</Y>
		</point>
		<point>
			<X>342</X>
			<Y>61</Y>
		</point>
		<point>
			<X>342</X>
			<Y>61</Y>
		</point>
		<point>
			<X>342</X>
			<Y>61</Y>
		</point>
		<point>
			<X>342</X>
			<Y>61</Y>
		</point>
		<point>
			<X>342</X>
			<Y>64</Y>
		</point>
		<point>
			<X>342</X>
			<Y>64</Y>
		</point>
		<point>
			<X>342</X>
			<Y>66</Y>
		</point>
		<point>
			<X>342</X>
			<Y>66</Y>
		</point>
		<point>
			<X>342</X>
			<Y>68</Y>
		</point>
		<point>
			<X>342</X>
			<Y>68</Y>
		</point>
		<point>
			<X>343</X>
			<Y>70</Y>
		</point>
		<point>
			<X>343</X>
			<Y>70</Y>
		</point>
		<point>
			<X>344</X>
			<Y>73</Y>
		</point>
		<point>
			<X>344</X>
			<Y>73</Y>
		</point>
		<point>
			<X>344</X>
			<Y>74</Y>
		</point>
		<point>
			<X>344</X>
			<Y>74</Y>
		</point>
		<point>
			<X>344</X>
			<Y>77</Y>
		</point>
		<point>
			<X>344</X>
			<Y>77</Y>
		</point>
		<point>
			<X>344</X>
			<Y>78</Y>
		</point>
		<point>
			<X>344</X>
			<Y>78</Y>
		</point>
		<point>
			<X>344</X>
			<Y>81</Y>
		</point>
		<point>
			<X>344</X>
			<Y>81</Y>
		</point>
		<point>
			<X>345</X>
			<Y>83</Y>
		</point>
		<point>
			<X>345</X>
			<Y>83</Y>
		</point>
		<point>
			<X>345</X>
			<Y>85</Y>
		</point>
		<point>
			<X>345</X>
			<Y>85</Y>
		</point>
		<point>
			<X>345</X>
			<Y>87</Y>
		</point>
		<point>
			<X>345</X>
			<Y>87</Y>
		</point>
		<point>
			<X>345</X>
			<Y>88</Y>
		</point>
		<point>
			<X>345</X>
			<Y>88</Y>
		</point>
		<point>
			<X>345</X>
			<Y>93</Y>
		</point>
		<point>
			<X>345</X>
			<Y>93</Y>
		</point>
		<point>
			<X>345</X>
			<Y>95</Y>
		</point>
		<point>
			<X>345</X>
			<Y>95</Y>
		</point>
		<point>
			<X>347</X>
			<Y>97</Y>
		</point>
		<point>
			<X>347</X>
			<Y>97</Y>
		</point>
		<point>
			<X>348</X>
			<Y>100</Y>
		</point>
		<point>
			<X>348</X>
			<Y>100</Y>
		</point>
		<point>
			<X>348</X>
			<Y>103</Y>
		</point>
		<point>
			<X>348</X>
			<Y>103</Y>
		</point>
		<point>
			<X>348</X>
			<Y>106</Y>
		</point>
		<point>
			<X>348</X>
			<Y>106</Y>
		</point>
		<point>
			<X>349</X>
			<Y>111</Y>
		</point>
		<point>
			<X>349</X>
			<Y>111</Y>
		</point>
		<point>
			<X>350</X>
			<Y>113</Y>
		</point>
		<point>
			<X>350</X>
			<Y>115</Y>
		</point>
		<point>
			<X>350</X>
			<Y>115</Y>
		</point>
		<point>
			<X>350</X>
			<Y>118</Y>
		</point>
		<point>
			<X>350</X>
			<Y>118</Y>
		</point>
		<point>
			<X>350</X>
			<Y>120</Y>
		</point>
		<point>
			<X>350</X>
			<Y>120</Y>
		</point>
		<point>
			<X>350</X>
			<Y>121</Y>
		</point>
		<point>
			<X>350</X>
			<Y>121</Y>
		</point>
		<point>
			<X>350</X>
			<Y>123</Y>
		</point>
		<point>
			<X>350</X>
			<Y>123</Y>
		</point>
		<point>
			<X>350</X>
			<Y>125</Y>
		</point>
		<point>
			<X>350</X>
			<Y>125</Y>
		</point>
		<point>
			<X>350</X>
			<Y>127</Y>
		</point>
		<point>
			<X>350</X>
			<Y>127</Y>
		</point>
		<point>
			<X>350</X>
			<Y>128</Y>
		</point>
		<point>
			<X>350</X>
			<Y>128</Y>
		</point>
		<point>
			<X>350</X>
			<Y>131</Y>
		</point>
		<point>
			<X>350</X>
			<Y>131</Y>
		</point>
		<point>
			<X>350</X>
			<Y>133</Y>
		</point>
		<point>
			<X>350</X>
			<Y>133</Y>
		</point>
		<point>
			<X>350</X>
			<Y>135</Y>
		</point>
		<point>
			<X>350</X>
			<Y>135</Y>
		</point>
		<point>
			<X>352</X>
			<Y>136</Y>
		</point>
		<point>
			<X>352</X>
			<Y>136</Y>
		</point>
		<point>
			<X>353</X>
			<Y>139</Y>
		</point>
		<point>
			<X>353</X>
			<Y>139</Y>
		</point>
		<point>
			<X>353</X>
			<Y>140</Y>
		</point>
		<point>
			<X>353</X>
			<Y>140</Y>
		</point>
		<point>
			<X>353</X>
			<Y>141</Y>
		</point>
		<point>
			<X>353</X>
			<Y>141</Y>
		</point>
		<point>
			<X>353</X>
			<Y>142</Y>
		</point>
		<point>
			<X>353</X>
			<Y>142</Y>
		</point>
		<point>
			<X>353</X>
			<Y>144</Y>
		</point>
		<point>
			<X>353</X>
			<Y>144</Y>
		</point>
		<point>
			<X>353</X>
			<Y>145</Y>
		</point>
		<point>
			<X>353</X>
			<Y>145</Y>
		</point>
		<point>
			<X>354</X>
			<Y>147</Y>
		</point>
		<point>
			<X>354</X>
			<Y>147</Y>
		</point>
		<point>
			<X>354</X>
			<Y>148</Y>
		</point>
		<point>
			<X>354</X>
			<Y>148</Y>
		</point>
		<point>
			<X>354</X>
			<Y>151</Y>
		</point>
		<point>
			<X>354</X>
			<Y>151</Y>
		</point>
		<point>
			<X>354</X>
			<Y>152</Y>
		</point>
		<point>
			<X>354</X>
			<Y>152</Y>
		</point>
		<point>
			<X>355</X>
			<Y>155</Y>
		</point>
		<point>
			<X>355</X>
			<Y>155</Y>
		</point>
		<point>
			<X>355</X>
			<Y>156</Y>
		</point>
		<point>
			<X>355</X>
			<Y>156</Y>
		</point>
		<point>
			<X>355</X>
			<Y>157</Y>
		</point>
		<point>
			<X>355</X>
			<Y>157</Y>
		</point>
		<point>
			<X>355</X>
			<Y>159</Y>
		</point>
		<point>
			<X>355</X>
			<Y>159</Y>
		</point>
		<point>
			<X>355</X>
			<Y>161</Y>
		</point>
		<point>
			<X>355</X>
			<Y>161</Y>
		</point>
		<point>
			<X>355</X>
			<Y>162</Y>
		</point>
		<point>
			<X>355</X>
			<Y>162</Y>
		</point>
		<point>
			<X>355</X>
			<Y>164</Y>
		</point>
		<point>
			<X>355</X>
			<Y>164</Y>
		</point>
		<point>
			<X>355</X>
			<Y>166</Y>
		</point>
		<point>
			<X>355</X>
			<Y>166</Y>
		</point>
		<point>
			<X>355</X>
			<Y>167</Y>
		</point>
		<point>
			<X>355</X>
			<Y>167</Y>
		</point>
		<point>
			<X>355</X>
			<Y>170</Y>
		</point>
		<point>
			<X>355</X>
			<Y>170</Y>
		</point>
		<point>
			<X>355</X>
			<Y>171</Y>
		</point>
		<point>
			<X>355</X>
			<Y>171</Y>
		</point>
		<point>
			<X>355</X>
			<Y>172</Y>
		</point>
		<point>
			<X>355</X>
			<Y>172</Y>
		</point>
		<point>
			<X>355</X>
			<Y>175</Y>
		</point>
		<point>
			<X>355</X>
			<Y>175</Y>
		</point>
		<point>
			<X>355</X>
			<Y>177</Y>
		</point>
		<point>
			<X>355</X>
			<Y>177</Y>
		</point>
		<point>
			<X>355</X>
			<Y>181</Y>
		</point>
		<point>
			<X>355</X>
			<Y>181</Y>
		</point>
		<point>
			<X>355</X>
			<Y>184</Y>
		</point>
		<point>
			<X>355</X>
			<Y>184</Y>
		</point>
		<point>
			<X>355</X>
			<Y>185</Y>
		</point>
		<point>
			<X>355</X>
			<Y>185</Y>
		</point>
		<point>
			<X>355</X>
			<Y>187</Y>
		</point>
		<point>
			<X>355</X>
			<Y>187</Y>
		</point>
		<point>
			<X>355</X>
			<Y>190</Y>
		</point>
		<point>
			<X>355</X>
			<Y>190</Y>
		</point>
		<point>
			<X>355</X>
			<Y>191</Y>
		</point>
		<point>
			<X>355</X>
			<Y>191</Y>
		</point>
		<point>
			<X>355</X>
			<Y>195</Y>
		</point>
		<point>
			<X>355</X>
			<Y>195</Y>
		</point>
		<point>
			<X>355</X>
			<Y>196</Y>
		</point>
		<point>
			<X>355</X>
			<Y>196</Y>
		</point>
		<point>
			<X>355</X>
			<Y>199</Y>
		</point>
		<point>
			<X>355</X>
			<Y>199</Y>
		</point>
		<point>
			<X>355</X>
			<Y>201</Y>
		</point>
		<point>
			<X>355</X>
			<Y>201</Y>
		</point>
		<point>
			<X>355</X>
			<Y>201</Y>
		</point>
		<point>
			<X>355</X>
			<Y>201</Y>
		</point>
		<point>
			<X>355</X>
			<Y>205</Y>
		</point>
		<point>
			<X>355</X>
			<Y>205</Y>
		</point>
		<point>
			<X>355</X>
			<Y>206</Y>
		</point>
		<point>
			<X>355</X>
			<Y>206</Y>
		</point>
		<point>
			<X>355</X>
			<Y>210</Y>
		</point>
		<point>
			<X>355</X>
			<Y>210</Y>
		</point>
		<point>
			<X>355</X>
			<Y>212</Y>
		</point>
		<point>
			<X>355</X>
			<Y>212</Y>
		</point>
		<point>
			<X>355</X>
			<Y>214</Y>
		</point>
		<point>
			<X>355</X>
			<Y>214</Y>
		</point>
		<point>
			<X>355</X>
			<Y>217</Y>
		</point>
		<point>
			<X>355</X>
			<Y>217</Y>
		</point>
		<point>
			<X>355</X>
			<Y>219</Y>
		</point>
		<point>
			<X>355</X>
			<Y>219</Y>
		</point>
		<point>
			<X>355</X>
			<Y>220</Y>
		</point>
		<point>
			<X>355</X>
			<Y>220</Y>
		</point>
		<point>
			<X>355</X>
			<Y>222</Y>
		</point>
		<point>
			<X>355</X>
			<Y>222</Y>
		</point>
		<point>
			<X>355</X>
			<Y>224</Y>
		</point>
		<point>
			<X>355</X>
			<Y>224</Y>
		</point>
		<point>
			<X>355</X>
			<Y>225</Y>
		</point>
		<point>
			<X>355</X>
			<Y>225</Y>
		</point>
		<point>
			<X>355</X>
			<Y>227</Y>
		</point>
		<point>
			<X>355</X>
			<Y>227</Y>
		</point>
		<point>
			<X>355</X>
			<Y>227</Y>
		</point>
		<point>
			<X>355</X>
			<Y>227</Y>
		</point>
		<point>
			<X>355</X>
			<Y>231</Y>
		</point>
		<point>
			<X>355</X>
			<Y>231</Y>
		</point>
		<point>
			<X>355</X>
			<Y>232</Y>
		</point>
		<point>
			<X>355</X>
			<Y>232</Y>
		</point>
		<point>
			<X>355</X>
			<Y>235</Y>
		</point>
		<point>
			<X>355</X>
			<Y>235</Y>
		</point>
		<point>
			<X>355</X>
			<Y>237</Y>
		</point>
		<point>
			<X>355</X>
			<Y>237</Y>
		</point>
		<point>
			<X>355</X>
			<Y>239</Y>
		</point>
		<point>
			<X>355</X>
			<Y>239</Y>
		</point>
		<point>
			<X>355</X>
			<Y>240</Y>
		</point>
		<point>
			<X>355</X>
			<Y>240</Y>
		</point>
		<point>
			<X>355</X>
			<Y>242</Y>
		</point>
		<point>
			<X>355</X>
			<Y>242</Y>
		</point>
		<point>
			<X>355</X>
			<Y>244</Y>
		</point>
		<point>
			<X>355</X>
			<Y>244</Y>
		</point>
		<point>
			<X>355</X>
			<Y>246</Y>
		</point>
		<point>
			<X>355</X>
			<Y>246</Y>
		</point>
		<point>
			<X>355</X>
			<Y>247</Y>
		</point>
		<point>
			<X>355</X>
			<Y>247</Y>
		</point>
		<point>
			<X>355</X>
			<Y>250</Y>
		</point>
		<point>
			<X>355</X>
			<Y>250</Y>
		</point>
		<point>
			<X>355</X>
			<Y>251</Y>
		</point>
		<point>
			<X>355</X>
			<Y>251</Y>
		</point>
		<point>
			<X>355</X>
			<Y>252</Y>
		</point>
		<point>
			<X>355</X>
			<Y>252</Y>
		</point>
		<point>
			<X>355</X>
			<Y>255</Y>
		</point>
		<point>
			<X>355</X>
			<Y>255</Y>
		</point>
		<point>
			<X>355</X>
			<Y>256</Y>
		</point>
		<point>
			<X>355</X>
			<Y>256</Y>
		</point>
		<point>
			<X>355</X>
			<Y>258</Y>
		</point>
		<point>
			<X>355</X>
			<Y>258</Y>
		</point>
		<point>
			<X>355</X>
			<Y>260</Y>
		</point>
		<point>
			<X>355</X>
			<Y>260</Y>
		</point>
		<point>
			<X>355</X>
			<Y>261</Y>
		</point>
		<point>
			<X>355</X>
			<Y>261</Y>
		</point>
		<point>
			<X>355</X>
			<Y>262</Y>
		</point>
		<point>
			<X>355</X>
			<Y>262</Y>
		</point>
		<point>
			<X>355</X>
			<Y>264</Y>
		</point>
		<point>
			<X>355</X>
			<Y>264</Y>
		</point>
		<point>
			<X>355</X>
			<Y>265</Y>
		</point>
		<point>
			<X>355</X>
			<Y>265</Y>
		</point>
		<point>
			<X>355</X>
			<Y>266</Y>
		</point>
		<point>
			<X>355</X>
			<Y>266</Y>
		</point>
		<point>
			<X>355</X>
			<Y>266</Y>
		</point>
		<point>
			<X>355</X>
			<Y>266</Y>
		</point>
		<point>
			<X>355</X>
			<Y>268</Y>
		</point>
		<point>
			<X>355</X>
			<Y>268</Y>
		</point>
		<point>
			<X>355</X>
			<Y>269</Y>
		</point>
		<point>
			<X>355</X>
			<Y>269</Y>
		</point>
		<point>
			<X>355</X>
			<Y>271</Y>
		</point>
		<point>
			<X>355</X>
			<Y>271</Y>
		</point>
		<point>
			<X>355</X>
			<Y>271</Y>
		</point>
		<point>
			<X>355</X>
			<Y>271</Y>
		</point>
		<point>
			<X>355</X>
			<Y>273</Y>
		</point>
		<point>
			<X>355</X>
			<Y>273</Y>
		</point>
		<point>
			<X>355</X>
			<Y>274</Y>
		</point>
		<point>
			<X>355</X>
			<Y>274</Y>
		</point>
		<point>
			<X>355</X>
			<Y>275</Y>
		</point>
		<point>
			<X>355</X>
			<Y>275</Y>
		</point>
		<point>
			<X>355</X>
			<Y>276</Y>
		</point>
		<point>
			<X>355</X>
			<Y>276</Y>
		</point>
		<point>
			<X>355</X>
			<Y>277</Y>
		</point>
		<point>
			<X>355</X>
			<Y>277</Y>
		</point>
		<point>
			<X>355</X>
			<Y>277</Y>
		</point>
		<point>
			<X>355</X>
			<Y>277</Y>
		</point>
		<point>
			<X>355</X>
			<Y>278</Y>
		</point>
		<point>
			<X>355</X>
			<Y>278</Y>
		</point>
		<point>
			<X>355</X>
			<Y>280</Y>
		</point>
		<point>
			<X>355</X>
			<Y>280</Y>
		</point>
		<point>
			<X>355</X>
			<Y>281</Y>
		</point>
		<point>
			<X>355</X>
			<Y>281</Y>
		</point>
		<point>
			<X>355</X>
			<Y>282</Y>
		</point>
		<point>
			<X>355</X>
			<Y>282</Y>
		</point>
		<point>
			<X>355</X>
			<Y>283</Y>
		</point>
		<point>
			<X>355</X>
			<Y>283</Y>
		</point>
		<point>
			<X>355</X>
			<Y>284</Y>
		</point>
		<point>
			<X>355</X>
			<Y>284</Y>
		</point>
		<point>
			<X>355</X>
			<Y>285</Y>
		</point>
		<point>
			<X>355</X>
			<Y>285</Y>
		</point>
		<point>
			<X>355</X>
			<Y>286</Y>
		</point>
		<point>
			<X>355</X>
			<Y>286</Y>
		</point>
		<point>
			<X>355</X>
			<Y>288</Y>
		</point>
		<point>
			<X>355</X>
			<Y>288</Y>
		</point>
		<point>
			<X>355</X>
			<Y>288</Y>
		</point>
		<point>
			<X>355</X>
			<Y>288</Y>
		</point>
		<point>
			<X>355</X>
			<Y>290</Y>
		</point>
		<point>
			<X>355</X>
			<Y>290</Y>
		</point>
		<point>
			<X>355</X>
			<Y>291</Y>
		</point>
		<point>
			<X>355</X>
			<Y>291</Y>
		</point>
		<point>
			<X>355</X>
			<Y>292</Y>
		</point>
		<point>
			<X>355</X>
			<Y>292</Y>
		</point>
		<point>
			<X>355</X>
			<Y>293</Y>
		</point>
		<point>
			<X>355</X>
			<Y>293</Y>
		</point>
		<point>
			<X>355</X>
			<Y>294</Y>
		</point>
		<point>
			<X>355</X>
			<Y>294</Y>
		</point>
		<point>
			<X>355</X>
			<Y>295</Y>
		</point>
		<point>
			<X>355</X>
			<Y>295</Y>
		</point>
		<point>
			<X>355</X>
			<Y>295</Y>
		</point>
		<point>
			<X>355</X>
			<Y>295</Y>
		</point>
		<point>
			<X>355</X>
			<Y>296</Y>
		</point>
		<point>
			<X>355</X>
			<Y>296</Y>
		</point>
		<point>
			<X>355</X>
			<Y>297</Y>
		</point>
		<point>
			<X>355</X>
			<Y>297</Y>
		</point>
		<point>
			<X>355</X>
			<Y>298</Y>
		</point>
		<point>
			<X>355</X>
			<Y>298</Y>
		</point>
		<point>
			<X>355</X>
			<Y>300</Y>
		</point>
		<point>
			<X>355</X>
			<Y>300</Y>
		</point>
		<point>
			<X>355</X>
			<Y>300</Y>
		</point>
		<point>
			<X>355</X>
			<Y>300</Y>
		</point>
		<point>
			<X>355</X>
			<Y>301</Y>
		</point>
		<point>
			<X>355</X>
			<Y>301</Y>
		</point>
		<point>
			<X>355</X>
			<Y>302</Y>
		</point>
		<point>
			<X>355</X>
			<Y>302</Y>
		</point>
		<point>
			<X>355</X>
			<Y>303</Y>
		</point>
		<point>
			<X>355</X>
			<Y>303</Y>
		</point>
		<point>
			<X>355</X>
			<Y>304</Y>
		</point>
		<point>
			<X>355</X>
			<Y>304</Y>
		</point>
		<point>
			<X>355</X>
			<Y>304</Y>
		</point>
		<point>
			<X>355</X>
			<Y>304</Y>
		</point>
		<point>
			<X>355</X>
			<Y>305</Y>
		</point>
		<point>
			<X>355</X>
			<Y>305</Y>
		</point>
		<point>
			<X>355</X>
			<Y>305</Y>
		</point>
		<point>
			<X>355</X>
			<Y>305</Y>
		</point>
		<point>
			<X>355</X>
			<Y>305</Y>
		</point>
		<point>
			<X>355</X>
			<Y>305</Y>
		</point>
		<point>
			<X>355</X>
			<Y>307</Y>
		</point>
		<point>
			<X>355</X>
			<Y>307</Y>
		</point>
		<point>
			<X>355</X>
			<Y>308</Y>
		</point>
		<point>
			<X>355</X>
			<Y>308</Y>
		</point>
		<point>
			<X>355</X>
			<Y>308</Y>
		</point>
		<point>
			<X>355</X>
			<Y>308</Y>
		</point>
		<point>
			<X>355</X>
			<Y>310</Y>
		</point>
		<point>
			<X>355</X>
			<Y>310</Y>
		</point>
		<point>
			<X>355</X>
			<Y>310</Y>
		</point>
		<point>
			<X>355</X>
			<Y>310</Y>
		</point>
		<point>
			<X>355</X>
			<Y>312</Y>
		</point>
		<point>
			<X>355</X>
			<Y>312</Y>
		</point>
		<point>
			<X>355</X>
			<Y>313</Y>
		</point>
		<point>
			<X>355</X>
			<Y>313</Y>
		</point>
		<point>
			<X>355</X>
			<Y>315</Y>
		</point>
		<point>
			<X>355</X>
			<Y>315</Y>
		</point>
		<point>
			<X>355</X>
			<Y>315</Y>
		</point>
		<point>
			<X>355</X>
			<Y>315</Y>
		</point>
		<point>
			<X>355</X>
			<Y>315</Y>
		</point>
		<point>
			<X>355</X>
			<Y>315</Y>
		</point>
		<point>
			<X>355</X>
			<Y>317</Y>
		</point>
		<point>
			<X>355</X>
			<Y>317</Y>
		</point>
		<point>
			<X>355</X>
			<Y>317</Y>
		</point>
		<point>
			<X>355</X>
			<Y>317</Y>
		</point>
		<point>
			<X>355</X>
			<Y>319</Y>
		</point>
		<point>
			<X>355</X>
			<Y>319</Y>
		</point>
		<point>
			<X>355</X>
			<Y>320</Y>
		</point>
		<point>
			<X>355</X>
			<Y>320</Y>
		</point>
		<point>
			<X>355</X>
			<Y>320</Y>
		</point>
		<point>
			<X>355</X>
			<Y>320</Y>
		</point>
		<point>
			<X>355</X>
			<Y>322</Y>
		</point>
		<point>
			<X>355</X>
			<Y>322</Y>
		</point>
		<point>
			<X>355</X>
			<Y>324</Y>
		</point>
		<point>
			<X>355</X>
			<Y>324</Y>
		</point>
		<point>
			<X>355</X>
			<Y>324</Y>
		</point>
		<point>
			<X>355</X>
			<Y>324</Y>
		</point>
		<point>
			<X>355</X>
			<Y>327</Y>
		</point>
		<point>
			<X>355</X>
			<Y>327</Y>
		</point>
		<point>
			<X>354</X>
			<Y>328</Y>
		</point>
		<point>
			<X>354</X>
			<Y>328</Y>
		</point>
		<point>
			<X>354</X>
			<Y>330</Y>
		</point>
		<point>
			<X>354</X>
			<Y>330</Y>
		</point>
		<point>
			<X>354</X>
			<Y>332</Y>
		</point>
		<point>
			<X>354</X>
			<Y>332</Y>
		</point>
		<point>
			<X>354</X>
			<Y>334</Y>
		</point>
		<point>
			<X>354</X>
			<Y>334</Y>
		</point>
		<point>
			<X>354</X>
			<Y>335</Y>
		</point>
		<point>
			<X>354</X>
			<Y>335</Y>
		</point>
		<point>
			<X>354</X>
			<Y>339</Y>
		</point>
		<point>
			<X>354</X>
			<Y>339</Y>
		</point>
		<point>
			<X>354</X>
			<Y>340</Y>
		</point>
		<point>
			<X>354</X>
			<Y>340</Y>
		</point>
		<point>
			<X>354</X>
			<Y>343</Y>
		</point>
		<point>
			<X>354</X>
			<Y>343</Y>
		</point>
		<point>
			<X>354</X>
			<Y>345</Y>
		</point>
		<point>
			<X>354</X>
			<Y>345</Y>
		</point>
		<point>
			<X>354</X>
			<Y>347</Y>
		</point>
		<point>
			<X>354</X>
			<Y>347</Y>
		</point>
		<point>
			<X>354</X>
			<Y>349</Y>
		</point>
		<point>
			<X>354</X>
			<Y>349</Y>
		</point>
		<point>
			<X>354</X>
			<Y>350</Y>
		</point>
		<point>
			<X>354</X>
			<Y>350</Y>
		</point>
		<point>
			<X>354</X>
			<Y>353</Y>
		</point>
		<point>
			<X>354</X>
			<Y>353</Y>
		</point>
		<point>
			<X>354</X>
			<Y>354</Y>
		</point>
		<point>
			<X>354</X>
			<Y>354</Y>
		</point>
		<point>
			<X>354</X>
			<Y>355</Y>
		</point>
		<point>
			<X>354</X>
			<Y>355</Y>
		</point>
		<point>
			<X>354</X>
			<Y>357</Y>
		</point>
		<point>
			<X>354</X>
			<Y>357</Y>
		</point>
		<point>
			<X>354</X>
			<Y>360</Y>
		</point>
		<point>
			<X>354</X>
			<Y>360</Y>
		</point>
		<point>
			<X>354</X>
			<Y>362</Y>
		</point>
		<point>
			<X>354</X>
			<Y>362</Y>
		</point>
		<point>
			<X>354</X>
			<Y>363</Y>
		</point>
		<point>
			<X>354</X>
			<Y>363</Y>
		</point>
		<point>
			<X>354</X>
			<Y>364</Y>
		</point>
		<point>
			<X>354</X>
			<Y>364</Y>
		</point>
		<point>
			<X>354</X>
			<Y>365</Y>
		</point>
		<point>
			<X>354</X>
			<Y>365</Y>
		</point>
		<point>
			<X>353</X>
			<Y>365</Y>
		</point>
		<point>
			<X>353</X>
			<Y>365</Y>
		</point>
		<point>
			<X>353</X>
			<Y>367</Y>
		</point>
		<point>
			<X>353</X>
			<Y>367</Y>
		</point>
		<point>
			<X>353</X>
			<Y>368</Y>
		</point>
		<point>
			<X>353</X>
			<Y>368</Y>
		</point>
		<point>
			<X>353</X>
			<Y>368</Y>
		</point>
		<point>
			<X>353</X>
			<Y>368</Y>
		</point>
		<point>
			<X>352</X>
			<Y>370</Y>
		</point>
		<point>
			<X>352</X>
			<Y>370</Y>
		</point>
		<point>
			<X>350</X>
			<Y>370</Y>
		</point>
		<point>
			<X>350</X>
			<Y>370</Y>
		</point>
		<point>
			<X>350</X>
			<Y>372</Y>
		</point>
		<point>
			<X>350</X>
			<Y>372</Y>
		</point>
		<point>
			<X>350</X>
			<Y>373</Y>
		</point>
		<point>
			<X>350</X>
			<Y>373</Y>
		</point>
		<point>
			<X>349</X>
			<Y>373</Y>
		</point>
		<point>
			<X>349</X>
			<Y>373</Y>
		</point>
		<point>
			<X>348</X>
			<Y>375</Y>
		</point>
		<point>
			<X>348</X>
			<Y>375</Y>
		</point>
		<point>
			<X>347</X>
			<Y>375</Y>
		</point>
		<point>
			<X>347</X>
			<Y>375</Y>
		</point>
		<point>
			<X>345</X>
			<Y>377</Y>
		</point>
		<point>
			<X>345</X>
			<Y>377</Y>
		</point>
		<point>
			<X>345</X>
			<Y>377</Y>
		</point>
		<point>
			<X>345</X>
			<Y>377</Y>
		</point>
		<point>
			<X>344</X>
			<Y>377</Y>
		</point>
		<point>
			<X>344</X>
			<Y>377</Y>
		</point>
		<point>
			<X>344</X>
			<Y>377</Y>
		</point>
		<point>
			<X>344</X>
			<Y>377</Y>
		</point>
		<point>
			<X>342</X>
			<Y>378</Y>
		</point>
		<point>
			<X>342</X>
			<Y>378</Y>
		</point>
		<point>
			<X>342</X>
			<Y>378</Y>
		</point>
		<point>
			<X>342</X>
			<Y>378</Y>
		</point>
		<point>
			<X>340</X>
			<Y>380</Y>
		</point>
		<point>
			<X>340</X>
			<Y>380</Y>
		</point>
		<point>
			<X>340</X>
			<Y>380</Y>
		</point>
		<point>
			<X>340</X>
			<Y>380</Y>
		</point>
		<point>
			<X>338</X>
			<Y>380</Y>
		</point>
		<point>
			<X>338</X>
			<Y>380</Y>
		</point>
		<point>
			<X>337</X>
			<Y>380</Y>
		</point>
		<point>
			<X>337</X>
			<Y>380</Y>
		</point>
		<point>
			<X>335</X>
			<Y>382</Y>
		</point>
		<point>
			<X>335</X>
			<Y>382</Y>
		</point>
		<point>
			<X>333</X>
			<Y>382</Y>
		</point>
		<point>
			<X>333</X>
			<Y>382</Y>
		</point>
		<point>
			<X>330</X>
			<Y>382</Y>
		</point>
		<point>
			<X>330</X>
			<Y>382</Y>
		</point>
		<point>
			<X>328</X>
			<Y>383</Y>
		</point>
		<point>
			<X>328</X>
			<Y>383</Y>
		</point>
		<point>
			<X>325</X>
			<Y>385</Y>
		</point>
		<point>
			<X>325</X>
			<Y>385</Y>
		</point>
		<point>
			<X>324</X>
			<Y>385</Y>
		</point>
		<point>
			<X>324</X>
			<Y>385</Y>
		</point>
		<point>
			<X>322</X>
			<Y>385</Y>
		</point>
		<point>
			<X>322</X>
			<Y>385</Y>
		</point>
		<point>
			<X>320</X>
			<Y>385</Y>
		</point>
		<point>
			<X>320</X>
			<Y>385</Y>
		</point>
		<point>
			<X>319</X>
			<Y>385</Y>
		</point>
		<point>
			<X>319</X>
			<Y>385</Y>
		</point>
		<point>
			<X>317</X>
			<Y>387</Y>
		</point>
		<point>
			<X>317</X>
			<Y>387</Y>
		</point>
		<point>
			<X>315</X>
			<Y>388</Y>
		</point>
		<point>
			<X>315</X>
			<Y>388</Y>
		</point>
		<point>
			<X>313</X>
			<Y>388</Y>
		</point>
		<point>
			<X>313</X>
			<Y>388</Y>
		</point>
		<point>
			<X>310</X>
			<Y>388</Y>
		</point>
		<point>
			<X>310</X>
			<Y>388</Y>
		</point>
		<point>
			<X>308</X>
			<Y>388</Y>
		</point>
		<point>
			<X>308</X>
			<Y>388</Y>
		</point>
		<point>
			<X>305</X>
			<Y>390</Y>
		</point>
		<point>
			<X>305</X>
			<Y>390</Y>
		</point>
		<point>
			<X>303</X>
			<Y>390</Y>
		</point>
		<point>
			<X>303</X>
			<Y>390</Y>
		</point>
		<point>
			<X>299</X>
			<Y>390</Y>
		</point>
		<point>
			<X>299</X>
			<Y>390</Y>
		</point>
		<point>
			<X>296</X>
			<Y>390</Y>
		</point>
		<point>
			<X>296</X>
			<Y>390</Y>
		</point>
		<point>
			<X>293</X>
			<Y>390</Y>
		</point>
		<point>
			<X>293</X>
			<Y>390</Y>
		</point>
		<point>
			<X>290</X>
			<Y>392</Y>
		</point>
		<point>
			<X>290</X>
			<Y>392</Y>
		</point>
		<point>
			<X>287</X>
			<Y>392</Y>
		</point>
		<point>
			<X>287</X>
			<Y>392</Y>
		</point>
		<point>
			<X>285</X>
			<Y>393</Y>
		</point>
		<point>
			<X>285</X>
			<Y>393</Y>
		</point>
		<point>
			<X>282</X>
			<Y>393</Y>
		</point>
		<point>
			<X>282</X>
			<Y>393</Y>
		</point>
		<point>
			<X>280</X>
			<Y>393</Y>
		</point>
		<point>
			<X>280</X>
			<Y>393</Y>
		</point>
		<point>
			<X>277</X>
			<Y>393</Y>
		</point>
		<point>
			<X>277</X>
			<Y>393</Y>
		</point>
		<point>
			<X>275</X>
			<Y>393</Y>
		</point>
		<point>
			<X>275</X>
			<Y>393</Y>
		</point>
		<point>
			<X>272</X>
			<Y>393</Y>
		</point>
		<point>
			<X>272</X>
			<Y>393</Y>
		</point>
		<point>
			<X>268</X>
			<Y>393</Y>
		</point>
		<point>
			<X>268</X>
			<Y>393</Y>
		</point>
		<point>
			<X>263</X>
			<Y>393</Y>
		</point>
		<point>
			<X>263</X>
			<Y>393</Y>
		</point>
		<point>
			<X>260</X>
			<Y>393</Y>
		</point>
		<point>
			<X>260</X>
			<Y>393</Y>
		</point>
		<point>
			<X>252</X>
			<Y>393</Y>
		</point>
		<point>
			<X>252</X>
			<Y>393</Y>
		</point>
		<point>
			<X>247</X>
			<Y>393</Y>
		</point>
		<point>
			<X>247</X>
			<Y>393</Y>
		</point>
		<point>
			<X>240</X>
			<Y>393</Y>
		</point>
		<point>
			<X>240</X>
			<Y>393</Y>
		</point>
		<point>
			<X>234</X>
			<Y>393</Y>
		</point>
		<point>
			<X>234</X>
			<Y>393</Y>
		</point>
		<point>
			<X>227</X>
			<Y>393</Y>
		</point>
		<point>
			<X>227</X>
			<Y>393</Y>
		</point>
		<point>
			<X>220</X>
			<Y>392</Y>
		</point>
		<point>
			<X>220</X>
			<Y>392</Y>
		</point>
		<point>
			<X>214</X>
			<Y>390</Y>
		</point>
		<point>
			<X>214</X>
			<Y>390</Y>
		</point>
		<point>
			<X>206</X>
			<Y>390</Y>
		</point>
		<point>
			<X>206</X>
			<Y>390</Y>
		</point>
		<point>
			<X>201</X>
			<Y>388</Y>
		</point>
		<point>
			<X>201</X>
			<Y>388</Y>
		</point>
		<point>
			<X>196</X>
			<Y>388</Y>
		</point>
		<point>
			<X>196</X>
			<Y>388</Y>
		</point>
		<point>
			<X>191</X>
			<Y>388</Y>
		</point>
		<point>
			<X>191</X>
			<Y>388</Y>
		</point>
		<point>
			<X>189</X>
			<Y>388</Y>
		</point>
		<point>
			<X>189</X>
			<Y>388</Y>
		</point>
		<point>
			<X>185</X>
			<Y>385</Y>
		</point>
		<point>
			<X>185</X>
			<Y>385</Y>
		</point>
		<point>
			<X>182</X>
			<Y>385</Y>
		</point>
		<point>
			<X>179</X>
			<Y>383</Y>
		</point>
		<point>
			<X>179</X>
			<Y>383</Y>
		</point>
		<point>
			<X>176</X>
			<Y>383</Y>
		</point>
		<point>
			<X>176</X>
			<Y>383</Y>
		</point>
		<point>
			<X>174</X>
			<Y>383</Y>
		</point>
		<point>
			<X>174</X>
			<Y>383</Y>
		</point>
		<point>
			<X>171</X>
			<Y>382</Y>
		</point>
		<point>
			<X>171</X>
			<Y>382</Y>
		</point>
		<point>
			<X>167</X>
			<Y>382</Y>
		</point>
		<point>
			<X>167</X>
			<Y>382</Y>
		</point>
		<point>
			<X>165</X>
			<Y>380</Y>
		</point>
		<point>
			<X>165</X>
			<Y>380</Y>
		</point>
		<point>
			<X>162</X>
			<Y>380</Y>
		</point>
		<point>
			<X>162</X>
			<Y>380</Y>
		</point>
		<point>
			<X>160</X>
			<Y>379</Y>
		</point>
		<point>
			<X>160</X>
			<Y>379</Y>
		</point>
		<point>
			<X>157</X>
			<Y>378</Y>
		</point>
		<point>
			<X>157</X>
			<Y>378</Y>
		</point>
		<point>
			<X>155</X>
			<Y>377</Y>
		</point>
		<point>
			<X>155</X>
			<Y>377</Y>
		</point>
		<point>
			<X>152</X>
			<Y>375</Y>
		</point>
		<point>
			<X>152</X>
			<Y>375</Y>
		</point>
		<point>
			<X>151</X>
			<Y>375</Y>
		</point>
		<point>
			<X>151</X>
			<Y>375</Y>
		</point>
		<point>
			<X>149</X>
			<Y>375</Y>
		</point>
		<point>
			<X>149</X>
			<Y>375</Y>
		</point>
		<point>
			<X>148</X>
			<Y>375</Y>
		</point>
		<point>
			<X>148</X>
			<Y>375</Y>
		</point>
		<point>
			<X>146</X>
			<Y>374</Y>
		</point>
		<point>
			<X>146</X>
			<Y>374</Y>
		</point>
		<point>
			<X>142</X>
			<Y>373</Y>
		</point>
		<point>
			<X>142</X>
			<Y>373</Y>
		</point>
		<point>
			<X>141</X>
			<Y>373</Y>
		</point>
		<point>
			<X>141</X>
			<Y>373</Y>
		</point>
		<point>
			<X>139</X>
			<Y>373</Y>
		</point>
		<point>
			<X>139</X>
			<Y>373</Y>
		</point>
		<point>
			<X>137</X>
			<Y>372</Y>
		</point>
		<point>
			<X>137</X>
			<Y>372</Y>
		</point>
		<point>
			<X>133</X>
			<Y>370</Y>
		</point>
		<point>
			<X>133</X>
			<Y>370</Y>
		</point>
		<point>
			<X>131</X>
			<Y>370</Y>
		</point>
		<point>
			<X>131</X>
			<Y>370</Y>
		</point>
		<point>
			<X>126</X>
			<Y>368</Y>
		</point>
		<point>
			<X>122</X>
			<Y>368</Y>
		</point>
		<point>
			<X>122</X>
			<Y>368</Y>
		</point>
		<point>
			<X>120</X>
			<Y>367</Y>
		</point>
		<point>
			<X>120</X>
			<Y>367</Y>
		</point>
		<point>
			<X>117</X>
			<Y>365</Y>
		</point>
		<point>
			<X>117</X>
			<Y>365</Y>
		</point>
		<point>
			<X>113</X>
			<Y>365</Y>
		</point>
		<point>
			<X>113</X>
			<Y>365</Y>
		</point>
		<point>
			<X>111</X>
			<Y>364</Y>
		</point>
		<point>
			<X>111</X>
			<Y>364</Y>
		</point>
		<point>
			<X>108</X>
			<Y>364</Y>
		</point>
		<point>
			<X>106</X>
			<Y>363</Y>
		</point>
		<point>
			<X>106</X>
			<Y>363</Y>
		</point>
		<point>
			<X>103</X>
			<Y>362</Y>
		</point>
		<point>
			<X>103</X>
			<Y>362</Y>
		</point>
		<point>
			<X>102</X>
			<Y>362</Y>
		</point>
		<point>
			<X>102</X>
			<Y>362</Y>
		</point>
		<point>
			<X>100</X>
			<Y>360</Y>
		</point>
		<point>
			<X>100</X>
			<Y>360</Y>
		</point>
		<point>
			<X>97</X>
			<Y>360</Y>
		</point>
		<point>
			<X>97</X>
			<Y>360</Y>
		</point>
		<point>
			<X>95</X>
			<Y>358</Y>
		</point>
		<point>
			<X>95</X>
			<Y>358</Y>
		</point>
		<point>
			<X>92</X>
			<Y>355</Y>
		</point>
		<point>
			<X>92</X>
			<Y>355</Y>
		</point>
		<point>
			<X>90</X>
			<Y>355</Y>
		</point>
		<point>
			<X>90</X>
			<Y>355</Y>
		</point>
		<point>
			<X>88</X>
			<Y>354</Y>
		</point>
		<point>
			<X>85</X>
			<Y>352</Y>
		</point>
		<point>
			<X>85</X>
			<Y>352</Y>
		</point>
		<point>
			<X>83</X>
			<Y>350</Y>
		</point>
		<point>
			<X>83</X>
			<Y>350</Y>
		</point>
		<point>
			<X>80</X>
			<Y>350</Y>
		</point>
		<point>
			<X>80</X>
			<Y>350</Y>
		</point>
		<point>
			<X>78</X>
			<Y>348</Y>
		</point>
		<point>
			<X>78</X>
			<Y>348</Y>
		</point>
		<point>
			<X>75</X>
			<Y>345</Y>
		</point>
		<point>
			<X>75</X>
			<Y>345</Y>
		</point>
		<point>
			<X>71</X>
			<Y>343</Y>
		</point>
		<point>
			<X>71</X>
			<Y>343</Y>
		</point>
		<point>
			<X>69</X>
			<Y>342</Y>
		</point>
		<point>
			<X>69</X>
			<Y>342</Y>
		</point>
		<point>
			<X>66</X>
			<Y>340</Y>
		</point>
		<point>
			<X>66</X>
			<Y>340</Y>
		</point>
		<point>
			<X>63</X>
			<Y>337</Y>
		</point>
		<point>
			<X>63</X>
			<Y>337</Y>
		</point>
		<point>
			<X>60</X>
			<Y>335</Y>
		</point>
		<point>
			<X>60</X>
			<Y>335</Y>
		</point>
		<point>
			<X>56</X>
			<Y>332</Y>
		</point>
		<point>
			<X>56</X>
			<Y>332</Y>
		</point>
		<point>
			<X>54</X>
			<Y>330</Y>
		</point>
		<point>
			<X>54</X>
			<Y>330</Y>
		</point>
		<point>
			<X>51</X>
			<Y>328</Y>
		</point>
		<point>
			<X>51</X>
			<Y>328</Y>
		</point>
		<point>
			<X>46</X>
			<Y>325</Y>
		</point>
		<point>
			<X>46</X>
			<Y>325</Y>
		</point>
		<point>
			<X>44</X>
			<Y>322</Y>
		</point>
		<point>
			<X>44</X>
			<Y>322</Y>
		</point>
		<point>
			<X>41</X>
			<Y>320</Y>
		</point>
		<point>
			<X>41</X>
			<Y>320</Y>
		</point>
		<point>
			<X>37</X>
			<Y>317</Y>
		</point>
		<point>
			<X>35</X>
			<Y>315</Y>
		</point>
		<point>
			<X>35</X>
			<Y>315</Y>
		</point>
		<point>
			<X>32</X>
			<Y>312</Y>
		</point>
		<point>
			<X>32</X>
			<Y>312</Y>
		</point>
		<point>
			<X>28</X>
			<Y>309</Y>
		</point>
		<point>
			<X>28</X>
			<Y>309</Y>
		</point>
		<point>
			<X>27</X>
			<Y>308</Y>
		</point>
		<point>
			<X>27</X>
			<Y>308</Y>
		</point>
		<point>
			<X>23</X>
			<Y>305</Y>
		</point>
		<point>
			<X>23</X>
			<Y>305</Y>
		</point>
		<point>
			<X>23</X>
			<Y>304</Y>
		</point>
		<point>
			<X>23</X>
			<Y>304</Y>
		</point>
		<point>
			<X>22</X>
			<Y>303</Y>
		</point>
		<point>
			<X>22</X>
			<Y>303</Y>
		</point>
		<point>
			<X>20</X>
			<Y>302</Y>
		</point>
		<point>
			<X>20</X>
			<Y>302</Y>
		</point>
		<point>
			<X>20</X>
			<Y>302</Y>
		</point>
		<point>
			<X>20</X>
			<Y>302</Y>
		</point>
		<point>
			<X>20</X>
			<Y>301</Y>
		</point>
		<point>
			<X>19</X>
			<Y>300</Y>
		</point>
		<point>
			<X>19</X>
			<Y>300</Y>
		</point>
		<point>
			<X>18</X>
			<Y>298</Y>
		</point>
		<point>
			<X>18</X>
			<Y>298</Y>
		</point>
		<point>
			<X>17</X>
			<Y>297</Y>
		</point>
		<point>
			<X>17</X>
			<Y>296</Y>
		</point>
		<point>
			<X>16</X>
			<Y>294</Y>
		</point>
		<point>
			<X>16</X>
			<Y>294</Y>
		</point>
		<point>
			<X>15</X>
			<Y>293</Y>
		</point>
		<point>
			<X>15</X>
			<Y>293</Y>
		</point>
		<point>
			<X>15</X>
			<Y>292</Y>
		</point>
		<point>
			<X>15</X>
			<Y>292</Y>
		</point>
		<point>
			<X>15</X>
			<Y>291</Y>
		</point>
		<point>
			<X>15</X>
			<Y>291</Y>
		</point>
		<point>
			<X>14</X>
			<Y>289</Y>
		</point>
		<point>
			<X>14</X>
			<Y>288</Y>
		</point>
		<point>
			<X>14</X>
			<Y>288</Y>
		</point>
		<point>
			<X>11</X>
			<Y>287</Y>
		</point>
		<point>
			<X>11</X>
			<Y>287</Y>
		</point>
		<point>
			<X>11</X>
			<Y>285</Y>
		</point>
		<point>
			<X>11</X>
			<Y>284</Y>
		</point>
		<point>
			<X>11</X>
			<Y>284</Y>
		</point>
		<point>
			<X>11</X>
			<Y>282</Y>
		</point>
		<point>
			<X>11</X>
			<Y>281</Y>
		</point>
		<point>
			<X>11</X>
			<Y>281</Y>
		</point>
		<point>
			<X>11</X>
			<Y>280</Y>
		</point>
		<point>
			<X>11</X>
			<Y>280</Y>
		</point>
		<point>
			<X>10</X>
			<Y>279</Y>
		</point>
		<point>
			<X>10</X>
			<Y>279</Y>
		</point>
		<point>
			<X>10</X>
			<Y>277</Y>
		</point>
		<point>
			<X>10</X>
			<Y>277</Y>
		</point>
		<point>
			<X>10</X>
			<Y>277</Y>
		</point>
		<point>
			<X>10</X>
			<Y>277</Y>
		</point>
		<point>
			<X>10</X>
			<Y>275</Y>
		</point>
		<point>
			<X>10</X>
			<Y>275</Y>
		</point>
		<point>
			<X>9</X>
			<Y>274</Y>
		</point>
		<point>
			<X>9</X>
			<Y>273</Y>
		</point>
		<point>
			<X>9</X>
			<Y>273</Y>
		</point>
		<point>
			<X>9</X>
			<Y>271</Y>
		</point>
		<point>
			<X>9</X>
			<Y>270</Y>
		</point>
		<point>
			<X>9</X>
			<Y>270</Y>
		</point>
		<point>
			<X>8</X>
			<Y>269</Y>
		</point>
		<point>
			<X>8</X>
			<Y>268</Y>
		</point>
		<point>
			<X>8</X>
			<Y>268</Y>
		</point>
		<point>
			<X>8</X>
			<Y>266</Y>
		</point>
		<point>
			<X>8</X>
			<Y>266</Y>
		</point>
		<point>
			<X>8</X>
			<Y>264</Y>
		</point>
		<point>
			<X>8</X>
			<Y>262</Y>
		</point>
		<point>
			<X>8</X>
			<Y>262</Y>
		</point>
		<point>
			<X>8</X>
			<Y>260</Y>
		</point>
		<point>
			<X>8</X>
			<Y>257</Y>
		</point>
		<point>
			<X>8</X>
			<Y>257</Y>
		</point>
		<point>
			<X>8</X>
			<Y>256</Y>
		</point>
		<point>
			<X>8</X>
			<Y>256</Y>
		</point>
		<point>
			<X>8</X>
			<Y>255</Y>
		</point>
		<point>
			<X>8</X>
			<Y>255</Y>
		</point>
		<point>
			<X>8</X>
			<Y>252</Y>
		</point>
		<point>
			<X>8</X>
			<Y>252</Y>
		</point>
		<point>
			<X>8</X>
			<Y>251</Y>
		</point>
		<point>
			<X>8</X>
			<Y>249</Y>
		</point>
		<point>
			<X>8</X>
			<Y>247</Y>
		</point>
		<point>
			<X>8</X>
			<Y>247</Y>
		</point>
		<point>
			<X>8</X>
			<Y>246</Y>
		</point>
		<point>
			<X>8</X>
			<Y>246</Y>
		</point>
		<point>
			<X>8</X>
			<Y>246</Y>
		</point>
		<point>
			<X>8</X>
			<Y>244</Y>
		</point>
		<point>
			<X>8</X>
			<Y>244</Y>
		</point>
		<point>
			<X>8</X>
			<Y>242</Y>
		</point>
		<point>
			<X>8</X>
			<Y>242</Y>
		</point>
		<point>
			<X>8</X>
			<Y>242</Y>
		</point>
		<point>
			<X>8</X>
			<Y>242</Y>
		</point>
		<point>
			<X>8</X>
			<Y>241</Y>
		</point>
		<point>
			<X>8</X>
			<Y>241</Y>
		</point>
		<point>
			<X>8</X>
			<Y>240</Y>
		</point>
		<point>
			<X>8</X>
			<Y>239</Y>
		</point>
		<point>
			<X>8</X>
			<Y>239</Y>
		</point>
		<point>
			<X>8</X>
			<Y>237</Y>
		</point>
		<point>
			<X>8</X>
			<Y>237</Y>
		</point>
		<point>
			<X>8</X>
			<Y>237</Y>
		</point>
		<point>
			<X>8</X>
			<Y>235</Y>
		</point>
		<point>
			<X>8</X>
			<Y>235</Y>
		</point>
		<point>
			<X>8</X>
			<Y>235</Y>
		</point>
		<point>
			<X>8</X>
			<Y>232</Y>
		</point>
		<point>
			<X>8</X>
			<Y>231</Y>
		</point>
		<point>
			<X>8</X>
			<Y>231</Y>
		</point>
		<point>
			<X>8</X>
			<Y>230</Y>
		</point>
		<point>
			<X>8</X>
			<Y>230</Y>
		</point>
		<point>
			<X>8</X>
			<Y>229</Y>
		</point>
		<point>
			<X>8</X>
			<Y>229</Y>
		</point>
		<point>
			<X>8</X>
			<Y>227</Y>
		</point>
		<point>
			<X>8</X>
			<Y>227</Y>
		</point>
		<point>
			<X>8</X>
			<Y>226</Y>
		</point>
		<point>
			<X>8</X>
			<Y>226</Y>
		</point>
		<point>
			<X>8</X>
			<Y>224</Y>
		</point>
		<point>
			<X>8</X>
			<Y>224</Y>
		</point>
		<point>
			<X>8</X>
			<Y>222</Y>
		</point>
		<point>
			<X>8</X>
			<Y>222</Y>
		</point>
		<point>
			<X>8</X>
			<Y>222</Y>
		</point>
		<point>
			<X>8</X>
			<Y>222</Y>
		</point>
		<point>
			<X>8</X>
			<Y>222</Y>
		</point>
		<point>
			<X>8</X>
			<Y>220</Y>
		</point>
		<point>
			<X>8</X>
			<Y>217</Y>
		</point>
		<point>
			<X>8</X>
			<Y>217</Y>
		</point>
		<point>
			<X>8</X>
			<Y>217</Y>
		</point>
		<point>
			<X>8</X>
			<Y>217</Y>
		</point>
		<point>
			<X>8</X>
			<Y>216</Y>
		</point>
		<point>
			<X>8</X>
			<Y>215</Y>
		</point>
		<point>
			<X>8</X>
			<Y>215</Y>
		</point>
		<point>
			<X>8</X>
			<Y>214</Y>
		</point>
		<point>
			<X>8</X>
			<Y>212</Y>
		</point>
		<point>
			<X>8</X>
			<Y>212</Y>
		</point>
		<point>
			<X>8</X>
			<Y>212</Y>
		</point>
		<point>
			<X>8</X>
			<Y>212</Y>
		</point>
		<point>
			<X>8</X>
			<Y>212</Y>
		</point>
		<point>
			<X>8</X>
			<Y>212</Y>
		</point>
		<point>
			<X>8</X>
			<Y>211</Y>
		</point>
		<point>
			<X>8</X>
			<Y>210</Y>
		</point>
		<point>
			<X>8</X>
			<Y>210</Y>
		</point>
		<point>
			<X>8</X>
			<Y>206</Y>
		</point>
		<point>
			<X>8</X>
			<Y>206</Y>
		</point>
		<point>
			<X>8</X>
			<Y>206</Y>
		</point>
		<point>
			<X>8</X>
			<Y>206</Y>
		</point>
		<point>
			<X>8</X>
			<Y>205</Y>
		</point>
		<point>
			<X>8</X>
			<Y>204</Y>
		</point>
		<point>
			<X>8</X>
			<Y>201</Y>
		</point>
		<point>
			<X>8</X>
			<Y>201</Y>
		</point>
		<point>
			<X>8</X>
			<Y>201</Y>
		</point>
		<point>
			<X>8</X>
			<Y>201</Y>
		</point>
		<point>
			<X>8</X>
			<Y>201</Y>
		</point>
		<point>
			<X>8</X>
			<Y>200</Y>
		</point>
		<point>
			<X>8</X>
			<Y>200</Y>
		</point>
		<point>
			<X>8</X>
			<Y>200</Y>
		</point>
		<point>
			<X>8</X>
			<Y>199</Y>
		</point>
		<point>
			<X>8</X>
			<Y>199</Y>
		</point>
		<point>
			<X>8</X>
			<Y>196</Y>
		</point>
		<point>
			<X>8</X>
			<Y>196</Y>
		</point>
		<point>
			<X>8</X>
			<Y>196</Y>
		</point>
		<point>
			<X>8</X>
			<Y>196</Y>
		</point>
		<point>
			<X>8</X>
			<Y>196</Y>
		</point>
		<point>
			<X>8</X>
			<Y>196</Y>
		</point>
		<point>
			<X>8</X>
			<Y>196</Y>
		</point>
		<point>
			<X>8</X>
			<Y>196</Y>
		</point>
		<point>
			<X>8</X>
			<Y>196</Y>
		</point>
	</polygon>
</annotation>