<annotation>
	<folder>anno</folder>
	<filename>2010_002713.jpg</filename>
	<source>
		<database>The anno Database</database>
		<annotation>VC anno</annotation>
		<image>Unknow</image>
		<flickrid>Unknow</flickrid>
	</source>
	<owner>
		<flickrid>Unknow</flickrid>
		<name>Unknow</name>
	</owner>
	<size>
		<width>500</width>
		<height>375</height>
		<depth>3</depth>
	</size>
	<segmented>1</segmented>
	<polygon>
		<tag>cat</tag>
		<point>
			<X>192</X>
			<Y>159</Y>
		</point>
		<point>
			<X>191</X>
			<Y>159</Y>
		</point>
		<point>
			<X>191</X>
			<Y>159</Y>
		</point>
		<point>
			<X>191</X>
			<Y>161</Y>
		</point>
		<point>
			<X>191</X>
			<Y>161</Y>
		</point>
		<point>
			<X>194</X>
			<Y>164</Y>
		</point>
		<point>
			<X>194</X>
			<Y>164</Y>
		</point>
		<point>
			<X>195</X>
			<Y>166</Y>
		</point>
		<point>
			<X>195</X>
			<Y>166</Y>
		</point>
		<point>
			<X>199</X>
			<Y>170</Y>
		</point>
		<point>
			<X>199</X>
			<Y>170</Y>
		</point>
		<point>
			<X>202</X>
			<Y>174</Y>
		</point>
		<point>
			<X>202</X>
			<Y>174</Y>
		</point>
		<point>
			<X>209</X>
			<Y>178</Y>
		</point>
		<point>
			<X>209</X>
			<Y>178</Y>
		</point>
		<point>
			<X>214</X>
			<Y>181</Y>
		</point>
		<point>
			<X>214</X>
			<Y>181</Y>
		</point>
		<point>
			<X>221</X>
			<Y>184</Y>
		</point>
		<point>
			<X>221</X>
			<Y>184</Y>
		</point>
		<point>
			<X>229</X>
			<Y>189</Y>
		</point>
		<point>
			<X>229</X>
			<Y>189</Y>
		</point>
		<point>
			<X>236</X>
			<Y>193</Y>
		</point>
		<point>
			<X>236</X>
			<Y>193</Y>
		</point>
		<point>
			<X>244</X>
			<Y>196</Y>
		</point>
		<point>
			<X>244</X>
			<Y>196</Y>
		</point>
		<point>
			<X>247</X>
			<Y>199</Y>
		</point>
		<point>
			<X>247</X>
			<Y>199</Y>
		</point>
		<point>
			<X>251</X>
			<Y>200</Y>
		</point>
		<point>
			<X>251</X>
			<Y>200</Y>
		</point>
		<point>
			<X>254</X>
			<Y>200</Y>
		</point>
		<point>
			<X>255</X>
			<Y>201</Y>
		</point>
		<point>
			<X>256</X>
			<Y>201</Y>
		</point>
		<point>
			<X>256</X>
			<Y>201</Y>
		</point>
		<point>
			<X>256</X>
			<Y>201</Y>
		</point>
	</polygon>
	<polygon>
		<tag>background</tag>
		<point>
			<X>284</X>
			<Y>59</Y>
		</point>
		<point>
			<X>276</X>
			<Y>60</Y>
		</point>
		<point>
			<X>276</X>
			<Y>60</Y>
		</point>
		<point>
			<X>266</X>
			<Y>63</Y>
		</point>
		<point>
			<X>266</X>
			<Y>63</Y>
		</point>
		<point>
			<X>254</X>
			<Y>64</Y>
		</point>
		<point>
			<X>254</X>
			<Y>64</Y>
		</point>
		<point>
			<X>240</X>
			<Y>66</Y>
		</point>
		<point>
			<X>240</X>
			<Y>66</Y>
		</point>
		<point>
			<X>227</X>
			<Y>69</Y>
		</point>
		<point>
			<X>227</X>
			<Y>69</Y>
		</point>
		<point>
			<X>214</X>
			<Y>71</Y>
		</point>
		<point>
			<X>214</X>
			<Y>71</Y>
		</point>
		<point>
			<X>199</X>
			<Y>74</Y>
		</point>
		<point>
			<X>199</X>
			<Y>74</Y>
		</point>
		<point>
			<X>185</X>
			<Y>78</Y>
		</point>
		<point>
			<X>185</X>
			<Y>78</Y>
		</point>
		<point>
			<X>171</X>
			<Y>80</Y>
		</point>
		<point>
			<X>171</X>
			<Y>80</Y>
		</point>
		<point>
			<X>161</X>
			<Y>83</Y>
		</point>
		<point>
			<X>161</X>
			<Y>83</Y>
		</point>
		<point>
			<X>149</X>
			<Y>85</Y>
		</point>
		<point>
			<X>149</X>
			<Y>85</Y>
		</point>
		<point>
			<X>137</X>
			<Y>88</Y>
		</point>
		<point>
			<X>137</X>
			<Y>88</Y>
		</point>
		<point>
			<X>125</X>
			<Y>90</Y>
		</point>
		<point>
			<X>125</X>
			<Y>90</Y>
		</point>
		<point>
			<X>111</X>
			<Y>94</Y>
		</point>
		<point>
			<X>111</X>
			<Y>94</Y>
		</point>
		<point>
			<X>97</X>
			<Y>99</Y>
		</point>
		<point>
			<X>97</X>
			<Y>99</Y>
		</point>
		<point>
			<X>84</X>
			<Y>104</Y>
		</point>
		<point>
			<X>84</X>
			<Y>104</Y>
		</point>
		<point>
			<X>70</X>
			<Y>110</Y>
		</point>
		<point>
			<X>70</X>
			<Y>110</Y>
		</point>
		<point>
			<X>57</X>
			<Y>114</Y>
		</point>
		<point>
			<X>57</X>
			<Y>114</Y>
		</point>
		<point>
			<X>49</X>
			<Y>119</Y>
		</point>
		<point>
			<X>49</X>
			<Y>119</Y>
		</point>
		<point>
			<X>41</X>
			<Y>124</Y>
		</point>
		<point>
			<X>41</X>
			<Y>124</Y>
		</point>
		<point>
			<X>35</X>
			<Y>129</Y>
		</point>
		<point>
			<X>35</X>
			<Y>129</Y>
		</point>
		<point>
			<X>31</X>
			<Y>133</Y>
		</point>
		<point>
			<X>31</X>
			<Y>133</Y>
		</point>
		<point>
			<X>27</X>
			<Y>138</Y>
		</point>
		<point>
			<X>27</X>
			<Y>138</Y>
		</point>
		<point>
			<X>26</X>
			<Y>141</Y>
		</point>
		<point>
			<X>26</X>
			<Y>141</Y>
		</point>
		<point>
			<X>24</X>
			<Y>145</Y>
		</point>
		<point>
			<X>24</X>
			<Y>145</Y>
		</point>
		<point>
			<X>22</X>
			<Y>151</Y>
		</point>
		<point>
			<X>22</X>
			<Y>151</Y>
		</point>
		<point>
			<X>21</X>
			<Y>158</Y>
		</point>
		<point>
			<X>21</X>
			<Y>158</Y>
		</point>
		<point>
			<X>20</X>
			<Y>165</Y>
		</point>
		<point>
			<X>20</X>
			<Y>165</Y>
		</point>
		<point>
			<X>20</X>
			<Y>170</Y>
		</point>
		<point>
			<X>20</X>
			<Y>170</Y>
		</point>
		<point>
			<X>20</X>
			<Y>179</Y>
		</point>
		<point>
			<X>20</X>
			<Y>179</Y>
		</point>
		<point>
			<X>20</X>
			<Y>190</Y>
		</point>
		<point>
			<X>20</X>
			<Y>190</Y>
		</point>
		<point>
			<X>21</X>
			<Y>201</Y>
		</point>
		<point>
			<X>21</X>
			<Y>201</Y>
		</point>
		<point>
			<X>24</X>
			<Y>211</Y>
		</point>
		<point>
			<X>24</X>
			<Y>211</Y>
		</point>
		<point>
			<X>25</X>
			<Y>220</Y>
		</point>
		<point>
			<X>25</X>
			<Y>220</Y>
		</point>
		<point>
			<X>27</X>
			<Y>229</Y>
		</point>
		<point>
			<X>27</X>
			<Y>229</Y>
		</point>
		<point>
			<X>32</X>
			<Y>238</Y>
		</point>
		<point>
			<X>32</X>
			<Y>238</Y>
		</point>
		<point>
			<X>39</X>
			<Y>246</Y>
		</point>
		<point>
			<X>39</X>
			<Y>246</Y>
		</point>
		<point>
			<X>45</X>
			<Y>256</Y>
		</point>
		<point>
			<X>45</X>
			<Y>256</Y>
		</point>
		<point>
			<X>51</X>
			<Y>264</Y>
		</point>
		<point>
			<X>51</X>
			<Y>264</Y>
		</point>
		<point>
			<X>60</X>
			<Y>271</Y>
		</point>
		<point>
			<X>60</X>
			<Y>271</Y>
		</point>
		<point>
			<X>71</X>
			<Y>278</Y>
		</point>
		<point>
			<X>71</X>
			<Y>278</Y>
		</point>
		<point>
			<X>84</X>
			<Y>285</Y>
		</point>
		<point>
			<X>84</X>
			<Y>285</Y>
		</point>
		<point>
			<X>97</X>
			<Y>290</Y>
		</point>
		<point>
			<X>97</X>
			<Y>290</Y>
		</point>
		<point>
			<X>115</X>
			<Y>298</Y>
		</point>
		<point>
			<X>115</X>
			<Y>298</Y>
		</point>
		<point>
			<X>135</X>
			<Y>303</Y>
		</point>
		<point>
			<X>135</X>
			<Y>303</Y>
		</point>
		<point>
			<X>155</X>
			<Y>308</Y>
		</point>
		<point>
			<X>155</X>
			<Y>308</Y>
		</point>
		<point>
			<X>181</X>
			<Y>313</Y>
		</point>
		<point>
			<X>181</X>
			<Y>313</Y>
		</point>
		<point>
			<X>207</X>
			<Y>318</Y>
		</point>
		<point>
			<X>207</X>
			<Y>318</Y>
		</point>
		<point>
			<X>234</X>
			<Y>321</Y>
		</point>
		<point>
			<X>234</X>
			<Y>321</Y>
		</point>
		<point>
			<X>255</X>
			<Y>323</Y>
		</point>
		<point>
			<X>255</X>
			<Y>323</Y>
		</point>
		<point>
			<X>276</X>
			<Y>323</Y>
		</point>
		<point>
			<X>276</X>
			<Y>323</Y>
		</point>
		<point>
			<X>291</X>
			<Y>323</Y>
		</point>
		<point>
			<X>306</X>
			<Y>323</Y>
		</point>
		<point>
			<X>317</X>
			<Y>323</Y>
		</point>
		<point>
			<X>330</X>
			<Y>323</Y>
		</point>
		<point>
			<X>337</X>
			<Y>321</Y>
		</point>
		<point>
			<X>337</X>
			<Y>321</Y>
		</point>
		<point>
			<X>343</X>
			<Y>318</Y>
		</point>
		<point>
			<X>343</X>
			<Y>318</Y>
		</point>
		<point>
			<X>348</X>
			<Y>315</Y>
		</point>
		<point>
			<X>348</X>
			<Y>315</Y>
		</point>
		<point>
			<X>352</X>
			<Y>311</Y>
		</point>
		<point>
			<X>352</X>
			<Y>311</Y>
		</point>
		<point>
			<X>357</X>
			<Y>305</Y>
		</point>
		<point>
			<X>357</X>
			<Y>305</Y>
		</point>
		<point>
			<X>362</X>
			<Y>298</Y>
		</point>
		<point>
			<X>362</X>
			<Y>298</Y>
		</point>
		<point>
			<X>367</X>
			<Y>289</Y>
		</point>
		<point>
			<X>367</X>
			<Y>289</Y>
		</point>
		<point>
			<X>375</X>
			<Y>278</Y>
		</point>
		<point>
			<X>375</X>
			<Y>278</Y>
		</point>
		<point>
			<X>381</X>
			<Y>266</Y>
		</point>
		<point>
			<X>381</X>
			<Y>266</Y>
		</point>
		<point>
			<X>389</X>
			<Y>250</Y>
		</point>
		<point>
			<X>389</X>
			<Y>250</Y>
		</point>
		<point>
			<X>395</X>
			<Y>235</Y>
		</point>
		<point>
			<X>395</X>
			<Y>235</Y>
		</point>
		<point>
			<X>401</X>
			<Y>218</Y>
		</point>
		<point>
			<X>401</X>
			<Y>218</Y>
		</point>
		<point>
			<X>407</X>
			<Y>200</Y>
		</point>
		<point>
			<X>407</X>
			<Y>200</Y>
		</point>
		<point>
			<X>411</X>
			<Y>183</Y>
		</point>
		<point>
			<X>411</X>
			<Y>183</Y>
		</point>
		<point>
			<X>414</X>
			<Y>166</Y>
		</point>
		<point>
			<X>414</X>
			<Y>166</Y>
		</point>
		<point>
			<X>416</X>
			<Y>150</Y>
		</point>
		<point>
			<X>416</X>
			<Y>150</Y>
		</point>
		<point>
			<X>416</X>
			<Y>135</Y>
		</point>
		<point>
			<X>416</X>
			<Y>135</Y>
		</point>
		<point>
			<X>414</X>
			<Y>118</Y>
		</point>
		<point>
			<X>414</X>
			<Y>118</Y>
		</point>
		<point>
			<X>411</X>
			<Y>104</Y>
		</point>
		<point>
			<X>411</X>
			<Y>104</Y>
		</point>
		<point>
			<X>407</X>
			<Y>93</Y>
		</point>
		<point>
			<X>407</X>
			<Y>93</Y>
		</point>
		<point>
			<X>404</X>
			<Y>84</Y>
		</point>
		<point>
			<X>404</X>
			<Y>84</Y>
		</point>
		<point>
			<X>401</X>
			<Y>78</Y>
		</point>
		<point>
			<X>401</X>
			<Y>78</Y>
		</point>
		<point>
			<X>399</X>
			<Y>74</Y>
		</point>
		<point>
			<X>399</X>
			<Y>74</Y>
		</point>
		<point>
			<X>399</X>
			<Y>71</Y>
		</point>
		<point>
			<X>399</X>
			<Y>71</Y>
		</point>
		<point>
			<X>396</X>
			<Y>69</Y>
		</point>
		<point>
			<X>396</X>
			<Y>69</Y>
		</point>
		<point>
			<X>396</X>
			<Y>69</Y>
		</point>
	</polygon>
</annotation>