<annotation>
	<folder>anno</folder>
	<filename>2010_005450.jpg</filename>
	<source>
		<database>The anno Database</database>
		<annotation>VC anno</annotation>
		<image>Unknow</image>
		<flickrid>Unknow</flickrid>
	</source>
	<owner>
		<flickrid>Unknow</flickrid>
		<name>Unknow</name>
	</owner>
	<size>
		<width>500</width>
		<height>375</height>
		<depth>4</depth>
	</size>
	<segmented>1</segmented>
	<polygon>
		<tag>background</tag>
		<point>
			<X>461</X>
			<Y>12</Y>
		</point>
		<point>
			<X>435</X>
			<Y>7</Y>
		</point>
		<point>
			<X>435</X>
			<Y>7</Y>
		</point>
		<point>
			<X>424</X>
			<Y>7</Y>
		</point>
		<point>
			<X>424</X>
			<Y>7</Y>
		</point>
		<point>
			<X>410</X>
			<Y>7</Y>
		</point>
		<point>
			<X>410</X>
			<Y>7</Y>
		</point>
		<point>
			<X>398</X>
			<Y>7</Y>
		</point>
		<point>
			<X>398</X>
			<Y>7</Y>
		</point>
		<point>
			<X>387</X>
			<Y>7</Y>
		</point>
		<point>
			<X>387</X>
			<Y>7</Y>
		</point>
		<point>
			<X>375</X>
			<Y>7</Y>
		</point>
		<point>
			<X>375</X>
			<Y>7</Y>
		</point>
		<point>
			<X>363</X>
			<Y>6</Y>
		</point>
		<point>
			<X>363</X>
			<Y>6</Y>
		</point>
		<point>
			<X>353</X>
			<Y>4</Y>
		</point>
		<point>
			<X>353</X>
			<Y>4</Y>
		</point>
		<point>
			<X>346</X>
			<Y>3</Y>
		</point>
		<point>
			<X>346</X>
			<Y>3</Y>
		</point>
		<point>
			<X>336</X>
			<Y>1</Y>
		</point>
		<point>
			<X>336</X>
			<Y>1</Y>
		</point>
		<point>
			<X>328</X>
			<Y>0</Y>
		</point>
		<point>
			<X>328</X>
			<Y>0</Y>
		</point>
		<point>
			<X>321</X>
			<Y>0</Y>
		</point>
		<point>
			<X>321</X>
			<Y>0</Y>
		</point>
		<point>
			<X>311</X>
			<Y>0</Y>
		</point>
		<point>
			<X>311</X>
			<Y>0</Y>
		</point>
		<point>
			<X>302</X>
			<Y>0</Y>
		</point>
		<point>
			<X>302</X>
			<Y>0</Y>
		</point>
		<point>
			<X>292</X>
			<Y>0</Y>
		</point>
		<point>
			<X>292</X>
			<Y>0</Y>
		</point>
		<point>
			<X>281</X>
			<Y>0</Y>
		</point>
		<point>
			<X>281</X>
			<Y>0</Y>
		</point>
		<point>
			<X>272</X>
			<Y>0</Y>
		</point>
		<point>
			<X>272</X>
			<Y>0</Y>
		</point>
		<point>
			<X>259</X>
			<Y>0</Y>
		</point>
		<point>
			<X>259</X>
			<Y>0</Y>
		</point>
		<point>
			<X>248</X>
			<Y>0</Y>
		</point>
		<point>
			<X>248</X>
			<Y>0</Y>
		</point>
		<point>
			<X>236</X>
			<Y>0</Y>
		</point>
		<point>
			<X>236</X>
			<Y>0</Y>
		</point>
		<point>
			<X>227</X>
			<Y>0</Y>
		</point>
		<point>
			<X>227</X>
			<Y>0</Y>
		</point>
		<point>
			<X>216</X>
			<Y>0</Y>
		</point>
		<point>
			<X>216</X>
			<Y>0</Y>
		</point>
		<point>
			<X>208</X>
			<Y>0</Y>
		</point>
		<point>
			<X>208</X>
			<Y>0</Y>
		</point>
		<point>
			<X>201</X>
			<Y>0</Y>
		</point>
		<point>
			<X>201</X>
			<Y>0</Y>
		</point>
		<point>
			<X>193</X>
			<Y>0</Y>
		</point>
		<point>
			<X>193</X>
			<Y>0</Y>
		</point>
		<point>
			<X>188</X>
			<Y>0</Y>
		</point>
		<point>
			<X>186</X>
			<Y>0</Y>
		</point>
		<point>
			<X>186</X>
			<Y>0</Y>
		</point>
		<point>
			<X>181</X>
			<Y>1</Y>
		</point>
		<point>
			<X>113</X>
			<Y>16</Y>
		</point>
		<point>
			<X>105</X>
			<Y>17</Y>
		</point>
		<point>
			<X>105</X>
			<Y>17</Y>
		</point>
		<point>
			<X>95</X>
			<Y>20</Y>
		</point>
		<point>
			<X>95</X>
			<Y>20</Y>
		</point>
		<point>
			<X>89</X>
			<Y>23</Y>
		</point>
		<point>
			<X>89</X>
			<Y>23</Y>
		</point>
		<point>
			<X>83</X>
			<Y>25</Y>
		</point>
		<point>
			<X>83</X>
			<Y>25</Y>
		</point>
		<point>
			<X>83</X>
			<Y>26</Y>
		</point>
		<point>
			<X>83</X>
			<Y>26</Y>
		</point>
		<point>
			<X>80</X>
			<Y>27</Y>
		</point>
		<point>
			<X>80</X>
			<Y>27</Y>
		</point>
		<point>
			<X>75</X>
			<Y>30</Y>
		</point>
		<point>
			<X>75</X>
			<Y>30</Y>
		</point>
		<point>
			<X>73</X>
			<Y>31</Y>
		</point>
		<point>
			<X>73</X>
			<Y>31</Y>
		</point>
		<point>
			<X>12</X>
			<Y>203</Y>
		</point>
		<point>
			<X>12</X>
			<Y>209</Y>
		</point>
		<point>
			<X>12</X>
			<Y>209</Y>
		</point>
		<point>
			<X>14</X>
			<Y>214</Y>
		</point>
		<point>
			<X>14</X>
			<Y>214</Y>
		</point>
		<point>
			<X>15</X>
			<Y>218</Y>
		</point>
		<point>
			<X>15</X>
			<Y>218</Y>
		</point>
		<point>
			<X>17</X>
			<Y>223</Y>
		</point>
		<point>
			<X>17</X>
			<Y>223</Y>
		</point>
		<point>
			<X>20</X>
			<Y>229</Y>
		</point>
		<point>
			<X>21</X>
			<Y>233</Y>
		</point>
		<point>
			<X>21</X>
			<Y>233</Y>
		</point>
		<point>
			<X>23</X>
			<Y>238</Y>
		</point>
		<point>
			<X>23</X>
			<Y>238</Y>
		</point>
		<point>
			<X>27</X>
			<Y>247</Y>
		</point>
		<point>
			<X>27</X>
			<Y>247</Y>
		</point>
		<point>
			<X>28</X>
			<Y>250</Y>
		</point>
		<point>
			<X>28</X>
			<Y>250</Y>
		</point>
		<point>
			<X>31</X>
			<Y>255</Y>
		</point>
		<point>
			<X>31</X>
			<Y>255</Y>
		</point>
		<point>
			<X>33</X>
			<Y>258</Y>
		</point>
		<point>
			<X>49</X>
			<Y>274</Y>
		</point>
		<point>
			<X>51</X>
			<Y>274</Y>
		</point>
		<point>
			<X>51</X>
			<Y>274</Y>
		</point>
		<point>
			<X>56</X>
			<Y>278</Y>
		</point>
		<point>
			<X>58</X>
			<Y>278</Y>
		</point>
		<point>
			<X>58</X>
			<Y>278</Y>
		</point>
		<point>
			<X>61</X>
			<Y>281</Y>
		</point>
		<point>
			<X>61</X>
			<Y>281</Y>
		</point>
		<point>
			<X>64</X>
			<Y>282</Y>
		</point>
		<point>
			<X>64</X>
			<Y>282</Y>
		</point>
		<point>
			<X>67</X>
			<Y>282</Y>
		</point>
		<point>
			<X>67</X>
			<Y>282</Y>
		</point>
		<point>
			<X>69</X>
			<Y>283</Y>
		</point>
		<point>
			<X>69</X>
			<Y>283</Y>
		</point>
		<point>
			<X>72</X>
			<Y>284</Y>
		</point>
		<point>
			<X>72</X>
			<Y>284</Y>
		</point>
		<point>
			<X>77</X>
			<Y>286</Y>
		</point>
		<point>
			<X>77</X>
			<Y>286</Y>
		</point>
		<point>
			<X>78</X>
			<Y>286</Y>
		</point>
		<point>
			<X>78</X>
			<Y>286</Y>
		</point>
		<point>
			<X>79</X>
			<Y>287</Y>
		</point>
		<point>
			<X>80</X>
			<Y>288</Y>
		</point>
		<point>
			<X>80</X>
			<Y>288</Y>
		</point>
		<point>
			<X>80</X>
			<Y>288</Y>
		</point>
		<point>
			<X>80</X>
			<Y>288</Y>
		</point>
		<point>
			<X>83</X>
			<Y>289</Y>
		</point>
		<point>
			<X>83</X>
			<Y>289</Y>
		</point>
		<point>
			<X>85</X>
			<Y>290</Y>
		</point>
		<point>
			<X>85</X>
			<Y>290</Y>
		</point>
		<point>
			<X>85</X>
			<Y>290</Y>
		</point>
		<point>
			<X>87</X>
			<Y>290</Y>
		</point>
		<point>
			<X>87</X>
			<Y>290</Y>
		</point>
		<point>
			<X>88</X>
			<Y>291</Y>
		</point>
		<point>
			<X>88</X>
			<Y>291</Y>
		</point>
		<point>
			<X>89</X>
			<Y>291</Y>
		</point>
		<point>
			<X>89</X>
			<Y>291</Y>
		</point>
		<point>
			<X>90</X>
			<Y>292</Y>
		</point>
		<point>
			<X>90</X>
			<Y>292</Y>
		</point>
		<point>
			<X>90</X>
			<Y>293</Y>
		</point>
		<point>
			<X>312</X>
			<Y>346</Y>
		</point>
		<point>
			<X>337</X>
			<Y>348</Y>
		</point>
		<point>
			<X>337</X>
			<Y>348</Y>
		</point>
		<point>
			<X>338</X>
			<Y>348</Y>
		</point>
		<point>
			<X>341</X>
			<Y>348</Y>
		</point>
		<point>
			<X>341</X>
			<Y>348</Y>
		</point>
		<point>
			<X>343</X>
			<Y>348</Y>
		</point>
		<point>
			<X>343</X>
			<Y>348</Y>
		</point>
		<point>
			<X>348</X>
			<Y>348</Y>
		</point>
		<point>
			<X>352</X>
			<Y>348</Y>
		</point>
		<point>
			<X>352</X>
			<Y>348</Y>
		</point>
		<point>
			<X>355</X>
			<Y>348</Y>
		</point>
		<point>
			<X>358</X>
			<Y>348</Y>
		</point>
		<point>
			<X>362</X>
			<Y>348</Y>
		</point>
		<point>
			<X>362</X>
			<Y>348</Y>
		</point>
		<point>
			<X>366</X>
			<Y>348</Y>
		</point>
		<point>
			<X>366</X>
			<Y>348</Y>
		</point>
		<point>
			<X>373</X>
			<Y>348</Y>
		</point>
		<point>
			<X>373</X>
			<Y>348</Y>
		</point>
		<point>
			<X>377</X>
			<Y>348</Y>
		</point>
		<point>
			<X>377</X>
			<Y>348</Y>
		</point>
		<point>
			<X>380</X>
			<Y>348</Y>
		</point>
		<point>
			<X>380</X>
			<Y>348</Y>
		</point>
		<point>
			<X>384</X>
			<Y>350</Y>
		</point>
		<point>
			<X>384</X>
			<Y>350</Y>
		</point>
		<point>
			<X>388</X>
			<Y>350</Y>
		</point>
		<point>
			<X>388</X>
			<Y>350</Y>
		</point>
		<point>
			<X>403</X>
			<Y>350</Y>
		</point>
		<point>
			<X>403</X>
			<Y>350</Y>
		</point>
		<point>
			<X>405</X>
			<Y>350</Y>
		</point>
		<point>
			<X>405</X>
			<Y>350</Y>
		</point>
		<point>
			<X>408</X>
			<Y>350</Y>
		</point>
		<point>
			<X>408</X>
			<Y>350</Y>
		</point>
		<point>
			<X>414</X>
			<Y>350</Y>
		</point>
		<point>
			<X>414</X>
			<Y>350</Y>
		</point>
		<point>
			<X>416</X>
			<Y>350</Y>
		</point>
		<point>
			<X>418</X>
			<Y>350</Y>
		</point>
		<point>
			<X>421</X>
			<Y>350</Y>
		</point>
		<point>
			<X>421</X>
			<Y>350</Y>
		</point>
		<point>
			<X>423</X>
			<Y>350</Y>
		</point>
		<point>
			<X>425</X>
			<Y>350</Y>
		</point>
		<point>
			<X>425</X>
			<Y>350</Y>
		</point>
		<point>
			<X>427</X>
			<Y>350</Y>
		</point>
		<point>
			<X>427</X>
			<Y>350</Y>
		</point>
		<point>
			<X>429</X>
			<Y>350</Y>
		</point>
		<point>
			<X>429</X>
			<Y>350</Y>
		</point>
		<point>
			<X>431</X>
			<Y>350</Y>
		</point>
		<point>
			<X>431</X>
			<Y>350</Y>
		</point>
		<point>
			<X>434</X>
			<Y>350</Y>
		</point>
		<point>
			<X>439</X>
			<Y>350</Y>
		</point>
		<point>
			<X>439</X>
			<Y>350</Y>
		</point>
		<point>
			<X>442</X>
			<Y>350</Y>
		</point>
		<point>
			<X>442</X>
			<Y>350</Y>
		</point>
		<point>
			<X>446</X>
			<Y>348</Y>
		</point>
		<point>
			<X>446</X>
			<Y>348</Y>
		</point>
		<point>
			<X>448</X>
			<Y>348</Y>
		</point>
		<point>
			<X>448</X>
			<Y>348</Y>
		</point>
		<point>
			<X>450</X>
			<Y>348</Y>
		</point>
		<point>
			<X>450</X>
			<Y>348</Y>
		</point>
		<point>
			<X>451</X>
			<Y>348</Y>
		</point>
		<point>
			<X>451</X>
			<Y>348</Y>
		</point>
		<point>
			<X>454</X>
			<Y>348</Y>
		</point>
		<point>
			<X>454</X>
			<Y>348</Y>
		</point>
		<point>
			<X>455</X>
			<Y>348</Y>
		</point>
		<point>
			<X>455</X>
			<Y>348</Y>
		</point>
		<point>
			<X>457</X>
			<Y>348</Y>
		</point>
		<point>
			<X>457</X>
			<Y>348</Y>
		</point>
		<point>
			<X>458</X>
			<Y>348</Y>
		</point>
		<point>
			<X>458</X>
			<Y>348</Y>
		</point>
		<point>
			<X>460</X>
			<Y>348</Y>
		</point>
		<point>
			<X>460</X>
			<Y>348</Y>
		</point>
		<point>
			<X>462</X>
			<Y>347</Y>
		</point>
		<point>
			<X>463</X>
			<Y>347</Y>
		</point>
		<point>
			<X>463</X>
			<Y>347</Y>
		</point>
		<point>
			<X>466</X>
			<Y>346</Y>
		</point>
		<point>
			<X>469</X>
			<Y>345</Y>
		</point>
		<point>
			<X>470</X>
			<Y>345</Y>
		</point>
		<point>
			<X>470</X>
			<Y>345</Y>
		</point>
		<point>
			<X>471</X>
			<Y>343</Y>
		</point>
		<point>
			<X>471</X>
			<Y>343</Y>
		</point>
		<point>
			<X>472</X>
			<Y>343</Y>
		</point>
		<point>
			<X>472</X>
			<Y>343</Y>
		</point>
		<point>
			<X>473</X>
			<Y>343</Y>
		</point>
		<point>
			<X>473</X>
			<Y>343</Y>
		</point>
	</polygon>
	<polygon>
		<tag>monitor</tag>
		<point>
			<X>249</X>
			<Y>48</Y>
		</point>
		<point>
			<X>249</X>
			<Y>49</Y>
		</point>
		<point>
			<X>249</X>
			<Y>49</Y>
		</point>
		<point>
			<X>249</X>
			<Y>50</Y>
		</point>
		<point>
			<X>249</X>
			<Y>50</Y>
		</point>
		<point>
			<X>250</X>
			<Y>51</Y>
		</point>
		<point>
			<X>250</X>
			<Y>51</Y>
		</point>
		<point>
			<X>251</X>
			<Y>51</Y>
		</point>
		<point>
			<X>251</X>
			<Y>51</Y>
		</point>
		<point>
			<X>252</X>
			<Y>53</Y>
		</point>
		<point>
			<X>252</X>
			<Y>53</Y>
		</point>
		<point>
			<X>253</X>
			<Y>53</Y>
		</point>
		<point>
			<X>253</X>
			<Y>53</Y>
		</point>
		<point>
			<X>254</X>
			<Y>53</Y>
		</point>
		<point>
			<X>254</X>
			<Y>53</Y>
		</point>
		<point>
			<X>254</X>
			<Y>54</Y>
		</point>
		<point>
			<X>255</X>
			<Y>55</Y>
		</point>
		<point>
			<X>255</X>
			<Y>55</Y>
		</point>
		<point>
			<X>256</X>
			<Y>55</Y>
		</point>
		<point>
			<X>256</X>
			<Y>55</Y>
		</point>
		<point>
			<X>257</X>
			<Y>56</Y>
		</point>
		<point>
			<X>257</X>
			<Y>56</Y>
		</point>
		<point>
			<X>258</X>
			<Y>58</Y>
		</point>
		<point>
			<X>258</X>
			<Y>58</Y>
		</point>
		<point>
			<X>258</X>
			<Y>60</Y>
		</point>
		<point>
			<X>258</X>
			<Y>60</Y>
		</point>
		<point>
			<X>260</X>
			<Y>61</Y>
		</point>
		<point>
			<X>260</X>
			<Y>61</Y>
		</point>
		<point>
			<X>260</X>
			<Y>62</Y>
		</point>
		<point>
			<X>260</X>
			<Y>62</Y>
		</point>
		<point>
			<X>262</X>
			<Y>62</Y>
		</point>
		<point>
			<X>262</X>
			<Y>62</Y>
		</point>
		<point>
			<X>262</X>
			<Y>63</Y>
		</point>
		<point>
			<X>263</X>
			<Y>63</Y>
		</point>
		<point>
			<X>264</X>
			<Y>64</Y>
		</point>
		<point>
			<X>264</X>
			<Y>64</Y>
		</point>
		<point>
			<X>265</X>
			<Y>64</Y>
		</point>
		<point>
			<X>265</X>
			<Y>64</Y>
		</point>
		<point>
			<X>266</X>
			<Y>65</Y>
		</point>
		<point>
			<X>266</X>
			<Y>65</Y>
		</point>
		<point>
			<X>267</X>
			<Y>66</Y>
		</point>
		<point>
			<X>267</X>
			<Y>66</Y>
		</point>
		<point>
			<X>270</X>
			<Y>68</Y>
		</point>
		<point>
			<X>270</X>
			<Y>68</Y>
		</point>
		<point>
			<X>270</X>
			<Y>69</Y>
		</point>
		<point>
			<X>270</X>
			<Y>69</Y>
		</point>
		<point>
			<X>271</X>
			<Y>70</Y>
		</point>
		<point>
			<X>271</X>
			<Y>70</Y>
		</point>
		<point>
			<X>274</X>
			<Y>72</Y>
		</point>
		<point>
			<X>274</X>
			<Y>72</Y>
		</point>
		<point>
			<X>275</X>
			<Y>72</Y>
		</point>
		<point>
			<X>275</X>
			<Y>72</Y>
		</point>
		<point>
			<X>276</X>
			<Y>74</Y>
		</point>
		<point>
			<X>276</X>
			<Y>74</Y>
		</point>
		<point>
			<X>277</X>
			<Y>74</Y>
		</point>
		<point>
			<X>277</X>
			<Y>74</Y>
		</point>
		<point>
			<X>278</X>
			<Y>76</Y>
		</point>
		<point>
			<X>278</X>
			<Y>76</Y>
		</point>
		<point>
			<X>279</X>
			<Y>76</Y>
		</point>
		<point>
			<X>279</X>
			<Y>76</Y>
		</point>
		<point>
			<X>280</X>
			<Y>77</Y>
		</point>
		<point>
			<X>280</X>
			<Y>77</Y>
		</point>
		<point>
			<X>281</X>
			<Y>78</Y>
		</point>
		<point>
			<X>281</X>
			<Y>78</Y>
		</point>
		<point>
			<X>283</X>
			<Y>79</Y>
		</point>
		<point>
			<X>283</X>
			<Y>79</Y>
		</point>
		<point>
			<X>284</X>
			<Y>80</Y>
		</point>
		<point>
			<X>284</X>
			<Y>80</Y>
		</point>
		<point>
			<X>286</X>
			<Y>82</Y>
		</point>
		<point>
			<X>286</X>
			<Y>82</Y>
		</point>
		<point>
			<X>288</X>
			<Y>85</Y>
		</point>
		<point>
			<X>289</X>
			<Y>85</Y>
		</point>
		<point>
			<X>289</X>
			<Y>85</Y>
		</point>
		<point>
			<X>291</X>
			<Y>88</Y>
		</point>
		<point>
			<X>291</X>
			<Y>88</Y>
		</point>
		<point>
			<X>292</X>
			<Y>89</Y>
		</point>
		<point>
			<X>292</X>
			<Y>89</Y>
		</point>
		<point>
			<X>295</X>
			<Y>90</Y>
		</point>
		<point>
			<X>295</X>
			<Y>90</Y>
		</point>
		<point>
			<X>297</X>
			<Y>94</Y>
		</point>
		<point>
			<X>297</X>
			<Y>94</Y>
		</point>
		<point>
			<X>298</X>
			<Y>95</Y>
		</point>
		<point>
			<X>298</X>
			<Y>95</Y>
		</point>
		<point>
			<X>300</X>
			<Y>98</Y>
		</point>
		<point>
			<X>300</X>
			<Y>98</Y>
		</point>
		<point>
			<X>302</X>
			<Y>100</Y>
		</point>
		<point>
			<X>302</X>
			<Y>100</Y>
		</point>
		<point>
			<X>303</X>
			<Y>102</Y>
		</point>
		<point>
			<X>303</X>
			<Y>102</Y>
		</point>
		<point>
			<X>305</X>
			<Y>104</Y>
		</point>
		<point>
			<X>305</X>
			<Y>104</Y>
		</point>
		<point>
			<X>306</X>
			<Y>106</Y>
		</point>
		<point>
			<X>306</X>
			<Y>106</Y>
		</point>
		<point>
			<X>307</X>
			<Y>109</Y>
		</point>
		<point>
			<X>307</X>
			<Y>109</Y>
		</point>
		<point>
			<X>308</X>
			<Y>111</Y>
		</point>
		<point>
			<X>308</X>
			<Y>111</Y>
		</point>
		<point>
			<X>310</X>
			<Y>113</Y>
		</point>
		<point>
			<X>310</X>
			<Y>113</Y>
		</point>
		<point>
			<X>311</X>
			<Y>115</Y>
		</point>
		<point>
			<X>311</X>
			<Y>115</Y>
		</point>
		<point>
			<X>312</X>
			<Y>117</Y>
		</point>
		<point>
			<X>312</X>
			<Y>117</Y>
		</point>
		<point>
			<X>314</X>
			<Y>119</Y>
		</point>
		<point>
			<X>314</X>
			<Y>119</Y>
		</point>
		<point>
			<X>315</X>
			<Y>122</Y>
		</point>
		<point>
			<X>315</X>
			<Y>122</Y>
		</point>
		<point>
			<X>318</X>
			<Y>126</Y>
		</point>
		<point>
			<X>318</X>
			<Y>126</Y>
		</point>
		<point>
			<X>319</X>
			<Y>127</Y>
		</point>
		<point>
			<X>319</X>
			<Y>127</Y>
		</point>
		<point>
			<X>320</X>
			<Y>129</Y>
		</point>
		<point>
			<X>320</X>
			<Y>129</Y>
		</point>
		<point>
			<X>323</X>
			<Y>133</Y>
		</point>
		<point>
			<X>323</X>
			<Y>133</Y>
		</point>
		<point>
			<X>323</X>
			<Y>135</Y>
		</point>
		<point>
			<X>323</X>
			<Y>135</Y>
		</point>
		<point>
			<X>326</X>
			<Y>136</Y>
		</point>
		<point>
			<X>326</X>
			<Y>136</Y>
		</point>
		<point>
			<X>326</X>
			<Y>138</Y>
		</point>
		<point>
			<X>326</X>
			<Y>138</Y>
		</point>
		<point>
			<X>328</X>
			<Y>140</Y>
		</point>
		<point>
			<X>328</X>
			<Y>140</Y>
		</point>
		<point>
			<X>328</X>
			<Y>142</Y>
		</point>
		<point>
			<X>328</X>
			<Y>142</Y>
		</point>
		<point>
			<X>330</X>
			<Y>143</Y>
		</point>
		<point>
			<X>330</X>
			<Y>143</Y>
		</point>
		<point>
			<X>332</X>
			<Y>144</Y>
		</point>
		<point>
			<X>332</X>
			<Y>144</Y>
		</point>
		<point>
			<X>332</X>
			<Y>147</Y>
		</point>
		<point>
			<X>332</X>
			<Y>147</Y>
		</point>
		<point>
			<X>333</X>
			<Y>148</Y>
		</point>
		<point>
			<X>333</X>
			<Y>148</Y>
		</point>
		<point>
			<X>335</X>
			<Y>150</Y>
		</point>
		<point>
			<X>335</X>
			<Y>150</Y>
		</point>
		<point>
			<X>336</X>
			<Y>151</Y>
		</point>
		<point>
			<X>336</X>
			<Y>151</Y>
		</point>
		<point>
			<X>337</X>
			<Y>152</Y>
		</point>
		<point>
			<X>337</X>
			<Y>152</Y>
		</point>
		<point>
			<X>338</X>
			<Y>155</Y>
		</point>
		<point>
			<X>338</X>
			<Y>155</Y>
		</point>
		<point>
			<X>338</X>
			<Y>155</Y>
		</point>
		<point>
			<X>338</X>
			<Y>155</Y>
		</point>
		<point>
			<X>340</X>
			<Y>157</Y>
		</point>
		<point>
			<X>340</X>
			<Y>157</Y>
		</point>
		<point>
			<X>342</X>
			<Y>159</Y>
		</point>
		<point>
			<X>342</X>
			<Y>159</Y>
		</point>
		<point>
			<X>343</X>
			<Y>160</Y>
		</point>
		<point>
			<X>343</X>
			<Y>160</Y>
		</point>
		<point>
			<X>343</X>
			<Y>161</Y>
		</point>
		<point>
			<X>343</X>
			<Y>161</Y>
		</point>
		<point>
			<X>345</X>
			<Y>161</Y>
		</point>
		<point>
			<X>345</X>
			<Y>163</Y>
		</point>
		<point>
			<X>345</X>
			<Y>163</Y>
		</point>
		<point>
			<X>346</X>
			<Y>165</Y>
		</point>
		<point>
			<X>356</X>
			<Y>179</Y>
		</point>
		<point>
			<X>356</X>
			<Y>179</Y>
		</point>
		<point>
			<X>357</X>
			<Y>181</Y>
		</point>
		<point>
			<X>357</X>
			<Y>181</Y>
		</point>
		<point>
			<X>358</X>
			<Y>181</Y>
		</point>
		<point>
			<X>358</X>
			<Y>181</Y>
		</point>
		<point>
			<X>358</X>
			<Y>183</Y>
		</point>
		<point>
			<X>358</X>
			<Y>183</Y>
		</point>
		<point>
			<X>358</X>
			<Y>184</Y>
		</point>
		<point>
			<X>358</X>
			<Y>184</Y>
		</point>
		<point>
			<X>360</X>
			<Y>186</Y>
		</point>
		<point>
			<X>360</X>
			<Y>186</Y>
		</point>
		<point>
			<X>360</X>
			<Y>186</Y>
		</point>
		<point>
			<X>360</X>
			<Y>186</Y>
		</point>
		<point>
			<X>360</X>
			<Y>188</Y>
		</point>
		<point>
			<X>360</X>
			<Y>188</Y>
		</point>
		<point>
			<X>360</X>
			<Y>189</Y>
		</point>
		<point>
			<X>360</X>
			<Y>189</Y>
		</point>
		<point>
			<X>362</X>
			<Y>190</Y>
		</point>
		<point>
			<X>362</X>
			<Y>190</Y>
		</point>
		<point>
			<X>362</X>
			<Y>191</Y>
		</point>
		<point>
			<X>362</X>
			<Y>191</Y>
		</point>
		<point>
			<X>362</X>
			<Y>193</Y>
		</point>
		<point>
			<X>362</X>
			<Y>193</Y>
		</point>
		<point>
			<X>362</X>
			<Y>194</Y>
		</point>
		<point>
			<X>362</X>
			<Y>194</Y>
		</point>
		<point>
			<X>362</X>
			<Y>195</Y>
		</point>
		<point>
			<X>362</X>
			<Y>195</Y>
		</point>
		<point>
			<X>362</X>
			<Y>197</Y>
		</point>
		<point>
			<X>362</X>
			<Y>197</Y>
		</point>
		<point>
			<X>362</X>
			<Y>198</Y>
		</point>
		<point>
			<X>362</X>
			<Y>198</Y>
		</point>
		<point>
			<X>362</X>
			<Y>200</Y>
		</point>
		<point>
			<X>362</X>
			<Y>200</Y>
		</point>
		<point>
			<X>362</X>
			<Y>202</Y>
		</point>
		<point>
			<X>362</X>
			<Y>202</Y>
		</point>
		<point>
			<X>363</X>
			<Y>204</Y>
		</point>
		<point>
			<X>363</X>
			<Y>204</Y>
		</point>
		<point>
			<X>363</X>
			<Y>205</Y>
		</point>
		<point>
			<X>363</X>
			<Y>205</Y>
		</point>
		<point>
			<X>363</X>
			<Y>206</Y>
		</point>
		<point>
			<X>363</X>
			<Y>206</Y>
		</point>
		<point>
			<X>363</X>
			<Y>207</Y>
		</point>
		<point>
			<X>363</X>
			<Y>207</Y>
		</point>
		<point>
			<X>363</X>
			<Y>208</Y>
		</point>
		<point>
			<X>363</X>
			<Y>208</Y>
		</point>
		<point>
			<X>363</X>
			<Y>209</Y>
		</point>
		<point>
			<X>363</X>
			<Y>209</Y>
		</point>
		<point>
			<X>363</X>
			<Y>210</Y>
		</point>
		<point>
			<X>363</X>
			<Y>210</Y>
		</point>
		<point>
			<X>365</X>
			<Y>212</Y>
		</point>
		<point>
			<X>365</X>
			<Y>212</Y>
		</point>
		<point>
			<X>366</X>
			<Y>212</Y>
		</point>
		<point>
			<X>366</X>
			<Y>212</Y>
		</point>
		<point>
			<X>366</X>
			<Y>213</Y>
		</point>
		<point>
			<X>366</X>
			<Y>214</Y>
		</point>
		<point>
			<X>366</X>
			<Y>214</Y>
		</point>
		<point>
			<X>366</X>
			<Y>215</Y>
		</point>
		<point>
			<X>366</X>
			<Y>215</Y>
		</point>
		<point>
			<X>368</X>
			<Y>217</Y>
		</point>
		<point>
			<X>368</X>
			<Y>217</Y>
		</point>
		<point>
			<X>368</X>
			<Y>219</Y>
		</point>
		<point>
			<X>368</X>
			<Y>219</Y>
		</point>
		<point>
			<X>368</X>
			<Y>221</Y>
		</point>
		<point>
			<X>368</X>
			<Y>221</Y>
		</point>
		<point>
			<X>368</X>
			<Y>222</Y>
		</point>
		<point>
			<X>368</X>
			<Y>222</Y>
		</point>
		<point>
			<X>370</X>
			<Y>224</Y>
		</point>
		<point>
			<X>370</X>
			<Y>224</Y>
		</point>
		<point>
			<X>370</X>
			<Y>225</Y>
		</point>
		<point>
			<X>370</X>
			<Y>226</Y>
		</point>
		<point>
			<X>370</X>
			<Y>226</Y>
		</point>
		<point>
			<X>370</X>
			<Y>227</Y>
		</point>
		<point>
			<X>370</X>
			<Y>227</Y>
		</point>
		<point>
			<X>370</X>
			<Y>228</Y>
		</point>
		<point>
			<X>370</X>
			<Y>228</Y>
		</point>
		<point>
			<X>370</X>
			<Y>229</Y>
		</point>
		<point>
			<X>370</X>
			<Y>229</Y>
		</point>
		<point>
			<X>370</X>
			<Y>230</Y>
		</point>
		<point>
			<X>370</X>
			<Y>230</Y>
		</point>
		<point>
			<X>371</X>
			<Y>230</Y>
		</point>
		<point>
			<X>372</X>
			<Y>231</Y>
		</point>
		<point>
			<X>372</X>
			<Y>231</Y>
		</point>
		<point>
			<X>372</X>
			<Y>232</Y>
		</point>
		<point>
			<X>372</X>
			<Y>232</Y>
		</point>
		<point>
			<X>372</X>
			<Y>232</Y>
		</point>
	</polygon>
</annotation>