<annotation>
	<folder>anno</folder>
	<filename>2010_002100.jpg</filename>
	<source>
		<database>The anno Database</database>
		<annotation>VC anno</annotation>
		<image>Unknow</image>
		<flickrid>Unknow</flickrid>
	</source>
	<owner>
		<flickrid>Unknow</flickrid>
		<name>Unknow</name>
	</owner>
	<size>
		<width>451</width>
		<height>500</height>
		<depth>4</depth>
	</size>
	<segmented>1</segmented>
	<polygon>
		<tag>person</tag>
		<point>
			<X>216</X>
			<Y>38</Y>
		</point>
		<point>
			<X>216</X>
			<Y>41</Y>
		</point>
		<point>
			<X>216</X>
			<Y>41</Y>
		</point>
		<point>
			<X>217</X>
			<Y>46</Y>
		</point>
		<point>
			<X>217</X>
			<Y>46</Y>
		</point>
		<point>
			<X>222</X>
			<Y>57</Y>
		</point>
		<point>
			<X>222</X>
			<Y>57</Y>
		</point>
		<point>
			<X>225</X>
			<Y>65</Y>
		</point>
		<point>
			<X>225</X>
			<Y>65</Y>
		</point>
		<point>
			<X>229</X>
			<Y>78</Y>
		</point>
		<point>
			<X>229</X>
			<Y>78</Y>
		</point>
		<point>
			<X>235</X>
			<Y>92</Y>
		</point>
		<point>
			<X>235</X>
			<Y>92</Y>
		</point>
		<point>
			<X>241</X>
			<Y>108</Y>
		</point>
		<point>
			<X>241</X>
			<Y>108</Y>
		</point>
		<point>
			<X>246</X>
			<Y>131</Y>
		</point>
		<point>
			<X>246</X>
			<Y>131</Y>
		</point>
		<point>
			<X>253</X>
			<Y>157</Y>
		</point>
		<point>
			<X>253</X>
			<Y>157</Y>
		</point>
		<point>
			<X>263</X>
			<Y>176</Y>
		</point>
		<point>
			<X>263</X>
			<Y>176</Y>
		</point>
		<point>
			<X>272</X>
			<Y>207</Y>
		</point>
		<point>
			<X>272</X>
			<Y>207</Y>
		</point>
		<point>
			<X>283</X>
			<Y>234</Y>
		</point>
		<point>
			<X>283</X>
			<Y>234</Y>
		</point>
		<point>
			<X>290</X>
			<Y>251</Y>
		</point>
		<point>
			<X>290</X>
			<Y>251</Y>
		</point>
		<point>
			<X>301</X>
			<Y>270</Y>
		</point>
		<point>
			<X>301</X>
			<Y>270</Y>
		</point>
		<point>
			<X>308</X>
			<Y>283</Y>
		</point>
		<point>
			<X>308</X>
			<Y>283</Y>
		</point>
		<point>
			<X>314</X>
			<Y>294</Y>
		</point>
		<point>
			<X>314</X>
			<Y>294</Y>
		</point>
		<point>
			<X>320</X>
			<Y>303</Y>
		</point>
		<point>
			<X>320</X>
			<Y>303</Y>
		</point>
		<point>
			<X>323</X>
			<Y>310</Y>
		</point>
		<point>
			<X>323</X>
			<Y>310</Y>
		</point>
		<point>
			<X>325</X>
			<Y>317</Y>
		</point>
		<point>
			<X>325</X>
			<Y>317</Y>
		</point>
		<point>
			<X>328</X>
			<Y>320</Y>
		</point>
		<point>
			<X>328</X>
			<Y>320</Y>
		</point>
		<point>
			<X>330</X>
			<Y>323</Y>
		</point>
		<point>
			<X>330</X>
			<Y>323</Y>
		</point>
		<point>
			<X>330</X>
			<Y>325</Y>
		</point>
		<point>
			<X>330</X>
			<Y>325</Y>
		</point>
		<point>
			<X>332</X>
			<Y>328</Y>
		</point>
		<point>
			<X>332</X>
			<Y>328</Y>
		</point>
		<point>
			<X>333</X>
			<Y>333</Y>
		</point>
		<point>
			<X>333</X>
			<Y>333</Y>
		</point>
		<point>
			<X>335</X>
			<Y>337</Y>
		</point>
		<point>
			<X>335</X>
			<Y>337</Y>
		</point>
		<point>
			<X>335</X>
			<Y>340</Y>
		</point>
		<point>
			<X>335</X>
			<Y>340</Y>
		</point>
		<point>
			<X>337</X>
			<Y>343</Y>
		</point>
		<point>
			<X>337</X>
			<Y>343</Y>
		</point>
		<point>
			<X>338</X>
			<Y>348</Y>
		</point>
		<point>
			<X>338</X>
			<Y>348</Y>
		</point>
		<point>
			<X>338</X>
			<Y>350</Y>
		</point>
		<point>
			<X>338</X>
			<Y>350</Y>
		</point>
		<point>
			<X>340</X>
			<Y>355</Y>
		</point>
		<point>
			<X>340</X>
			<Y>355</Y>
		</point>
		<point>
			<X>340</X>
			<Y>360</Y>
		</point>
		<point>
			<X>340</X>
			<Y>360</Y>
		</point>
		<point>
			<X>342</X>
			<Y>363</Y>
		</point>
		<point>
			<X>342</X>
			<Y>363</Y>
		</point>
		<point>
			<X>342</X>
			<Y>365</Y>
		</point>
		<point>
			<X>342</X>
			<Y>365</Y>
		</point>
		<point>
			<X>342</X>
			<Y>370</Y>
		</point>
		<point>
			<X>342</X>
			<Y>370</Y>
		</point>
		<point>
			<X>342</X>
			<Y>373</Y>
		</point>
		<point>
			<X>342</X>
			<Y>373</Y>
		</point>
		<point>
			<X>342</X>
			<Y>375</Y>
		</point>
		<point>
			<X>342</X>
			<Y>375</Y>
		</point>
		<point>
			<X>342</X>
			<Y>380</Y>
		</point>
		<point>
			<X>342</X>
			<Y>380</Y>
		</point>
		<point>
			<X>340</X>
			<Y>383</Y>
		</point>
		<point>
			<X>340</X>
			<Y>383</Y>
		</point>
		<point>
			<X>338</X>
			<Y>387</Y>
		</point>
		<point>
			<X>338</X>
			<Y>387</Y>
		</point>
		<point>
			<X>338</X>
			<Y>392</Y>
		</point>
		<point>
			<X>338</X>
			<Y>392</Y>
		</point>
		<point>
			<X>337</X>
			<Y>395</Y>
		</point>
		<point>
			<X>337</X>
			<Y>395</Y>
		</point>
		<point>
			<X>335</X>
			<Y>398</Y>
		</point>
		<point>
			<X>335</X>
			<Y>398</Y>
		</point>
		<point>
			<X>335</X>
			<Y>402</Y>
		</point>
		<point>
			<X>335</X>
			<Y>402</Y>
		</point>
		<point>
			<X>335</X>
			<Y>404</Y>
		</point>
		<point>
			<X>335</X>
			<Y>404</Y>
		</point>
		<point>
			<X>333</X>
			<Y>407</Y>
		</point>
		<point>
			<X>333</X>
			<Y>407</Y>
		</point>
		<point>
			<X>332</X>
			<Y>410</Y>
		</point>
		<point>
			<X>332</X>
			<Y>410</Y>
		</point>
		<point>
			<X>332</X>
			<Y>412</Y>
		</point>
		<point>
			<X>332</X>
			<Y>412</Y>
		</point>
		<point>
			<X>330</X>
			<Y>414</Y>
		</point>
		<point>
			<X>330</X>
			<Y>414</Y>
		</point>
		<point>
			<X>330</X>
			<Y>415</Y>
		</point>
		<point>
			<X>330</X>
			<Y>415</Y>
		</point>
		<point>
			<X>330</X>
			<Y>418</Y>
		</point>
		<point>
			<X>330</X>
			<Y>418</Y>
		</point>
		<point>
			<X>328</X>
			<Y>418</Y>
		</point>
		<point>
			<X>328</X>
			<Y>420</Y>
		</point>
		<point>
			<X>328</X>
			<Y>420</Y>
		</point>
		<point>
			<X>325</X>
			<Y>422</Y>
		</point>
		<point>
			<X>325</X>
			<Y>422</Y>
		</point>
		<point>
			<X>325</X>
			<Y>423</Y>
		</point>
		<point>
			<X>325</X>
			<Y>423</Y>
		</point>
		<point>
			<X>323</X>
			<Y>424</Y>
		</point>
		<point>
			<X>323</X>
			<Y>424</Y>
		</point>
		<point>
			<X>323</X>
			<Y>427</Y>
		</point>
		<point>
			<X>323</X>
			<Y>427</Y>
		</point>
		<point>
			<X>322</X>
			<Y>429</Y>
		</point>
		<point>
			<X>322</X>
			<Y>429</Y>
		</point>
		<point>
			<X>320</X>
			<Y>430</Y>
		</point>
		<point>
			<X>320</X>
			<Y>430</Y>
		</point>
		<point>
			<X>320</X>
			<Y>430</Y>
		</point>
		<point>
			<X>320</X>
			<Y>430</Y>
		</point>
		<point>
			<X>320</X>
			<Y>432</Y>
		</point>
		<point>
			<X>320</X>
			<Y>432</Y>
		</point>
		<point>
			<X>319</X>
			<Y>434</Y>
		</point>
		<point>
			<X>319</X>
			<Y>434</Y>
		</point>
		<point>
			<X>318</X>
			<Y>434</Y>
		</point>
		<point>
			<X>318</X>
			<Y>434</Y>
		</point>
		<point>
			<X>317</X>
			<Y>435</Y>
		</point>
		<point>
			<X>317</X>
			<Y>435</Y>
		</point>
		<point>
			<X>315</X>
			<Y>435</Y>
		</point>
		<point>
			<X>315</X>
			<Y>435</Y>
		</point>
		<point>
			<X>312</X>
			<Y>435</Y>
		</point>
		<point>
			<X>312</X>
			<Y>435</Y>
		</point>
		<point>
			<X>308</X>
			<Y>437</Y>
		</point>
		<point>
			<X>308</X>
			<Y>437</Y>
		</point>
		<point>
			<X>301</X>
			<Y>440</Y>
		</point>
		<point>
			<X>301</X>
			<Y>440</Y>
		</point>
		<point>
			<X>294</X>
			<Y>440</Y>
		</point>
		<point>
			<X>294</X>
			<Y>440</Y>
		</point>
		<point>
			<X>286</X>
			<Y>440</Y>
		</point>
		<point>
			<X>286</X>
			<Y>440</Y>
		</point>
		<point>
			<X>278</X>
			<Y>440</Y>
		</point>
		<point>
			<X>278</X>
			<Y>440</Y>
		</point>
		<point>
			<X>271</X>
			<Y>440</Y>
		</point>
		<point>
			<X>271</X>
			<Y>440</Y>
		</point>
		<point>
			<X>262</X>
			<Y>440</Y>
		</point>
		<point>
			<X>262</X>
			<Y>440</Y>
		</point>
		<point>
			<X>255</X>
			<Y>440</Y>
		</point>
		<point>
			<X>255</X>
			<Y>440</Y>
		</point>
		<point>
			<X>245</X>
			<Y>440</Y>
		</point>
		<point>
			<X>245</X>
			<Y>440</Y>
		</point>
		<point>
			<X>237</X>
			<Y>440</Y>
		</point>
		<point>
			<X>237</X>
			<Y>440</Y>
		</point>
		<point>
			<X>229</X>
			<Y>440</Y>
		</point>
		<point>
			<X>229</X>
			<Y>440</Y>
		</point>
		<point>
			<X>222</X>
			<Y>440</Y>
		</point>
		<point>
			<X>222</X>
			<Y>440</Y>
		</point>
		<point>
			<X>215</X>
			<Y>440</Y>
		</point>
		<point>
			<X>215</X>
			<Y>440</Y>
		</point>
		<point>
			<X>207</X>
			<Y>440</Y>
		</point>
		<point>
			<X>207</X>
			<Y>440</Y>
		</point>
		<point>
			<X>202</X>
			<Y>440</Y>
		</point>
		<point>
			<X>202</X>
			<Y>440</Y>
		</point>
		<point>
			<X>197</X>
			<Y>442</Y>
		</point>
		<point>
			<X>197</X>
			<Y>442</Y>
		</point>
		<point>
			<X>195</X>
			<Y>442</Y>
		</point>
		<point>
			<X>195</X>
			<Y>442</Y>
		</point>
		<point>
			<X>191</X>
			<Y>443</Y>
		</point>
		<point>
			<X>191</X>
			<Y>443</Y>
		</point>
		<point>
			<X>186</X>
			<Y>443</Y>
		</point>
		<point>
			<X>186</X>
			<Y>443</Y>
		</point>
		<point>
			<X>181</X>
			<Y>444</Y>
		</point>
		<point>
			<X>181</X>
			<Y>444</Y>
		</point>
		<point>
			<X>176</X>
			<Y>445</Y>
		</point>
		<point>
			<X>176</X>
			<Y>445</Y>
		</point>
		<point>
			<X>175</X>
			<Y>448</Y>
		</point>
		<point>
			<X>175</X>
			<Y>448</Y>
		</point>
		<point>
			<X>170</X>
			<Y>449</Y>
		</point>
		<point>
			<X>170</X>
			<Y>449</Y>
		</point>
		<point>
			<X>164</X>
			<Y>449</Y>
		</point>
		<point>
			<X>164</X>
			<Y>449</Y>
		</point>
		<point>
			<X>159</X>
			<Y>450</Y>
		</point>
		<point>
			<X>159</X>
			<Y>450</Y>
		</point>
		<point>
			<X>156</X>
			<Y>451</Y>
		</point>
		<point>
			<X>156</X>
			<Y>451</Y>
		</point>
		<point>
			<X>151</X>
			<Y>451</Y>
		</point>
		<point>
			<X>151</X>
			<Y>451</Y>
		</point>
		<point>
			<X>146</X>
			<Y>451</Y>
		</point>
		<point>
			<X>146</X>
			<Y>451</Y>
		</point>
		<point>
			<X>143</X>
			<Y>451</Y>
		</point>
		<point>
			<X>143</X>
			<Y>451</Y>
		</point>
		<point>
			<X>141</X>
			<Y>451</Y>
		</point>
		<point>
			<X>141</X>
			<Y>451</Y>
		</point>
		<point>
			<X>137</X>
			<Y>451</Y>
		</point>
		<point>
			<X>137</X>
			<Y>451</Y>
		</point>
		<point>
			<X>133</X>
			<Y>451</Y>
		</point>
		<point>
			<X>133</X>
			<Y>451</Y>
		</point>
		<point>
			<X>131</X>
			<Y>451</Y>
		</point>
		<point>
			<X>131</X>
			<Y>451</Y>
		</point>
		<point>
			<X>128</X>
			<Y>451</Y>
		</point>
		<point>
			<X>128</X>
			<Y>451</Y>
		</point>
		<point>
			<X>124</X>
			<Y>451</Y>
		</point>
		<point>
			<X>124</X>
			<Y>451</Y>
		</point>
		<point>
			<X>119</X>
			<Y>451</Y>
		</point>
		<point>
			<X>119</X>
			<Y>451</Y>
		</point>
		<point>
			<X>113</X>
			<Y>451</Y>
		</point>
		<point>
			<X>113</X>
			<Y>451</Y>
		</point>
		<point>
			<X>106</X>
			<Y>452</Y>
		</point>
		<point>
			<X>106</X>
			<Y>452</Y>
		</point>
		<point>
			<X>102</X>
			<Y>452</Y>
		</point>
		<point>
			<X>102</X>
			<Y>452</Y>
		</point>
		<point>
			<X>97</X>
			<Y>452</Y>
		</point>
		<point>
			<X>97</X>
			<Y>452</Y>
		</point>
		<point>
			<X>92</X>
			<Y>452</Y>
		</point>
		<point>
			<X>92</X>
			<Y>452</Y>
		</point>
		<point>
			<X>88</X>
			<Y>452</Y>
		</point>
		<point>
			<X>88</X>
			<Y>452</Y>
		</point>
		<point>
			<X>83</X>
			<Y>452</Y>
		</point>
		<point>
			<X>83</X>
			<Y>452</Y>
		</point>
		<point>
			<X>78</X>
			<Y>452</Y>
		</point>
		<point>
			<X>78</X>
			<Y>452</Y>
		</point>
		<point>
			<X>76</X>
			<Y>452</Y>
		</point>
		<point>
			<X>76</X>
			<Y>452</Y>
		</point>
		<point>
			<X>73</X>
			<Y>452</Y>
		</point>
		<point>
			<X>73</X>
			<Y>452</Y>
		</point>
		<point>
			<X>70</X>
			<Y>452</Y>
		</point>
		<point>
			<X>70</X>
			<Y>452</Y>
		</point>
		<point>
			<X>66</X>
			<Y>452</Y>
		</point>
		<point>
			<X>66</X>
			<Y>452</Y>
		</point>
		<point>
			<X>63</X>
			<Y>454</Y>
		</point>
		<point>
			<X>63</X>
			<Y>454</Y>
		</point>
		<point>
			<X>59</X>
			<Y>455</Y>
		</point>
		<point>
			<X>59</X>
			<Y>455</Y>
		</point>
		<point>
			<X>57</X>
			<Y>455</Y>
		</point>
		<point>
			<X>57</X>
			<Y>455</Y>
		</point>
		<point>
			<X>55</X>
			<Y>455</Y>
		</point>
		<point>
			<X>55</X>
			<Y>455</Y>
		</point>
		<point>
			<X>51</X>
			<Y>456</Y>
		</point>
		<point>
			<X>51</X>
			<Y>456</Y>
		</point>
		<point>
			<X>51</X>
			<Y>456</Y>
		</point>
		<point>
			<X>51</X>
			<Y>456</Y>
		</point>
		<point>
			<X>51</X>
			<Y>457</Y>
		</point>
		<point>
			<X>50</X>
			<Y>457</Y>
		</point>
		<point>
			<X>49</X>
			<Y>458</Y>
		</point>
		<point>
			<X>49</X>
			<Y>458</Y>
		</point>
		<point>
			<X>48</X>
			<Y>458</Y>
		</point>
		<point>
			<X>48</X>
			<Y>458</Y>
		</point>
		<point>
			<X>46</X>
			<Y>460</Y>
		</point>
		<point>
			<X>46</X>
			<Y>460</Y>
		</point>
		<point>
			<X>45</X>
			<Y>461</Y>
		</point>
		<point>
			<X>45</X>
			<Y>461</Y>
		</point>
		<point>
			<X>44</X>
			<Y>462</Y>
		</point>
		<point>
			<X>44</X>
			<Y>462</Y>
		</point>
		<point>
			<X>44</X>
			<Y>463</Y>
		</point>
		<point>
			<X>44</X>
			<Y>463</Y>
		</point>
		<point>
			<X>41</X>
			<Y>463</Y>
		</point>
		<point>
			<X>41</X>
			<Y>464</Y>
		</point>
		<point>
			<X>41</X>
			<Y>465</Y>
		</point>
		<point>
			<X>41</X>
			<Y>465</Y>
		</point>
		<point>
			<X>41</X>
			<Y>467</Y>
		</point>
		<point>
			<X>41</X>
			<Y>467</Y>
		</point>
		<point>
			<X>41</X>
			<Y>467</Y>
		</point>
	</polygon>
	<polygon>
		<tag>background</tag>
		<point>
			<X>18</X>
			<Y>434</Y>
		</point>
		<point>
			<X>19</X>
			<Y>430</Y>
		</point>
		<point>
			<X>19</X>
			<Y>430</Y>
		</point>
		<point>
			<X>20</X>
			<Y>429</Y>
		</point>
		<point>
			<X>20</X>
			<Y>429</Y>
		</point>
		<point>
			<X>23</X>
			<Y>424</Y>
		</point>
		<point>
			<X>23</X>
			<Y>424</Y>
		</point>
		<point>
			<X>25</X>
			<Y>420</Y>
		</point>
		<point>
			<X>25</X>
			<Y>420</Y>
		</point>
		<point>
			<X>29</X>
			<Y>415</Y>
		</point>
		<point>
			<X>29</X>
			<Y>415</Y>
		</point>
		<point>
			<X>31</X>
			<Y>412</Y>
		</point>
		<point>
			<X>31</X>
			<Y>412</Y>
		</point>
		<point>
			<X>35</X>
			<Y>408</Y>
		</point>
		<point>
			<X>35</X>
			<Y>408</Y>
		</point>
		<point>
			<X>39</X>
			<Y>403</Y>
		</point>
		<point>
			<X>39</X>
			<Y>403</Y>
		</point>
		<point>
			<X>44</X>
			<Y>398</Y>
		</point>
		<point>
			<X>44</X>
			<Y>398</Y>
		</point>
		<point>
			<X>50</X>
			<Y>394</Y>
		</point>
		<point>
			<X>50</X>
			<Y>394</Y>
		</point>
		<point>
			<X>53</X>
			<Y>390</Y>
		</point>
		<point>
			<X>53</X>
			<Y>390</Y>
		</point>
		<point>
			<X>58</X>
			<Y>387</Y>
		</point>
		<point>
			<X>58</X>
			<Y>387</Y>
		</point>
		<point>
			<X>63</X>
			<Y>383</Y>
		</point>
		<point>
			<X>63</X>
			<Y>383</Y>
		</point>
		<point>
			<X>68</X>
			<Y>382</Y>
		</point>
		<point>
			<X>68</X>
			<Y>382</Y>
		</point>
		<point>
			<X>71</X>
			<Y>378</Y>
		</point>
		<point>
			<X>71</X>
			<Y>378</Y>
		</point>
		<point>
			<X>76</X>
			<Y>375</Y>
		</point>
		<point>
			<X>76</X>
			<Y>375</Y>
		</point>
		<point>
			<X>78</X>
			<Y>372</Y>
		</point>
		<point>
			<X>78</X>
			<Y>372</Y>
		</point>
		<point>
			<X>78</X>
			<Y>370</Y>
		</point>
		<point>
			<X>78</X>
			<Y>370</Y>
		</point>
		<point>
			<X>83</X>
			<Y>367</Y>
		</point>
		<point>
			<X>83</X>
			<Y>367</Y>
		</point>
		<point>
			<X>85</X>
			<Y>363</Y>
		</point>
		<point>
			<X>85</X>
			<Y>363</Y>
		</point>
		<point>
			<X>88</X>
			<Y>362</Y>
		</point>
		<point>
			<X>88</X>
			<Y>362</Y>
		</point>
		<point>
			<X>90</X>
			<Y>358</Y>
		</point>
		<point>
			<X>90</X>
			<Y>358</Y>
		</point>
		<point>
			<X>93</X>
			<Y>355</Y>
		</point>
		<point>
			<X>93</X>
			<Y>355</Y>
		</point>
		<point>
			<X>96</X>
			<Y>352</Y>
		</point>
		<point>
			<X>96</X>
			<Y>352</Y>
		</point>
		<point>
			<X>97</X>
			<Y>350</Y>
		</point>
		<point>
			<X>97</X>
			<Y>350</Y>
		</point>
		<point>
			<X>98</X>
			<Y>347</Y>
		</point>
		<point>
			<X>98</X>
			<Y>347</Y>
		</point>
		<point>
			<X>101</X>
			<Y>343</Y>
		</point>
		<point>
			<X>101</X>
			<Y>343</Y>
		</point>
		<point>
			<X>102</X>
			<Y>342</Y>
		</point>
		<point>
			<X>102</X>
			<Y>342</Y>
		</point>
		<point>
			<X>103</X>
			<Y>340</Y>
		</point>
		<point>
			<X>103</X>
			<Y>340</Y>
		</point>
		<point>
			<X>103</X>
			<Y>338</Y>
		</point>
		<point>
			<X>103</X>
			<Y>338</Y>
		</point>
		<point>
			<X>103</X>
			<Y>337</Y>
		</point>
		<point>
			<X>103</X>
			<Y>337</Y>
		</point>
		<point>
			<X>105</X>
			<Y>335</Y>
		</point>
		<point>
			<X>105</X>
			<Y>335</Y>
		</point>
		<point>
			<X>105</X>
			<Y>335</Y>
		</point>
		<point>
			<X>105</X>
			<Y>335</Y>
		</point>
		<point>
			<X>105</X>
			<Y>333</Y>
		</point>
		<point>
			<X>105</X>
			<Y>333</Y>
		</point>
		<point>
			<X>105</X>
			<Y>332</Y>
		</point>
		<point>
			<X>105</X>
			<Y>332</Y>
		</point>
		<point>
			<X>105</X>
			<Y>330</Y>
		</point>
		<point>
			<X>105</X>
			<Y>330</Y>
		</point>
		<point>
			<X>106</X>
			<Y>330</Y>
		</point>
		<point>
			<X>106</X>
			<Y>330</Y>
		</point>
		<point>
			<X>106</X>
			<Y>328</Y>
		</point>
		<point>
			<X>106</X>
			<Y>328</Y>
		</point>
		<point>
			<X>108</X>
			<Y>327</Y>
		</point>
		<point>
			<X>108</X>
			<Y>327</Y>
		</point>
		<point>
			<X>108</X>
			<Y>323</Y>
		</point>
		<point>
			<X>108</X>
			<Y>323</Y>
		</point>
		<point>
			<X>108</X>
			<Y>323</Y>
		</point>
		<point>
			<X>108</X>
			<Y>323</Y>
		</point>
		<point>
			<X>108</X>
			<Y>320</Y>
		</point>
		<point>
			<X>108</X>
			<Y>320</Y>
		</point>
		<point>
			<X>108</X>
			<Y>317</Y>
		</point>
		<point>
			<X>108</X>
			<Y>317</Y>
		</point>
		<point>
			<X>108</X>
			<Y>315</Y>
		</point>
		<point>
			<X>108</X>
			<Y>315</Y>
		</point>
		<point>
			<X>108</X>
			<Y>312</Y>
		</point>
		<point>
			<X>108</X>
			<Y>312</Y>
		</point>
		<point>
			<X>108</X>
			<Y>310</Y>
		</point>
		<point>
			<X>108</X>
			<Y>310</Y>
		</point>
		<point>
			<X>108</X>
			<Y>308</Y>
		</point>
		<point>
			<X>108</X>
			<Y>308</Y>
		</point>
		<point>
			<X>106</X>
			<Y>305</Y>
		</point>
		<point>
			<X>106</X>
			<Y>305</Y>
		</point>
		<point>
			<X>106</X>
			<Y>302</Y>
		</point>
		<point>
			<X>106</X>
			<Y>302</Y>
		</point>
		<point>
			<X>103</X>
			<Y>300</Y>
		</point>
		<point>
			<X>103</X>
			<Y>300</Y>
		</point>
		<point>
			<X>103</X>
			<Y>297</Y>
		</point>
		<point>
			<X>103</X>
			<Y>297</Y>
		</point>
		<point>
			<X>103</X>
			<Y>296</Y>
		</point>
		<point>
			<X>103</X>
			<Y>296</Y>
		</point>
		<point>
			<X>101</X>
			<Y>292</Y>
		</point>
		<point>
			<X>101</X>
			<Y>292</Y>
		</point>
		<point>
			<X>98</X>
			<Y>289</Y>
		</point>
		<point>
			<X>98</X>
			<Y>289</Y>
		</point>
		<point>
			<X>97</X>
			<Y>287</Y>
		</point>
		<point>
			<X>97</X>
			<Y>287</Y>
		</point>
		<point>
			<X>95</X>
			<Y>284</Y>
		</point>
		<point>
			<X>95</X>
			<Y>284</Y>
		</point>
		<point>
			<X>90</X>
			<Y>280</Y>
		</point>
		<point>
			<X>90</X>
			<Y>280</Y>
		</point>
		<point>
			<X>85</X>
			<Y>276</Y>
		</point>
		<point>
			<X>85</X>
			<Y>276</Y>
		</point>
		<point>
			<X>80</X>
			<Y>274</Y>
		</point>
		<point>
			<X>80</X>
			<Y>274</Y>
		</point>
		<point>
			<X>76</X>
			<Y>270</Y>
		</point>
		<point>
			<X>76</X>
			<Y>270</Y>
		</point>
		<point>
			<X>73</X>
			<Y>268</Y>
		</point>
		<point>
			<X>73</X>
			<Y>268</Y>
		</point>
		<point>
			<X>70</X>
			<Y>264</Y>
		</point>
		<point>
			<X>70</X>
			<Y>264</Y>
		</point>
		<point>
			<X>65</X>
			<Y>260</Y>
		</point>
		<point>
			<X>65</X>
			<Y>260</Y>
		</point>
		<point>
			<X>63</X>
			<Y>257</Y>
		</point>
		<point>
			<X>63</X>
			<Y>257</Y>
		</point>
		<point>
			<X>59</X>
			<Y>251</Y>
		</point>
		<point>
			<X>59</X>
			<Y>251</Y>
		</point>
		<point>
			<X>57</X>
			<Y>249</Y>
		</point>
		<point>
			<X>57</X>
			<Y>249</Y>
		</point>
		<point>
			<X>53</X>
			<Y>243</Y>
		</point>
		<point>
			<X>53</X>
			<Y>243</Y>
		</point>
		<point>
			<X>51</X>
			<Y>238</Y>
		</point>
		<point>
			<X>51</X>
			<Y>238</Y>
		</point>
		<point>
			<X>48</X>
			<Y>234</Y>
		</point>
		<point>
			<X>48</X>
			<Y>234</Y>
		</point>
		<point>
			<X>46</X>
			<Y>229</Y>
		</point>
		<point>
			<X>46</X>
			<Y>229</Y>
		</point>
		<point>
			<X>44</X>
			<Y>225</Y>
		</point>
		<point>
			<X>44</X>
			<Y>225</Y>
		</point>
		<point>
			<X>41</X>
			<Y>221</Y>
		</point>
		<point>
			<X>41</X>
			<Y>221</Y>
		</point>
		<point>
			<X>41</X>
			<Y>217</Y>
		</point>
		<point>
			<X>41</X>
			<Y>217</Y>
		</point>
		<point>
			<X>41</X>
			<Y>215</Y>
		</point>
		<point>
			<X>41</X>
			<Y>215</Y>
		</point>
		<point>
			<X>39</X>
			<Y>211</Y>
		</point>
		<point>
			<X>39</X>
			<Y>211</Y>
		</point>
		<point>
			<X>38</X>
			<Y>209</Y>
		</point>
		<point>
			<X>38</X>
			<Y>209</Y>
		</point>
		<point>
			<X>38</X>
			<Y>205</Y>
		</point>
		<point>
			<X>38</X>
			<Y>205</Y>
		</point>
		<point>
			<X>38</X>
			<Y>202</Y>
		</point>
		<point>
			<X>38</X>
			<Y>202</Y>
		</point>
		<point>
			<X>37</X>
			<Y>197</Y>
		</point>
		<point>
			<X>37</X>
			<Y>197</Y>
		</point>
		<point>
			<X>37</X>
			<Y>194</Y>
		</point>
		<point>
			<X>37</X>
			<Y>194</Y>
		</point>
		<point>
			<X>37</X>
			<Y>186</Y>
		</point>
		<point>
			<X>37</X>
			<Y>186</Y>
		</point>
		<point>
			<X>36</X>
			<Y>181</Y>
		</point>
		<point>
			<X>36</X>
			<Y>181</Y>
		</point>
		<point>
			<X>36</X>
			<Y>175</Y>
		</point>
		<point>
			<X>36</X>
			<Y>175</Y>
		</point>
		<point>
			<X>36</X>
			<Y>169</Y>
		</point>
		<point>
			<X>36</X>
			<Y>169</Y>
		</point>
		<point>
			<X>36</X>
			<Y>164</Y>
		</point>
		<point>
			<X>36</X>
			<Y>164</Y>
		</point>
		<point>
			<X>36</X>
			<Y>157</Y>
		</point>
		<point>
			<X>36</X>
			<Y>157</Y>
		</point>
		<point>
			<X>37</X>
			<Y>154</Y>
		</point>
		<point>
			<X>37</X>
			<Y>154</Y>
		</point>
		<point>
			<X>37</X>
			<Y>149</Y>
		</point>
		<point>
			<X>37</X>
			<Y>149</Y>
		</point>
		<point>
			<X>38</X>
			<Y>145</Y>
		</point>
		<point>
			<X>38</X>
			<Y>145</Y>
		</point>
		<point>
			<X>39</X>
			<Y>142</Y>
		</point>
		<point>
			<X>39</X>
			<Y>142</Y>
		</point>
		<point>
			<X>39</X>
			<Y>138</Y>
		</point>
		<point>
			<X>39</X>
			<Y>138</Y>
		</point>
		<point>
			<X>41</X>
			<Y>135</Y>
		</point>
		<point>
			<X>41</X>
			<Y>135</Y>
		</point>
		<point>
			<X>41</X>
			<Y>131</Y>
		</point>
		<point>
			<X>41</X>
			<Y>131</Y>
		</point>
		<point>
			<X>41</X>
			<Y>128</Y>
		</point>
		<point>
			<X>41</X>
			<Y>128</Y>
		</point>
		<point>
			<X>41</X>
			<Y>125</Y>
		</point>
		<point>
			<X>41</X>
			<Y>125</Y>
		</point>
		<point>
			<X>41</X>
			<Y>122</Y>
		</point>
		<point>
			<X>41</X>
			<Y>122</Y>
		</point>
		<point>
			<X>41</X>
			<Y>120</Y>
		</point>
		<point>
			<X>41</X>
			<Y>120</Y>
		</point>
		<point>
			<X>45</X>
			<Y>117</Y>
		</point>
		<point>
			<X>45</X>
			<Y>117</Y>
		</point>
		<point>
			<X>45</X>
			<Y>114</Y>
		</point>
		<point>
			<X>45</X>
			<Y>114</Y>
		</point>
		<point>
			<X>46</X>
			<Y>108</Y>
		</point>
		<point>
			<X>46</X>
			<Y>108</Y>
		</point>
		<point>
			<X>49</X>
			<Y>105</Y>
		</point>
		<point>
			<X>49</X>
			<Y>105</Y>
		</point>
		<point>
			<X>50</X>
			<Y>101</Y>
		</point>
		<point>
			<X>50</X>
			<Y>101</Y>
		</point>
		<point>
			<X>50</X>
			<Y>96</Y>
		</point>
		<point>
			<X>50</X>
			<Y>96</Y>
		</point>
		<point>
			<X>51</X>
			<Y>90</Y>
		</point>
		<point>
			<X>51</X>
			<Y>90</Y>
		</point>
		<point>
			<X>53</X>
			<Y>87</Y>
		</point>
		<point>
			<X>53</X>
			<Y>87</Y>
		</point>
		<point>
			<X>55</X>
			<Y>83</Y>
		</point>
		<point>
			<X>55</X>
			<Y>83</Y>
		</point>
		<point>
			<X>55</X>
			<Y>80</Y>
		</point>
		<point>
			<X>55</X>
			<Y>80</Y>
		</point>
		<point>
			<X>56</X>
			<Y>78</Y>
		</point>
		<point>
			<X>56</X>
			<Y>78</Y>
		</point>
		<point>
			<X>56</X>
			<Y>76</Y>
		</point>
		<point>
			<X>56</X>
			<Y>76</Y>
		</point>
		<point>
			<X>57</X>
			<Y>76</Y>
		</point>
		<point>
			<X>57</X>
			<Y>75</Y>
		</point>
		<point>
			<X>57</X>
			<Y>74</Y>
		</point>
		<point>
			<X>57</X>
			<Y>74</Y>
		</point>
		<point>
			<X>57</X>
			<Y>72</Y>
		</point>
		<point>
			<X>57</X>
			<Y>72</Y>
		</point>
		<point>
			<X>57</X>
			<Y>71</Y>
		</point>
		<point>
			<X>57</X>
			<Y>71</Y>
		</point>
		<point>
			<X>57</X>
			<Y>70</Y>
		</point>
		<point>
			<X>57</X>
			<Y>70</Y>
		</point>
		<point>
			<X>58</X>
			<Y>68</Y>
		</point>
		<point>
			<X>58</X>
			<Y>68</Y>
		</point>
		<point>
			<X>58</X>
			<Y>67</Y>
		</point>
		<point>
			<X>58</X>
			<Y>67</Y>
		</point>
		<point>
			<X>59</X>
			<Y>64</Y>
		</point>
		<point>
			<X>59</X>
			<Y>64</Y>
		</point>
		<point>
			<X>59</X>
			<Y>63</Y>
		</point>
		<point>
			<X>59</X>
			<Y>63</Y>
		</point>
		<point>
			<X>61</X>
			<Y>60</Y>
		</point>
		<point>
			<X>61</X>
			<Y>60</Y>
		</point>
		<point>
			<X>62</X>
			<Y>57</Y>
		</point>
		<point>
			<X>62</X>
			<Y>57</Y>
		</point>
		<point>
			<X>63</X>
			<Y>55</Y>
		</point>
		<point>
			<X>63</X>
			<Y>55</Y>
		</point>
		<point>
			<X>65</X>
			<Y>50</Y>
		</point>
		<point>
			<X>65</X>
			<Y>50</Y>
		</point>
		<point>
			<X>69</X>
			<Y>45</Y>
		</point>
		<point>
			<X>69</X>
			<Y>45</Y>
		</point>
		<point>
			<X>70</X>
			<Y>41</Y>
		</point>
		<point>
			<X>70</X>
			<Y>41</Y>
		</point>
		<point>
			<X>73</X>
			<Y>37</Y>
		</point>
		<point>
			<X>73</X>
			<Y>37</Y>
		</point>
		<point>
			<X>76</X>
			<Y>34</Y>
		</point>
		<point>
			<X>76</X>
			<Y>34</Y>
		</point>
		<point>
			<X>78</X>
			<Y>30</Y>
		</point>
		<point>
			<X>78</X>
			<Y>30</Y>
		</point>
		<point>
			<X>80</X>
			<Y>27</Y>
		</point>
		<point>
			<X>80</X>
			<Y>27</Y>
		</point>
		<point>
			<X>83</X>
			<Y>25</Y>
		</point>
		<point>
			<X>83</X>
			<Y>25</Y>
		</point>
		<point>
			<X>83</X>
			<Y>24</Y>
		</point>
		<point>
			<X>83</X>
			<Y>24</Y>
		</point>
		<point>
			<X>85</X>
			<Y>24</Y>
		</point>
		<point>
			<X>85</X>
			<Y>24</Y>
		</point>
		<point>
			<X>85</X>
			<Y>23</Y>
		</point>
		<point>
			<X>85</X>
			<Y>23</Y>
		</point>
		<point>
			<X>88</X>
			<Y>23</Y>
		</point>
		<point>
			<X>88</X>
			<Y>23</Y>
		</point>
		<point>
			<X>88</X>
			<Y>22</Y>
		</point>
		<point>
			<X>88</X>
			<Y>22</Y>
		</point>
		<point>
			<X>93</X>
			<Y>20</Y>
		</point>
		<point>
			<X>93</X>
			<Y>20</Y>
		</point>
		<point>
			<X>97</X>
			<Y>20</Y>
		</point>
		<point>
			<X>97</X>
			<Y>20</Y>
		</point>
		<point>
			<X>102</X>
			<Y>18</Y>
		</point>
		<point>
			<X>102</X>
			<Y>18</Y>
		</point>
		<point>
			<X>108</X>
			<Y>16</Y>
		</point>
		<point>
			<X>108</X>
			<Y>16</Y>
		</point>
		<point>
			<X>113</X>
			<Y>14</Y>
		</point>
		<point>
			<X>113</X>
			<Y>14</Y>
		</point>
		<point>
			<X>117</X>
			<Y>14</Y>
		</point>
		<point>
			<X>117</X>
			<Y>14</Y>
		</point>
		<point>
			<X>124</X>
			<Y>12</Y>
		</point>
		<point>
			<X>124</X>
			<Y>12</Y>
		</point>
		<point>
			<X>130</X>
			<Y>10</Y>
		</point>
		<point>
			<X>130</X>
			<Y>10</Y>
		</point>
		<point>
			<X>135</X>
			<Y>9</Y>
		</point>
		<point>
			<X>135</X>
			<Y>9</Y>
		</point>
		<point>
			<X>138</X>
			<Y>8</Y>
		</point>
		<point>
			<X>138</X>
			<Y>8</Y>
		</point>
		<point>
			<X>142</X>
			<Y>7</Y>
		</point>
		<point>
			<X>142</X>
			<Y>7</Y>
		</point>
		<point>
			<X>146</X>
			<Y>7</Y>
		</point>
		<point>
			<X>146</X>
			<Y>7</Y>
		</point>
		<point>
			<X>150</X>
			<Y>5</Y>
		</point>
		<point>
			<X>150</X>
			<Y>5</Y>
		</point>
		<point>
			<X>155</X>
			<Y>4</Y>
		</point>
		<point>
			<X>155</X>
			<Y>4</Y>
		</point>
		<point>
			<X>157</X>
			<Y>3</Y>
		</point>
		<point>
			<X>157</X>
			<Y>3</Y>
		</point>
		<point>
			<X>157</X>
			<Y>3</Y>
		</point>
		<point>
			<X>159</X>
			<Y>3</Y>
		</point>
		<point>
			<X>161</X>
			<Y>3</Y>
		</point>
		<point>
			<X>161</X>
			<Y>3</Y>
		</point>
		<point>
			<X>164</X>
			<Y>3</Y>
		</point>
		<point>
			<X>165</X>
			<Y>3</Y>
		</point>
		<point>
			<X>166</X>
			<Y>2</Y>
		</point>
		<point>
			<X>166</X>
			<Y>2</Y>
		</point>
		<point>
			<X>170</X>
			<Y>2</Y>
		</point>
		<point>
			<X>171</X>
			<Y>2</Y>
		</point>
		<point>
			<X>175</X>
			<Y>2</Y>
		</point>
		<point>
			<X>181</X>
			<Y>1</Y>
		</point>
		<point>
			<X>181</X>
			<Y>1</Y>
		</point>
		<point>
			<X>185</X>
			<Y>1</Y>
		</point>
		<point>
			<X>189</X>
			<Y>1</Y>
		</point>
		<point>
			<X>192</X>
			<Y>1</Y>
		</point>
		<point>
			<X>199</X>
			<Y>0</Y>
		</point>
		<point>
			<X>199</X>
			<Y>0</Y>
		</point>
		<point>
			<X>202</X>
			<Y>0</Y>
		</point>
		<point>
			<X>205</X>
			<Y>0</Y>
		</point>
		<point>
			<X>209</X>
			<Y>0</Y>
		</point>
		<point>
			<X>212</X>
			<Y>0</Y>
		</point>
		<point>
			<X>216</X>
			<Y>0</Y>
		</point>
		<point>
			<X>217</X>
			<Y>0</Y>
		</point>
		<point>
			<X>221</X>
			<Y>0</Y>
		</point>
		<point>
			<X>225</X>
			<Y>0</Y>
		</point>
		<point>
			<X>230</X>
			<Y>0</Y>
		</point>
		<point>
			<X>233</X>
			<Y>0</Y>
		</point>
		<point>
			<X>237</X>
			<Y>0</Y>
		</point>
		<point>
			<X>243</X>
			<Y>0</Y>
		</point>
		<point>
			<X>249</X>
			<Y>0</Y>
		</point>
		<point>
			<X>252</X>
			<Y>0</Y>
		</point>
		<point>
			<X>258</X>
			<Y>0</Y>
		</point>
		<point>
			<X>262</X>
			<Y>0</Y>
		</point>
		<point>
			<X>265</X>
			<Y>0</Y>
		</point>
		<point>
			<X>269</X>
			<Y>0</Y>
		</point>
		<point>
			<X>271</X>
			<Y>0</Y>
		</point>
		<point>
			<X>274</X>
			<Y>0</Y>
		</point>
		<point>
			<X>276</X>
			<Y>0</Y>
		</point>
		<point>
			<X>294</X>
			<Y>0</Y>
		</point>
		<point>
			<X>303</X>
			<Y>1</Y>
		</point>
		<point>
			<X>303</X>
			<Y>1</Y>
		</point>
		<point>
			<X>310</X>
			<Y>2</Y>
		</point>
		<point>
			<X>310</X>
			<Y>2</Y>
		</point>
		<point>
			<X>322</X>
			<Y>3</Y>
		</point>
		<point>
			<X>322</X>
			<Y>3</Y>
		</point>
		<point>
			<X>330</X>
			<Y>4</Y>
		</point>
		<point>
			<X>330</X>
			<Y>4</Y>
		</point>
		<point>
			<X>340</X>
			<Y>4</Y>
		</point>
		<point>
			<X>348</X>
			<Y>4</Y>
		</point>
		<point>
			<X>350</X>
			<Y>5</Y>
		</point>
		<point>
			<X>350</X>
			<Y>5</Y>
		</point>
		<point>
			<X>352</X>
			<Y>5</Y>
		</point>
		<point>
			<X>352</X>
			<Y>7</Y>
		</point>
		<point>
			<X>352</X>
			<Y>7</Y>
		</point>
		<point>
			<X>353</X>
			<Y>9</Y>
		</point>
		<point>
			<X>353</X>
			<Y>9</Y>
		</point>
		<point>
			<X>355</X>
			<Y>11</Y>
		</point>
		<point>
			<X>355</X>
			<Y>11</Y>
		</point>
		<point>
			<X>358</X>
			<Y>15</Y>
		</point>
		<point>
			<X>358</X>
			<Y>15</Y>
		</point>
		<point>
			<X>363</X>
			<Y>20</Y>
		</point>
		<point>
			<X>363</X>
			<Y>20</Y>
		</point>
		<point>
			<X>368</X>
			<Y>25</Y>
		</point>
		<point>
			<X>368</X>
			<Y>25</Y>
		</point>
		<point>
			<X>373</X>
			<Y>32</Y>
		</point>
		<point>
			<X>373</X>
			<Y>32</Y>
		</point>
		<point>
			<X>378</X>
			<Y>37</Y>
		</point>
		<point>
			<X>378</X>
			<Y>37</Y>
		</point>
		<point>
			<X>383</X>
			<Y>41</Y>
		</point>
		<point>
			<X>383</X>
			<Y>41</Y>
		</point>
		<point>
			<X>385</X>
			<Y>46</Y>
		</point>
		<point>
			<X>385</X>
			<Y>46</Y>
		</point>
		<point>
			<X>389</X>
			<Y>50</Y>
		</point>
		<point>
			<X>389</X>
			<Y>50</Y>
		</point>
		<point>
			<X>390</X>
			<Y>55</Y>
		</point>
		<point>
			<X>390</X>
			<Y>55</Y>
		</point>
		<point>
			<X>392</X>
			<Y>56</Y>
		</point>
		<point>
			<X>392</X>
			<Y>56</Y>
		</point>
		<point>
			<X>395</X>
			<Y>60</Y>
		</point>
		<point>
			<X>395</X>
			<Y>60</Y>
		</point>
		<point>
			<X>395</X>
			<Y>62</Y>
		</point>
		<point>
			<X>395</X>
			<Y>62</Y>
		</point>
		<point>
			<X>395</X>
			<Y>65</Y>
		</point>
		<point>
			<X>395</X>
			<Y>65</Y>
		</point>
		<point>
			<X>397</X>
			<Y>69</Y>
		</point>
		<point>
			<X>397</X>
			<Y>69</Y>
		</point>
		<point>
			<X>398</X>
			<Y>74</Y>
		</point>
		<point>
			<X>398</X>
			<Y>74</Y>
		</point>
		<point>
			<X>399</X>
			<Y>78</Y>
		</point>
		<point>
			<X>399</X>
			<Y>78</Y>
		</point>
		<point>
			<X>399</X>
			<Y>82</Y>
		</point>
		<point>
			<X>399</X>
			<Y>82</Y>
		</point>
		<point>
			<X>399</X>
			<Y>87</Y>
		</point>
		<point>
			<X>399</X>
			<Y>87</Y>
		</point>
		<point>
			<X>400</X>
			<Y>90</Y>
		</point>
		<point>
			<X>400</X>
			<Y>90</Y>
		</point>
		<point>
			<X>402</X>
			<Y>95</Y>
		</point>
		<point>
			<X>402</X>
			<Y>95</Y>
		</point>
		<point>
			<X>403</X>
			<Y>98</Y>
		</point>
		<point>
			<X>403</X>
			<Y>98</Y>
		</point>
		<point>
			<X>403</X>
			<Y>102</Y>
		</point>
		<point>
			<X>403</X>
			<Y>102</Y>
		</point>
		<point>
			<X>404</X>
			<Y>103</Y>
		</point>
		<point>
			<X>404</X>
			<Y>103</Y>
		</point>
		<point>
			<X>405</X>
			<Y>107</Y>
		</point>
		<point>
			<X>405</X>
			<Y>107</Y>
		</point>
		<point>
			<X>405</X>
			<Y>110</Y>
		</point>
		<point>
			<X>405</X>
			<Y>110</Y>
		</point>
		<point>
			<X>405</X>
			<Y>112</Y>
		</point>
		<point>
			<X>405</X>
			<Y>112</Y>
		</point>
		<point>
			<X>405</X>
			<Y>116</Y>
		</point>
		<point>
			<X>405</X>
			<Y>116</Y>
		</point>
		<point>
			<X>408</X>
			<Y>120</Y>
		</point>
		<point>
			<X>408</X>
			<Y>120</Y>
		</point>
		<point>
			<X>408</X>
			<Y>123</Y>
		</point>
		<point>
			<X>408</X>
			<Y>123</Y>
		</point>
		<point>
			<X>408</X>
			<Y>127</Y>
		</point>
		<point>
			<X>408</X>
			<Y>127</Y>
		</point>
		<point>
			<X>408</X>
			<Y>130</Y>
		</point>
		<point>
			<X>408</X>
			<Y>130</Y>
		</point>
		<point>
			<X>408</X>
			<Y>134</Y>
		</point>
		<point>
			<X>408</X>
			<Y>134</Y>
		</point>
		<point>
			<X>408</X>
			<Y>136</Y>
		</point>
		<point>
			<X>408</X>
			<Y>136</Y>
		</point>
		<point>
			<X>408</X>
			<Y>140</Y>
		</point>
		<point>
			<X>408</X>
			<Y>140</Y>
		</point>
		<point>
			<X>408</X>
			<Y>143</Y>
		</point>
		<point>
			<X>408</X>
			<Y>143</Y>
		</point>
		<point>
			<X>408</X>
			<Y>147</Y>
		</point>
		<point>
			<X>408</X>
			<Y>147</Y>
		</point>
		<point>
			<X>408</X>
			<Y>150</Y>
		</point>
		<point>
			<X>408</X>
			<Y>150</Y>
		</point>
		<point>
			<X>408</X>
			<Y>155</Y>
		</point>
		<point>
			<X>408</X>
			<Y>155</Y>
		</point>
		<point>
			<X>408</X>
			<Y>157</Y>
		</point>
		<point>
			<X>408</X>
			<Y>157</Y>
		</point>
		<point>
			<X>408</X>
			<Y>161</Y>
		</point>
		<point>
			<X>408</X>
			<Y>161</Y>
		</point>
		<point>
			<X>408</X>
			<Y>165</Y>
		</point>
		<point>
			<X>408</X>
			<Y>165</Y>
		</point>
		<point>
			<X>408</X>
			<Y>170</Y>
		</point>
		<point>
			<X>408</X>
			<Y>170</Y>
		</point>
		<point>
			<X>408</X>
			<Y>174</Y>
		</point>
		<point>
			<X>408</X>
			<Y>174</Y>
		</point>
		<point>
			<X>408</X>
			<Y>176</Y>
		</point>
		<point>
			<X>408</X>
			<Y>176</Y>
		</point>
		<point>
			<X>408</X>
			<Y>180</Y>
		</point>
		<point>
			<X>408</X>
			<Y>180</Y>
		</point>
		<point>
			<X>408</X>
			<Y>181</Y>
		</point>
		<point>
			<X>408</X>
			<Y>181</Y>
		</point>
		<point>
			<X>408</X>
			<Y>185</Y>
		</point>
		<point>
			<X>408</X>
			<Y>185</Y>
		</point>
		<point>
			<X>408</X>
			<Y>186</Y>
		</point>
		<point>
			<X>408</X>
			<Y>186</Y>
		</point>
		<point>
			<X>408</X>
			<Y>190</Y>
		</point>
		<point>
			<X>408</X>
			<Y>190</Y>
		</point>
		<point>
			<X>408</X>
			<Y>194</Y>
		</point>
		<point>
			<X>408</X>
			<Y>194</Y>
		</point>
		<point>
			<X>408</X>
			<Y>195</Y>
		</point>
		<point>
			<X>408</X>
			<Y>195</Y>
		</point>
		<point>
			<X>408</X>
			<Y>196</Y>
		</point>
		<point>
			<X>408</X>
			<Y>196</Y>
		</point>
		<point>
			<X>408</X>
			<Y>197</Y>
		</point>
		<point>
			<X>408</X>
			<Y>197</Y>
		</point>
		<point>
			<X>408</X>
			<Y>202</Y>
		</point>
		<point>
			<X>408</X>
			<Y>202</Y>
		</point>
		<point>
			<X>409</X>
			<Y>202</Y>
		</point>
		<point>
			<X>409</X>
			<Y>202</Y>
		</point>
		<point>
			<X>409</X>
			<Y>205</Y>
		</point>
		<point>
			<X>409</X>
			<Y>205</Y>
		</point>
		<point>
			<X>409</X>
			<Y>207</Y>
		</point>
		<point>
			<X>409</X>
			<Y>207</Y>
		</point>
		<point>
			<X>409</X>
			<Y>210</Y>
		</point>
		<point>
			<X>409</X>
			<Y>210</Y>
		</point>
		<point>
			<X>410</X>
			<Y>214</Y>
		</point>
		<point>
			<X>410</X>
			<Y>214</Y>
		</point>
		<point>
			<X>410</X>
			<Y>217</Y>
		</point>
		<point>
			<X>410</X>
			<Y>217</Y>
		</point>
		<point>
			<X>410</X>
			<Y>221</Y>
		</point>
		<point>
			<X>410</X>
			<Y>221</Y>
		</point>
		<point>
			<X>410</X>
			<Y>227</Y>
		</point>
		<point>
			<X>410</X>
			<Y>227</Y>
		</point>
		<point>
			<X>410</X>
			<Y>231</Y>
		</point>
		<point>
			<X>410</X>
			<Y>231</Y>
		</point>
		<point>
			<X>410</X>
			<Y>235</Y>
		</point>
		<point>
			<X>410</X>
			<Y>235</Y>
		</point>
		<point>
			<X>410</X>
			<Y>240</Y>
		</point>
		<point>
			<X>410</X>
			<Y>240</Y>
		</point>
		<point>
			<X>410</X>
			<Y>242</Y>
		</point>
		<point>
			<X>410</X>
			<Y>242</Y>
		</point>
		<point>
			<X>412</X>
			<Y>245</Y>
		</point>
		<point>
			<X>412</X>
			<Y>245</Y>
		</point>
		<point>
			<X>412</X>
			<Y>247</Y>
		</point>
		<point>
			<X>412</X>
			<Y>247</Y>
		</point>
		<point>
			<X>412</X>
			<Y>248</Y>
		</point>
		<point>
			<X>412</X>
			<Y>248</Y>
		</point>
		<point>
			<X>412</X>
			<Y>250</Y>
		</point>
		<point>
			<X>412</X>
			<Y>250</Y>
		</point>
		<point>
			<X>414</X>
			<Y>251</Y>
		</point>
		<point>
			<X>414</X>
			<Y>251</Y>
		</point>
		<point>
			<X>414</X>
			<Y>252</Y>
		</point>
		<point>
			<X>414</X>
			<Y>252</Y>
		</point>
		<point>
			<X>414</X>
			<Y>254</Y>
		</point>
		<point>
			<X>414</X>
			<Y>254</Y>
		</point>
		<point>
			<X>415</X>
			<Y>254</Y>
		</point>
		<point>
			<X>415</X>
			<Y>254</Y>
		</point>
		<point>
			<X>417</X>
			<Y>254</Y>
		</point>
		<point>
			<X>418</X>
			<Y>254</Y>
		</point>
		<point>
			<X>418</X>
			<Y>252</Y>
		</point>
		<point>
			<X>418</X>
			<Y>252</Y>
		</point>
		<point>
			<X>419</X>
			<Y>252</Y>
		</point>
		<point>
			<X>420</X>
			<Y>252</Y>
		</point>
		<point>
			<X>422</X>
			<Y>252</Y>
		</point>
		<point>
			<X>423</X>
			<Y>252</Y>
		</point>
		<point>
			<X>425</X>
			<Y>254</Y>
		</point>
		<point>
			<X>425</X>
			<Y>254</Y>
		</point>
		<point>
			<X>425</X>
			<Y>255</Y>
		</point>
		<point>
			<X>425</X>
			<Y>255</Y>
		</point>
		<point>
			<X>428</X>
			<Y>256</Y>
		</point>
		<point>
			<X>428</X>
			<Y>256</Y>
		</point>
		<point>
			<X>429</X>
			<Y>256</Y>
		</point>
		<point>
			<X>429</X>
			<Y>256</Y>
		</point>
		<point>
			<X>429</X>
			<Y>257</Y>
		</point>
		<point>
			<X>430</X>
			<Y>257</Y>
		</point>
		<point>
			<X>430</X>
			<Y>257</Y>
		</point>
		<point>
			<X>430</X>
			<Y>258</Y>
		</point>
		<point>
			<X>430</X>
			<Y>258</Y>
		</point>
		<point>
			<X>434</X>
			<Y>258</Y>
		</point>
		<point>
			<X>434</X>
			<Y>260</Y>
		</point>
		<point>
			<X>434</X>
			<Y>260</Y>
		</point>
		<point>
			<X>435</X>
			<Y>261</Y>
		</point>
		<point>
			<X>435</X>
			<Y>261</Y>
		</point>
		<point>
			<X>435</X>
			<Y>262</Y>
		</point>
		<point>
			<X>435</X>
			<Y>262</Y>
		</point>
		<point>
			<X>435</X>
			<Y>262</Y>
		</point>
		<point>
			<X>435</X>
			<Y>263</Y>
		</point>
		<point>
			<X>437</X>
			<Y>264</Y>
		</point>
		<point>
			<X>437</X>
			<Y>264</Y>
		</point>
		<point>
			<X>437</X>
			<Y>265</Y>
		</point>
		<point>
			<X>437</X>
			<Y>265</Y>
		</point>
		<point>
			<X>438</X>
			<Y>267</Y>
		</point>
		<point>
			<X>438</X>
			<Y>267</Y>
		</point>
		<point>
			<X>438</X>
			<Y>268</Y>
		</point>
		<point>
			<X>438</X>
			<Y>268</Y>
		</point>
		<point>
			<X>440</X>
			<Y>272</Y>
		</point>
		<point>
			<X>440</X>
			<Y>272</Y>
		</point>
		<point>
			<X>440</X>
			<Y>275</Y>
		</point>
		<point>
			<X>440</X>
			<Y>275</Y>
		</point>
		<point>
			<X>442</X>
			<Y>277</Y>
		</point>
		<point>
			<X>442</X>
			<Y>277</Y>
		</point>
		<point>
			<X>443</X>
			<Y>280</Y>
		</point>
		<point>
			<X>443</X>
			<Y>280</Y>
		</point>
		<point>
			<X>444</X>
			<Y>282</Y>
		</point>
		<point>
			<X>444</X>
			<Y>282</Y>
		</point>
		<point>
			<X>444</X>
			<Y>285</Y>
		</point>
		<point>
			<X>444</X>
			<Y>285</Y>
		</point>
		<point>
			<X>445</X>
			<Y>288</Y>
		</point>
		<point>
			<X>445</X>
			<Y>288</Y>
		</point>
		<point>
			<X>445</X>
			<Y>290</Y>
		</point>
		<point>
			<X>445</X>
			<Y>290</Y>
		</point>
		<point>
			<X>445</X>
			<Y>291</Y>
		</point>
		<point>
			<X>445</X>
			<Y>291</Y>
		</point>
		<point>
			<X>445</X>
			<Y>294</Y>
		</point>
		<point>
			<X>445</X>
			<Y>294</Y>
		</point>
		<point>
			<X>445</X>
			<Y>295</Y>
		</point>
		<point>
			<X>445</X>
			<Y>295</Y>
		</point>
		<point>
			<X>445</X>
			<Y>296</Y>
		</point>
		<point>
			<X>445</X>
			<Y>296</Y>
		</point>
		<point>
			<X>448</X>
			<Y>298</Y>
		</point>
		<point>
			<X>448</X>
			<Y>298</Y>
		</point>
		<point>
			<X>448</X>
			<Y>300</Y>
		</point>
		<point>
			<X>448</X>
			<Y>300</Y>
		</point>
		<point>
			<X>449</X>
			<Y>302</Y>
		</point>
		<point>
			<X>449</X>
			<Y>302</Y>
		</point>
		<point>
			<X>449</X>
			<Y>304</Y>
		</point>
		<point>
			<X>449</X>
			<Y>304</Y>
		</point>
		<point>
			<X>449</X>
			<Y>305</Y>
		</point>
		<point>
			<X>449</X>
			<Y>305</Y>
		</point>
		<point>
			<X>449</X>
			<Y>307</Y>
		</point>
		<point>
			<X>449</X>
			<Y>307</Y>
		</point>
		<point>
			<X>449</X>
			<Y>309</Y>
		</point>
		<point>
			<X>449</X>
			<Y>309</Y>
		</point>
		<point>
			<X>449</X>
			<Y>310</Y>
		</point>
		<point>
			<X>449</X>
			<Y>310</Y>
		</point>
		<point>
			<X>449</X>
			<Y>315</Y>
		</point>
		<point>
			<X>449</X>
			<Y>315</Y>
		</point>
		<point>
			<X>449</X>
			<Y>318</Y>
		</point>
		<point>
			<X>449</X>
			<Y>318</Y>
		</point>
		<point>
			<X>449</X>
			<Y>320</Y>
		</point>
		<point>
			<X>449</X>
			<Y>320</Y>
		</point>
		<point>
			<X>450</X>
			<Y>323</Y>
		</point>
		<point>
			<X>450</X>
			<Y>323</Y>
		</point>
		<point>
			<X>450</X>
			<Y>328</Y>
		</point>
		<point>
			<X>450</X>
			<Y>328</Y>
		</point>
		<point>
			<X>451</X>
			<Y>330</Y>
		</point>
		<point>
			<X>451</X>
			<Y>330</Y>
		</point>
		<point>
			<X>451</X>
			<Y>333</Y>
		</point>
		<point>
			<X>451</X>
			<Y>333</Y>
		</point>
		<point>
			<X>451</X>
			<Y>335</Y>
		</point>
		<point>
			<X>451</X>
			<Y>335</Y>
		</point>
		<point>
			<X>451</X>
			<Y>338</Y>
		</point>
		<point>
			<X>451</X>
			<Y>338</Y>
		</point>
		<point>
			<X>452</X>
			<Y>340</Y>
		</point>
		<point>
			<X>452</X>
			<Y>340</Y>
		</point>
		<point>
			<X>452</X>
			<Y>342</Y>
		</point>
		<point>
			<X>452</X>
			<Y>342</Y>
		</point>
		<point>
			<X>452</X>
			<Y>343</Y>
		</point>
		<point>
			<X>452</X>
			<Y>343</Y>
		</point>
		<point>
			<X>452</X>
			<Y>343</Y>
		</point>
		<point>
			<X>452</X>
			<Y>343</Y>
		</point>
		<point>
			<X>452</X>
			<Y>345</Y>
		</point>
		<point>
			<X>452</X>
			<Y>345</Y>
		</point>
		<point>
			<X>452</X>
			<Y>347</Y>
		</point>
		<point>
			<X>452</X>
			<Y>347</Y>
		</point>
		<point>
			<X>452</X>
			<Y>348</Y>
		</point>
		<point>
			<X>452</X>
			<Y>348</Y>
		</point>
		<point>
			<X>452</X>
			<Y>348</Y>
		</point>
		<point>
			<X>452</X>
			<Y>348</Y>
		</point>
		<point>
			<X>452</X>
			<Y>350</Y>
		</point>
		<point>
			<X>452</X>
			<Y>350</Y>
		</point>
		<point>
			<X>452</X>
			<Y>353</Y>
		</point>
		<point>
			<X>452</X>
			<Y>353</Y>
		</point>
		<point>
			<X>452</X>
			<Y>355</Y>
		</point>
		<point>
			<X>452</X>
			<Y>355</Y>
		</point>
		<point>
			<X>452</X>
			<Y>358</Y>
		</point>
		<point>
			<X>452</X>
			<Y>358</Y>
		</point>
		<point>
			<X>452</X>
			<Y>360</Y>
		</point>
		<point>
			<X>452</X>
			<Y>360</Y>
		</point>
		<point>
			<X>452</X>
			<Y>362</Y>
		</point>
		<point>
			<X>452</X>
			<Y>362</Y>
		</point>
		<point>
			<X>452</X>
			<Y>365</Y>
		</point>
		<point>
			<X>452</X>
			<Y>365</Y>
		</point>
		<point>
			<X>452</X>
			<Y>368</Y>
		</point>
		<point>
			<X>452</X>
			<Y>368</Y>
		</point>
		<point>
			<X>452</X>
			<Y>370</Y>
		</point>
		<point>
			<X>452</X>
			<Y>370</Y>
		</point>
		<point>
			<X>452</X>
			<Y>373</Y>
		</point>
		<point>
			<X>452</X>
			<Y>373</Y>
		</point>
		<point>
			<X>452</X>
			<Y>375</Y>
		</point>
		<point>
			<X>452</X>
			<Y>375</Y>
		</point>
		<point>
			<X>452</X>
			<Y>377</Y>
		</point>
		<point>
			<X>452</X>
			<Y>377</Y>
		</point>
		<point>
			<X>452</X>
			<Y>380</Y>
		</point>
		<point>
			<X>452</X>
			<Y>380</Y>
		</point>
		<point>
			<X>452</X>
			<Y>383</Y>
		</point>
		<point>
			<X>452</X>
			<Y>383</Y>
		</point>
		<point>
			<X>452</X>
			<Y>385</Y>
		</point>
		<point>
			<X>452</X>
			<Y>385</Y>
		</point>
		<point>
			<X>452</X>
			<Y>388</Y>
		</point>
		<point>
			<X>452</X>
			<Y>388</Y>
		</point>
		<point>
			<X>452</X>
			<Y>390</Y>
		</point>
		<point>
			<X>452</X>
			<Y>390</Y>
		</point>
		<point>
			<X>452</X>
			<Y>392</Y>
		</point>
		<point>
			<X>452</X>
			<Y>392</Y>
		</point>
		<point>
			<X>451</X>
			<Y>395</Y>
		</point>
		<point>
			<X>451</X>
			<Y>395</Y>
		</point>
		<point>
			<X>451</X>
			<Y>397</Y>
		</point>
		<point>
			<X>451</X>
			<Y>397</Y>
		</point>
		<point>
			<X>451</X>
			<Y>400</Y>
		</point>
		<point>
			<X>451</X>
			<Y>400</Y>
		</point>
		<point>
			<X>450</X>
			<Y>402</Y>
		</point>
		<point>
			<X>450</X>
			<Y>402</Y>
		</point>
		<point>
			<X>450</X>
			<Y>403</Y>
		</point>
		<point>
			<X>450</X>
			<Y>403</Y>
		</point>
		<point>
			<X>450</X>
			<Y>405</Y>
		</point>
		<point>
			<X>450</X>
			<Y>405</Y>
		</point>
		<point>
			<X>449</X>
			<Y>407</Y>
		</point>
		<point>
			<X>449</X>
			<Y>407</Y>
		</point>
		<point>
			<X>448</X>
			<Y>408</Y>
		</point>
		<point>
			<X>448</X>
			<Y>408</Y>
		</point>
		<point>
			<X>448</X>
			<Y>410</Y>
		</point>
		<point>
			<X>448</X>
			<Y>410</Y>
		</point>
		<point>
			<X>448</X>
			<Y>410</Y>
		</point>
		<point>
			<X>448</X>
			<Y>410</Y>
		</point>
		<point>
			<X>445</X>
			<Y>412</Y>
		</point>
		<point>
			<X>445</X>
			<Y>412</Y>
		</point>
		<point>
			<X>445</X>
			<Y>414</Y>
		</point>
		<point>
			<X>445</X>
			<Y>414</Y>
		</point>
		<point>
			<X>445</X>
			<Y>414</Y>
		</point>
		<point>
			<X>445</X>
			<Y>415</Y>
		</point>
		<point>
			<X>444</X>
			<Y>415</Y>
		</point>
		<point>
			<X>444</X>
			<Y>415</Y>
		</point>
		<point>
			<X>444</X>
			<Y>417</Y>
		</point>
		<point>
			<X>444</X>
			<Y>417</Y>
		</point>
		<point>
			<X>443</X>
			<Y>417</Y>
		</point>
		<point>
			<X>443</X>
			<Y>418</Y>
		</point>
		<point>
			<X>442</X>
			<Y>418</Y>
		</point>
		<point>
			<X>442</X>
			<Y>420</Y>
		</point>
		<point>
			<X>442</X>
			<Y>420</Y>
		</point>
		<point>
			<X>442</X>
			<Y>420</Y>
		</point>
		<point>
			<X>440</X>
			<Y>422</Y>
		</point>
		<point>
			<X>440</X>
			<Y>422</Y>
		</point>
		<point>
			<X>439</X>
			<Y>423</Y>
		</point>
		<point>
			<X>439</X>
			<Y>423</Y>
		</point>
		<point>
			<X>439</X>
			<Y>425</Y>
		</point>
		<point>
			<X>439</X>
			<Y>425</Y>
		</point>
		<point>
			<X>438</X>
			<Y>427</Y>
		</point>
		<point>
			<X>438</X>
			<Y>427</Y>
		</point>
		<point>
			<X>438</X>
			<Y>428</Y>
		</point>
		<point>
			<X>438</X>
			<Y>428</Y>
		</point>
		<point>
			<X>438</X>
			<Y>429</Y>
		</point>
		<point>
			<X>438</X>
			<Y>429</Y>
		</point>
		<point>
			<X>438</X>
			<Y>430</Y>
		</point>
		<point>
			<X>438</X>
			<Y>430</Y>
		</point>
		<point>
			<X>438</X>
			<Y>430</Y>
		</point>
		<point>
			<X>438</X>
			<Y>430</Y>
		</point>
		<point>
			<X>438</X>
			<Y>432</Y>
		</point>
		<point>
			<X>438</X>
			<Y>432</Y>
		</point>
		<point>
			<X>438</X>
			<Y>434</Y>
		</point>
		<point>
			<X>438</X>
			<Y>434</Y>
		</point>
		<point>
			<X>438</X>
			<Y>435</Y>
		</point>
		<point>
			<X>438</X>
			<Y>435</Y>
		</point>
		<point>
			<X>438</X>
			<Y>435</Y>
		</point>
		<point>
			<X>438</X>
			<Y>435</Y>
		</point>
		<point>
			<X>438</X>
			<Y>437</Y>
		</point>
		<point>
			<X>438</X>
			<Y>437</Y>
		</point>
		<point>
			<X>438</X>
			<Y>438</Y>
		</point>
		<point>
			<X>438</X>
			<Y>438</Y>
		</point>
		<point>
			<X>438</X>
			<Y>440</Y>
		</point>
		<point>
			<X>438</X>
			<Y>440</Y>
		</point>
		<point>
			<X>438</X>
			<Y>442</Y>
		</point>
		<point>
			<X>438</X>
			<Y>442</Y>
		</point>
		<point>
			<X>438</X>
			<Y>444</Y>
		</point>
		<point>
			<X>438</X>
			<Y>444</Y>
		</point>
		<point>
			<X>438</X>
			<Y>445</Y>
		</point>
		<point>
			<X>438</X>
			<Y>445</Y>
		</point>
		<point>
			<X>438</X>
			<Y>448</Y>
		</point>
		<point>
			<X>438</X>
			<Y>448</Y>
		</point>
		<point>
			<X>438</X>
			<Y>449</Y>
		</point>
		<point>
			<X>438</X>
			<Y>449</Y>
		</point>
		<point>
			<X>438</X>
			<Y>450</Y>
		</point>
		<point>
			<X>438</X>
			<Y>450</Y>
		</point>
		<point>
			<X>438</X>
			<Y>451</Y>
		</point>
		<point>
			<X>438</X>
			<Y>451</Y>
		</point>
		<point>
			<X>437</X>
			<Y>451</Y>
		</point>
		<point>
			<X>437</X>
			<Y>452</Y>
		</point>
		<point>
			<X>435</X>
			<Y>452</Y>
		</point>
		<point>
			<X>435</X>
			<Y>454</Y>
		</point>
		<point>
			<X>435</X>
			<Y>456</Y>
		</point>
		<point>
			<X>435</X>
			<Y>456</Y>
		</point>
		<point>
			<X>435</X>
			<Y>457</Y>
		</point>
		<point>
			<X>435</X>
			<Y>457</Y>
		</point>
	</polygon>
</annotation>