<annotation>
	<folder>anno</folder>
	<filename>2010_005652.jpg</filename>
	<source>
		<database>The anno Database</database>
		<annotation>VC anno</annotation>
		<image>Unknow</image>
		<flickrid>Unknow</flickrid>
	</source>
	<owner>
		<flickrid>Unknow</flickrid>
		<name>Unknow</name>
	</owner>
	<size>
		<width>333</width>
		<height>500</height>
		<depth>3</depth>
	</size>
	<segmented>1</segmented>
	<polygon>
		<tag>cat</tag>
		<point>
			<X>196</X>
			<Y>167</Y>
		</point>
		<point>
			<X>196</X>
			<Y>169</Y>
		</point>
		<point>
			<X>196</X>
			<Y>169</Y>
		</point>
		<point>
			<X>195</X>
			<Y>171</Y>
		</point>
		<point>
			<X>195</X>
			<Y>171</Y>
		</point>
		<point>
			<X>192</X>
			<Y>172</Y>
		</point>
		<point>
			<X>176</X>
			<Y>192</Y>
		</point>
		<point>
			<X>175</X>
			<Y>196</Y>
		</point>
		<point>
			<X>170</X>
			<Y>201</Y>
		</point>
		<point>
			<X>170</X>
			<Y>201</Y>
		</point>
		<point>
			<X>167</X>
			<Y>202</Y>
		</point>
		<point>
			<X>167</X>
			<Y>202</Y>
		</point>
		<point>
			<X>165</X>
			<Y>207</Y>
		</point>
		<point>
			<X>165</X>
			<Y>207</Y>
		</point>
		<point>
			<X>162</X>
			<Y>210</Y>
		</point>
		<point>
			<X>162</X>
			<Y>210</Y>
		</point>
		<point>
			<X>160</X>
			<Y>212</Y>
		</point>
		<point>
			<X>160</X>
			<Y>212</Y>
		</point>
		<point>
			<X>159</X>
			<Y>214</Y>
		</point>
		<point>
			<X>159</X>
			<Y>214</Y>
		</point>
		<point>
			<X>157</X>
			<Y>216</Y>
		</point>
		<point>
			<X>157</X>
			<Y>216</Y>
		</point>
		<point>
			<X>155</X>
			<Y>220</Y>
		</point>
		<point>
			<X>155</X>
			<Y>220</Y>
		</point>
		<point>
			<X>154</X>
			<Y>221</Y>
		</point>
		<point>
			<X>154</X>
			<Y>221</Y>
		</point>
		<point>
			<X>152</X>
			<Y>222</Y>
		</point>
		<point>
			<X>152</X>
			<Y>222</Y>
		</point>
		<point>
			<X>151</X>
			<Y>226</Y>
		</point>
		<point>
			<X>151</X>
			<Y>226</Y>
		</point>
		<point>
			<X>150</X>
			<Y>228</Y>
		</point>
		<point>
			<X>150</X>
			<Y>228</Y>
		</point>
		<point>
			<X>149</X>
			<Y>230</Y>
		</point>
		<point>
			<X>149</X>
			<Y>230</Y>
		</point>
		<point>
			<X>148</X>
			<Y>231</Y>
		</point>
		<point>
			<X>148</X>
			<Y>231</Y>
		</point>
		<point>
			<X>147</X>
			<Y>233</Y>
		</point>
		<point>
			<X>147</X>
			<Y>233</Y>
		</point>
		<point>
			<X>146</X>
			<Y>234</Y>
		</point>
		<point>
			<X>146</X>
			<Y>234</Y>
		</point>
		<point>
			<X>146</X>
			<Y>236</Y>
		</point>
		<point>
			<X>146</X>
			<Y>236</Y>
		</point>
		<point>
			<X>145</X>
			<Y>238</Y>
		</point>
		<point>
			<X>145</X>
			<Y>238</Y>
		</point>
		<point>
			<X>144</X>
			<Y>239</Y>
		</point>
		<point>
			<X>144</X>
			<Y>239</Y>
		</point>
		<point>
			<X>144</X>
			<Y>239</Y>
		</point>
		<point>
			<X>144</X>
			<Y>241</Y>
		</point>
		<point>
			<X>144</X>
			<Y>241</Y>
		</point>
		<point>
			<X>144</X>
			<Y>244</Y>
		</point>
		<point>
			<X>144</X>
			<Y>244</Y>
		</point>
		<point>
			<X>144</X>
			<Y>244</Y>
		</point>
		<point>
			<X>144</X>
			<Y>244</Y>
		</point>
		<point>
			<X>142</X>
			<Y>246</Y>
		</point>
		<point>
			<X>142</X>
			<Y>246</Y>
		</point>
		<point>
			<X>142</X>
			<Y>246</Y>
		</point>
		<point>
			<X>142</X>
			<Y>246</Y>
		</point>
		<point>
			<X>142</X>
			<Y>248</Y>
		</point>
		<point>
			<X>142</X>
			<Y>248</Y>
		</point>
		<point>
			<X>142</X>
			<Y>249</Y>
		</point>
		<point>
			<X>142</X>
			<Y>249</Y>
		</point>
		<point>
			<X>142</X>
			<Y>251</Y>
		</point>
		<point>
			<X>142</X>
			<Y>251</Y>
		</point>
		<point>
			<X>142</X>
			<Y>251</Y>
		</point>
		<point>
			<X>142</X>
			<Y>251</Y>
		</point>
		<point>
			<X>140</X>
			<Y>253</Y>
		</point>
		<point>
			<X>140</X>
			<Y>253</Y>
		</point>
		<point>
			<X>140</X>
			<Y>256</Y>
		</point>
		<point>
			<X>140</X>
			<Y>256</Y>
		</point>
		<point>
			<X>139</X>
			<Y>257</Y>
		</point>
		<point>
			<X>139</X>
			<Y>257</Y>
		</point>
		<point>
			<X>138</X>
			<Y>259</Y>
		</point>
		<point>
			<X>138</X>
			<Y>259</Y>
		</point>
		<point>
			<X>136</X>
			<Y>263</Y>
		</point>
		<point>
			<X>136</X>
			<Y>263</Y>
		</point>
		<point>
			<X>135</X>
			<Y>264</Y>
		</point>
		<point>
			<X>135</X>
			<Y>264</Y>
		</point>
		<point>
			<X>135</X>
			<Y>268</Y>
		</point>
		<point>
			<X>135</X>
			<Y>268</Y>
		</point>
		<point>
			<X>132</X>
			<Y>271</Y>
		</point>
		<point>
			<X>132</X>
			<Y>271</Y>
		</point>
		<point>
			<X>132</X>
			<Y>273</Y>
		</point>
		<point>
			<X>132</X>
			<Y>273</Y>
		</point>
		<point>
			<X>130</X>
			<Y>276</Y>
		</point>
		<point>
			<X>130</X>
			<Y>276</Y>
		</point>
		<point>
			<X>127</X>
			<Y>281</Y>
		</point>
		<point>
			<X>127</X>
			<Y>281</Y>
		</point>
		<point>
			<X>124</X>
			<Y>283</Y>
		</point>
		<point>
			<X>124</X>
			<Y>283</Y>
		</point>
		<point>
			<X>124</X>
			<Y>288</Y>
		</point>
		<point>
			<X>124</X>
			<Y>288</Y>
		</point>
		<point>
			<X>124</X>
			<Y>290</Y>
		</point>
		<point>
			<X>124</X>
			<Y>290</Y>
		</point>
		<point>
			<X>122</X>
			<Y>293</Y>
		</point>
		<point>
			<X>122</X>
			<Y>293</Y>
		</point>
		<point>
			<X>122</X>
			<Y>294</Y>
		</point>
		<point>
			<X>122</X>
			<Y>294</Y>
		</point>
		<point>
			<X>119</X>
			<Y>298</Y>
		</point>
		<point>
			<X>119</X>
			<Y>298</Y>
		</point>
		<point>
			<X>119</X>
			<Y>300</Y>
		</point>
		<point>
			<X>119</X>
			<Y>300</Y>
		</point>
		<point>
			<X>118</X>
			<Y>302</Y>
		</point>
		<point>
			<X>118</X>
			<Y>302</Y>
		</point>
		<point>
			<X>118</X>
			<Y>303</Y>
		</point>
		<point>
			<X>118</X>
			<Y>303</Y>
		</point>
		<point>
			<X>117</X>
			<Y>305</Y>
		</point>
		<point>
			<X>117</X>
			<Y>305</Y>
		</point>
		<point>
			<X>117</X>
			<Y>307</Y>
		</point>
		<point>
			<X>117</X>
			<Y>307</Y>
		</point>
		<point>
			<X>115</X>
			<Y>308</Y>
		</point>
		<point>
			<X>115</X>
			<Y>308</Y>
		</point>
		<point>
			<X>115</X>
			<Y>310</Y>
		</point>
		<point>
			<X>115</X>
			<Y>310</Y>
		</point>
		<point>
			<X>115</X>
			<Y>312</Y>
		</point>
		<point>
			<X>115</X>
			<Y>312</Y>
		</point>
		<point>
			<X>115</X>
			<Y>313</Y>
		</point>
		<point>
			<X>115</X>
			<Y>313</Y>
		</point>
		<point>
			<X>115</X>
			<Y>315</Y>
		</point>
		<point>
			<X>115</X>
			<Y>315</Y>
		</point>
		<point>
			<X>115</X>
			<Y>317</Y>
		</point>
		<point>
			<X>115</X>
			<Y>317</Y>
		</point>
		<point>
			<X>114</X>
			<Y>318</Y>
		</point>
		<point>
			<X>114</X>
			<Y>318</Y>
		</point>
		<point>
			<X>112</X>
			<Y>320</Y>
		</point>
		<point>
			<X>112</X>
			<Y>320</Y>
		</point>
		<point>
			<X>112</X>
			<Y>325</Y>
		</point>
		<point>
			<X>112</X>
			<Y>325</Y>
		</point>
		<point>
			<X>110</X>
			<Y>329</Y>
		</point>
		<point>
			<X>110</X>
			<Y>329</Y>
		</point>
		<point>
			<X>110</X>
			<Y>330</Y>
		</point>
		<point>
			<X>110</X>
			<Y>330</Y>
		</point>
		<point>
			<X>108</X>
			<Y>333</Y>
		</point>
		<point>
			<X>108</X>
			<Y>333</Y>
		</point>
		<point>
			<X>108</X>
			<Y>335</Y>
		</point>
		<point>
			<X>108</X>
			<Y>335</Y>
		</point>
		<point>
			<X>108</X>
			<Y>335</Y>
		</point>
		<point>
			<X>108</X>
			<Y>335</Y>
		</point>
		<point>
			<X>108</X>
			<Y>337</Y>
		</point>
		<point>
			<X>108</X>
			<Y>337</Y>
		</point>
		<point>
			<X>107</X>
			<Y>338</Y>
		</point>
		<point>
			<X>107</X>
			<Y>338</Y>
		</point>
		<point>
			<X>107</X>
			<Y>340</Y>
		</point>
		<point>
			<X>107</X>
			<Y>340</Y>
		</point>
		<point>
			<X>107</X>
			<Y>340</Y>
		</point>
		<point>
			<X>107</X>
			<Y>340</Y>
		</point>
		<point>
			<X>105</X>
			<Y>343</Y>
		</point>
		<point>
			<X>105</X>
			<Y>343</Y>
		</point>
		<point>
			<X>105</X>
			<Y>343</Y>
		</point>
		<point>
			<X>105</X>
			<Y>343</Y>
		</point>
		<point>
			<X>105</X>
			<Y>344</Y>
		</point>
		<point>
			<X>105</X>
			<Y>344</Y>
		</point>
		<point>
			<X>105</X>
			<Y>345</Y>
		</point>
		<point>
			<X>105</X>
			<Y>345</Y>
		</point>
		<point>
			<X>105</X>
			<Y>345</Y>
		</point>
		<point>
			<X>105</X>
			<Y>345</Y>
		</point>
		<point>
			<X>105</X>
			<Y>345</Y>
		</point>
	</polygon>
	<polygon>
		<tag>background</tag>
		<point>
			<X>78</X>
			<Y>395</Y>
		</point>
		<point>
			<X>77</X>
			<Y>393</Y>
		</point>
		<point>
			<X>77</X>
			<Y>393</Y>
		</point>
		<point>
			<X>75</X>
			<Y>392</Y>
		</point>
		<point>
			<X>75</X>
			<Y>392</Y>
		</point>
		<point>
			<X>74</X>
			<Y>390</Y>
		</point>
		<point>
			<X>56</X>
			<Y>372</Y>
		</point>
		<point>
			<X>56</X>
			<Y>372</Y>
		</point>
		<point>
			<X>51</X>
			<Y>365</Y>
		</point>
		<point>
			<X>51</X>
			<Y>365</Y>
		</point>
		<point>
			<X>50</X>
			<Y>363</Y>
		</point>
		<point>
			<X>50</X>
			<Y>363</Y>
		</point>
		<point>
			<X>46</X>
			<Y>358</Y>
		</point>
		<point>
			<X>46</X>
			<Y>358</Y>
		</point>
		<point>
			<X>45</X>
			<Y>354</Y>
		</point>
		<point>
			<X>45</X>
			<Y>354</Y>
		</point>
		<point>
			<X>40</X>
			<Y>350</Y>
		</point>
		<point>
			<X>40</X>
			<Y>350</Y>
		</point>
		<point>
			<X>40</X>
			<Y>345</Y>
		</point>
		<point>
			<X>40</X>
			<Y>345</Y>
		</point>
		<point>
			<X>36</X>
			<Y>340</Y>
		</point>
		<point>
			<X>36</X>
			<Y>340</Y>
		</point>
		<point>
			<X>33</X>
			<Y>335</Y>
		</point>
		<point>
			<X>33</X>
			<Y>335</Y>
		</point>
		<point>
			<X>32</X>
			<Y>330</Y>
		</point>
		<point>
			<X>32</X>
			<Y>330</Y>
		</point>
		<point>
			<X>28</X>
			<Y>325</Y>
		</point>
		<point>
			<X>28</X>
			<Y>325</Y>
		</point>
		<point>
			<X>27</X>
			<Y>320</Y>
		</point>
		<point>
			<X>23</X>
			<Y>314</Y>
		</point>
		<point>
			<X>23</X>
			<Y>314</Y>
		</point>
		<point>
			<X>22</X>
			<Y>307</Y>
		</point>
		<point>
			<X>22</X>
			<Y>307</Y>
		</point>
		<point>
			<X>20</X>
			<Y>301</Y>
		</point>
		<point>
			<X>20</X>
			<Y>301</Y>
		</point>
		<point>
			<X>18</X>
			<Y>293</Y>
		</point>
		<point>
			<X>18</X>
			<Y>293</Y>
		</point>
		<point>
			<X>14</X>
			<Y>286</Y>
		</point>
		<point>
			<X>14</X>
			<Y>286</Y>
		</point>
		<point>
			<X>14</X>
			<Y>282</Y>
		</point>
		<point>
			<X>14</X>
			<Y>282</Y>
		</point>
		<point>
			<X>14</X>
			<Y>275</Y>
		</point>
		<point>
			<X>14</X>
			<Y>275</Y>
		</point>
		<point>
			<X>12</X>
			<Y>271</Y>
		</point>
		<point>
			<X>12</X>
			<Y>271</Y>
		</point>
		<point>
			<X>12</X>
			<Y>265</Y>
		</point>
		<point>
			<X>12</X>
			<Y>265</Y>
		</point>
		<point>
			<X>12</X>
			<Y>260</Y>
		</point>
		<point>
			<X>12</X>
			<Y>260</Y>
		</point>
		<point>
			<X>12</X>
			<Y>254</Y>
		</point>
		<point>
			<X>12</X>
			<Y>254</Y>
		</point>
		<point>
			<X>12</X>
			<Y>249</Y>
		</point>
		<point>
			<X>12</X>
			<Y>249</Y>
		</point>
		<point>
			<X>12</X>
			<Y>241</Y>
		</point>
		<point>
			<X>12</X>
			<Y>241</Y>
		</point>
		<point>
			<X>12</X>
			<Y>236</Y>
		</point>
		<point>
			<X>12</X>
			<Y>236</Y>
		</point>
		<point>
			<X>12</X>
			<Y>231</Y>
		</point>
		<point>
			<X>12</X>
			<Y>231</Y>
		</point>
		<point>
			<X>12</X>
			<Y>225</Y>
		</point>
		<point>
			<X>12</X>
			<Y>225</Y>
		</point>
		<point>
			<X>12</X>
			<Y>217</Y>
		</point>
		<point>
			<X>12</X>
			<Y>217</Y>
		</point>
		<point>
			<X>12</X>
			<Y>211</Y>
		</point>
		<point>
			<X>12</X>
			<Y>211</Y>
		</point>
		<point>
			<X>12</X>
			<Y>207</Y>
		</point>
		<point>
			<X>12</X>
			<Y>207</Y>
		</point>
		<point>
			<X>12</X>
			<Y>202</Y>
		</point>
		<point>
			<X>12</X>
			<Y>202</Y>
		</point>
		<point>
			<X>12</X>
			<Y>196</Y>
		</point>
		<point>
			<X>12</X>
			<Y>196</Y>
		</point>
		<point>
			<X>14</X>
			<Y>187</Y>
		</point>
		<point>
			<X>14</X>
			<Y>187</Y>
		</point>
		<point>
			<X>16</X>
			<Y>181</Y>
		</point>
		<point>
			<X>16</X>
			<Y>181</Y>
		</point>
		<point>
			<X>17</X>
			<Y>177</Y>
		</point>
		<point>
			<X>17</X>
			<Y>177</Y>
		</point>
		<point>
			<X>20</X>
			<Y>170</Y>
		</point>
		<point>
			<X>20</X>
			<Y>170</Y>
		</point>
		<point>
			<X>22</X>
			<Y>165</Y>
		</point>
		<point>
			<X>22</X>
			<Y>165</Y>
		</point>
		<point>
			<X>23</X>
			<Y>159</Y>
		</point>
		<point>
			<X>23</X>
			<Y>159</Y>
		</point>
		<point>
			<X>25</X>
			<Y>155</Y>
		</point>
		<point>
			<X>25</X>
			<Y>155</Y>
		</point>
		<point>
			<X>27</X>
			<Y>152</Y>
		</point>
		<point>
			<X>27</X>
			<Y>152</Y>
		</point>
		<point>
			<X>28</X>
			<Y>148</Y>
		</point>
		<point>
			<X>28</X>
			<Y>148</Y>
		</point>
		<point>
			<X>28</X>
			<Y>145</Y>
		</point>
		<point>
			<X>28</X>
			<Y>145</Y>
		</point>
		<point>
			<X>32</X>
			<Y>141</Y>
		</point>
		<point>
			<X>32</X>
			<Y>141</Y>
		</point>
		<point>
			<X>34</X>
			<Y>138</Y>
		</point>
		<point>
			<X>34</X>
			<Y>138</Y>
		</point>
		<point>
			<X>35</X>
			<Y>135</Y>
		</point>
		<point>
			<X>35</X>
			<Y>135</Y>
		</point>
		<point>
			<X>37</X>
			<Y>131</Y>
		</point>
		<point>
			<X>37</X>
			<Y>131</Y>
		</point>
		<point>
			<X>39</X>
			<Y>128</Y>
		</point>
		<point>
			<X>39</X>
			<Y>128</Y>
		</point>
		<point>
			<X>41</X>
			<Y>123</Y>
		</point>
		<point>
			<X>41</X>
			<Y>123</Y>
		</point>
		<point>
			<X>45</X>
			<Y>119</Y>
		</point>
		<point>
			<X>45</X>
			<Y>119</Y>
		</point>
		<point>
			<X>46</X>
			<Y>118</Y>
		</point>
		<point>
			<X>46</X>
			<Y>118</Y>
		</point>
		<point>
			<X>51</X>
			<Y>113</Y>
		</point>
		<point>
			<X>51</X>
			<Y>113</Y>
		</point>
		<point>
			<X>55</X>
			<Y>108</Y>
		</point>
		<point>
			<X>55</X>
			<Y>108</Y>
		</point>
		<point>
			<X>59</X>
			<Y>103</Y>
		</point>
		<point>
			<X>62</X>
			<Y>100</Y>
		</point>
		<point>
			<X>62</X>
			<Y>100</Y>
		</point>
		<point>
			<X>65</X>
			<Y>97</Y>
		</point>
		<point>
			<X>65</X>
			<Y>97</Y>
		</point>
		<point>
			<X>68</X>
			<Y>93</Y>
		</point>
		<point>
			<X>68</X>
			<Y>93</Y>
		</point>
		<point>
			<X>72</X>
			<Y>93</Y>
		</point>
		<point>
			<X>72</X>
			<Y>93</Y>
		</point>
		<point>
			<X>74</X>
			<Y>91</Y>
		</point>
		<point>
			<X>74</X>
			<Y>91</Y>
		</point>
		<point>
			<X>76</X>
			<Y>88</Y>
		</point>
		<point>
			<X>76</X>
			<Y>88</Y>
		</point>
		<point>
			<X>80</X>
			<Y>87</Y>
		</point>
		<point>
			<X>80</X>
			<Y>87</Y>
		</point>
		<point>
			<X>82</X>
			<Y>86</Y>
		</point>
		<point>
			<X>82</X>
			<Y>86</Y>
		</point>
		<point>
			<X>87</X>
			<Y>83</Y>
		</point>
		<point>
			<X>87</X>
			<Y>83</Y>
		</point>
		<point>
			<X>90</X>
			<Y>81</Y>
		</point>
		<point>
			<X>90</X>
			<Y>81</Y>
		</point>
		<point>
			<X>95</X>
			<Y>80</Y>
		</point>
		<point>
			<X>95</X>
			<Y>80</Y>
		</point>
		<point>
			<X>97</X>
			<Y>78</Y>
		</point>
		<point>
			<X>97</X>
			<Y>78</Y>
		</point>
		<point>
			<X>103</X>
			<Y>78</Y>
		</point>
		<point>
			<X>103</X>
			<Y>78</Y>
		</point>
		<point>
			<X>107</X>
			<Y>77</Y>
		</point>
		<point>
			<X>107</X>
			<Y>77</Y>
		</point>
		<point>
			<X>113</X>
			<Y>76</Y>
		</point>
		<point>
			<X>113</X>
			<Y>76</Y>
		</point>
		<point>
			<X>132</X>
			<Y>73</Y>
		</point>
		<point>
			<X>132</X>
			<Y>73</Y>
		</point>
		<point>
			<X>139</X>
			<Y>73</Y>
		</point>
		<point>
			<X>139</X>
			<Y>73</Y>
		</point>
		<point>
			<X>143</X>
			<Y>71</Y>
		</point>
		<point>
			<X>143</X>
			<Y>71</Y>
		</point>
		<point>
			<X>150</X>
			<Y>71</Y>
		</point>
		<point>
			<X>165</X>
			<Y>71</Y>
		</point>
		<point>
			<X>165</X>
			<Y>71</Y>
		</point>
		<point>
			<X>172</X>
			<Y>71</Y>
		</point>
		<point>
			<X>172</X>
			<Y>71</Y>
		</point>
		<point>
			<X>177</X>
			<Y>71</Y>
		</point>
		<point>
			<X>177</X>
			<Y>71</Y>
		</point>
		<point>
			<X>185</X>
			<Y>71</Y>
		</point>
		<point>
			<X>185</X>
			<Y>71</Y>
		</point>
		<point>
			<X>190</X>
			<Y>71</Y>
		</point>
		<point>
			<X>190</X>
			<Y>71</Y>
		</point>
		<point>
			<X>199</X>
			<Y>71</Y>
		</point>
		<point>
			<X>199</X>
			<Y>71</Y>
		</point>
		<point>
			<X>226</X>
			<Y>71</Y>
		</point>
		<point>
			<X>226</X>
			<Y>71</Y>
		</point>
		<point>
			<X>234</X>
			<Y>72</Y>
		</point>
		<point>
			<X>239</X>
			<Y>73</Y>
		</point>
		<point>
			<X>239</X>
			<Y>73</Y>
		</point>
		<point>
			<X>246</X>
			<Y>73</Y>
		</point>
		<point>
			<X>246</X>
			<Y>73</Y>
		</point>
		<point>
			<X>254</X>
			<Y>75</Y>
		</point>
		<point>
			<X>254</X>
			<Y>75</Y>
		</point>
		<point>
			<X>262</X>
			<Y>76</Y>
		</point>
		<point>
			<X>262</X>
			<Y>76</Y>
		</point>
		<point>
			<X>269</X>
			<Y>77</Y>
		</point>
		<point>
			<X>276</X>
			<Y>78</Y>
		</point>
		<point>
			<X>276</X>
			<Y>78</Y>
		</point>
		<point>
			<X>281</X>
			<Y>80</Y>
		</point>
		<point>
			<X>281</X>
			<Y>80</Y>
		</point>
		<point>
			<X>287</X>
			<Y>82</Y>
		</point>
		<point>
			<X>287</X>
			<Y>82</Y>
		</point>
		<point>
			<X>292</X>
			<Y>83</Y>
		</point>
		<point>
			<X>292</X>
			<Y>83</Y>
		</point>
		<point>
			<X>296</X>
			<Y>83</Y>
		</point>
		<point>
			<X>296</X>
			<Y>83</Y>
		</point>
		<point>
			<X>307</X>
			<Y>92</Y>
		</point>
		<point>
			<X>307</X>
			<Y>92</Y>
		</point>
		<point>
			<X>309</X>
			<Y>93</Y>
		</point>
		<point>
			<X>309</X>
			<Y>93</Y>
		</point>
		<point>
			<X>310</X>
			<Y>93</Y>
		</point>
		<point>
			<X>310</X>
			<Y>93</Y>
		</point>
		<point>
			<X>310</X>
			<Y>95</Y>
		</point>
		<point>
			<X>310</X>
			<Y>95</Y>
		</point>
		<point>
			<X>310</X>
			<Y>95</Y>
		</point>
		<point>
			<X>313</X>
			<Y>98</Y>
		</point>
		<point>
			<X>314</X>
			<Y>100</Y>
		</point>
		<point>
			<X>314</X>
			<Y>100</Y>
		</point>
		<point>
			<X>315</X>
			<Y>105</Y>
		</point>
		<point>
			<X>315</X>
			<Y>105</Y>
		</point>
		<point>
			<X>315</X>
			<Y>110</Y>
		</point>
		<point>
			<X>315</X>
			<Y>110</Y>
		</point>
		<point>
			<X>317</X>
			<Y>113</Y>
		</point>
		<point>
			<X>317</X>
			<Y>113</Y>
		</point>
		<point>
			<X>318</X>
			<Y>119</Y>
		</point>
		<point>
			<X>318</X>
			<Y>119</Y>
		</point>
		<point>
			<X>319</X>
			<Y>122</Y>
		</point>
		<point>
			<X>319</X>
			<Y>122</Y>
		</point>
		<point>
			<X>319</X>
			<Y>127</Y>
		</point>
		<point>
			<X>320</X>
			<Y>131</Y>
		</point>
		<point>
			<X>320</X>
			<Y>131</Y>
		</point>
		<point>
			<X>320</X>
			<Y>136</Y>
		</point>
		<point>
			<X>320</X>
			<Y>139</Y>
		</point>
		<point>
			<X>320</X>
			<Y>139</Y>
		</point>
		<point>
			<X>320</X>
			<Y>143</Y>
		</point>
		<point>
			<X>320</X>
			<Y>143</Y>
		</point>
		<point>
			<X>320</X>
			<Y>148</Y>
		</point>
		<point>
			<X>320</X>
			<Y>148</Y>
		</point>
		<point>
			<X>320</X>
			<Y>152</Y>
		</point>
		<point>
			<X>320</X>
			<Y>157</Y>
		</point>
		<point>
			<X>320</X>
			<Y>157</Y>
		</point>
		<point>
			<X>320</X>
			<Y>162</Y>
		</point>
		<point>
			<X>320</X>
			<Y>171</Y>
		</point>
		<point>
			<X>320</X>
			<Y>171</Y>
		</point>
		<point>
			<X>320</X>
			<Y>177</Y>
		</point>
		<point>
			<X>320</X>
			<Y>177</Y>
		</point>
		<point>
			<X>320</X>
			<Y>182</Y>
		</point>
		<point>
			<X>320</X>
			<Y>182</Y>
		</point>
		<point>
			<X>319</X>
			<Y>190</Y>
		</point>
		<point>
			<X>319</X>
			<Y>190</Y>
		</point>
		<point>
			<X>315</X>
			<Y>196</Y>
		</point>
		<point>
			<X>315</X>
			<Y>196</Y>
		</point>
		<point>
			<X>314</X>
			<Y>202</Y>
		</point>
		<point>
			<X>313</X>
			<Y>210</Y>
		</point>
		<point>
			<X>313</X>
			<Y>210</Y>
		</point>
		<point>
			<X>310</X>
			<Y>215</Y>
		</point>
		<point>
			<X>310</X>
			<Y>221</Y>
		</point>
		<point>
			<X>310</X>
			<Y>221</Y>
		</point>
		<point>
			<X>307</X>
			<Y>226</Y>
		</point>
		<point>
			<X>302</X>
			<Y>243</Y>
		</point>
		<point>
			<X>300</X>
			<Y>251</Y>
		</point>
		<point>
			<X>300</X>
			<Y>251</Y>
		</point>
		<point>
			<X>300</X>
			<Y>256</Y>
		</point>
		<point>
			<X>293</X>
			<Y>274</Y>
		</point>
		<point>
			<X>293</X>
			<Y>274</Y>
		</point>
		<point>
			<X>292</X>
			<Y>280</Y>
		</point>
		<point>
			<X>292</X>
			<Y>280</Y>
		</point>
		<point>
			<X>291</X>
			<Y>285</Y>
		</point>
		<point>
			<X>291</X>
			<Y>285</Y>
		</point>
		<point>
			<X>289</X>
			<Y>291</Y>
		</point>
		<point>
			<X>289</X>
			<Y>291</Y>
		</point>
		<point>
			<X>288</X>
			<Y>298</Y>
		</point>
		<point>
			<X>288</X>
			<Y>298</Y>
		</point>
		<point>
			<X>286</X>
			<Y>303</Y>
		</point>
		<point>
			<X>286</X>
			<Y>303</Y>
		</point>
		<point>
			<X>284</X>
			<Y>310</Y>
		</point>
		<point>
			<X>281</X>
			<Y>315</Y>
		</point>
		<point>
			<X>281</X>
			<Y>315</Y>
		</point>
		<point>
			<X>279</X>
			<Y>322</Y>
		</point>
		<point>
			<X>279</X>
			<Y>322</Y>
		</point>
		<point>
			<X>277</X>
			<Y>328</Y>
		</point>
		<point>
			<X>277</X>
			<Y>328</Y>
		</point>
		<point>
			<X>275</X>
			<Y>333</Y>
		</point>
		<point>
			<X>272</X>
			<Y>338</Y>
		</point>
		<point>
			<X>272</X>
			<Y>338</Y>
		</point>
		<point>
			<X>271</X>
			<Y>342</Y>
		</point>
		<point>
			<X>269</X>
			<Y>345</Y>
		</point>
		<point>
			<X>269</X>
			<Y>345</Y>
		</point>
		<point>
			<X>268</X>
			<Y>348</Y>
		</point>
		<point>
			<X>265</X>
			<Y>353</Y>
		</point>
		<point>
			<X>265</X>
			<Y>353</Y>
		</point>
		<point>
			<X>262</X>
			<Y>362</Y>
		</point>
		<point>
			<X>259</X>
			<Y>368</Y>
		</point>
		<point>
			<X>259</X>
			<Y>368</Y>
		</point>
		<point>
			<X>253</X>
			<Y>378</Y>
		</point>
		<point>
			<X>253</X>
			<Y>378</Y>
		</point>
		<point>
			<X>251</X>
			<Y>382</Y>
		</point>
		<point>
			<X>251</X>
			<Y>382</Y>
		</point>
		<point>
			<X>248</X>
			<Y>385</Y>
		</point>
		<point>
			<X>246</X>
			<Y>390</Y>
		</point>
		<point>
			<X>246</X>
			<Y>390</Y>
		</point>
		<point>
			<X>241</X>
			<Y>395</Y>
		</point>
		<point>
			<X>239</X>
			<Y>400</Y>
		</point>
		<point>
			<X>239</X>
			<Y>400</Y>
		</point>
		<point>
			<X>236</X>
			<Y>405</Y>
		</point>
		<point>
			<X>236</X>
			<Y>405</Y>
		</point>
		<point>
			<X>234</X>
			<Y>410</Y>
		</point>
		<point>
			<X>234</X>
			<Y>410</Y>
		</point>
		<point>
			<X>230</X>
			<Y>415</Y>
		</point>
		<point>
			<X>230</X>
			<Y>415</Y>
		</point>
		<point>
			<X>228</X>
			<Y>418</Y>
		</point>
		<point>
			<X>225</X>
			<Y>422</Y>
		</point>
		<point>
			<X>225</X>
			<Y>422</Y>
		</point>
		<point>
			<X>221</X>
			<Y>425</Y>
		</point>
		<point>
			<X>221</X>
			<Y>425</Y>
		</point>
		<point>
			<X>216</X>
			<Y>433</Y>
		</point>
		<point>
			<X>216</X>
			<Y>433</Y>
		</point>
		<point>
			<X>215</X>
			<Y>435</Y>
		</point>
		<point>
			<X>215</X>
			<Y>435</Y>
		</point>
		<point>
			<X>212</X>
			<Y>438</Y>
		</point>
		<point>
			<X>212</X>
			<Y>438</Y>
		</point>
		<point>
			<X>210</X>
			<Y>440</Y>
		</point>
		<point>
			<X>209</X>
			<Y>442</Y>
		</point>
		<point>
			<X>209</X>
			<Y>442</Y>
		</point>
		<point>
			<X>206</X>
			<Y>443</Y>
		</point>
		<point>
			<X>206</X>
			<Y>443</Y>
		</point>
		<point>
			<X>206</X>
			<Y>443</Y>
		</point>
		<point>
			<X>205</X>
			<Y>445</Y>
		</point>
		<point>
			<X>205</X>
			<Y>445</Y>
		</point>
		<point>
			<X>202</X>
			<Y>445</Y>
		</point>
		<point>
			<X>202</X>
			<Y>445</Y>
		</point>
		<point>
			<X>201</X>
			<Y>445</Y>
		</point>
		<point>
			<X>201</X>
			<Y>445</Y>
		</point>
		<point>
			<X>200</X>
			<Y>447</Y>
		</point>
		<point>
			<X>196</X>
			<Y>448</Y>
		</point>
		<point>
			<X>192</X>
			<Y>448</Y>
		</point>
		<point>
			<X>192</X>
			<Y>448</Y>
		</point>
		<point>
			<X>187</X>
			<Y>448</Y>
		</point>
		<point>
			<X>187</X>
			<Y>448</Y>
		</point>
		<point>
			<X>177</X>
			<Y>451</Y>
		</point>
		<point>
			<X>177</X>
			<Y>451</Y>
		</point>
		<point>
			<X>170</X>
			<Y>451</Y>
		</point>
		<point>
			<X>165</X>
			<Y>451</Y>
		</point>
		<point>
			<X>165</X>
			<Y>451</Y>
		</point>
		<point>
			<X>162</X>
			<Y>451</Y>
		</point>
		<point>
			<X>162</X>
			<Y>451</Y>
		</point>
		<point>
			<X>160</X>
			<Y>451</Y>
		</point>
		<point>
			<X>157</X>
			<Y>451</Y>
		</point>
		<point>
			<X>155</X>
			<Y>448</Y>
		</point>
		<point>
			<X>155</X>
			<Y>448</Y>
		</point>
		<point>
			<X>152</X>
			<Y>448</Y>
		</point>
		<point>
			<X>152</X>
			<Y>448</Y>
		</point>
		<point>
			<X>152</X>
			<Y>448</Y>
		</point>
		<point>
			<X>152</X>
			<Y>448</Y>
		</point>
		<point>
			<X>144</X>
			<Y>440</Y>
		</point>
		<point>
			<X>144</X>
			<Y>440</Y>
		</point>
		<point>
			<X>141</X>
			<Y>437</Y>
		</point>
		<point>
			<X>141</X>
			<Y>437</Y>
		</point>
		<point>
			<X>138</X>
			<Y>435</Y>
		</point>
		<point>
			<X>137</X>
			<Y>433</Y>
		</point>
		<point>
			<X>137</X>
			<Y>433</Y>
		</point>
		<point>
			<X>135</X>
			<Y>430</Y>
		</point>
		<point>
			<X>135</X>
			<Y>430</Y>
		</point>
		<point>
			<X>133</X>
			<Y>430</Y>
		</point>
		<point>
			<X>133</X>
			<Y>430</Y>
		</point>
		<point>
			<X>132</X>
			<Y>428</Y>
		</point>
		<point>
			<X>132</X>
			<Y>428</Y>
		</point>
		<point>
			<X>130</X>
			<Y>427</Y>
		</point>
		<point>
			<X>130</X>
			<Y>425</Y>
		</point>
		<point>
			<X>130</X>
			<Y>425</Y>
		</point>
		<point>
			<X>127</X>
			<Y>423</Y>
		</point>
		<point>
			<X>124</X>
			<Y>420</Y>
		</point>
		<point>
			<X>124</X>
			<Y>418</Y>
		</point>
		<point>
			<X>124</X>
			<Y>418</Y>
		</point>
		<point>
			<X>124</X>
			<Y>417</Y>
		</point>
		<point>
			<X>124</X>
			<Y>417</Y>
		</point>
		<point>
			<X>123</X>
			<Y>415</Y>
		</point>
		<point>
			<X>123</X>
			<Y>415</Y>
		</point>
		<point>
			<X>122</X>
			<Y>413</Y>
		</point>
		<point>
			<X>122</X>
			<Y>413</Y>
		</point>
		<point>
			<X>122</X>
			<Y>413</Y>
		</point>
	</polygon>
</annotation>