<annotation>
	<folder>anno</folder>
	<filename>2010_003222.jpg</filename>
	<source>
		<database>The anno Database</database>
		<annotation>VC anno</annotation>
		<image>Unknow</image>
		<flickrid>Unknow</flickrid>
	</source>
	<owner>
		<flickrid>Unknow</flickrid>
		<name>Unknow</name>
	</owner>
	<size>
		<width>500</width>
		<height>375</height>
		<depth>3</depth>
	</size>
	<segmented>1</segmented>
	<polygon>
		<tag>background</tag>
		<point>
			<X>460</X>
			<Y>39</Y>
		</point>
		<point>
			<X>453</X>
			<Y>39</Y>
		</point>
		<point>
			<X>453</X>
			<Y>39</Y>
		</point>
		<point>
			<X>431</X>
			<Y>36</Y>
		</point>
		<point>
			<X>431</X>
			<Y>36</Y>
		</point>
		<point>
			<X>409</X>
			<Y>36</Y>
		</point>
		<point>
			<X>409</X>
			<Y>36</Y>
		</point>
		<point>
			<X>384</X>
			<Y>33</Y>
		</point>
		<point>
			<X>384</X>
			<Y>33</Y>
		</point>
		<point>
			<X>358</X>
			<Y>30</Y>
		</point>
		<point>
			<X>358</X>
			<Y>30</Y>
		</point>
		<point>
			<X>336</X>
			<Y>30</Y>
		</point>
		<point>
			<X>336</X>
			<Y>30</Y>
		</point>
		<point>
			<X>315</X>
			<Y>26</Y>
		</point>
		<point>
			<X>315</X>
			<Y>26</Y>
		</point>
		<point>
			<X>306</X>
			<Y>26</Y>
		</point>
		<point>
			<X>306</X>
			<Y>26</Y>
		</point>
		<point>
			<X>302</X>
			<Y>26</Y>
		</point>
		<point>
			<X>302</X>
			<Y>26</Y>
		</point>
		<point>
			<X>300</X>
			<Y>26</Y>
		</point>
		<point>
			<X>300</X>
			<Y>26</Y>
		</point>
		<point>
			<X>300</X>
			<Y>26</Y>
		</point>
		<point>
			<X>300</X>
			<Y>26</Y>
		</point>
		<point>
			<X>299</X>
			<Y>26</Y>
		</point>
		<point>
			<X>299</X>
			<Y>26</Y>
		</point>
		<point>
			<X>293</X>
			<Y>26</Y>
		</point>
		<point>
			<X>293</X>
			<Y>26</Y>
		</point>
		<point>
			<X>280</X>
			<Y>26</Y>
		</point>
		<point>
			<X>280</X>
			<Y>26</Y>
		</point>
		<point>
			<X>268</X>
			<Y>23</Y>
		</point>
		<point>
			<X>268</X>
			<Y>23</Y>
		</point>
		<point>
			<X>258</X>
			<Y>21</Y>
		</point>
		<point>
			<X>258</X>
			<Y>21</Y>
		</point>
		<point>
			<X>245</X>
			<Y>20</Y>
		</point>
		<point>
			<X>245</X>
			<Y>20</Y>
		</point>
		<point>
			<X>233</X>
			<Y>20</Y>
		</point>
		<point>
			<X>233</X>
			<Y>20</Y>
		</point>
		<point>
			<X>221</X>
			<Y>20</Y>
		</point>
		<point>
			<X>221</X>
			<Y>20</Y>
		</point>
		<point>
			<X>215</X>
			<Y>20</Y>
		</point>
		<point>
			<X>215</X>
			<Y>20</Y>
		</point>
		<point>
			<X>210</X>
			<Y>20</Y>
		</point>
		<point>
			<X>210</X>
			<Y>20</Y>
		</point>
		<point>
			<X>203</X>
			<Y>20</Y>
		</point>
		<point>
			<X>203</X>
			<Y>20</Y>
		</point>
		<point>
			<X>200</X>
			<Y>20</Y>
		</point>
		<point>
			<X>200</X>
			<Y>20</Y>
		</point>
		<point>
			<X>194</X>
			<Y>20</Y>
		</point>
		<point>
			<X>194</X>
			<Y>20</Y>
		</point>
		<point>
			<X>191</X>
			<Y>20</Y>
		</point>
		<point>
			<X>191</X>
			<Y>20</Y>
		</point>
		<point>
			<X>186</X>
			<Y>20</Y>
		</point>
		<point>
			<X>186</X>
			<Y>20</Y>
		</point>
		<point>
			<X>181</X>
			<Y>20</Y>
		</point>
		<point>
			<X>181</X>
			<Y>20</Y>
		</point>
		<point>
			<X>176</X>
			<Y>20</Y>
		</point>
		<point>
			<X>176</X>
			<Y>20</Y>
		</point>
		<point>
			<X>170</X>
			<Y>20</Y>
		</point>
		<point>
			<X>170</X>
			<Y>20</Y>
		</point>
		<point>
			<X>161</X>
			<Y>20</Y>
		</point>
		<point>
			<X>161</X>
			<Y>20</Y>
		</point>
		<point>
			<X>153</X>
			<Y>20</Y>
		</point>
		<point>
			<X>153</X>
			<Y>20</Y>
		</point>
		<point>
			<X>142</X>
			<Y>23</Y>
		</point>
		<point>
			<X>142</X>
			<Y>23</Y>
		</point>
		<point>
			<X>136</X>
			<Y>26</Y>
		</point>
		<point>
			<X>136</X>
			<Y>26</Y>
		</point>
		<point>
			<X>127</X>
			<Y>28</Y>
		</point>
		<point>
			<X>127</X>
			<Y>28</Y>
		</point>
		<point>
			<X>120</X>
			<Y>31</Y>
		</point>
		<point>
			<X>120</X>
			<Y>31</Y>
		</point>
		<point>
			<X>115</X>
			<Y>32</Y>
		</point>
		<point>
			<X>115</X>
			<Y>32</Y>
		</point>
		<point>
			<X>112</X>
			<Y>33</Y>
		</point>
		<point>
			<X>112</X>
			<Y>33</Y>
		</point>
		<point>
			<X>109</X>
			<Y>33</Y>
		</point>
		<point>
			<X>109</X>
			<Y>33</Y>
		</point>
		<point>
			<X>107</X>
			<Y>34</Y>
		</point>
		<point>
			<X>107</X>
			<Y>34</Y>
		</point>
		<point>
			<X>105</X>
			<Y>35</Y>
		</point>
		<point>
			<X>105</X>
			<Y>35</Y>
		</point>
		<point>
			<X>103</X>
			<Y>35</Y>
		</point>
		<point>
			<X>103</X>
			<Y>35</Y>
		</point>
		<point>
			<X>100</X>
			<Y>37</Y>
		</point>
		<point>
			<X>100</X>
			<Y>37</Y>
		</point>
		<point>
			<X>99</X>
			<Y>38</Y>
		</point>
		<point>
			<X>99</X>
			<Y>38</Y>
		</point>
		<point>
			<X>97</X>
			<Y>39</Y>
		</point>
		<point>
			<X>97</X>
			<Y>39</Y>
		</point>
		<point>
			<X>93</X>
			<Y>41</Y>
		</point>
		<point>
			<X>93</X>
			<Y>41</Y>
		</point>
		<point>
			<X>90</X>
			<Y>42</Y>
		</point>
		<point>
			<X>90</X>
			<Y>42</Y>
		</point>
		<point>
			<X>85</X>
			<Y>45</Y>
		</point>
		<point>
			<X>85</X>
			<Y>45</Y>
		</point>
		<point>
			<X>84</X>
			<Y>46</Y>
		</point>
		<point>
			<X>84</X>
			<Y>46</Y>
		</point>
		<point>
			<X>82</X>
			<Y>47</Y>
		</point>
		<point>
			<X>82</X>
			<Y>47</Y>
		</point>
		<point>
			<X>80</X>
			<Y>48</Y>
		</point>
		<point>
			<X>80</X>
			<Y>48</Y>
		</point>
		<point>
			<X>80</X>
			<Y>49</Y>
		</point>
		<point>
			<X>80</X>
			<Y>49</Y>
		</point>
		<point>
			<X>80</X>
			<Y>50</Y>
		</point>
		<point>
			<X>80</X>
			<Y>50</Y>
		</point>
		<point>
			<X>80</X>
			<Y>52</Y>
		</point>
		<point>
			<X>80</X>
			<Y>52</Y>
		</point>
		<point>
			<X>77</X>
			<Y>54</Y>
		</point>
		<point>
			<X>77</X>
			<Y>54</Y>
		</point>
		<point>
			<X>77</X>
			<Y>56</Y>
		</point>
		<point>
			<X>77</X>
			<Y>56</Y>
		</point>
		<point>
			<X>77</X>
			<Y>57</Y>
		</point>
		<point>
			<X>77</X>
			<Y>57</Y>
		</point>
		<point>
			<X>77</X>
			<Y>60</Y>
		</point>
		<point>
			<X>77</X>
			<Y>60</Y>
		</point>
		<point>
			<X>75</X>
			<Y>61</Y>
		</point>
		<point>
			<X>75</X>
			<Y>61</Y>
		</point>
		<point>
			<X>73</X>
			<Y>65</Y>
		</point>
		<point>
			<X>73</X>
			<Y>65</Y>
		</point>
		<point>
			<X>71</X>
			<Y>67</Y>
		</point>
		<point>
			<X>71</X>
			<Y>67</Y>
		</point>
		<point>
			<X>70</X>
			<Y>70</Y>
		</point>
		<point>
			<X>70</X>
			<Y>70</Y>
		</point>
		<point>
			<X>69</X>
			<Y>73</Y>
		</point>
		<point>
			<X>69</X>
			<Y>73</Y>
		</point>
		<point>
			<X>66</X>
			<Y>76</Y>
		</point>
		<point>
			<X>66</X>
			<Y>76</Y>
		</point>
		<point>
			<X>64</X>
			<Y>80</Y>
		</point>
		<point>
			<X>64</X>
			<Y>80</Y>
		</point>
		<point>
			<X>62</X>
			<Y>80</Y>
		</point>
		<point>
			<X>62</X>
			<Y>80</Y>
		</point>
		<point>
			<X>61</X>
			<Y>82</Y>
		</point>
		<point>
			<X>61</X>
			<Y>82</Y>
		</point>
		<point>
			<X>60</X>
			<Y>85</Y>
		</point>
		<point>
			<X>60</X>
			<Y>85</Y>
		</point>
		<point>
			<X>60</X>
			<Y>85</Y>
		</point>
		<point>
			<X>60</X>
			<Y>85</Y>
		</point>
		<point>
			<X>59</X>
			<Y>87</Y>
		</point>
		<point>
			<X>59</X>
			<Y>87</Y>
		</point>
		<point>
			<X>59</X>
			<Y>89</Y>
		</point>
		<point>
			<X>59</X>
			<Y>89</Y>
		</point>
		<point>
			<X>59</X>
			<Y>90</Y>
		</point>
		<point>
			<X>59</X>
			<Y>90</Y>
		</point>
		<point>
			<X>59</X>
			<Y>92</Y>
		</point>
		<point>
			<X>59</X>
			<Y>92</Y>
		</point>
		<point>
			<X>59</X>
			<Y>94</Y>
		</point>
		<point>
			<X>59</X>
			<Y>94</Y>
		</point>
		<point>
			<X>57</X>
			<Y>96</Y>
		</point>
		<point>
			<X>57</X>
			<Y>96</Y>
		</point>
		<point>
			<X>57</X>
			<Y>99</Y>
		</point>
		<point>
			<X>57</X>
			<Y>99</Y>
		</point>
		<point>
			<X>56</X>
			<Y>102</Y>
		</point>
		<point>
			<X>56</X>
			<Y>102</Y>
		</point>
		<point>
			<X>56</X>
			<Y>104</Y>
		</point>
		<point>
			<X>56</X>
			<Y>104</Y>
		</point>
		<point>
			<X>56</X>
			<Y>106</Y>
		</point>
		<point>
			<X>56</X>
			<Y>106</Y>
		</point>
		<point>
			<X>55</X>
			<Y>109</Y>
		</point>
		<point>
			<X>55</X>
			<Y>109</Y>
		</point>
		<point>
			<X>55</X>
			<Y>113</Y>
		</point>
		<point>
			<X>55</X>
			<Y>113</Y>
		</point>
		<point>
			<X>55</X>
			<Y>115</Y>
		</point>
		<point>
			<X>55</X>
			<Y>115</Y>
		</point>
		<point>
			<X>55</X>
			<Y>115</Y>
		</point>
		<point>
			<X>55</X>
			<Y>115</Y>
		</point>
		<point>
			<X>55</X>
			<Y>118</Y>
		</point>
		<point>
			<X>55</X>
			<Y>118</Y>
		</point>
		<point>
			<X>53</X>
			<Y>120</Y>
		</point>
		<point>
			<X>53</X>
			<Y>120</Y>
		</point>
		<point>
			<X>53</X>
			<Y>120</Y>
		</point>
		<point>
			<X>53</X>
			<Y>120</Y>
		</point>
		<point>
			<X>53</X>
			<Y>122</Y>
		</point>
		<point>
			<X>53</X>
			<Y>122</Y>
		</point>
		<point>
			<X>53</X>
			<Y>125</Y>
		</point>
		<point>
			<X>53</X>
			<Y>125</Y>
		</point>
		<point>
			<X>53</X>
			<Y>127</Y>
		</point>
		<point>
			<X>53</X>
			<Y>127</Y>
		</point>
		<point>
			<X>53</X>
			<Y>129</Y>
		</point>
		<point>
			<X>53</X>
			<Y>129</Y>
		</point>
		<point>
			<X>53</X>
			<Y>133</Y>
		</point>
		<point>
			<X>53</X>
			<Y>133</Y>
		</point>
		<point>
			<X>53</X>
			<Y>134</Y>
		</point>
		<point>
			<X>53</X>
			<Y>134</Y>
		</point>
		<point>
			<X>53</X>
			<Y>135</Y>
		</point>
		<point>
			<X>53</X>
			<Y>135</Y>
		</point>
		<point>
			<X>53</X>
			<Y>139</Y>
		</point>
		<point>
			<X>53</X>
			<Y>139</Y>
		</point>
		<point>
			<X>53</X>
			<Y>141</Y>
		</point>
		<point>
			<X>53</X>
			<Y>141</Y>
		</point>
		<point>
			<X>53</X>
			<Y>144</Y>
		</point>
		<point>
			<X>53</X>
			<Y>144</Y>
		</point>
		<point>
			<X>53</X>
			<Y>146</Y>
		</point>
		<point>
			<X>53</X>
			<Y>146</Y>
		</point>
		<point>
			<X>53</X>
			<Y>148</Y>
		</point>
		<point>
			<X>53</X>
			<Y>148</Y>
		</point>
		<point>
			<X>53</X>
			<Y>150</Y>
		</point>
		<point>
			<X>53</X>
			<Y>150</Y>
		</point>
		<point>
			<X>53</X>
			<Y>151</Y>
		</point>
		<point>
			<X>53</X>
			<Y>151</Y>
		</point>
		<point>
			<X>53</X>
			<Y>153</Y>
		</point>
		<point>
			<X>53</X>
			<Y>153</Y>
		</point>
		<point>
			<X>53</X>
			<Y>157</Y>
		</point>
		<point>
			<X>53</X>
			<Y>157</Y>
		</point>
		<point>
			<X>53</X>
			<Y>158</Y>
		</point>
		<point>
			<X>53</X>
			<Y>158</Y>
		</point>
		<point>
			<X>53</X>
			<Y>160</Y>
		</point>
		<point>
			<X>53</X>
			<Y>160</Y>
		</point>
		<point>
			<X>53</X>
			<Y>161</Y>
		</point>
		<point>
			<X>53</X>
			<Y>161</Y>
		</point>
		<point>
			<X>53</X>
			<Y>163</Y>
		</point>
		<point>
			<X>53</X>
			<Y>163</Y>
		</point>
		<point>
			<X>53</X>
			<Y>166</Y>
		</point>
		<point>
			<X>53</X>
			<Y>166</Y>
		</point>
		<point>
			<X>53</X>
			<Y>169</Y>
		</point>
		<point>
			<X>53</X>
			<Y>169</Y>
		</point>
		<point>
			<X>53</X>
			<Y>171</Y>
		</point>
		<point>
			<X>53</X>
			<Y>171</Y>
		</point>
		<point>
			<X>53</X>
			<Y>175</Y>
		</point>
		<point>
			<X>53</X>
			<Y>175</Y>
		</point>
		<point>
			<X>53</X>
			<Y>178</Y>
		</point>
		<point>
			<X>53</X>
			<Y>178</Y>
		</point>
		<point>
			<X>53</X>
			<Y>180</Y>
		</point>
		<point>
			<X>53</X>
			<Y>184</Y>
		</point>
		<point>
			<X>53</X>
			<Y>184</Y>
		</point>
		<point>
			<X>53</X>
			<Y>186</Y>
		</point>
		<point>
			<X>53</X>
			<Y>186</Y>
		</point>
		<point>
			<X>53</X>
			<Y>191</Y>
		</point>
		<point>
			<X>53</X>
			<Y>191</Y>
		</point>
		<point>
			<X>53</X>
			<Y>195</Y>
		</point>
		<point>
			<X>53</X>
			<Y>195</Y>
		</point>
		<point>
			<X>53</X>
			<Y>199</Y>
		</point>
		<point>
			<X>53</X>
			<Y>199</Y>
		</point>
		<point>
			<X>53</X>
			<Y>202</Y>
		</point>
		<point>
			<X>53</X>
			<Y>202</Y>
		</point>
		<point>
			<X>53</X>
			<Y>204</Y>
		</point>
		<point>
			<X>53</X>
			<Y>204</Y>
		</point>
		<point>
			<X>53</X>
			<Y>206</Y>
		</point>
		<point>
			<X>53</X>
			<Y>206</Y>
		</point>
		<point>
			<X>53</X>
			<Y>209</Y>
		</point>
		<point>
			<X>53</X>
			<Y>209</Y>
		</point>
		<point>
			<X>53</X>
			<Y>212</Y>
		</point>
		<point>
			<X>53</X>
			<Y>212</Y>
		</point>
		<point>
			<X>53</X>
			<Y>216</Y>
		</point>
		<point>
			<X>53</X>
			<Y>216</Y>
		</point>
		<point>
			<X>53</X>
			<Y>217</Y>
		</point>
		<point>
			<X>53</X>
			<Y>217</Y>
		</point>
		<point>
			<X>53</X>
			<Y>220</Y>
		</point>
		<point>
			<X>53</X>
			<Y>220</Y>
		</point>
		<point>
			<X>53</X>
			<Y>222</Y>
		</point>
		<point>
			<X>53</X>
			<Y>222</Y>
		</point>
		<point>
			<X>55</X>
			<Y>224</Y>
		</point>
		<point>
			<X>55</X>
			<Y>224</Y>
		</point>
		<point>
			<X>56</X>
			<Y>226</Y>
		</point>
		<point>
			<X>56</X>
			<Y>226</Y>
		</point>
		<point>
			<X>57</X>
			<Y>228</Y>
		</point>
		<point>
			<X>57</X>
			<Y>228</Y>
		</point>
		<point>
			<X>57</X>
			<Y>231</Y>
		</point>
		<point>
			<X>57</X>
			<Y>231</Y>
		</point>
		<point>
			<X>59</X>
			<Y>234</Y>
		</point>
		<point>
			<X>59</X>
			<Y>234</Y>
		</point>
		<point>
			<X>60</X>
			<Y>236</Y>
		</point>
		<point>
			<X>60</X>
			<Y>236</Y>
		</point>
		<point>
			<X>62</X>
			<Y>241</Y>
		</point>
		<point>
			<X>62</X>
			<Y>241</Y>
		</point>
		<point>
			<X>64</X>
			<Y>244</Y>
		</point>
		<point>
			<X>64</X>
			<Y>244</Y>
		</point>
		<point>
			<X>65</X>
			<Y>246</Y>
		</point>
		<point>
			<X>65</X>
			<Y>246</Y>
		</point>
		<point>
			<X>66</X>
			<Y>248</Y>
		</point>
		<point>
			<X>66</X>
			<Y>248</Y>
		</point>
		<point>
			<X>67</X>
			<Y>251</Y>
		</point>
		<point>
			<X>67</X>
			<Y>251</Y>
		</point>
		<point>
			<X>68</X>
			<Y>253</Y>
		</point>
		<point>
			<X>68</X>
			<Y>253</Y>
		</point>
		<point>
			<X>69</X>
			<Y>255</Y>
		</point>
		<point>
			<X>69</X>
			<Y>255</Y>
		</point>
		<point>
			<X>71</X>
			<Y>258</Y>
		</point>
		<point>
			<X>71</X>
			<Y>258</Y>
		</point>
		<point>
			<X>72</X>
			<Y>259</Y>
		</point>
		<point>
			<X>72</X>
			<Y>259</Y>
		</point>
		<point>
			<X>74</X>
			<Y>260</Y>
		</point>
		<point>
			<X>74</X>
			<Y>260</Y>
		</point>
		<point>
			<X>75</X>
			<Y>262</Y>
		</point>
		<point>
			<X>75</X>
			<Y>262</Y>
		</point>
		<point>
			<X>77</X>
			<Y>265</Y>
		</point>
		<point>
			<X>77</X>
			<Y>265</Y>
		</point>
		<point>
			<X>79</X>
			<Y>266</Y>
		</point>
		<point>
			<X>79</X>
			<Y>266</Y>
		</point>
		<point>
			<X>80</X>
			<Y>267</Y>
		</point>
		<point>
			<X>80</X>
			<Y>267</Y>
		</point>
		<point>
			<X>80</X>
			<Y>269</Y>
		</point>
		<point>
			<X>80</X>
			<Y>269</Y>
		</point>
		<point>
			<X>83</X>
			<Y>271</Y>
		</point>
		<point>
			<X>83</X>
			<Y>271</Y>
		</point>
		<point>
			<X>85</X>
			<Y>273</Y>
		</point>
		<point>
			<X>85</X>
			<Y>273</Y>
		</point>
		<point>
			<X>89</X>
			<Y>276</Y>
		</point>
		<point>
			<X>89</X>
			<Y>276</Y>
		</point>
		<point>
			<X>92</X>
			<Y>277</Y>
		</point>
		<point>
			<X>92</X>
			<Y>277</Y>
		</point>
		<point>
			<X>94</X>
			<Y>280</Y>
		</point>
		<point>
			<X>94</X>
			<Y>280</Y>
		</point>
		<point>
			<X>96</X>
			<Y>282</Y>
		</point>
		<point>
			<X>96</X>
			<Y>282</Y>
		</point>
		<point>
			<X>99</X>
			<Y>283</Y>
		</point>
		<point>
			<X>99</X>
			<Y>283</Y>
		</point>
		<point>
			<X>100</X>
			<Y>285</Y>
		</point>
		<point>
			<X>100</X>
			<Y>285</Y>
		</point>
		<point>
			<X>103</X>
			<Y>286</Y>
		</point>
		<point>
			<X>103</X>
			<Y>286</Y>
		</point>
		<point>
			<X>105</X>
			<Y>289</Y>
		</point>
		<point>
			<X>106</X>
			<Y>290</Y>
		</point>
		<point>
			<X>106</X>
			<Y>290</Y>
		</point>
		<point>
			<X>110</X>
			<Y>292</Y>
		</point>
		<point>
			<X>110</X>
			<Y>292</Y>
		</point>
		<point>
			<X>113</X>
			<Y>295</Y>
		</point>
		<point>
			<X>113</X>
			<Y>295</Y>
		</point>
		<point>
			<X>115</X>
			<Y>297</Y>
		</point>
		<point>
			<X>115</X>
			<Y>297</Y>
		</point>
		<point>
			<X>117</X>
			<Y>299</Y>
		</point>
		<point>
			<X>117</X>
			<Y>299</Y>
		</point>
		<point>
			<X>120</X>
			<Y>300</Y>
		</point>
		<point>
			<X>120</X>
			<Y>300</Y>
		</point>
		<point>
			<X>122</X>
			<Y>302</Y>
		</point>
		<point>
			<X>122</X>
			<Y>302</Y>
		</point>
		<point>
			<X>125</X>
			<Y>305</Y>
		</point>
		<point>
			<X>125</X>
			<Y>305</Y>
		</point>
		<point>
			<X>127</X>
			<Y>308</Y>
		</point>
		<point>
			<X>127</X>
			<Y>308</Y>
		</point>
		<point>
			<X>128</X>
			<Y>309</Y>
		</point>
		<point>
			<X>128</X>
			<Y>309</Y>
		</point>
		<point>
			<X>131</X>
			<Y>311</Y>
		</point>
		<point>
			<X>131</X>
			<Y>311</Y>
		</point>
		<point>
			<X>132</X>
			<Y>313</Y>
		</point>
		<point>
			<X>132</X>
			<Y>313</Y>
		</point>
		<point>
			<X>133</X>
			<Y>315</Y>
		</point>
		<point>
			<X>133</X>
			<Y>315</Y>
		</point>
		<point>
			<X>135</X>
			<Y>317</Y>
		</point>
		<point>
			<X>135</X>
			<Y>317</Y>
		</point>
		<point>
			<X>136</X>
			<Y>320</Y>
		</point>
		<point>
			<X>136</X>
			<Y>320</Y>
		</point>
		<point>
			<X>139</X>
			<Y>321</Y>
		</point>
		<point>
			<X>139</X>
			<Y>321</Y>
		</point>
		<point>
			<X>140</X>
			<Y>323</Y>
		</point>
		<point>
			<X>140</X>
			<Y>323</Y>
		</point>
		<point>
			<X>141</X>
			<Y>326</Y>
		</point>
		<point>
			<X>141</X>
			<Y>326</Y>
		</point>
		<point>
			<X>142</X>
			<Y>327</Y>
		</point>
		<point>
			<X>142</X>
			<Y>327</Y>
		</point>
		<point>
			<X>145</X>
			<Y>331</Y>
		</point>
		<point>
			<X>145</X>
			<Y>331</Y>
		</point>
		<point>
			<X>146</X>
			<Y>333</Y>
		</point>
		<point>
			<X>146</X>
			<Y>333</Y>
		</point>
		<point>
			<X>148</X>
			<Y>335</Y>
		</point>
		<point>
			<X>148</X>
			<Y>335</Y>
		</point>
		<point>
			<X>150</X>
			<Y>338</Y>
		</point>
		<point>
			<X>150</X>
			<Y>338</Y>
		</point>
		<point>
			<X>152</X>
			<Y>340</Y>
		</point>
		<point>
			<X>152</X>
			<Y>340</Y>
		</point>
		<point>
			<X>155</X>
			<Y>343</Y>
		</point>
		<point>
			<X>155</X>
			<Y>343</Y>
		</point>
		<point>
			<X>156</X>
			<Y>343</Y>
		</point>
		<point>
			<X>156</X>
			<Y>343</Y>
		</point>
		<point>
			<X>160</X>
			<Y>347</Y>
		</point>
		<point>
			<X>160</X>
			<Y>347</Y>
		</point>
		<point>
			<X>160</X>
			<Y>348</Y>
		</point>
		<point>
			<X>160</X>
			<Y>348</Y>
		</point>
		<point>
			<X>161</X>
			<Y>348</Y>
		</point>
		<point>
			<X>161</X>
			<Y>352</Y>
		</point>
		<point>
			<X>161</X>
			<Y>352</Y>
		</point>
		<point>
			<X>164</X>
			<Y>353</Y>
		</point>
		<point>
			<X>164</X>
			<Y>353</Y>
		</point>
		<point>
			<X>165</X>
			<Y>353</Y>
		</point>
		<point>
			<X>165</X>
			<Y>353</Y>
		</point>
		<point>
			<X>166</X>
			<Y>353</Y>
		</point>
		<point>
			<X>166</X>
			<Y>353</Y>
		</point>
		<point>
			<X>166</X>
			<Y>355</Y>
		</point>
		<point>
			<X>166</X>
			<Y>355</Y>
		</point>
	</polygon>
	<polygon>
		<tag>dog</tag>
		<point>
			<X>171</X>
			<Y>97</Y>
		</point>
		<point>
			<X>176</X>
			<Y>97</Y>
		</point>
		<point>
			<X>176</X>
			<Y>97</Y>
		</point>
		<point>
			<X>183</X>
			<Y>97</Y>
		</point>
		<point>
			<X>183</X>
			<Y>97</Y>
		</point>
		<point>
			<X>186</X>
			<Y>100</Y>
		</point>
		<point>
			<X>186</X>
			<Y>100</Y>
		</point>
		<point>
			<X>193</X>
			<Y>103</Y>
		</point>
		<point>
			<X>193</X>
			<Y>103</Y>
		</point>
		<point>
			<X>197</X>
			<Y>104</Y>
		</point>
		<point>
			<X>197</X>
			<Y>104</Y>
		</point>
		<point>
			<X>202</X>
			<Y>106</Y>
		</point>
		<point>
			<X>202</X>
			<Y>106</Y>
		</point>
		<point>
			<X>203</X>
			<Y>106</Y>
		</point>
		<point>
			<X>203</X>
			<Y>106</Y>
		</point>
		<point>
			<X>204</X>
			<Y>106</Y>
		</point>
		<point>
			<X>204</X>
			<Y>106</Y>
		</point>
		<point>
			<X>206</X>
			<Y>106</Y>
		</point>
		<point>
			<X>206</X>
			<Y>106</Y>
		</point>
		<point>
			<X>208</X>
			<Y>108</Y>
		</point>
		<point>
			<X>208</X>
			<Y>108</Y>
		</point>
		<point>
			<X>220</X>
			<Y>112</Y>
		</point>
		<point>
			<X>220</X>
			<Y>112</Y>
		</point>
		<point>
			<X>225</X>
			<Y>114</Y>
		</point>
		<point>
			<X>225</X>
			<Y>114</Y>
		</point>
		<point>
			<X>234</X>
			<Y>117</Y>
		</point>
		<point>
			<X>234</X>
			<Y>117</Y>
		</point>
		<point>
			<X>239</X>
			<Y>120</Y>
		</point>
		<point>
			<X>239</X>
			<Y>120</Y>
		</point>
		<point>
			<X>241</X>
			<Y>120</Y>
		</point>
		<point>
			<X>241</X>
			<Y>120</Y>
		</point>
		<point>
			<X>246</X>
			<Y>123</Y>
		</point>
		<point>
			<X>246</X>
			<Y>123</Y>
		</point>
		<point>
			<X>249</X>
			<Y>124</Y>
		</point>
		<point>
			<X>249</X>
			<Y>124</Y>
		</point>
		<point>
			<X>250</X>
			<Y>124</Y>
		</point>
		<point>
			<X>250</X>
			<Y>124</Y>
		</point>
		<point>
			<X>251</X>
			<Y>125</Y>
		</point>
		<point>
			<X>251</X>
			<Y>125</Y>
		</point>
		<point>
			<X>253</X>
			<Y>125</Y>
		</point>
		<point>
			<X>253</X>
			<Y>125</Y>
		</point>
		<point>
			<X>253</X>
			<Y>125</Y>
		</point>
		<point>
			<X>253</X>
			<Y>125</Y>
		</point>
		<point>
			<X>260</X>
			<Y>131</Y>
		</point>
		<point>
			<X>260</X>
			<Y>131</Y>
		</point>
		<point>
			<X>268</X>
			<Y>133</Y>
		</point>
		<point>
			<X>268</X>
			<Y>133</Y>
		</point>
		<point>
			<X>274</X>
			<Y>136</Y>
		</point>
		<point>
			<X>274</X>
			<Y>136</Y>
		</point>
		<point>
			<X>280</X>
			<Y>139</Y>
		</point>
		<point>
			<X>280</X>
			<Y>139</Y>
		</point>
		<point>
			<X>286</X>
			<Y>141</Y>
		</point>
		<point>
			<X>286</X>
			<Y>141</Y>
		</point>
		<point>
			<X>287</X>
			<Y>141</Y>
		</point>
		<point>
			<X>287</X>
			<Y>141</Y>
		</point>
		<point>
			<X>290</X>
			<Y>141</Y>
		</point>
		<point>
			<X>290</X>
			<Y>141</Y>
		</point>
		<point>
			<X>292</X>
			<Y>142</Y>
		</point>
		<point>
			<X>292</X>
			<Y>142</Y>
		</point>
		<point>
			<X>293</X>
			<Y>143</Y>
		</point>
		<point>
			<X>293</X>
			<Y>143</Y>
		</point>
		<point>
			<X>293</X>
			<Y>144</Y>
		</point>
		<point>
			<X>293</X>
			<Y>144</Y>
		</point>
		<point>
			<X>300</X>
			<Y>150</Y>
		</point>
		<point>
			<X>300</X>
			<Y>150</Y>
		</point>
		<point>
			<X>307</X>
			<Y>153</Y>
		</point>
		<point>
			<X>307</X>
			<Y>153</Y>
		</point>
		<point>
			<X>313</X>
			<Y>157</Y>
		</point>
		<point>
			<X>313</X>
			<Y>157</Y>
		</point>
		<point>
			<X>320</X>
			<Y>161</Y>
		</point>
		<point>
			<X>320</X>
			<Y>161</Y>
		</point>
		<point>
			<X>325</X>
			<Y>164</Y>
		</point>
		<point>
			<X>325</X>
			<Y>164</Y>
		</point>
		<point>
			<X>326</X>
			<Y>166</Y>
		</point>
		<point>
			<X>326</X>
			<Y>166</Y>
		</point>
		<point>
			<X>330</X>
			<Y>168</Y>
		</point>
		<point>
			<X>330</X>
			<Y>168</Y>
		</point>
		<point>
			<X>332</X>
			<Y>169</Y>
		</point>
		<point>
			<X>332</X>
			<Y>169</Y>
		</point>
		<point>
			<X>333</X>
			<Y>171</Y>
		</point>
		<point>
			<X>333</X>
			<Y>171</Y>
		</point>
		<point>
			<X>333</X>
			<Y>171</Y>
		</point>
		<point>
			<X>333</X>
			<Y>171</Y>
		</point>
		<point>
			<X>335</X>
			<Y>171</Y>
		</point>
		<point>
			<X>335</X>
			<Y>171</Y>
		</point>
		<point>
			<X>343</X>
			<Y>176</Y>
		</point>
		<point>
			<X>343</X>
			<Y>176</Y>
		</point>
		<point>
			<X>351</X>
			<Y>181</Y>
		</point>
		<point>
			<X>351</X>
			<Y>181</Y>
		</point>
		<point>
			<X>358</X>
			<Y>191</Y>
		</point>
		<point>
			<X>358</X>
			<Y>191</Y>
		</point>
		<point>
			<X>363</X>
			<Y>195</Y>
		</point>
		<point>
			<X>363</X>
			<Y>195</Y>
		</point>
		<point>
			<X>371</X>
			<Y>200</Y>
		</point>
		<point>
			<X>371</X>
			<Y>200</Y>
		</point>
		<point>
			<X>372</X>
			<Y>202</Y>
		</point>
		<point>
			<X>372</X>
			<Y>202</Y>
		</point>
		<point>
			<X>373</X>
			<Y>204</Y>
		</point>
		<point>
			<X>373</X>
			<Y>204</Y>
		</point>
		<point>
			<X>373</X>
			<Y>205</Y>
		</point>
		<point>
			<X>373</X>
			<Y>205</Y>
		</point>
		<point>
			<X>375</X>
			<Y>206</Y>
		</point>
		<point>
			<X>375</X>
			<Y>206</Y>
		</point>
		<point>
			<X>376</X>
			<Y>206</Y>
		</point>
		<point>
			<X>376</X>
			<Y>206</Y>
		</point>
		<point>
			<X>376</X>
			<Y>207</Y>
		</point>
		<point>
			<X>376</X>
			<Y>207</Y>
		</point>
		<point>
			<X>376</X>
			<Y>210</Y>
		</point>
		<point>
			<X>376</X>
			<Y>210</Y>
		</point>
		<point>
			<X>380</X>
			<Y>219</Y>
		</point>
		<point>
			<X>380</X>
			<Y>219</Y>
		</point>
		<point>
			<X>384</X>
			<Y>226</Y>
		</point>
		<point>
			<X>384</X>
			<Y>226</Y>
		</point>
		<point>
			<X>387</X>
			<Y>228</Y>
		</point>
		<point>
			<X>387</X>
			<Y>228</Y>
		</point>
		<point>
			<X>390</X>
			<Y>231</Y>
		</point>
		<point>
			<X>390</X>
			<Y>231</Y>
		</point>
		<point>
			<X>392</X>
			<Y>233</Y>
		</point>
		<point>
			<X>392</X>
			<Y>233</Y>
		</point>
		<point>
			<X>394</X>
			<Y>235</Y>
		</point>
		<point>
			<X>394</X>
			<Y>235</Y>
		</point>
		<point>
			<X>396</X>
			<Y>236</Y>
		</point>
		<point>
			<X>396</X>
			<Y>236</Y>
		</point>
		<point>
			<X>398</X>
			<Y>239</Y>
		</point>
		<point>
			<X>398</X>
			<Y>239</Y>
		</point>
		<point>
			<X>398</X>
			<Y>240</Y>
		</point>
		<point>
			<X>398</X>
			<Y>240</Y>
		</point>
		<point>
			<X>399</X>
			<Y>240</Y>
		</point>
		<point>
			<X>399</X>
			<Y>240</Y>
		</point>
		<point>
			<X>400</X>
			<Y>241</Y>
		</point>
		<point>
			<X>400</X>
			<Y>241</Y>
		</point>
		<point>
			<X>400</X>
			<Y>241</Y>
		</point>
		<point>
			<X>400</X>
			<Y>241</Y>
		</point>
		<point>
			<X>402</X>
			<Y>243</Y>
		</point>
		<point>
			<X>402</X>
			<Y>243</Y>
		</point>
		<point>
			<X>403</X>
			<Y>245</Y>
		</point>
		<point>
			<X>403</X>
			<Y>245</Y>
		</point>
		<point>
			<X>405</X>
			<Y>246</Y>
		</point>
		<point>
			<X>405</X>
			<Y>246</Y>
		</point>
		<point>
			<X>405</X>
			<Y>246</Y>
		</point>
		<point>
			<X>405</X>
			<Y>246</Y>
		</point>
		<point>
			<X>406</X>
			<Y>248</Y>
		</point>
		<point>
			<X>406</X>
			<Y>248</Y>
		</point>
		<point>
			<X>409</X>
			<Y>250</Y>
		</point>
		<point>
			<X>409</X>
			<Y>250</Y>
		</point>
		<point>
			<X>410</X>
			<Y>253</Y>
		</point>
		<point>
			<X>410</X>
			<Y>253</Y>
		</point>
		<point>
			<X>411</X>
			<Y>253</Y>
		</point>
		<point>
			<X>411</X>
			<Y>253</Y>
		</point>
		<point>
			<X>411</X>
			<Y>254</Y>
		</point>
		<point>
			<X>411</X>
			<Y>254</Y>
		</point>
		<point>
			<X>413</X>
			<Y>256</Y>
		</point>
		<point>
			<X>413</X>
			<Y>256</Y>
		</point>
		<point>
			<X>413</X>
			<Y>257</Y>
		</point>
		<point>
			<X>413</X>
			<Y>257</Y>
		</point>
		<point>
			<X>413</X>
			<Y>259</Y>
		</point>
		<point>
			<X>413</X>
			<Y>259</Y>
		</point>
		<point>
			<X>414</X>
			<Y>259</Y>
		</point>
		<point>
			<X>414</X>
			<Y>259</Y>
		</point>
		<point>
			<X>415</X>
			<Y>260</Y>
		</point>
		<point>
			<X>415</X>
			<Y>260</Y>
		</point>
		<point>
			<X>416</X>
			<Y>262</Y>
		</point>
		<point>
			<X>416</X>
			<Y>262</Y>
		</point>
		<point>
			<X>417</X>
			<Y>266</Y>
		</point>
		<point>
			<X>417</X>
			<Y>266</Y>
		</point>
		<point>
			<X>418</X>
			<Y>266</Y>
		</point>
		<point>
			<X>419</X>
			<Y>267</Y>
		</point>
		<point>
			<X>419</X>
			<Y>267</Y>
		</point>
		<point>
			<X>420</X>
			<Y>268</Y>
		</point>
		<point>
			<X>420</X>
			<Y>268</Y>
		</point>
		<point>
			<X>420</X>
			<Y>271</Y>
		</point>
		<point>
			<X>420</X>
			<Y>271</Y>
		</point>
		<point>
			<X>422</X>
			<Y>273</Y>
		</point>
		<point>
			<X>422</X>
			<Y>273</Y>
		</point>
		<point>
			<X>423</X>
			<Y>275</Y>
		</point>
		<point>
			<X>423</X>
			<Y>275</Y>
		</point>
		<point>
			<X>424</X>
			<Y>278</Y>
		</point>
		<point>
			<X>424</X>
			<Y>278</Y>
		</point>
		<point>
			<X>425</X>
			<Y>280</Y>
		</point>
		<point>
			<X>425</X>
			<Y>280</Y>
		</point>
		<point>
			<X>426</X>
			<Y>280</Y>
		</point>
		<point>
			<X>426</X>
			<Y>280</Y>
		</point>
		<point>
			<X>426</X>
			<Y>283</Y>
		</point>
		<point>
			<X>426</X>
			<Y>283</Y>
		</point>
		<point>
			<X>427</X>
			<Y>285</Y>
		</point>
		<point>
			<X>427</X>
			<Y>285</Y>
		</point>
		<point>
			<X>428</X>
			<Y>286</Y>
		</point>
		<point>
			<X>428</X>
			<Y>286</Y>
		</point>
		<point>
			<X>429</X>
			<Y>288</Y>
		</point>
		<point>
			<X>429</X>
			<Y>288</Y>
		</point>
		<point>
			<X>429</X>
			<Y>290</Y>
		</point>
		<point>
			<X>429</X>
			<Y>290</Y>
		</point>
		<point>
			<X>430</X>
			<Y>291</Y>
		</point>
		<point>
			<X>430</X>
			<Y>291</Y>
		</point>
		<point>
			<X>430</X>
			<Y>293</Y>
		</point>
		<point>
			<X>430</X>
			<Y>293</Y>
		</point>
		<point>
			<X>430</X>
			<Y>293</Y>
		</point>
		<point>
			<X>430</X>
			<Y>293</Y>
		</point>
		<point>
			<X>432</X>
			<Y>294</Y>
		</point>
		<point>
			<X>432</X>
			<Y>294</Y>
		</point>
		<point>
			<X>432</X>
			<Y>295</Y>
		</point>
		<point>
			<X>432</X>
			<Y>295</Y>
		</point>
		<point>
			<X>432</X>
			<Y>298</Y>
		</point>
		<point>
			<X>432</X>
			<Y>298</Y>
		</point>
		<point>
			<X>433</X>
			<Y>300</Y>
		</point>
		<point>
			<X>433</X>
			<Y>300</Y>
		</point>
		<point>
			<X>433</X>
			<Y>303</Y>
		</point>
		<point>
			<X>433</X>
			<Y>303</Y>
		</point>
		<point>
			<X>434</X>
			<Y>305</Y>
		</point>
		<point>
			<X>434</X>
			<Y>305</Y>
		</point>
		<point>
			<X>435</X>
			<Y>306</Y>
		</point>
		<point>
			<X>435</X>
			<Y>306</Y>
		</point>
		<point>
			<X>435</X>
			<Y>307</Y>
		</point>
		<point>
			<X>435</X>
			<Y>307</Y>
		</point>
		<point>
			<X>435</X>
			<Y>310</Y>
		</point>
		<point>
			<X>435</X>
			<Y>310</Y>
		</point>
		<point>
			<X>435</X>
			<Y>312</Y>
		</point>
		<point>
			<X>435</X>
			<Y>312</Y>
		</point>
		<point>
			<X>436</X>
			<Y>313</Y>
		</point>
		<point>
			<X>436</X>
			<Y>313</Y>
		</point>
		<point>
			<X>436</X>
			<Y>315</Y>
		</point>
		<point>
			<X>436</X>
			<Y>315</Y>
		</point>
		<point>
			<X>438</X>
			<Y>317</Y>
		</point>
		<point>
			<X>438</X>
			<Y>317</Y>
		</point>
		<point>
			<X>438</X>
			<Y>318</Y>
		</point>
		<point>
			<X>438</X>
			<Y>318</Y>
		</point>
		<point>
			<X>438</X>
			<Y>320</Y>
		</point>
		<point>
			<X>438</X>
			<Y>320</Y>
		</point>
		<point>
			<X>439</X>
			<Y>322</Y>
		</point>
		<point>
			<X>439</X>
			<Y>322</Y>
		</point>
		<point>
			<X>440</X>
			<Y>323</Y>
		</point>
		<point>
			<X>440</X>
			<Y>323</Y>
		</point>
		<point>
			<X>440</X>
			<Y>325</Y>
		</point>
		<point>
			<X>440</X>
			<Y>325</Y>
		</point>
		<point>
			<X>440</X>
			<Y>326</Y>
		</point>
		<point>
			<X>440</X>
			<Y>326</Y>
		</point>
		<point>
			<X>441</X>
			<Y>328</Y>
		</point>
		<point>
			<X>441</X>
			<Y>328</Y>
		</point>
		<point>
			<X>441</X>
			<Y>328</Y>
		</point>
		<point>
			<X>441</X>
			<Y>328</Y>
		</point>
		<point>
			<X>442</X>
			<Y>331</Y>
		</point>
		<point>
			<X>442</X>
			<Y>331</Y>
		</point>
		<point>
			<X>442</X>
			<Y>333</Y>
		</point>
		<point>
			<X>442</X>
			<Y>333</Y>
		</point>
		<point>
			<X>442</X>
			<Y>333</Y>
		</point>
		<point>
			<X>442</X>
			<Y>333</Y>
		</point>
		<point>
			<X>444</X>
			<Y>337</Y>
		</point>
		<point>
			<X>444</X>
			<Y>337</Y>
		</point>
		<point>
			<X>445</X>
			<Y>338</Y>
		</point>
		<point>
			<X>445</X>
			<Y>338</Y>
		</point>
		<point>
			<X>446</X>
			<Y>338</Y>
		</point>
		<point>
			<X>446</X>
			<Y>338</Y>
		</point>
		<point>
			<X>447</X>
			<Y>340</Y>
		</point>
		<point>
			<X>447</X>
			<Y>340</Y>
		</point>
		<point>
			<X>447</X>
			<Y>343</Y>
		</point>
		<point>
			<X>447</X>
			<Y>343</Y>
		</point>
		<point>
			<X>447</X>
			<Y>346</Y>
		</point>
		<point>
			<X>447</X>
			<Y>346</Y>
		</point>
		<point>
			<X>447</X>
			<Y>347</Y>
		</point>
		<point>
			<X>447</X>
			<Y>347</Y>
		</point>
		<point>
			<X>448</X>
			<Y>352</Y>
		</point>
		<point>
			<X>448</X>
			<Y>352</Y>
		</point>
		<point>
			<X>448</X>
			<Y>353</Y>
		</point>
		<point>
			<X>448</X>
			<Y>353</Y>
		</point>
		<point>
			<X>448</X>
			<Y>355</Y>
		</point>
		<point>
			<X>448</X>
			<Y>355</Y>
		</point>
		<point>
			<X>450</X>
			<Y>357</Y>
		</point>
		<point>
			<X>450</X>
			<Y>357</Y>
		</point>
		<point>
			<X>450</X>
			<Y>358</Y>
		</point>
		<point>
			<X>450</X>
			<Y>358</Y>
		</point>
		<point>
			<X>451</X>
			<Y>358</Y>
		</point>
		<point>
			<X>451</X>
			<Y>358</Y>
		</point>
		<point>
			<X>451</X>
			<Y>360</Y>
		</point>
		<point>
			<X>451</X>
			<Y>360</Y>
		</point>
		<point>
			<X>451</X>
			<Y>360</Y>
		</point>
		<point>
			<X>451</X>
			<Y>360</Y>
		</point>
		<point>
			<X>452</X>
			<Y>361</Y>
		</point>
		<point>
			<X>452</X>
			<Y>361</Y>
		</point>
		<point>
			<X>452</X>
			<Y>361</Y>
		</point>
	</polygon>
</annotation>