<annotation>
	<folder>anno</folder>
	<filename>2010_002459.jpg</filename>
	<source>
		<database>The anno Database</database>
		<annotation>VC anno</annotation>
		<image>Unknow</image>
		<flickrid>Unknow</flickrid>
	</source>
	<owner>
		<flickrid>Unknow</flickrid>
		<name>Unknow</name>
	</owner>
	<size>
		<width>500</width>
		<height>375</height>
		<depth>3</depth>
	</size>
	<segmented>1</segmented>
	<polygon>
		<tag>horse</tag>
		<point>
			<X>235</X>
			<Y>85</Y>
		</point>
		<point>
			<X>234</X>
			<Y>90</Y>
		</point>
		<point>
			<X>234</X>
			<Y>90</Y>
		</point>
		<point>
			<X>232</X>
			<Y>93</Y>
		</point>
		<point>
			<X>232</X>
			<Y>93</Y>
		</point>
		<point>
			<X>232</X>
			<Y>96</Y>
		</point>
		<point>
			<X>232</X>
			<Y>96</Y>
		</point>
		<point>
			<X>231</X>
			<Y>101</Y>
		</point>
		<point>
			<X>231</X>
			<Y>101</Y>
		</point>
		<point>
			<X>227</X>
			<Y>108</Y>
		</point>
		<point>
			<X>227</X>
			<Y>108</Y>
		</point>
		<point>
			<X>224</X>
			<Y>113</Y>
		</point>
		<point>
			<X>224</X>
			<Y>113</Y>
		</point>
		<point>
			<X>219</X>
			<Y>119</Y>
		</point>
		<point>
			<X>219</X>
			<Y>119</Y>
		</point>
		<point>
			<X>212</X>
			<Y>125</Y>
		</point>
		<point>
			<X>212</X>
			<Y>125</Y>
		</point>
		<point>
			<X>207</X>
			<Y>131</Y>
		</point>
		<point>
			<X>207</X>
			<Y>131</Y>
		</point>
		<point>
			<X>197</X>
			<Y>138</Y>
		</point>
		<point>
			<X>197</X>
			<Y>138</Y>
		</point>
		<point>
			<X>190</X>
			<Y>144</Y>
		</point>
		<point>
			<X>190</X>
			<Y>144</Y>
		</point>
		<point>
			<X>181</X>
			<Y>149</Y>
		</point>
		<point>
			<X>181</X>
			<Y>149</Y>
		</point>
		<point>
			<X>174</X>
			<Y>155</Y>
		</point>
		<point>
			<X>174</X>
			<Y>155</Y>
		</point>
		<point>
			<X>166</X>
			<Y>159</Y>
		</point>
		<point>
			<X>166</X>
			<Y>159</Y>
		</point>
		<point>
			<X>159</X>
			<Y>163</Y>
		</point>
		<point>
			<X>159</X>
			<Y>163</Y>
		</point>
		<point>
			<X>151</X>
			<Y>164</Y>
		</point>
		<point>
			<X>151</X>
			<Y>164</Y>
		</point>
		<point>
			<X>146</X>
			<Y>166</Y>
		</point>
		<point>
			<X>146</X>
			<Y>166</Y>
		</point>
		<point>
			<X>140</X>
			<Y>169</Y>
		</point>
		<point>
			<X>140</X>
			<Y>169</Y>
		</point>
		<point>
			<X>135</X>
			<Y>171</Y>
		</point>
		<point>
			<X>135</X>
			<Y>171</Y>
		</point>
		<point>
			<X>129</X>
			<Y>173</Y>
		</point>
		<point>
			<X>129</X>
			<Y>173</Y>
		</point>
		<point>
			<X>124</X>
			<Y>174</Y>
		</point>
		<point>
			<X>124</X>
			<Y>174</Y>
		</point>
		<point>
			<X>116</X>
			<Y>176</Y>
		</point>
		<point>
			<X>116</X>
			<Y>176</Y>
		</point>
		<point>
			<X>110</X>
			<Y>176</Y>
		</point>
		<point>
			<X>110</X>
			<Y>176</Y>
		</point>
		<point>
			<X>104</X>
			<Y>178</Y>
		</point>
		<point>
			<X>104</X>
			<Y>178</Y>
		</point>
		<point>
			<X>99</X>
			<Y>179</Y>
		</point>
		<point>
			<X>99</X>
			<Y>179</Y>
		</point>
		<point>
			<X>94</X>
			<Y>180</Y>
		</point>
		<point>
			<X>94</X>
			<Y>180</Y>
		</point>
		<point>
			<X>90</X>
			<Y>181</Y>
		</point>
		<point>
			<X>90</X>
			<Y>181</Y>
		</point>
		<point>
			<X>87</X>
			<Y>181</Y>
		</point>
		<point>
			<X>87</X>
			<Y>181</Y>
		</point>
		<point>
			<X>84</X>
			<Y>183</Y>
		</point>
		<point>
			<X>84</X>
			<Y>183</Y>
		</point>
		<point>
			<X>80</X>
			<Y>183</Y>
		</point>
		<point>
			<X>80</X>
			<Y>183</Y>
		</point>
		<point>
			<X>80</X>
			<Y>183</Y>
		</point>
		<point>
			<X>80</X>
			<Y>183</Y>
		</point>
		<point>
			<X>77</X>
			<Y>184</Y>
		</point>
		<point>
			<X>77</X>
			<Y>184</Y>
		</point>
		<point>
			<X>76</X>
			<Y>184</Y>
		</point>
		<point>
			<X>76</X>
			<Y>184</Y>
		</point>
		<point>
			<X>74</X>
			<Y>185</Y>
		</point>
		<point>
			<X>74</X>
			<Y>185</Y>
		</point>
		<point>
			<X>72</X>
			<Y>185</Y>
		</point>
		<point>
			<X>72</X>
			<Y>185</Y>
		</point>
		<point>
			<X>71</X>
			<Y>186</Y>
		</point>
		<point>
			<X>71</X>
			<Y>186</Y>
		</point>
		<point>
			<X>71</X>
			<Y>186</Y>
		</point>
	</polygon>
	<polygon>
		<tag>background</tag>
		<point>
			<X>52</X>
			<Y>58</Y>
		</point>
		<point>
			<X>56</X>
			<Y>55</Y>
		</point>
		<point>
			<X>56</X>
			<Y>55</Y>
		</point>
		<point>
			<X>61</X>
			<Y>53</Y>
		</point>
		<point>
			<X>61</X>
			<Y>53</Y>
		</point>
		<point>
			<X>66</X>
			<Y>51</Y>
		</point>
		<point>
			<X>66</X>
			<Y>51</Y>
		</point>
		<point>
			<X>75</X>
			<Y>49</Y>
		</point>
		<point>
			<X>75</X>
			<Y>49</Y>
		</point>
		<point>
			<X>87</X>
			<Y>45</Y>
		</point>
		<point>
			<X>87</X>
			<Y>45</Y>
		</point>
		<point>
			<X>101</X>
			<Y>41</Y>
		</point>
		<point>
			<X>101</X>
			<Y>41</Y>
		</point>
		<point>
			<X>116</X>
			<Y>39</Y>
		</point>
		<point>
			<X>116</X>
			<Y>39</Y>
		</point>
		<point>
			<X>131</X>
			<Y>36</Y>
		</point>
		<point>
			<X>131</X>
			<Y>36</Y>
		</point>
		<point>
			<X>147</X>
			<Y>33</Y>
		</point>
		<point>
			<X>147</X>
			<Y>33</Y>
		</point>
		<point>
			<X>161</X>
			<Y>31</Y>
		</point>
		<point>
			<X>161</X>
			<Y>31</Y>
		</point>
		<point>
			<X>176</X>
			<Y>30</Y>
		</point>
		<point>
			<X>176</X>
			<Y>30</Y>
		</point>
		<point>
			<X>191</X>
			<Y>30</Y>
		</point>
		<point>
			<X>205</X>
			<Y>30</Y>
		</point>
		<point>
			<X>217</X>
			<Y>30</Y>
		</point>
		<point>
			<X>227</X>
			<Y>31</Y>
		</point>
		<point>
			<X>227</X>
			<Y>31</Y>
		</point>
		<point>
			<X>239</X>
			<Y>34</Y>
		</point>
		<point>
			<X>239</X>
			<Y>34</Y>
		</point>
		<point>
			<X>250</X>
			<Y>35</Y>
		</point>
		<point>
			<X>250</X>
			<Y>35</Y>
		</point>
		<point>
			<X>260</X>
			<Y>39</Y>
		</point>
		<point>
			<X>260</X>
			<Y>39</Y>
		</point>
		<point>
			<X>271</X>
			<Y>40</Y>
		</point>
		<point>
			<X>271</X>
			<Y>40</Y>
		</point>
		<point>
			<X>280</X>
			<Y>42</Y>
		</point>
		<point>
			<X>280</X>
			<Y>42</Y>
		</point>
		<point>
			<X>290</X>
			<Y>44</Y>
		</point>
		<point>
			<X>290</X>
			<Y>44</Y>
		</point>
		<point>
			<X>299</X>
			<Y>45</Y>
		</point>
		<point>
			<X>299</X>
			<Y>45</Y>
		</point>
		<point>
			<X>305</X>
			<Y>45</Y>
		</point>
		<point>
			<X>312</X>
			<Y>45</Y>
		</point>
		<point>
			<X>319</X>
			<Y>45</Y>
		</point>
		<point>
			<X>325</X>
			<Y>45</Y>
		</point>
		<point>
			<X>328</X>
			<Y>45</Y>
		</point>
		<point>
			<X>333</X>
			<Y>45</Y>
		</point>
		<point>
			<X>338</X>
			<Y>46</Y>
		</point>
		<point>
			<X>338</X>
			<Y>46</Y>
		</point>
		<point>
			<X>341</X>
			<Y>49</Y>
		</point>
		<point>
			<X>341</X>
			<Y>49</Y>
		</point>
		<point>
			<X>345</X>
			<Y>49</Y>
		</point>
		<point>
			<X>348</X>
			<Y>51</Y>
		</point>
		<point>
			<X>348</X>
			<Y>51</Y>
		</point>
		<point>
			<X>352</X>
			<Y>53</Y>
		</point>
		<point>
			<X>352</X>
			<Y>53</Y>
		</point>
		<point>
			<X>356</X>
			<Y>54</Y>
		</point>
		<point>
			<X>356</X>
			<Y>54</Y>
		</point>
		<point>
			<X>358</X>
			<Y>55</Y>
		</point>
		<point>
			<X>358</X>
			<Y>55</Y>
		</point>
		<point>
			<X>361</X>
			<Y>58</Y>
		</point>
		<point>
			<X>361</X>
			<Y>58</Y>
		</point>
		<point>
			<X>363</X>
			<Y>59</Y>
		</point>
		<point>
			<X>363</X>
			<Y>59</Y>
		</point>
		<point>
			<X>366</X>
			<Y>61</Y>
		</point>
		<point>
			<X>366</X>
			<Y>61</Y>
		</point>
		<point>
			<X>370</X>
			<Y>65</Y>
		</point>
		<point>
			<X>370</X>
			<Y>65</Y>
		</point>
		<point>
			<X>372</X>
			<Y>68</Y>
		</point>
		<point>
			<X>372</X>
			<Y>68</Y>
		</point>
		<point>
			<X>375</X>
			<Y>70</Y>
		</point>
		<point>
			<X>375</X>
			<Y>70</Y>
		</point>
		<point>
			<X>376</X>
			<Y>74</Y>
		</point>
		<point>
			<X>376</X>
			<Y>74</Y>
		</point>
		<point>
			<X>377</X>
			<Y>78</Y>
		</point>
		<point>
			<X>377</X>
			<Y>78</Y>
		</point>
		<point>
			<X>380</X>
			<Y>80</Y>
		</point>
		<point>
			<X>380</X>
			<Y>80</Y>
		</point>
		<point>
			<X>380</X>
			<Y>85</Y>
		</point>
		<point>
			<X>380</X>
			<Y>85</Y>
		</point>
		<point>
			<X>382</X>
			<Y>90</Y>
		</point>
		<point>
			<X>382</X>
			<Y>90</Y>
		</point>
		<point>
			<X>384</X>
			<Y>95</Y>
		</point>
		<point>
			<X>384</X>
			<Y>95</Y>
		</point>
		<point>
			<X>385</X>
			<Y>100</Y>
		</point>
		<point>
			<X>385</X>
			<Y>100</Y>
		</point>
		<point>
			<X>386</X>
			<Y>105</Y>
		</point>
		<point>
			<X>386</X>
			<Y>105</Y>
		</point>
		<point>
			<X>386</X>
			<Y>111</Y>
		</point>
		<point>
			<X>386</X>
			<Y>111</Y>
		</point>
		<point>
			<X>387</X>
			<Y>118</Y>
		</point>
		<point>
			<X>387</X>
			<Y>118</Y>
		</point>
		<point>
			<X>389</X>
			<Y>124</Y>
		</point>
		<point>
			<X>389</X>
			<Y>124</Y>
		</point>
		<point>
			<X>390</X>
			<Y>129</Y>
		</point>
		<point>
			<X>390</X>
			<Y>129</Y>
		</point>
		<point>
			<X>391</X>
			<Y>136</Y>
		</point>
		<point>
			<X>391</X>
			<Y>136</Y>
		</point>
		<point>
			<X>392</X>
			<Y>143</Y>
		</point>
		<point>
			<X>392</X>
			<Y>143</Y>
		</point>
		<point>
			<X>394</X>
			<Y>150</Y>
		</point>
		<point>
			<X>394</X>
			<Y>150</Y>
		</point>
		<point>
			<X>395</X>
			<Y>156</Y>
		</point>
		<point>
			<X>395</X>
			<Y>156</Y>
		</point>
		<point>
			<X>395</X>
			<Y>164</Y>
		</point>
		<point>
			<X>395</X>
			<Y>164</Y>
		</point>
		<point>
			<X>395</X>
			<Y>170</Y>
		</point>
		<point>
			<X>395</X>
			<Y>170</Y>
		</point>
		<point>
			<X>395</X>
			<Y>178</Y>
		</point>
		<point>
			<X>395</X>
			<Y>178</Y>
		</point>
		<point>
			<X>395</X>
			<Y>184</Y>
		</point>
		<point>
			<X>395</X>
			<Y>184</Y>
		</point>
		<point>
			<X>395</X>
			<Y>193</Y>
		</point>
		<point>
			<X>395</X>
			<Y>193</Y>
		</point>
		<point>
			<X>395</X>
			<Y>199</Y>
		</point>
		<point>
			<X>395</X>
			<Y>199</Y>
		</point>
		<point>
			<X>395</X>
			<Y>206</Y>
		</point>
		<point>
			<X>395</X>
			<Y>206</Y>
		</point>
		<point>
			<X>395</X>
			<Y>216</Y>
		</point>
		<point>
			<X>392</X>
			<Y>225</Y>
		</point>
		<point>
			<X>392</X>
			<Y>225</Y>
		</point>
		<point>
			<X>391</X>
			<Y>234</Y>
		</point>
		<point>
			<X>391</X>
			<Y>234</Y>
		</point>
		<point>
			<X>390</X>
			<Y>240</Y>
		</point>
		<point>
			<X>390</X>
			<Y>240</Y>
		</point>
		<point>
			<X>389</X>
			<Y>248</Y>
		</point>
		<point>
			<X>389</X>
			<Y>248</Y>
		</point>
		<point>
			<X>386</X>
			<Y>253</Y>
		</point>
		<point>
			<X>386</X>
			<Y>253</Y>
		</point>
		<point>
			<X>384</X>
			<Y>259</Y>
		</point>
		<point>
			<X>384</X>
			<Y>259</Y>
		</point>
		<point>
			<X>382</X>
			<Y>264</Y>
		</point>
		<point>
			<X>382</X>
			<Y>264</Y>
		</point>
		<point>
			<X>380</X>
			<Y>271</Y>
		</point>
		<point>
			<X>380</X>
			<Y>271</Y>
		</point>
		<point>
			<X>376</X>
			<Y>279</Y>
		</point>
		<point>
			<X>376</X>
			<Y>279</Y>
		</point>
		<point>
			<X>371</X>
			<Y>286</Y>
		</point>
		<point>
			<X>371</X>
			<Y>286</Y>
		</point>
		<point>
			<X>367</X>
			<Y>294</Y>
		</point>
		<point>
			<X>367</X>
			<Y>294</Y>
		</point>
		<point>
			<X>362</X>
			<Y>301</Y>
		</point>
		<point>
			<X>362</X>
			<Y>301</Y>
		</point>
		<point>
			<X>356</X>
			<Y>309</Y>
		</point>
		<point>
			<X>356</X>
			<Y>309</Y>
		</point>
		<point>
			<X>348</X>
			<Y>316</Y>
		</point>
		<point>
			<X>348</X>
			<Y>316</Y>
		</point>
		<point>
			<X>341</X>
			<Y>323</Y>
		</point>
		<point>
			<X>341</X>
			<Y>323</Y>
		</point>
		<point>
			<X>333</X>
			<Y>328</Y>
		</point>
		<point>
			<X>333</X>
			<Y>328</Y>
		</point>
		<point>
			<X>325</X>
			<Y>333</Y>
		</point>
		<point>
			<X>325</X>
			<Y>333</Y>
		</point>
		<point>
			<X>316</X>
			<Y>338</Y>
		</point>
		<point>
			<X>316</X>
			<Y>338</Y>
		</point>
		<point>
			<X>307</X>
			<Y>341</Y>
		</point>
		<point>
			<X>307</X>
			<Y>341</Y>
		</point>
		<point>
			<X>299</X>
			<Y>343</Y>
		</point>
		<point>
			<X>299</X>
			<Y>343</Y>
		</point>
		<point>
			<X>290</X>
			<Y>346</Y>
		</point>
		<point>
			<X>290</X>
			<Y>346</Y>
		</point>
		<point>
			<X>279</X>
			<Y>348</Y>
		</point>
		<point>
			<X>279</X>
			<Y>348</Y>
		</point>
		<point>
			<X>267</X>
			<Y>350</Y>
		</point>
		<point>
			<X>267</X>
			<Y>350</Y>
		</point>
		<point>
			<X>255</X>
			<Y>353</Y>
		</point>
		<point>
			<X>255</X>
			<Y>353</Y>
		</point>
		<point>
			<X>242</X>
			<Y>353</Y>
		</point>
		<point>
			<X>242</X>
			<Y>353</Y>
		</point>
		<point>
			<X>229</X>
			<Y>355</Y>
		</point>
		<point>
			<X>229</X>
			<Y>355</Y>
		</point>
		<point>
			<X>214</X>
			<Y>355</Y>
		</point>
		<point>
			<X>214</X>
			<Y>355</Y>
		</point>
		<point>
			<X>197</X>
			<Y>355</Y>
		</point>
		<point>
			<X>197</X>
			<Y>355</Y>
		</point>
		<point>
			<X>181</X>
			<Y>355</Y>
		</point>
		<point>
			<X>181</X>
			<Y>355</Y>
		</point>
		<point>
			<X>164</X>
			<Y>355</Y>
		</point>
		<point>
			<X>164</X>
			<Y>355</Y>
		</point>
		<point>
			<X>146</X>
			<Y>355</Y>
		</point>
		<point>
			<X>146</X>
			<Y>355</Y>
		</point>
		<point>
			<X>131</X>
			<Y>355</Y>
		</point>
		<point>
			<X>131</X>
			<Y>355</Y>
		</point>
		<point>
			<X>115</X>
			<Y>355</Y>
		</point>
		<point>
			<X>115</X>
			<Y>355</Y>
		</point>
		<point>
			<X>100</X>
			<Y>355</Y>
		</point>
		<point>
			<X>100</X>
			<Y>355</Y>
		</point>
		<point>
			<X>85</X>
			<Y>353</Y>
		</point>
		<point>
			<X>85</X>
			<Y>353</Y>
		</point>
		<point>
			<X>74</X>
			<Y>351</Y>
		</point>
		<point>
			<X>74</X>
			<Y>351</Y>
		</point>
		<point>
			<X>66</X>
			<Y>350</Y>
		</point>
		<point>
			<X>66</X>
			<Y>350</Y>
		</point>
		<point>
			<X>57</X>
			<Y>348</Y>
		</point>
		<point>
			<X>57</X>
			<Y>348</Y>
		</point>
		<point>
			<X>49</X>
			<Y>346</Y>
		</point>
		<point>
			<X>49</X>
			<Y>346</Y>
		</point>
		<point>
			<X>41</X>
			<Y>345</Y>
		</point>
		<point>
			<X>41</X>
			<Y>345</Y>
		</point>
		<point>
			<X>34</X>
			<Y>343</Y>
		</point>
		<point>
			<X>34</X>
			<Y>343</Y>
		</point>
		<point>
			<X>29</X>
			<Y>343</Y>
		</point>
		<point>
			<X>29</X>
			<Y>343</Y>
		</point>
		<point>
			<X>22</X>
			<Y>343</Y>
		</point>
		<point>
			<X>22</X>
			<Y>343</Y>
		</point>
		<point>
			<X>17</X>
			<Y>343</Y>
		</point>
		<point>
			<X>17</X>
			<Y>343</Y>
		</point>
		<point>
			<X>12</X>
			<Y>343</Y>
		</point>
		<point>
			<X>12</X>
			<Y>343</Y>
		</point>
		<point>
			<X>9</X>
			<Y>343</Y>
		</point>
		<point>
			<X>9</X>
			<Y>343</Y>
		</point>
		<point>
			<X>5</X>
			<Y>343</Y>
		</point>
		<point>
			<X>5</X>
			<Y>343</Y>
		</point>
	</polygon>
</annotation>