<annotation>
	<folder>anno</folder>
	<filename>2010_004941.jpg</filename>
	<source>
		<database>The anno Database</database>
		<annotation>VC anno</annotation>
		<image>Unknow</image>
		<flickrid>Unknow</flickrid>
	</source>
	<owner>
		<flickrid>Unknow</flickrid>
		<name>Unknow</name>
	</owner>
	<size>
		<width>333</width>
		<height>500</height>
		<depth>4</depth>
	</size>
	<segmented>1</segmented>
	<polygon>
		<tag>background</tag>
		<point>
			<X>19</X>
			<Y>119</Y>
		</point>
		<point>
			<X>19</X>
			<Y>115</Y>
		</point>
		<point>
			<X>19</X>
			<Y>115</Y>
		</point>
		<point>
			<X>19</X>
			<Y>115</Y>
		</point>
		<point>
			<X>19</X>
			<Y>113</Y>
		</point>
		<point>
			<X>19</X>
			<Y>113</Y>
		</point>
		<point>
			<X>19</X>
			<Y>112</Y>
		</point>
		<point>
			<X>19</X>
			<Y>112</Y>
		</point>
		<point>
			<X>19</X>
			<Y>110</Y>
		</point>
		<point>
			<X>19</X>
			<Y>110</Y>
		</point>
		<point>
			<X>19</X>
			<Y>108</Y>
		</point>
		<point>
			<X>19</X>
			<Y>108</Y>
		</point>
		<point>
			<X>19</X>
			<Y>107</Y>
		</point>
		<point>
			<X>19</X>
			<Y>107</Y>
		</point>
		<point>
			<X>19</X>
			<Y>105</Y>
		</point>
		<point>
			<X>19</X>
			<Y>105</Y>
		</point>
		<point>
			<X>20</X>
			<Y>103</Y>
		</point>
		<point>
			<X>20</X>
			<Y>103</Y>
		</point>
		<point>
			<X>20</X>
			<Y>102</Y>
		</point>
		<point>
			<X>20</X>
			<Y>102</Y>
		</point>
		<point>
			<X>20</X>
			<Y>100</Y>
		</point>
		<point>
			<X>20</X>
			<Y>100</Y>
		</point>
		<point>
			<X>20</X>
			<Y>98</Y>
		</point>
		<point>
			<X>20</X>
			<Y>98</Y>
		</point>
		<point>
			<X>20</X>
			<Y>97</Y>
		</point>
		<point>
			<X>20</X>
			<Y>97</Y>
		</point>
		<point>
			<X>22</X>
			<Y>95</Y>
		</point>
		<point>
			<X>22</X>
			<Y>95</Y>
		</point>
		<point>
			<X>22</X>
			<Y>93</Y>
		</point>
		<point>
			<X>22</X>
			<Y>93</Y>
		</point>
		<point>
			<X>23</X>
			<Y>92</Y>
		</point>
		<point>
			<X>23</X>
			<Y>92</Y>
		</point>
		<point>
			<X>25</X>
			<Y>90</Y>
		</point>
		<point>
			<X>25</X>
			<Y>90</Y>
		</point>
		<point>
			<X>25</X>
			<Y>88</Y>
		</point>
		<point>
			<X>25</X>
			<Y>88</Y>
		</point>
		<point>
			<X>27</X>
			<Y>87</Y>
		</point>
		<point>
			<X>27</X>
			<Y>87</Y>
		</point>
		<point>
			<X>28</X>
			<Y>85</Y>
		</point>
		<point>
			<X>28</X>
			<Y>85</Y>
		</point>
		<point>
			<X>32</X>
			<Y>82</Y>
		</point>
		<point>
			<X>32</X>
			<Y>82</Y>
		</point>
		<point>
			<X>33</X>
			<Y>81</Y>
		</point>
		<point>
			<X>33</X>
			<Y>81</Y>
		</point>
		<point>
			<X>35</X>
			<Y>78</Y>
		</point>
		<point>
			<X>35</X>
			<Y>78</Y>
		</point>
		<point>
			<X>37</X>
			<Y>77</Y>
		</point>
		<point>
			<X>37</X>
			<Y>77</Y>
		</point>
		<point>
			<X>39</X>
			<Y>76</Y>
		</point>
		<point>
			<X>39</X>
			<Y>76</Y>
		</point>
		<point>
			<X>40</X>
			<Y>74</Y>
		</point>
		<point>
			<X>40</X>
			<Y>74</Y>
		</point>
		<point>
			<X>45</X>
			<Y>71</Y>
		</point>
		<point>
			<X>45</X>
			<Y>71</Y>
		</point>
		<point>
			<X>46</X>
			<Y>69</Y>
		</point>
		<point>
			<X>46</X>
			<Y>69</Y>
		</point>
		<point>
			<X>46</X>
			<Y>68</Y>
		</point>
		<point>
			<X>46</X>
			<Y>68</Y>
		</point>
		<point>
			<X>51</X>
			<Y>66</Y>
		</point>
		<point>
			<X>51</X>
			<Y>66</Y>
		</point>
		<point>
			<X>54</X>
			<Y>64</Y>
		</point>
		<point>
			<X>54</X>
			<Y>64</Y>
		</point>
		<point>
			<X>57</X>
			<Y>62</Y>
		</point>
		<point>
			<X>57</X>
			<Y>62</Y>
		</point>
		<point>
			<X>59</X>
			<Y>61</Y>
		</point>
		<point>
			<X>59</X>
			<Y>61</Y>
		</point>
		<point>
			<X>65</X>
			<Y>57</Y>
		</point>
		<point>
			<X>65</X>
			<Y>57</Y>
		</point>
		<point>
			<X>66</X>
			<Y>57</Y>
		</point>
		<point>
			<X>66</X>
			<Y>57</Y>
		</point>
		<point>
			<X>69</X>
			<Y>56</Y>
		</point>
		<point>
			<X>69</X>
			<Y>56</Y>
		</point>
		<point>
			<X>72</X>
			<Y>55</Y>
		</point>
		<point>
			<X>72</X>
			<Y>55</Y>
		</point>
		<point>
			<X>76</X>
			<Y>51</Y>
		</point>
		<point>
			<X>76</X>
			<Y>51</Y>
		</point>
		<point>
			<X>78</X>
			<Y>51</Y>
		</point>
		<point>
			<X>78</X>
			<Y>51</Y>
		</point>
		<point>
			<X>82</X>
			<Y>51</Y>
		</point>
		<point>
			<X>82</X>
			<Y>51</Y>
		</point>
		<point>
			<X>86</X>
			<Y>49</Y>
		</point>
		<point>
			<X>86</X>
			<Y>49</Y>
		</point>
		<point>
			<X>88</X>
			<Y>46</Y>
		</point>
		<point>
			<X>88</X>
			<Y>46</Y>
		</point>
		<point>
			<X>92</X>
			<Y>46</Y>
		</point>
		<point>
			<X>92</X>
			<Y>46</Y>
		</point>
		<point>
			<X>95</X>
			<Y>46</Y>
		</point>
		<point>
			<X>95</X>
			<Y>46</Y>
		</point>
		<point>
			<X>98</X>
			<Y>45</Y>
		</point>
		<point>
			<X>98</X>
			<Y>45</Y>
		</point>
		<point>
			<X>100</X>
			<Y>45</Y>
		</point>
		<point>
			<X>100</X>
			<Y>45</Y>
		</point>
		<point>
			<X>100</X>
			<Y>45</Y>
		</point>
		<point>
			<X>100</X>
			<Y>45</Y>
		</point>
		<point>
			<X>103</X>
			<Y>44</Y>
		</point>
		<point>
			<X>103</X>
			<Y>44</Y>
		</point>
		<point>
			<X>107</X>
			<Y>43</Y>
		</point>
		<point>
			<X>107</X>
			<Y>43</Y>
		</point>
		<point>
			<X>110</X>
			<Y>43</Y>
		</point>
		<point>
			<X>110</X>
			<Y>43</Y>
		</point>
		<point>
			<X>112</X>
			<Y>43</Y>
		</point>
		<point>
			<X>112</X>
			<Y>43</Y>
		</point>
		<point>
			<X>115</X>
			<Y>41</Y>
		</point>
		<point>
			<X>115</X>
			<Y>41</Y>
		</point>
		<point>
			<X>119</X>
			<Y>41</Y>
		</point>
		<point>
			<X>119</X>
			<Y>41</Y>
		</point>
		<point>
			<X>122</X>
			<Y>41</Y>
		</point>
		<point>
			<X>122</X>
			<Y>41</Y>
		</point>
		<point>
			<X>127</X>
			<Y>41</Y>
		</point>
		<point>
			<X>127</X>
			<Y>41</Y>
		</point>
		<point>
			<X>130</X>
			<Y>41</Y>
		</point>
		<point>
			<X>130</X>
			<Y>41</Y>
		</point>
		<point>
			<X>135</X>
			<Y>41</Y>
		</point>
		<point>
			<X>135</X>
			<Y>41</Y>
		</point>
		<point>
			<X>140</X>
			<Y>39</Y>
		</point>
		<point>
			<X>140</X>
			<Y>39</Y>
		</point>
		<point>
			<X>143</X>
			<Y>39</Y>
		</point>
		<point>
			<X>143</X>
			<Y>39</Y>
		</point>
		<point>
			<X>146</X>
			<Y>39</Y>
		</point>
		<point>
			<X>146</X>
			<Y>39</Y>
		</point>
		<point>
			<X>151</X>
			<Y>39</Y>
		</point>
		<point>
			<X>151</X>
			<Y>39</Y>
		</point>
		<point>
			<X>156</X>
			<Y>39</Y>
		</point>
		<point>
			<X>156</X>
			<Y>39</Y>
		</point>
		<point>
			<X>160</X>
			<Y>39</Y>
		</point>
		<point>
			<X>160</X>
			<Y>39</Y>
		</point>
		<point>
			<X>164</X>
			<Y>39</Y>
		</point>
		<point>
			<X>164</X>
			<Y>39</Y>
		</point>
		<point>
			<X>169</X>
			<Y>39</Y>
		</point>
		<point>
			<X>169</X>
			<Y>39</Y>
		</point>
		<point>
			<X>172</X>
			<Y>39</Y>
		</point>
		<point>
			<X>172</X>
			<Y>39</Y>
		</point>
		<point>
			<X>175</X>
			<Y>39</Y>
		</point>
		<point>
			<X>175</X>
			<Y>39</Y>
		</point>
		<point>
			<X>177</X>
			<Y>39</Y>
		</point>
		<point>
			<X>177</X>
			<Y>39</Y>
		</point>
		<point>
			<X>180</X>
			<Y>39</Y>
		</point>
		<point>
			<X>180</X>
			<Y>39</Y>
		</point>
		<point>
			<X>182</X>
			<Y>39</Y>
		</point>
		<point>
			<X>182</X>
			<Y>39</Y>
		</point>
		<point>
			<X>182</X>
			<Y>39</Y>
		</point>
		<point>
			<X>182</X>
			<Y>39</Y>
		</point>
		<point>
			<X>186</X>
			<Y>39</Y>
		</point>
		<point>
			<X>186</X>
			<Y>39</Y>
		</point>
		<point>
			<X>187</X>
			<Y>39</Y>
		</point>
		<point>
			<X>187</X>
			<Y>39</Y>
		</point>
		<point>
			<X>189</X>
			<Y>39</Y>
		</point>
		<point>
			<X>189</X>
			<Y>39</Y>
		</point>
		<point>
			<X>190</X>
			<Y>39</Y>
		</point>
		<point>
			<X>190</X>
			<Y>39</Y>
		</point>
		<point>
			<X>191</X>
			<Y>41</Y>
		</point>
		<point>
			<X>191</X>
			<Y>41</Y>
		</point>
		<point>
			<X>195</X>
			<Y>41</Y>
		</point>
		<point>
			<X>195</X>
			<Y>41</Y>
		</point>
		<point>
			<X>195</X>
			<Y>41</Y>
		</point>
		<point>
			<X>195</X>
			<Y>41</Y>
		</point>
		<point>
			<X>197</X>
			<Y>41</Y>
		</point>
		<point>
			<X>197</X>
			<Y>41</Y>
		</point>
		<point>
			<X>200</X>
			<Y>41</Y>
		</point>
		<point>
			<X>200</X>
			<Y>41</Y>
		</point>
		<point>
			<X>201</X>
			<Y>41</Y>
		</point>
		<point>
			<X>201</X>
			<Y>41</Y>
		</point>
		<point>
			<X>204</X>
			<Y>41</Y>
		</point>
		<point>
			<X>204</X>
			<Y>41</Y>
		</point>
		<point>
			<X>205</X>
			<Y>41</Y>
		</point>
		<point>
			<X>205</X>
			<Y>41</Y>
		</point>
		<point>
			<X>206</X>
			<Y>41</Y>
		</point>
		<point>
			<X>206</X>
			<Y>41</Y>
		</point>
		<point>
			<X>206</X>
			<Y>41</Y>
		</point>
		<point>
			<X>206</X>
			<Y>41</Y>
		</point>
		<point>
			<X>210</X>
			<Y>41</Y>
		</point>
		<point>
			<X>210</X>
			<Y>41</Y>
		</point>
		<point>
			<X>211</X>
			<Y>43</Y>
		</point>
		<point>
			<X>211</X>
			<Y>43</Y>
		</point>
		<point>
			<X>211</X>
			<Y>43</Y>
		</point>
		<point>
			<X>211</X>
			<Y>43</Y>
		</point>
		<point>
			<X>215</X>
			<Y>43</Y>
		</point>
		<point>
			<X>215</X>
			<Y>43</Y>
		</point>
		<point>
			<X>216</X>
			<Y>44</Y>
		</point>
		<point>
			<X>216</X>
			<Y>44</Y>
		</point>
		<point>
			<X>217</X>
			<Y>44</Y>
		</point>
		<point>
			<X>217</X>
			<Y>44</Y>
		</point>
		<point>
			<X>220</X>
			<Y>44</Y>
		</point>
		<point>
			<X>220</X>
			<Y>44</Y>
		</point>
		<point>
			<X>221</X>
			<Y>44</Y>
		</point>
		<point>
			<X>221</X>
			<Y>44</Y>
		</point>
		<point>
			<X>222</X>
			<Y>45</Y>
		</point>
		<point>
			<X>222</X>
			<Y>45</Y>
		</point>
		<point>
			<X>225</X>
			<Y>45</Y>
		</point>
		<point>
			<X>226</X>
			<Y>46</Y>
		</point>
		<point>
			<X>226</X>
			<Y>46</Y>
		</point>
		<point>
			<X>229</X>
			<Y>46</Y>
		</point>
		<point>
			<X>229</X>
			<Y>46</Y>
		</point>
		<point>
			<X>231</X>
			<Y>46</Y>
		</point>
		<point>
			<X>231</X>
			<Y>46</Y>
		</point>
		<point>
			<X>231</X>
			<Y>46</Y>
		</point>
		<point>
			<X>231</X>
			<Y>46</Y>
		</point>
		<point>
			<X>234</X>
			<Y>46</Y>
		</point>
		<point>
			<X>234</X>
			<Y>46</Y>
		</point>
		<point>
			<X>236</X>
			<Y>46</Y>
		</point>
		<point>
			<X>236</X>
			<Y>46</Y>
		</point>
		<point>
			<X>238</X>
			<Y>46</Y>
		</point>
		<point>
			<X>238</X>
			<Y>46</Y>
		</point>
		<point>
			<X>239</X>
			<Y>46</Y>
		</point>
		<point>
			<X>239</X>
			<Y>46</Y>
		</point>
		<point>
			<X>239</X>
			<Y>46</Y>
		</point>
		<point>
			<X>239</X>
			<Y>46</Y>
		</point>
		<point>
			<X>241</X>
			<Y>46</Y>
		</point>
		<point>
			<X>241</X>
			<Y>46</Y>
		</point>
		<point>
			<X>243</X>
			<Y>46</Y>
		</point>
		<point>
			<X>243</X>
			<Y>46</Y>
		</point>
		<point>
			<X>244</X>
			<Y>46</Y>
		</point>
		<point>
			<X>244</X>
			<Y>46</Y>
		</point>
		<point>
			<X>246</X>
			<Y>49</Y>
		</point>
		<point>
			<X>246</X>
			<Y>49</Y>
		</point>
		<point>
			<X>248</X>
			<Y>50</Y>
		</point>
		<point>
			<X>248</X>
			<Y>50</Y>
		</point>
		<point>
			<X>249</X>
			<Y>51</Y>
		</point>
		<point>
			<X>249</X>
			<Y>51</Y>
		</point>
		<point>
			<X>251</X>
			<Y>51</Y>
		</point>
		<point>
			<X>251</X>
			<Y>51</Y>
		</point>
		<point>
			<X>253</X>
			<Y>51</Y>
		</point>
		<point>
			<X>253</X>
			<Y>51</Y>
		</point>
		<point>
			<X>254</X>
			<Y>51</Y>
		</point>
		<point>
			<X>254</X>
			<Y>51</Y>
		</point>
		<point>
			<X>257</X>
			<Y>51</Y>
		</point>
		<point>
			<X>257</X>
			<Y>51</Y>
		</point>
		<point>
			<X>259</X>
			<Y>51</Y>
		</point>
		<point>
			<X>259</X>
			<Y>51</Y>
		</point>
		<point>
			<X>260</X>
			<Y>51</Y>
		</point>
		<point>
			<X>260</X>
			<Y>51</Y>
		</point>
		<point>
			<X>262</X>
			<Y>54</Y>
		</point>
		<point>
			<X>262</X>
			<Y>54</Y>
		</point>
		<point>
			<X>265</X>
			<Y>55</Y>
		</point>
		<point>
			<X>265</X>
			<Y>55</Y>
		</point>
		<point>
			<X>266</X>
			<Y>56</Y>
		</point>
		<point>
			<X>266</X>
			<Y>56</Y>
		</point>
		<point>
			<X>268</X>
			<Y>56</Y>
		</point>
		<point>
			<X>268</X>
			<Y>56</Y>
		</point>
		<point>
			<X>270</X>
			<Y>57</Y>
		</point>
		<point>
			<X>270</X>
			<Y>57</Y>
		</point>
		<point>
			<X>271</X>
			<Y>57</Y>
		</point>
		<point>
			<X>271</X>
			<Y>57</Y>
		</point>
		<point>
			<X>273</X>
			<Y>57</Y>
		</point>
		<point>
			<X>273</X>
			<Y>57</Y>
		</point>
		<point>
			<X>275</X>
			<Y>57</Y>
		</point>
		<point>
			<X>275</X>
			<Y>57</Y>
		</point>
		<point>
			<X>277</X>
			<Y>59</Y>
		</point>
		<point>
			<X>277</X>
			<Y>59</Y>
		</point>
		<point>
			<X>278</X>
			<Y>61</Y>
		</point>
		<point>
			<X>278</X>
			<Y>61</Y>
		</point>
		<point>
			<X>280</X>
			<Y>62</Y>
		</point>
		<point>
			<X>280</X>
			<Y>62</Y>
		</point>
		<point>
			<X>282</X>
			<Y>62</Y>
		</point>
		<point>
			<X>282</X>
			<Y>62</Y>
		</point>
		<point>
			<X>282</X>
			<Y>62</Y>
		</point>
		<point>
			<X>282</X>
			<Y>62</Y>
		</point>
		<point>
			<X>285</X>
			<Y>64</Y>
		</point>
		<point>
			<X>285</X>
			<Y>64</Y>
		</point>
		<point>
			<X>285</X>
			<Y>65</Y>
		</point>
		<point>
			<X>285</X>
			<Y>65</Y>
		</point>
		<point>
			<X>286</X>
			<Y>66</Y>
		</point>
		<point>
			<X>286</X>
			<Y>66</Y>
		</point>
		<point>
			<X>287</X>
			<Y>66</Y>
		</point>
		<point>
			<X>287</X>
			<Y>66</Y>
		</point>
		<point>
			<X>288</X>
			<Y>68</Y>
		</point>
		<point>
			<X>288</X>
			<Y>68</Y>
		</point>
		<point>
			<X>289</X>
			<Y>68</Y>
		</point>
		<point>
			<X>289</X>
			<Y>68</Y>
		</point>
		<point>
			<X>290</X>
			<Y>69</Y>
		</point>
		<point>
			<X>290</X>
			<Y>69</Y>
		</point>
		<point>
			<X>291</X>
			<Y>70</Y>
		</point>
		<point>
			<X>291</X>
			<Y>70</Y>
		</point>
		<point>
			<X>292</X>
			<Y>71</Y>
		</point>
		<point>
			<X>292</X>
			<Y>71</Y>
		</point>
		<point>
			<X>292</X>
			<Y>72</Y>
		</point>
		<point>
			<X>292</X>
			<Y>72</Y>
		</point>
		<point>
			<X>294</X>
			<Y>73</Y>
		</point>
		<point>
			<X>294</X>
			<Y>73</Y>
		</point>
		<point>
			<X>295</X>
			<Y>74</Y>
		</point>
		<point>
			<X>295</X>
			<Y>74</Y>
		</point>
		<point>
			<X>296</X>
			<Y>75</Y>
		</point>
		<point>
			<X>296</X>
			<Y>75</Y>
		</point>
		<point>
			<X>297</X>
			<Y>76</Y>
		</point>
		<point>
			<X>297</X>
			<Y>76</Y>
		</point>
		<point>
			<X>297</X>
			<Y>77</Y>
		</point>
		<point>
			<X>297</X>
			<Y>77</Y>
		</point>
		<point>
			<X>298</X>
			<Y>78</Y>
		</point>
		<point>
			<X>298</X>
			<Y>78</Y>
		</point>
		<point>
			<X>300</X>
			<Y>78</Y>
		</point>
		<point>
			<X>300</X>
			<Y>78</Y>
		</point>
		<point>
			<X>300</X>
			<Y>80</Y>
		</point>
		<point>
			<X>302</X>
			<Y>81</Y>
		</point>
		<point>
			<X>302</X>
			<Y>81</Y>
		</point>
		<point>
			<X>302</X>
			<Y>83</Y>
		</point>
		<point>
			<X>302</X>
			<Y>83</Y>
		</point>
		<point>
			<X>303</X>
			<Y>83</Y>
		</point>
		<point>
			<X>303</X>
			<Y>83</Y>
		</point>
		<point>
			<X>304</X>
			<Y>85</Y>
		</point>
		<point>
			<X>304</X>
			<Y>85</Y>
		</point>
		<point>
			<X>305</X>
			<Y>86</Y>
		</point>
		<point>
			<X>305</X>
			<Y>86</Y>
		</point>
		<point>
			<X>305</X>
			<Y>87</Y>
		</point>
		<point>
			<X>305</X>
			<Y>87</Y>
		</point>
		<point>
			<X>307</X>
			<Y>90</Y>
		</point>
		<point>
			<X>307</X>
			<Y>90</Y>
		</point>
		<point>
			<X>308</X>
			<Y>91</Y>
		</point>
		<point>
			<X>308</X>
			<Y>91</Y>
		</point>
		<point>
			<X>308</X>
			<Y>91</Y>
		</point>
		<point>
			<X>308</X>
			<Y>91</Y>
		</point>
		<point>
			<X>310</X>
			<Y>92</Y>
		</point>
		<point>
			<X>310</X>
			<Y>92</Y>
		</point>
		<point>
			<X>310</X>
			<Y>93</Y>
		</point>
		<point>
			<X>310</X>
			<Y>93</Y>
		</point>
		<point>
			<X>310</X>
			<Y>93</Y>
		</point>
		<point>
			<X>310</X>
			<Y>93</Y>
		</point>
		<point>
			<X>310</X>
			<Y>95</Y>
		</point>
		<point>
			<X>310</X>
			<Y>95</Y>
		</point>
		<point>
			<X>312</X>
			<Y>95</Y>
		</point>
		<point>
			<X>312</X>
			<Y>95</Y>
		</point>
		<point>
			<X>312</X>
			<Y>97</Y>
		</point>
		<point>
			<X>312</X>
			<Y>97</Y>
		</point>
		<point>
			<X>313</X>
			<Y>98</Y>
		</point>
		<point>
			<X>313</X>
			<Y>98</Y>
		</point>
		<point>
			<X>314</X>
			<Y>98</Y>
		</point>
		<point>
			<X>314</X>
			<Y>98</Y>
		</point>
		<point>
			<X>315</X>
			<Y>100</Y>
		</point>
		<point>
			<X>315</X>
			<Y>100</Y>
		</point>
		<point>
			<X>315</X>
			<Y>103</Y>
		</point>
		<point>
			<X>315</X>
			<Y>103</Y>
		</point>
		<point>
			<X>315</X>
			<Y>103</Y>
		</point>
		<point>
			<X>315</X>
			<Y>105</Y>
		</point>
		<point>
			<X>315</X>
			<Y>105</Y>
		</point>
		<point>
			<X>315</X>
			<Y>105</Y>
		</point>
		<point>
			<X>315</X>
			<Y>105</Y>
		</point>
		<point>
			<X>317</X>
			<Y>107</Y>
		</point>
		<point>
			<X>317</X>
			<Y>107</Y>
		</point>
		<point>
			<X>318</X>
			<Y>108</Y>
		</point>
		<point>
			<X>318</X>
			<Y>108</Y>
		</point>
		<point>
			<X>318</X>
			<Y>110</Y>
		</point>
		<point>
			<X>318</X>
			<Y>110</Y>
		</point>
		<point>
			<X>319</X>
			<Y>112</Y>
		</point>
		<point>
			<X>319</X>
			<Y>112</Y>
		</point>
		<point>
			<X>320</X>
			<Y>113</Y>
		</point>
		<point>
			<X>320</X>
			<Y>113</Y>
		</point>
		<point>
			<X>320</X>
			<Y>114</Y>
		</point>
		<point>
			<X>320</X>
			<Y>114</Y>
		</point>
		<point>
			<X>320</X>
			<Y>117</Y>
		</point>
		<point>
			<X>320</X>
			<Y>117</Y>
		</point>
		<point>
			<X>322</X>
			<Y>118</Y>
		</point>
		<point>
			<X>322</X>
			<Y>118</Y>
		</point>
		<point>
			<X>323</X>
			<Y>119</Y>
		</point>
		<point>
			<X>323</X>
			<Y>119</Y>
		</point>
		<point>
			<X>324</X>
			<Y>122</Y>
		</point>
		<point>
			<X>324</X>
			<Y>122</Y>
		</point>
		<point>
			<X>324</X>
			<Y>124</Y>
		</point>
		<point>
			<X>324</X>
			<Y>124</Y>
		</point>
		<point>
			<X>325</X>
			<Y>128</Y>
		</point>
		<point>
			<X>325</X>
			<Y>128</Y>
		</point>
		<point>
			<X>325</X>
			<Y>131</Y>
		</point>
		<point>
			<X>325</X>
			<Y>131</Y>
		</point>
		<point>
			<X>327</X>
			<Y>135</Y>
		</point>
		<point>
			<X>327</X>
			<Y>135</Y>
		</point>
		<point>
			<X>327</X>
			<Y>136</Y>
		</point>
		<point>
			<X>327</X>
			<Y>136</Y>
		</point>
		<point>
			<X>329</X>
			<Y>139</Y>
		</point>
		<point>
			<X>329</X>
			<Y>139</Y>
		</point>
		<point>
			<X>329</X>
			<Y>141</Y>
		</point>
		<point>
			<X>329</X>
			<Y>141</Y>
		</point>
		<point>
			<X>330</X>
			<Y>143</Y>
		</point>
		<point>
			<X>330</X>
			<Y>143</Y>
		</point>
		<point>
			<X>330</X>
			<Y>146</Y>
		</point>
		<point>
			<X>330</X>
			<Y>146</Y>
		</point>
		<point>
			<X>330</X>
			<Y>147</Y>
		</point>
		<point>
			<X>330</X>
			<Y>147</Y>
		</point>
		<point>
			<X>330</X>
			<Y>148</Y>
		</point>
		<point>
			<X>330</X>
			<Y>148</Y>
		</point>
		<point>
			<X>330</X>
			<Y>149</Y>
		</point>
		<point>
			<X>330</X>
			<Y>149</Y>
		</point>
		<point>
			<X>330</X>
			<Y>150</Y>
		</point>
		<point>
			<X>330</X>
			<Y>150</Y>
		</point>
		<point>
			<X>330</X>
			<Y>151</Y>
		</point>
		<point>
			<X>330</X>
			<Y>151</Y>
		</point>
		<point>
			<X>330</X>
			<Y>151</Y>
		</point>
		<point>
			<X>330</X>
			<Y>151</Y>
		</point>
		<point>
			<X>330</X>
			<Y>152</Y>
		</point>
		<point>
			<X>330</X>
			<Y>152</Y>
		</point>
		<point>
			<X>330</X>
			<Y>152</Y>
		</point>
		<point>
			<X>330</X>
			<Y>152</Y>
		</point>
		<point>
			<X>330</X>
			<Y>154</Y>
		</point>
		<point>
			<X>330</X>
			<Y>154</Y>
		</point>
		<point>
			<X>330</X>
			<Y>155</Y>
		</point>
		<point>
			<X>330</X>
			<Y>155</Y>
		</point>
		<point>
			<X>330</X>
			<Y>156</Y>
		</point>
		<point>
			<X>330</X>
			<Y>156</Y>
		</point>
		<point>
			<X>330</X>
			<Y>157</Y>
		</point>
		<point>
			<X>330</X>
			<Y>157</Y>
		</point>
		<point>
			<X>330</X>
			<Y>157</Y>
		</point>
		<point>
			<X>330</X>
			<Y>157</Y>
		</point>
		<point>
			<X>330</X>
			<Y>159</Y>
		</point>
		<point>
			<X>330</X>
			<Y>159</Y>
		</point>
		<point>
			<X>330</X>
			<Y>161</Y>
		</point>
		<point>
			<X>330</X>
			<Y>161</Y>
		</point>
		<point>
			<X>330</X>
			<Y>161</Y>
		</point>
		<point>
			<X>330</X>
			<Y>161</Y>
		</point>
		<point>
			<X>330</X>
			<Y>162</Y>
		</point>
		<point>
			<X>330</X>
			<Y>162</Y>
		</point>
		<point>
			<X>330</X>
			<Y>162</Y>
		</point>
		<point>
			<X>330</X>
			<Y>162</Y>
		</point>
		<point>
			<X>330</X>
			<Y>164</Y>
		</point>
		<point>
			<X>330</X>
			<Y>164</Y>
		</point>
		<point>
			<X>330</X>
			<Y>166</Y>
		</point>
		<point>
			<X>330</X>
			<Y>166</Y>
		</point>
		<point>
			<X>330</X>
			<Y>167</Y>
		</point>
		<point>
			<X>330</X>
			<Y>167</Y>
		</point>
		<point>
			<X>330</X>
			<Y>167</Y>
		</point>
		<point>
			<X>330</X>
			<Y>167</Y>
		</point>
		<point>
			<X>330</X>
			<Y>170</Y>
		</point>
		<point>
			<X>330</X>
			<Y>170</Y>
		</point>
		<point>
			<X>330</X>
			<Y>171</Y>
		</point>
		<point>
			<X>330</X>
			<Y>171</Y>
		</point>
		<point>
			<X>330</X>
			<Y>172</Y>
		</point>
		<point>
			<X>330</X>
			<Y>172</Y>
		</point>
		<point>
			<X>330</X>
			<Y>174</Y>
		</point>
		<point>
			<X>330</X>
			<Y>174</Y>
		</point>
		<point>
			<X>330</X>
			<Y>176</Y>
		</point>
		<point>
			<X>330</X>
			<Y>176</Y>
		</point>
		<point>
			<X>330</X>
			<Y>177</Y>
		</point>
		<point>
			<X>330</X>
			<Y>177</Y>
		</point>
		<point>
			<X>330</X>
			<Y>180</Y>
		</point>
		<point>
			<X>330</X>
			<Y>180</Y>
		</point>
		<point>
			<X>330</X>
			<Y>182</Y>
		</point>
		<point>
			<X>330</X>
			<Y>182</Y>
		</point>
		<point>
			<X>330</X>
			<Y>184</Y>
		</point>
		<point>
			<X>330</X>
			<Y>184</Y>
		</point>
		<point>
			<X>330</X>
			<Y>186</Y>
		</point>
		<point>
			<X>330</X>
			<Y>186</Y>
		</point>
		<point>
			<X>330</X>
			<Y>187</Y>
		</point>
		<point>
			<X>330</X>
			<Y>187</Y>
		</point>
		<point>
			<X>330</X>
			<Y>191</Y>
		</point>
		<point>
			<X>330</X>
			<Y>191</Y>
		</point>
		<point>
			<X>330</X>
			<Y>192</Y>
		</point>
		<point>
			<X>330</X>
			<Y>192</Y>
		</point>
		<point>
			<X>330</X>
			<Y>195</Y>
		</point>
		<point>
			<X>330</X>
			<Y>195</Y>
		</point>
		<point>
			<X>330</X>
			<Y>196</Y>
		</point>
		<point>
			<X>330</X>
			<Y>196</Y>
		</point>
		<point>
			<X>330</X>
			<Y>199</Y>
		</point>
		<point>
			<X>330</X>
			<Y>199</Y>
		</point>
		<point>
			<X>330</X>
			<Y>201</Y>
		</point>
		<point>
			<X>330</X>
			<Y>201</Y>
		</point>
		<point>
			<X>330</X>
			<Y>202</Y>
		</point>
		<point>
			<X>330</X>
			<Y>202</Y>
		</point>
		<point>
			<X>330</X>
			<Y>206</Y>
		</point>
		<point>
			<X>330</X>
			<Y>206</Y>
		</point>
		<point>
			<X>330</X>
			<Y>206</Y>
		</point>
		<point>
			<X>330</X>
			<Y>206</Y>
		</point>
		<point>
			<X>330</X>
			<Y>207</Y>
		</point>
		<point>
			<X>330</X>
			<Y>207</Y>
		</point>
		<point>
			<X>330</X>
			<Y>209</Y>
		</point>
		<point>
			<X>330</X>
			<Y>209</Y>
		</point>
		<point>
			<X>330</X>
			<Y>211</Y>
		</point>
		<point>
			<X>330</X>
			<Y>211</Y>
		</point>
		<point>
			<X>330</X>
			<Y>212</Y>
		</point>
		<point>
			<X>330</X>
			<Y>212</Y>
		</point>
		<point>
			<X>330</X>
			<Y>216</Y>
		</point>
		<point>
			<X>330</X>
			<Y>216</Y>
		</point>
		<point>
			<X>330</X>
			<Y>217</Y>
		</point>
		<point>
			<X>330</X>
			<Y>217</Y>
		</point>
		<point>
			<X>330</X>
			<Y>219</Y>
		</point>
		<point>
			<X>330</X>
			<Y>221</Y>
		</point>
		<point>
			<X>330</X>
			<Y>221</Y>
		</point>
		<point>
			<X>330</X>
			<Y>221</Y>
		</point>
		<point>
			<X>330</X>
			<Y>221</Y>
		</point>
		<point>
			<X>330</X>
			<Y>222</Y>
		</point>
		<point>
			<X>330</X>
			<Y>224</Y>
		</point>
		<point>
			<X>330</X>
			<Y>224</Y>
		</point>
		<point>
			<X>330</X>
			<Y>225</Y>
		</point>
		<point>
			<X>330</X>
			<Y>226</Y>
		</point>
		<point>
			<X>330</X>
			<Y>226</Y>
		</point>
		<point>
			<X>330</X>
			<Y>228</Y>
		</point>
		<point>
			<X>330</X>
			<Y>228</Y>
		</point>
		<point>
			<X>330</X>
			<Y>229</Y>
		</point>
		<point>
			<X>330</X>
			<Y>229</Y>
		</point>
		<point>
			<X>330</X>
			<Y>230</Y>
		</point>
		<point>
			<X>330</X>
			<Y>230</Y>
		</point>
		<point>
			<X>330</X>
			<Y>231</Y>
		</point>
		<point>
			<X>330</X>
			<Y>233</Y>
		</point>
		<point>
			<X>330</X>
			<Y>233</Y>
		</point>
		<point>
			<X>330</X>
			<Y>234</Y>
		</point>
		<point>
			<X>330</X>
			<Y>234</Y>
		</point>
		<point>
			<X>330</X>
			<Y>236</Y>
		</point>
		<point>
			<X>330</X>
			<Y>236</Y>
		</point>
		<point>
			<X>330</X>
			<Y>236</Y>
		</point>
		<point>
			<X>330</X>
			<Y>236</Y>
		</point>
		<point>
			<X>330</X>
			<Y>238</Y>
		</point>
		<point>
			<X>330</X>
			<Y>238</Y>
		</point>
		<point>
			<X>330</X>
			<Y>239</Y>
		</point>
		<point>
			<X>330</X>
			<Y>239</Y>
		</point>
		<point>
			<X>330</X>
			<Y>241</Y>
		</point>
		<point>
			<X>330</X>
			<Y>243</Y>
		</point>
		<point>
			<X>330</X>
			<Y>243</Y>
		</point>
		<point>
			<X>330</X>
			<Y>246</Y>
		</point>
		<point>
			<X>330</X>
			<Y>248</Y>
		</point>
		<point>
			<X>330</X>
			<Y>248</Y>
		</point>
		<point>
			<X>330</X>
			<Y>249</Y>
		</point>
		<point>
			<X>330</X>
			<Y>249</Y>
		</point>
		<point>
			<X>330</X>
			<Y>251</Y>
		</point>
		<point>
			<X>330</X>
			<Y>251</Y>
		</point>
		<point>
			<X>330</X>
			<Y>253</Y>
		</point>
		<point>
			<X>330</X>
			<Y>253</Y>
		</point>
		<point>
			<X>330</X>
			<Y>254</Y>
		</point>
		<point>
			<X>330</X>
			<Y>254</Y>
		</point>
		<point>
			<X>332</X>
			<Y>256</Y>
		</point>
		<point>
			<X>332</X>
			<Y>256</Y>
		</point>
		<point>
			<X>332</X>
			<Y>256</Y>
		</point>
		<point>
			<X>332</X>
			<Y>258</Y>
		</point>
		<point>
			<X>332</X>
			<Y>258</Y>
		</point>
		<point>
			<X>332</X>
			<Y>259</Y>
		</point>
		<point>
			<X>332</X>
			<Y>259</Y>
		</point>
		<point>
			<X>332</X>
			<Y>258</Y>
		</point>
		<point>
			<X>332</X>
			<Y>258</Y>
		</point>
		<point>
			<X>332</X>
			<Y>258</Y>
		</point>
		<point>
			<X>330</X>
			<Y>260</Y>
		</point>
		<point>
			<X>330</X>
			<Y>260</Y>
		</point>
		<point>
			<X>330</X>
			<Y>262</Y>
		</point>
		<point>
			<X>330</X>
			<Y>262</Y>
		</point>
		<point>
			<X>329</X>
			<Y>263</Y>
		</point>
		<point>
			<X>329</X>
			<Y>263</Y>
		</point>
		<point>
			<X>329</X>
			<Y>263</Y>
		</point>
		<point>
			<X>329</X>
			<Y>263</Y>
		</point>
		<point>
			<X>328</X>
			<Y>264</Y>
		</point>
		<point>
			<X>328</X>
			<Y>264</Y>
		</point>
		<point>
			<X>328</X>
			<Y>266</Y>
		</point>
		<point>
			<X>328</X>
			<Y>266</Y>
		</point>
		<point>
			<X>328</X>
			<Y>267</Y>
		</point>
		<point>
			<X>328</X>
			<Y>267</Y>
		</point>
		<point>
			<X>327</X>
			<Y>268</Y>
		</point>
		<point>
			<X>327</X>
			<Y>268</Y>
		</point>
		<point>
			<X>325</X>
			<Y>271</Y>
		</point>
		<point>
			<X>325</X>
			<Y>271</Y>
		</point>
		<point>
			<X>325</X>
			<Y>271</Y>
		</point>
		<point>
			<X>325</X>
			<Y>273</Y>
		</point>
		<point>
			<X>325</X>
			<Y>273</Y>
		</point>
		<point>
			<X>325</X>
			<Y>275</Y>
		</point>
		<point>
			<X>325</X>
			<Y>275</Y>
		</point>
		<point>
			<X>325</X>
			<Y>276</Y>
		</point>
		<point>
			<X>325</X>
			<Y>276</Y>
		</point>
		<point>
			<X>325</X>
			<Y>278</Y>
		</point>
		<point>
			<X>325</X>
			<Y>278</Y>
		</point>
		<point>
			<X>324</X>
			<Y>280</Y>
		</point>
		<point>
			<X>324</X>
			<Y>280</Y>
		</point>
		<point>
			<X>324</X>
			<Y>281</Y>
		</point>
		<point>
			<X>324</X>
			<Y>281</Y>
		</point>
		<point>
			<X>324</X>
			<Y>283</Y>
		</point>
		<point>
			<X>324</X>
			<Y>283</Y>
		</point>
		<point>
			<X>324</X>
			<Y>285</Y>
		</point>
		<point>
			<X>324</X>
			<Y>285</Y>
		</point>
		<point>
			<X>323</X>
			<Y>286</Y>
		</point>
		<point>
			<X>323</X>
			<Y>286</Y>
		</point>
		<point>
			<X>323</X>
			<Y>287</Y>
		</point>
		<point>
			<X>323</X>
			<Y>288</Y>
		</point>
		<point>
			<X>323</X>
			<Y>288</Y>
		</point>
		<point>
			<X>323</X>
			<Y>288</Y>
		</point>
		<point>
			<X>323</X>
			<Y>288</Y>
		</point>
		<point>
			<X>323</X>
			<Y>290</Y>
		</point>
		<point>
			<X>323</X>
			<Y>290</Y>
		</point>
		<point>
			<X>323</X>
			<Y>291</Y>
		</point>
		<point>
			<X>323</X>
			<Y>291</Y>
		</point>
		<point>
			<X>323</X>
			<Y>291</Y>
		</point>
		<point>
			<X>323</X>
			<Y>291</Y>
		</point>
		<point>
			<X>323</X>
			<Y>292</Y>
		</point>
		<point>
			<X>323</X>
			<Y>292</Y>
		</point>
		<point>
			<X>323</X>
			<Y>293</Y>
		</point>
		<point>
			<X>323</X>
			<Y>293</Y>
		</point>
		<point>
			<X>323</X>
			<Y>293</Y>
		</point>
		<point>
			<X>323</X>
			<Y>293</Y>
		</point>
		<point>
			<X>323</X>
			<Y>294</Y>
		</point>
		<point>
			<X>323</X>
			<Y>294</Y>
		</point>
		<point>
			<X>323</X>
			<Y>295</Y>
		</point>
		<point>
			<X>323</X>
			<Y>295</Y>
		</point>
		<point>
			<X>323</X>
			<Y>296</Y>
		</point>
		<point>
			<X>323</X>
			<Y>298</Y>
		</point>
		<point>
			<X>323</X>
			<Y>298</Y>
		</point>
		<point>
			<X>323</X>
			<Y>300</Y>
		</point>
		<point>
			<X>323</X>
			<Y>301</Y>
		</point>
		<point>
			<X>323</X>
			<Y>301</Y>
		</point>
		<point>
			<X>323</X>
			<Y>303</Y>
		</point>
		<point>
			<X>323</X>
			<Y>303</Y>
		</point>
		<point>
			<X>323</X>
			<Y>305</Y>
		</point>
		<point>
			<X>323</X>
			<Y>305</Y>
		</point>
		<point>
			<X>323</X>
			<Y>305</Y>
		</point>
		<point>
			<X>323</X>
			<Y>308</Y>
		</point>
		<point>
			<X>323</X>
			<Y>308</Y>
		</point>
		<point>
			<X>323</X>
			<Y>310</Y>
		</point>
		<point>
			<X>323</X>
			<Y>310</Y>
		</point>
		<point>
			<X>323</X>
			<Y>312</Y>
		</point>
		<point>
			<X>323</X>
			<Y>314</Y>
		</point>
		<point>
			<X>323</X>
			<Y>314</Y>
		</point>
		<point>
			<X>323</X>
			<Y>315</Y>
		</point>
		<point>
			<X>323</X>
			<Y>315</Y>
		</point>
		<point>
			<X>323</X>
			<Y>318</Y>
		</point>
		<point>
			<X>323</X>
			<Y>318</Y>
		</point>
		<point>
			<X>323</X>
			<Y>320</Y>
		</point>
		<point>
			<X>323</X>
			<Y>323</Y>
		</point>
		<point>
			<X>323</X>
			<Y>323</Y>
		</point>
		<point>
			<X>323</X>
			<Y>325</Y>
		</point>
		<point>
			<X>323</X>
			<Y>325</Y>
		</point>
		<point>
			<X>323</X>
			<Y>328</Y>
		</point>
		<point>
			<X>323</X>
			<Y>329</Y>
		</point>
		<point>
			<X>323</X>
			<Y>329</Y>
		</point>
		<point>
			<X>323</X>
			<Y>330</Y>
		</point>
		<point>
			<X>323</X>
			<Y>330</Y>
		</point>
		<point>
			<X>323</X>
			<Y>333</Y>
		</point>
		<point>
			<X>323</X>
			<Y>335</Y>
		</point>
		<point>
			<X>323</X>
			<Y>335</Y>
		</point>
		<point>
			<X>323</X>
			<Y>338</Y>
		</point>
		<point>
			<X>323</X>
			<Y>338</Y>
		</point>
		<point>
			<X>323</X>
			<Y>342</Y>
		</point>
		<point>
			<X>323</X>
			<Y>342</Y>
		</point>
		<point>
			<X>323</X>
			<Y>345</Y>
		</point>
		<point>
			<X>323</X>
			<Y>345</Y>
		</point>
		<point>
			<X>323</X>
			<Y>348</Y>
		</point>
		<point>
			<X>323</X>
			<Y>349</Y>
		</point>
		<point>
			<X>323</X>
			<Y>349</Y>
		</point>
		<point>
			<X>323</X>
			<Y>352</Y>
		</point>
		<point>
			<X>323</X>
			<Y>354</Y>
		</point>
		<point>
			<X>323</X>
			<Y>354</Y>
		</point>
		<point>
			<X>323</X>
			<Y>358</Y>
		</point>
		<point>
			<X>323</X>
			<Y>360</Y>
		</point>
		<point>
			<X>323</X>
			<Y>360</Y>
		</point>
		<point>
			<X>323</X>
			<Y>365</Y>
		</point>
		<point>
			<X>323</X>
			<Y>368</Y>
		</point>
		<point>
			<X>323</X>
			<Y>368</Y>
		</point>
		<point>
			<X>323</X>
			<Y>372</Y>
		</point>
		<point>
			<X>323</X>
			<Y>372</Y>
		</point>
		<point>
			<X>323</X>
			<Y>375</Y>
		</point>
		<point>
			<X>323</X>
			<Y>375</Y>
		</point>
		<point>
			<X>323</X>
			<Y>380</Y>
		</point>
		<point>
			<X>323</X>
			<Y>380</Y>
		</point>
		<point>
			<X>323</X>
			<Y>387</Y>
		</point>
		<point>
			<X>323</X>
			<Y>387</Y>
		</point>
		<point>
			<X>323</X>
			<Y>393</Y>
		</point>
		<point>
			<X>322</X>
			<Y>400</Y>
		</point>
		<point>
			<X>322</X>
			<Y>405</Y>
		</point>
		<point>
			<X>322</X>
			<Y>405</Y>
		</point>
		<point>
			<X>320</X>
			<Y>412</Y>
		</point>
		<point>
			<X>320</X>
			<Y>415</Y>
		</point>
		<point>
			<X>320</X>
			<Y>415</Y>
		</point>
		<point>
			<X>320</X>
			<Y>418</Y>
		</point>
		<point>
			<X>320</X>
			<Y>418</Y>
		</point>
		<point>
			<X>320</X>
			<Y>420</Y>
		</point>
		<point>
			<X>320</X>
			<Y>420</Y>
		</point>
		<point>
			<X>320</X>
			<Y>423</Y>
		</point>
		<point>
			<X>320</X>
			<Y>427</Y>
		</point>
		<point>
			<X>320</X>
			<Y>427</Y>
		</point>
		<point>
			<X>320</X>
			<Y>428</Y>
		</point>
		<point>
			<X>320</X>
			<Y>428</Y>
		</point>
		<point>
			<X>320</X>
			<Y>430</Y>
		</point>
		<point>
			<X>320</X>
			<Y>430</Y>
		</point>
		<point>
			<X>320</X>
			<Y>432</Y>
		</point>
		<point>
			<X>320</X>
			<Y>433</Y>
		</point>
		<point>
			<X>320</X>
			<Y>433</Y>
		</point>
		<point>
			<X>320</X>
			<Y>435</Y>
		</point>
		<point>
			<X>320</X>
			<Y>435</Y>
		</point>
		<point>
			<X>320</X>
			<Y>438</Y>
		</point>
		<point>
			<X>320</X>
			<Y>438</Y>
		</point>
		<point>
			<X>320</X>
			<Y>438</Y>
		</point>
		<point>
			<X>320</X>
			<Y>438</Y>
		</point>
		<point>
			<X>320</X>
			<Y>438</Y>
		</point>
		<point>
			<X>320</X>
			<Y>440</Y>
		</point>
		<point>
			<X>320</X>
			<Y>440</Y>
		</point>
		<point>
			<X>320</X>
			<Y>440</Y>
		</point>
		<point>
			<X>320</X>
			<Y>440</Y>
		</point>
		<point>
			<X>320</X>
			<Y>443</Y>
		</point>
		<point>
			<X>320</X>
			<Y>443</Y>
		</point>
		<point>
			<X>320</X>
			<Y>443</Y>
		</point>
		<point>
			<X>320</X>
			<Y>443</Y>
		</point>
		<point>
			<X>318</X>
			<Y>445</Y>
		</point>
		<point>
			<X>317</X>
			<Y>448</Y>
		</point>
		<point>
			<X>317</X>
			<Y>450</Y>
		</point>
		<point>
			<X>315</X>
			<Y>451</Y>
		</point>
		<point>
			<X>315</X>
			<Y>453</Y>
		</point>
		<point>
			<X>315</X>
			<Y>453</Y>
		</point>
		<point>
			<X>315</X>
			<Y>455</Y>
		</point>
		<point>
			<X>315</X>
			<Y>455</Y>
		</point>
		<point>
			<X>312</X>
			<Y>458</Y>
		</point>
		<point>
			<X>312</X>
			<Y>458</Y>
		</point>
		<point>
			<X>312</X>
			<Y>461</Y>
		</point>
		<point>
			<X>312</X>
			<Y>461</Y>
		</point>
		<point>
			<X>310</X>
			<Y>462</Y>
		</point>
		<point>
			<X>310</X>
			<Y>462</Y>
		</point>
		<point>
			<X>310</X>
			<Y>463</Y>
		</point>
		<point>
			<X>310</X>
			<Y>465</Y>
		</point>
		<point>
			<X>310</X>
			<Y>465</Y>
		</point>
		<point>
			<X>308</X>
			<Y>467</Y>
		</point>
		<point>
			<X>308</X>
			<Y>467</Y>
		</point>
		<point>
			<X>307</X>
			<Y>468</Y>
		</point>
		<point>
			<X>307</X>
			<Y>468</Y>
		</point>
		<point>
			<X>305</X>
			<Y>472</Y>
		</point>
		<point>
			<X>305</X>
			<Y>472</Y>
		</point>
		<point>
			<X>305</X>
			<Y>473</Y>
		</point>
		<point>
			<X>305</X>
			<Y>473</Y>
		</point>
		<point>
			<X>303</X>
			<Y>476</Y>
		</point>
		<point>
			<X>303</X>
			<Y>476</Y>
		</point>
		<point>
			<X>302</X>
			<Y>477</Y>
		</point>
		<point>
			<X>301</X>
			<Y>478</Y>
		</point>
		<point>
			<X>301</X>
			<Y>478</Y>
		</point>
		<point>
			<X>300</X>
			<Y>481</Y>
		</point>
		<point>
			<X>300</X>
			<Y>481</Y>
		</point>
		<point>
			<X>298</X>
			<Y>483</Y>
		</point>
		<point>
			<X>297</X>
			<Y>483</Y>
		</point>
		<point>
			<X>297</X>
			<Y>483</Y>
		</point>
		<point>
			<X>297</X>
			<Y>483</Y>
		</point>
		<point>
			<X>297</X>
			<Y>483</Y>
		</point>
		<point>
			<X>296</X>
			<Y>486</Y>
		</point>
		<point>
			<X>296</X>
			<Y>486</Y>
		</point>
		<point>
			<X>295</X>
			<Y>486</Y>
		</point>
		<point>
			<X>295</X>
			<Y>486</Y>
		</point>
		<point>
			<X>295</X>
			<Y>488</Y>
		</point>
		<point>
			<X>295</X>
			<Y>488</Y>
		</point>
		<point>
			<X>294</X>
			<Y>488</Y>
		</point>
		<point>
			<X>294</X>
			<Y>488</Y>
		</point>
		<point>
			<X>292</X>
			<Y>488</Y>
		</point>
		<point>
			<X>291</X>
			<Y>491</Y>
		</point>
		<point>
			<X>289</X>
			<Y>491</Y>
		</point>
		<point>
			<X>288</X>
			<Y>491</Y>
		</point>
		<point>
			<X>287</X>
			<Y>491</Y>
		</point>
		<point>
			<X>287</X>
			<Y>491</Y>
		</point>
		<point>
			<X>287</X>
			<Y>491</Y>
		</point>
		<point>
			<X>287</X>
			<Y>491</Y>
		</point>
		<point>
			<X>285</X>
			<Y>491</Y>
		</point>
		<point>
			<X>285</X>
			<Y>491</Y>
		</point>
		<point>
			<X>284</X>
			<Y>491</Y>
		</point>
		<point>
			<X>283</X>
			<Y>493</Y>
		</point>
		<point>
			<X>283</X>
			<Y>493</Y>
		</point>
		<point>
			<X>282</X>
			<Y>493</Y>
		</point>
		<point>
			<X>282</X>
			<Y>493</Y>
		</point>
		<point>
			<X>281</X>
			<Y>493</Y>
		</point>
		<point>
			<X>280</X>
			<Y>493</Y>
		</point>
		<point>
			<X>279</X>
			<Y>493</Y>
		</point>
		<point>
			<X>277</X>
			<Y>493</Y>
		</point>
		<point>
			<X>275</X>
			<Y>493</Y>
		</point>
		<point>
			<X>275</X>
			<Y>493</Y>
		</point>
		<point>
			<X>272</X>
			<Y>493</Y>
		</point>
		<point>
			<X>272</X>
			<Y>493</Y>
		</point>
		<point>
			<X>271</X>
			<Y>493</Y>
		</point>
		<point>
			<X>269</X>
			<Y>493</Y>
		</point>
		<point>
			<X>268</X>
			<Y>493</Y>
		</point>
		<point>
			<X>268</X>
			<Y>493</Y>
		</point>
		<point>
			<X>265</X>
			<Y>493</Y>
		</point>
		<point>
			<X>263</X>
			<Y>493</Y>
		</point>
		<point>
			<X>262</X>
			<Y>493</Y>
		</point>
		<point>
			<X>262</X>
			<Y>493</Y>
		</point>
		<point>
			<X>257</X>
			<Y>493</Y>
		</point>
		<point>
			<X>256</X>
			<Y>493</Y>
		</point>
		<point>
			<X>254</X>
			<Y>493</Y>
		</point>
		<point>
			<X>251</X>
			<Y>493</Y>
		</point>
		<point>
			<X>248</X>
			<Y>493</Y>
		</point>
		<point>
			<X>244</X>
			<Y>493</Y>
		</point>
		<point>
			<X>241</X>
			<Y>493</Y>
		</point>
		<point>
			<X>241</X>
			<Y>493</Y>
		</point>
		<point>
			<X>239</X>
			<Y>493</Y>
		</point>
		<point>
			<X>239</X>
			<Y>493</Y>
		</point>
		<point>
			<X>236</X>
			<Y>492</Y>
		</point>
		<point>
			<X>231</X>
			<Y>491</Y>
		</point>
		<point>
			<X>230</X>
			<Y>491</Y>
		</point>
		<point>
			<X>230</X>
			<Y>491</Y>
		</point>
		<point>
			<X>224</X>
			<Y>488</Y>
		</point>
		<point>
			<X>224</X>
			<Y>488</Y>
		</point>
		<point>
			<X>221</X>
			<Y>488</Y>
		</point>
		<point>
			<X>221</X>
			<Y>488</Y>
		</point>
		<point>
			<X>220</X>
			<Y>488</Y>
		</point>
		<point>
			<X>216</X>
			<Y>488</Y>
		</point>
		<point>
			<X>215</X>
			<Y>488</Y>
		</point>
		<point>
			<X>211</X>
			<Y>488</Y>
		</point>
		<point>
			<X>211</X>
			<Y>488</Y>
		</point>
		<point>
			<X>206</X>
			<Y>487</Y>
		</point>
		<point>
			<X>204</X>
			<Y>486</Y>
		</point>
		<point>
			<X>200</X>
			<Y>483</Y>
		</point>
		<point>
			<X>200</X>
			<Y>483</Y>
		</point>
		<point>
			<X>191</X>
			<Y>483</Y>
		</point>
		<point>
			<X>191</X>
			<Y>483</Y>
		</point>
		<point>
			<X>191</X>
			<Y>483</Y>
		</point>
		<point>
			<X>187</X>
			<Y>482</Y>
		</point>
		<point>
			<X>187</X>
			<Y>482</Y>
		</point>
		<point>
			<X>182</X>
			<Y>481</Y>
		</point>
		<point>
			<X>182</X>
			<Y>481</Y>
		</point>
		<point>
			<X>179</X>
			<Y>478</Y>
		</point>
		<point>
			<X>179</X>
			<Y>478</Y>
		</point>
		<point>
			<X>176</X>
			<Y>478</Y>
		</point>
		<point>
			<X>172</X>
			<Y>478</Y>
		</point>
		<point>
			<X>167</X>
			<Y>477</Y>
		</point>
		<point>
			<X>160</X>
			<Y>473</Y>
		</point>
		<point>
			<X>157</X>
			<Y>473</Y>
		</point>
		<point>
			<X>157</X>
			<Y>473</Y>
		</point>
		<point>
			<X>152</X>
			<Y>473</Y>
		</point>
		<point>
			<X>152</X>
			<Y>473</Y>
		</point>
		<point>
			<X>150</X>
			<Y>472</Y>
		</point>
		<point>
			<X>150</X>
			<Y>472</Y>
		</point>
		<point>
			<X>145</X>
			<Y>471</Y>
		</point>
		<point>
			<X>145</X>
			<Y>471</Y>
		</point>
		<point>
			<X>143</X>
			<Y>468</Y>
		</point>
		<point>
			<X>137</X>
			<Y>468</Y>
		</point>
		<point>
			<X>137</X>
			<Y>468</Y>
		</point>
		<point>
			<X>133</X>
			<Y>468</Y>
		</point>
		<point>
			<X>133</X>
			<Y>468</Y>
		</point>
		<point>
			<X>130</X>
			<Y>467</Y>
		</point>
		<point>
			<X>128</X>
			<Y>466</Y>
		</point>
		<point>
			<X>128</X>
			<Y>466</Y>
		</point>
		<point>
			<X>122</X>
			<Y>465</Y>
		</point>
		<point>
			<X>122</X>
			<Y>465</Y>
		</point>
		<point>
			<X>118</X>
			<Y>463</Y>
		</point>
		<point>
			<X>115</X>
			<Y>463</Y>
		</point>
		<point>
			<X>110</X>
			<Y>461</Y>
		</point>
		<point>
			<X>105</X>
			<Y>461</Y>
		</point>
		<point>
			<X>102</X>
			<Y>458</Y>
		</point>
		<point>
			<X>97</X>
			<Y>457</Y>
		</point>
		<point>
			<X>95</X>
			<Y>457</Y>
		</point>
		<point>
			<X>95</X>
			<Y>457</Y>
		</point>
		<point>
			<X>90</X>
			<Y>455</Y>
		</point>
		<point>
			<X>88</X>
			<Y>453</Y>
		</point>
		<point>
			<X>85</X>
			<Y>452</Y>
		</point>
		<point>
			<X>85</X>
			<Y>452</Y>
		</point>
		<point>
			<X>80</X>
			<Y>451</Y>
		</point>
		<point>
			<X>78</X>
			<Y>451</Y>
		</point>
		<point>
			<X>76</X>
			<Y>448</Y>
		</point>
		<point>
			<X>75</X>
			<Y>448</Y>
		</point>
		<point>
			<X>72</X>
			<Y>445</Y>
		</point>
		<point>
			<X>67</X>
			<Y>445</Y>
		</point>
		<point>
			<X>64</X>
			<Y>443</Y>
		</point>
		<point>
			<X>61</X>
			<Y>443</Y>
		</point>
		<point>
			<X>57</X>
			<Y>440</Y>
		</point>
		<point>
			<X>54</X>
			<Y>438</Y>
		</point>
		<point>
			<X>51</X>
			<Y>438</Y>
		</point>
		<point>
			<X>51</X>
			<Y>438</Y>
		</point>
		<point>
			<X>50</X>
			<Y>435</Y>
		</point>
		<point>
			<X>49</X>
			<Y>435</Y>
		</point>
		<point>
			<X>46</X>
			<Y>433</Y>
		</point>
		<point>
			<X>45</X>
			<Y>433</Y>
		</point>
		<point>
			<X>45</X>
			<Y>433</Y>
		</point>
		<point>
			<X>44</X>
			<Y>430</Y>
		</point>
		<point>
			<X>43</X>
			<Y>430</Y>
		</point>
		<point>
			<X>41</X>
			<Y>428</Y>
		</point>
		<point>
			<X>41</X>
			<Y>428</Y>
		</point>
		<point>
			<X>39</X>
			<Y>425</Y>
		</point>
		<point>
			<X>39</X>
			<Y>423</Y>
		</point>
		<point>
			<X>39</X>
			<Y>423</Y>
		</point>
		<point>
			<X>37</X>
			<Y>420</Y>
		</point>
		<point>
			<X>36</X>
			<Y>418</Y>
		</point>
		<point>
			<X>36</X>
			<Y>418</Y>
		</point>
		<point>
			<X>36</X>
			<Y>417</Y>
		</point>
		<point>
			<X>35</X>
			<Y>415</Y>
		</point>
		<point>
			<X>35</X>
			<Y>413</Y>
		</point>
		<point>
			<X>35</X>
			<Y>410</Y>
		</point>
		<point>
			<X>33</X>
			<Y>408</Y>
		</point>
		<point>
			<X>31</X>
			<Y>403</Y>
		</point>
		<point>
			<X>28</X>
			<Y>402</Y>
		</point>
		<point>
			<X>28</X>
			<Y>400</Y>
		</point>
		<point>
			<X>25</X>
			<Y>393</Y>
		</point>
		<point>
			<X>25</X>
			<Y>390</Y>
		</point>
		<point>
			<X>22</X>
			<Y>385</Y>
		</point>
		<point>
			<X>22</X>
			<Y>385</Y>
		</point>
		<point>
			<X>20</X>
			<Y>380</Y>
		</point>
		<point>
			<X>18</X>
			<Y>375</Y>
		</point>
		<point>
			<X>17</X>
			<Y>373</Y>
		</point>
		<point>
			<X>17</X>
			<Y>373</Y>
		</point>
		<point>
			<X>17</X>
			<Y>370</Y>
		</point>
		<point>
			<X>14</X>
			<Y>363</Y>
		</point>
		<point>
			<X>14</X>
			<Y>363</Y>
		</point>
		<point>
			<X>14</X>
			<Y>362</Y>
		</point>
		<point>
			<X>14</X>
			<Y>357</Y>
		</point>
		<point>
			<X>12</X>
			<Y>355</Y>
		</point>
		<point>
			<X>11</X>
			<Y>350</Y>
		</point>
		<point>
			<X>11</X>
			<Y>350</Y>
		</point>
		<point>
			<X>11</X>
			<Y>348</Y>
		</point>
		<point>
			<X>10</X>
			<Y>345</Y>
		</point>
		<point>
			<X>10</X>
			<Y>345</Y>
		</point>
		<point>
			<X>10</X>
			<Y>342</Y>
		</point>
		<point>
			<X>10</X>
			<Y>338</Y>
		</point>
		<point>
			<X>10</X>
			<Y>337</Y>
		</point>
		<point>
			<X>10</X>
			<Y>337</Y>
		</point>
		<point>
			<X>10</X>
			<Y>335</Y>
		</point>
		<point>
			<X>9</X>
			<Y>329</Y>
		</point>
		<point>
			<X>9</X>
			<Y>329</Y>
		</point>
		<point>
			<X>7</X>
			<Y>320</Y>
		</point>
		<point>
			<X>7</X>
			<Y>320</Y>
		</point>
		<point>
			<X>7</X>
			<Y>318</Y>
		</point>
		<point>
			<X>7</X>
			<Y>317</Y>
		</point>
		<point>
			<X>7</X>
			<Y>313</Y>
		</point>
		<point>
			<X>7</X>
			<Y>313</Y>
		</point>
		<point>
			<X>7</X>
			<Y>312</Y>
		</point>
		<point>
			<X>7</X>
			<Y>310</Y>
		</point>
		<point>
			<X>7</X>
			<Y>310</Y>
		</point>
		<point>
			<X>7</X>
			<Y>309</Y>
		</point>
		<point>
			<X>7</X>
			<Y>309</Y>
		</point>
		<point>
			<X>7</X>
			<Y>308</Y>
		</point>
		<point>
			<X>7</X>
			<Y>308</Y>
		</point>
		<point>
			<X>7</X>
			<Y>308</Y>
		</point>
		<point>
			<X>7</X>
			<Y>308</Y>
		</point>
		<point>
			<X>7</X>
			<Y>308</Y>
		</point>
	</polygon>
	<polygon>
		<tag>motorbike</tag>
		<point>
			<X>282</X>
			<Y>449</Y>
		</point>
		<point>
			<X>282</X>
			<Y>448</Y>
		</point>
		<point>
			<X>282</X>
			<Y>448</Y>
		</point>
		<point>
			<X>281</X>
			<Y>445</Y>
		</point>
		<point>
			<X>281</X>
			<Y>443</Y>
		</point>
		<point>
			<X>281</X>
			<Y>443</Y>
		</point>
		<point>
			<X>280</X>
			<Y>440</Y>
		</point>
		<point>
			<X>280</X>
			<Y>440</Y>
		</point>
		<point>
			<X>280</X>
			<Y>437</Y>
		</point>
		<point>
			<X>280</X>
			<Y>437</Y>
		</point>
		<point>
			<X>280</X>
			<Y>434</Y>
		</point>
		<point>
			<X>280</X>
			<Y>434</Y>
		</point>
		<point>
			<X>279</X>
			<Y>430</Y>
		</point>
		<point>
			<X>279</X>
			<Y>430</Y>
		</point>
		<point>
			<X>279</X>
			<Y>427</Y>
		</point>
		<point>
			<X>279</X>
			<Y>427</Y>
		</point>
		<point>
			<X>278</X>
			<Y>423</Y>
		</point>
		<point>
			<X>278</X>
			<Y>423</Y>
		</point>
		<point>
			<X>277</X>
			<Y>420</Y>
		</point>
		<point>
			<X>277</X>
			<Y>420</Y>
		</point>
		<point>
			<X>276</X>
			<Y>415</Y>
		</point>
		<point>
			<X>276</X>
			<Y>415</Y>
		</point>
		<point>
			<X>275</X>
			<Y>412</Y>
		</point>
		<point>
			<X>275</X>
			<Y>412</Y>
		</point>
		<point>
			<X>273</X>
			<Y>408</Y>
		</point>
		<point>
			<X>273</X>
			<Y>408</Y>
		</point>
		<point>
			<X>272</X>
			<Y>405</Y>
		</point>
		<point>
			<X>272</X>
			<Y>403</Y>
		</point>
		<point>
			<X>272</X>
			<Y>403</Y>
		</point>
		<point>
			<X>272</X>
			<Y>400</Y>
		</point>
		<point>
			<X>271</X>
			<Y>398</Y>
		</point>
		<point>
			<X>271</X>
			<Y>398</Y>
		</point>
		<point>
			<X>270</X>
			<Y>395</Y>
		</point>
		<point>
			<X>270</X>
			<Y>395</Y>
		</point>
		<point>
			<X>269</X>
			<Y>395</Y>
		</point>
		<point>
			<X>269</X>
			<Y>395</Y>
		</point>
		<point>
			<X>269</X>
			<Y>394</Y>
		</point>
		<point>
			<X>269</X>
			<Y>394</Y>
		</point>
		<point>
			<X>268</X>
			<Y>393</Y>
		</point>
		<point>
			<X>267</X>
			<Y>390</Y>
		</point>
		<point>
			<X>267</X>
			<Y>390</Y>
		</point>
		<point>
			<X>267</X>
			<Y>390</Y>
		</point>
		<point>
			<X>267</X>
			<Y>390</Y>
		</point>
		<point>
			<X>267</X>
			<Y>388</Y>
		</point>
		<point>
			<X>267</X>
			<Y>388</Y>
		</point>
		<point>
			<X>266</X>
			<Y>385</Y>
		</point>
		<point>
			<X>266</X>
			<Y>385</Y>
		</point>
		<point>
			<X>265</X>
			<Y>385</Y>
		</point>
		<point>
			<X>265</X>
			<Y>385</Y>
		</point>
		<point>
			<X>264</X>
			<Y>383</Y>
		</point>
		<point>
			<X>264</X>
			<Y>383</Y>
		</point>
		<point>
			<X>263</X>
			<Y>380</Y>
		</point>
		<point>
			<X>263</X>
			<Y>380</Y>
		</point>
		<point>
			<X>262</X>
			<Y>379</Y>
		</point>
		<point>
			<X>262</X>
			<Y>379</Y>
		</point>
		<point>
			<X>261</X>
			<Y>377</Y>
		</point>
		<point>
			<X>261</X>
			<Y>377</Y>
		</point>
		<point>
			<X>261</X>
			<Y>374</Y>
		</point>
		<point>
			<X>261</X>
			<Y>374</Y>
		</point>
		<point>
			<X>260</X>
			<Y>372</Y>
		</point>
		<point>
			<X>260</X>
			<Y>372</Y>
		</point>
		<point>
			<X>259</X>
			<Y>369</Y>
		</point>
		<point>
			<X>259</X>
			<Y>369</Y>
		</point>
		<point>
			<X>257</X>
			<Y>365</Y>
		</point>
		<point>
			<X>257</X>
			<Y>365</Y>
		</point>
		<point>
			<X>257</X>
			<Y>363</Y>
		</point>
		<point>
			<X>257</X>
			<Y>363</Y>
		</point>
		<point>
			<X>256</X>
			<Y>359</Y>
		</point>
		<point>
			<X>256</X>
			<Y>359</Y>
		</point>
		<point>
			<X>254</X>
			<Y>357</Y>
		</point>
		<point>
			<X>254</X>
			<Y>357</Y>
		</point>
		<point>
			<X>254</X>
			<Y>353</Y>
		</point>
		<point>
			<X>254</X>
			<Y>353</Y>
		</point>
		<point>
			<X>253</X>
			<Y>350</Y>
		</point>
		<point>
			<X>253</X>
			<Y>350</Y>
		</point>
		<point>
			<X>253</X>
			<Y>348</Y>
		</point>
		<point>
			<X>253</X>
			<Y>348</Y>
		</point>
		<point>
			<X>252</X>
			<Y>345</Y>
		</point>
		<point>
			<X>252</X>
			<Y>345</Y>
		</point>
		<point>
			<X>252</X>
			<Y>343</Y>
		</point>
		<point>
			<X>252</X>
			<Y>343</Y>
		</point>
		<point>
			<X>249</X>
			<Y>340</Y>
		</point>
		<point>
			<X>249</X>
			<Y>340</Y>
		</point>
		<point>
			<X>249</X>
			<Y>338</Y>
		</point>
		<point>
			<X>249</X>
			<Y>338</Y>
		</point>
		<point>
			<X>249</X>
			<Y>335</Y>
		</point>
		<point>
			<X>249</X>
			<Y>335</Y>
		</point>
		<point>
			<X>249</X>
			<Y>334</Y>
		</point>
		<point>
			<X>248</X>
			<Y>333</Y>
		</point>
		<point>
			<X>247</X>
			<Y>330</Y>
		</point>
		<point>
			<X>247</X>
			<Y>330</Y>
		</point>
		<point>
			<X>246</X>
			<Y>328</Y>
		</point>
		<point>
			<X>246</X>
			<Y>328</Y>
		</point>
		<point>
			<X>246</X>
			<Y>327</Y>
		</point>
		<point>
			<X>246</X>
			<Y>327</Y>
		</point>
		<point>
			<X>246</X>
			<Y>324</Y>
		</point>
		<point>
			<X>246</X>
			<Y>324</Y>
		</point>
		<point>
			<X>244</X>
			<Y>322</Y>
		</point>
		<point>
			<X>244</X>
			<Y>322</Y>
		</point>
		<point>
			<X>244</X>
			<Y>320</Y>
		</point>
		<point>
			<X>244</X>
			<Y>320</Y>
		</point>
		<point>
			<X>242</X>
			<Y>318</Y>
		</point>
		<point>
			<X>242</X>
			<Y>318</Y>
		</point>
		<point>
			<X>242</X>
			<Y>315</Y>
		</point>
		<point>
			<X>242</X>
			<Y>315</Y>
		</point>
		<point>
			<X>241</X>
			<Y>314</Y>
		</point>
		<point>
			<X>241</X>
			<Y>314</Y>
		</point>
		<point>
			<X>239</X>
			<Y>310</Y>
		</point>
		<point>
			<X>239</X>
			<Y>310</Y>
		</point>
		<point>
			<X>239</X>
			<Y>310</Y>
		</point>
		<point>
			<X>237</X>
			<Y>307</Y>
		</point>
		<point>
			<X>237</X>
			<Y>307</Y>
		</point>
		<point>
			<X>236</X>
			<Y>305</Y>
		</point>
		<point>
			<X>236</X>
			<Y>305</Y>
		</point>
		<point>
			<X>234</X>
			<Y>303</Y>
		</point>
		<point>
			<X>234</X>
			<Y>303</Y>
		</point>
		<point>
			<X>233</X>
			<Y>301</Y>
		</point>
		<point>
			<X>233</X>
			<Y>301</Y>
		</point>
		<point>
			<X>232</X>
			<Y>299</Y>
		</point>
		<point>
			<X>232</X>
			<Y>299</Y>
		</point>
		<point>
			<X>231</X>
			<Y>298</Y>
		</point>
		<point>
			<X>231</X>
			<Y>298</Y>
		</point>
		<point>
			<X>228</X>
			<Y>296</Y>
		</point>
		<point>
			<X>228</X>
			<Y>296</Y>
		</point>
		<point>
			<X>227</X>
			<Y>294</Y>
		</point>
		<point>
			<X>227</X>
			<Y>294</Y>
		</point>
		<point>
			<X>225</X>
			<Y>292</Y>
		</point>
		<point>
			<X>225</X>
			<Y>292</Y>
		</point>
		<point>
			<X>222</X>
			<Y>291</Y>
		</point>
		<point>
			<X>222</X>
			<Y>291</Y>
		</point>
		<point>
			<X>220</X>
			<Y>288</Y>
		</point>
		<point>
			<X>220</X>
			<Y>288</Y>
		</point>
		<point>
			<X>219</X>
			<Y>287</Y>
		</point>
		<point>
			<X>219</X>
			<Y>287</Y>
		</point>
		<point>
			<X>217</X>
			<Y>285</Y>
		</point>
		<point>
			<X>217</X>
			<Y>285</Y>
		</point>
		<point>
			<X>214</X>
			<Y>283</Y>
		</point>
		<point>
			<X>214</X>
			<Y>283</Y>
		</point>
		<point>
			<X>212</X>
			<Y>282</Y>
		</point>
		<point>
			<X>212</X>
			<Y>282</Y>
		</point>
		<point>
			<X>207</X>
			<Y>280</Y>
		</point>
		<point>
			<X>207</X>
			<Y>280</Y>
		</point>
		<point>
			<X>207</X>
			<Y>278</Y>
		</point>
		<point>
			<X>207</X>
			<Y>278</Y>
		</point>
		<point>
			<X>204</X>
			<Y>277</Y>
		</point>
		<point>
			<X>204</X>
			<Y>277</Y>
		</point>
		<point>
			<X>202</X>
			<Y>276</Y>
		</point>
		<point>
			<X>202</X>
			<Y>276</Y>
		</point>
		<point>
			<X>200</X>
			<Y>275</Y>
		</point>
		<point>
			<X>200</X>
			<Y>275</Y>
		</point>
		<point>
			<X>196</X>
			<Y>273</Y>
		</point>
		<point>
			<X>196</X>
			<Y>273</Y>
		</point>
		<point>
			<X>192</X>
			<Y>272</Y>
		</point>
		<point>
			<X>192</X>
			<Y>272</Y>
		</point>
		<point>
			<X>191</X>
			<Y>271</Y>
		</point>
		<point>
			<X>191</X>
			<Y>271</Y>
		</point>
		<point>
			<X>187</X>
			<Y>268</Y>
		</point>
		<point>
			<X>187</X>
			<Y>268</Y>
		</point>
		<point>
			<X>184</X>
			<Y>268</Y>
		</point>
		<point>
			<X>184</X>
			<Y>268</Y>
		</point>
		<point>
			<X>180</X>
			<Y>267</Y>
		</point>
		<point>
			<X>180</X>
			<Y>267</Y>
		</point>
		<point>
			<X>175</X>
			<Y>266</Y>
		</point>
		<point>
			<X>172</X>
			<Y>266</Y>
		</point>
		<point>
			<X>172</X>
			<Y>266</Y>
		</point>
		<point>
			<X>171</X>
			<Y>265</Y>
		</point>
		<point>
			<X>171</X>
			<Y>265</Y>
		</point>
		<point>
			<X>167</X>
			<Y>264</Y>
		</point>
		<point>
			<X>167</X>
			<Y>264</Y>
		</point>
		<point>
			<X>164</X>
			<Y>263</Y>
		</point>
		<point>
			<X>164</X>
			<Y>263</Y>
		</point>
		<point>
			<X>161</X>
			<Y>262</Y>
		</point>
		<point>
			<X>161</X>
			<Y>262</Y>
		</point>
		<point>
			<X>157</X>
			<Y>261</Y>
		</point>
		<point>
			<X>154</X>
			<Y>261</Y>
		</point>
		<point>
			<X>150</X>
			<Y>259</Y>
		</point>
		<point>
			<X>147</X>
			<Y>258</Y>
		</point>
		<point>
			<X>147</X>
			<Y>258</Y>
		</point>
		<point>
			<X>144</X>
			<Y>257</Y>
		</point>
		<point>
			<X>144</X>
			<Y>257</Y>
		</point>
		<point>
			<X>140</X>
			<Y>256</Y>
		</point>
		<point>
			<X>140</X>
			<Y>256</Y>
		</point>
		<point>
			<X>135</X>
			<Y>254</Y>
		</point>
		<point>
			<X>135</X>
			<Y>254</Y>
		</point>
		<point>
			<X>132</X>
			<Y>254</Y>
		</point>
		<point>
			<X>132</X>
			<Y>254</Y>
		</point>
		<point>
			<X>128</X>
			<Y>254</Y>
		</point>
		<point>
			<X>128</X>
			<Y>254</Y>
		</point>
		<point>
			<X>123</X>
			<Y>253</Y>
		</point>
		<point>
			<X>123</X>
			<Y>253</Y>
		</point>
		<point>
			<X>121</X>
			<Y>253</Y>
		</point>
		<point>
			<X>121</X>
			<Y>253</Y>
		</point>
		<point>
			<X>118</X>
			<Y>253</Y>
		</point>
		<point>
			<X>118</X>
			<Y>253</Y>
		</point>
		<point>
			<X>116</X>
			<Y>253</Y>
		</point>
		<point>
			<X>116</X>
			<Y>253</Y>
		</point>
		<point>
			<X>112</X>
			<Y>253</Y>
		</point>
		<point>
			<X>112</X>
			<Y>253</Y>
		</point>
		<point>
			<X>110</X>
			<Y>251</Y>
		</point>
		<point>
			<X>110</X>
			<Y>251</Y>
		</point>
		<point>
			<X>108</X>
			<Y>251</Y>
		</point>
		<point>
			<X>103</X>
			<Y>251</Y>
		</point>
		<point>
			<X>103</X>
			<Y>251</Y>
		</point>
		<point>
			<X>102</X>
			<Y>249</Y>
		</point>
		<point>
			<X>102</X>
			<Y>249</Y>
		</point>
		<point>
			<X>100</X>
			<Y>249</Y>
		</point>
		<point>
			<X>98</X>
			<Y>249</Y>
		</point>
		<point>
			<X>98</X>
			<Y>249</Y>
		</point>
		<point>
			<X>95</X>
			<Y>248</Y>
		</point>
		<point>
			<X>95</X>
			<Y>248</Y>
		</point>
		<point>
			<X>92</X>
			<Y>247</Y>
		</point>
		<point>
			<X>87</X>
			<Y>246</Y>
		</point>
		<point>
			<X>87</X>
			<Y>246</Y>
		</point>
		<point>
			<X>86</X>
			<Y>246</Y>
		</point>
		<point>
			<X>83</X>
			<Y>244</Y>
		</point>
		<point>
			<X>83</X>
			<Y>244</Y>
		</point>
		<point>
			<X>82</X>
			<Y>244</Y>
		</point>
		<point>
			<X>82</X>
			<Y>244</Y>
		</point>
		<point>
			<X>80</X>
			<Y>243</Y>
		</point>
		<point>
			<X>78</X>
			<Y>243</Y>
		</point>
		<point>
			<X>78</X>
			<Y>243</Y>
		</point>
		<point>
			<X>77</X>
			<Y>243</Y>
		</point>
		<point>
			<X>75</X>
			<Y>243</Y>
		</point>
		<point>
			<X>73</X>
			<Y>243</Y>
		</point>
		<point>
			<X>73</X>
			<Y>243</Y>
		</point>
		<point>
			<X>72</X>
			<Y>243</Y>
		</point>
		<point>
			<X>70</X>
			<Y>243</Y>
		</point>
		<point>
			<X>70</X>
			<Y>243</Y>
		</point>
		<point>
			<X>70</X>
			<Y>243</Y>
		</point>
		<point>
			<X>68</X>
			<Y>242</Y>
		</point>
		<point>
			<X>67</X>
			<Y>242</Y>
		</point>
		<point>
			<X>67</X>
			<Y>242</Y>
		</point>
		<point>
			<X>66</X>
			<Y>242</Y>
		</point>
		<point>
			<X>66</X>
			<Y>242</Y>
		</point>
		<point>
			<X>65</X>
			<Y>241</Y>
		</point>
		<point>
			<X>65</X>
			<Y>241</Y>
		</point>
		<point>
			<X>63</X>
			<Y>241</Y>
		</point>
		<point>
			<X>63</X>
			<Y>241</Y>
		</point>
		<point>
			<X>62</X>
			<Y>241</Y>
		</point>
		<point>
			<X>62</X>
			<Y>241</Y>
		</point>
		<point>
			<X>62</X>
			<Y>241</Y>
		</point>
		<point>
			<X>61</X>
			<Y>241</Y>
		</point>
		<point>
			<X>59</X>
			<Y>241</Y>
		</point>
		<point>
			<X>59</X>
			<Y>241</Y>
		</point>
		<point>
			<X>59</X>
			<Y>241</Y>
		</point>
		<point>
			<X>59</X>
			<Y>241</Y>
		</point>
		<point>
			<X>58</X>
			<Y>241</Y>
		</point>
		<point>
			<X>58</X>
			<Y>241</Y>
		</point>
		<point>
			<X>57</X>
			<Y>241</Y>
		</point>
		<point>
			<X>57</X>
			<Y>241</Y>
		</point>
		<point>
			<X>57</X>
			<Y>241</Y>
		</point>
		<point>
			<X>57</X>
			<Y>241</Y>
		</point>
		<point>
			<X>56</X>
			<Y>241</Y>
		</point>
		<point>
			<X>56</X>
			<Y>241</Y>
		</point>
		<point>
			<X>55</X>
			<Y>241</Y>
		</point>
		<point>
			<X>55</X>
			<Y>241</Y>
		</point>
		<point>
			<X>55</X>
			<Y>241</Y>
		</point>
		<point>
			<X>55</X>
			<Y>241</Y>
		</point>
		<point>
			<X>54</X>
			<Y>241</Y>
		</point>
		<point>
			<X>54</X>
			<Y>241</Y>
		</point>
		<point>
			<X>53</X>
			<Y>241</Y>
		</point>
		<point>
			<X>53</X>
			<Y>241</Y>
		</point>
		<point>
			<X>51</X>
			<Y>241</Y>
		</point>
		<point>
			<X>51</X>
			<Y>241</Y>
		</point>
		<point>
			<X>51</X>
			<Y>241</Y>
		</point>
		<point>
			<X>51</X>
			<Y>241</Y>
		</point>
		<point>
			<X>50</X>
			<Y>241</Y>
		</point>
		<point>
			<X>50</X>
			<Y>241</Y>
		</point>
		<point>
			<X>50</X>
			<Y>241</Y>
		</point>
		<point>
			<X>50</X>
			<Y>241</Y>
		</point>
		<point>
			<X>49</X>
			<Y>241</Y>
		</point>
		<point>
			<X>46</X>
			<Y>241</Y>
		</point>
		<point>
			<X>46</X>
			<Y>241</Y>
		</point>
		<point>
			<X>46</X>
			<Y>239</Y>
		</point>
		<point>
			<X>46</X>
			<Y>239</Y>
		</point>
		<point>
			<X>46</X>
			<Y>239</Y>
		</point>
		<point>
			<X>46</X>
			<Y>239</Y>
		</point>
		<point>
			<X>45</X>
			<Y>239</Y>
		</point>
		<point>
			<X>45</X>
			<Y>239</Y>
		</point>
		<point>
			<X>44</X>
			<Y>239</Y>
		</point>
		<point>
			<X>44</X>
			<Y>239</Y>
		</point>
		<point>
			<X>43</X>
			<Y>239</Y>
		</point>
		<point>
			<X>43</X>
			<Y>239</Y>
		</point>
		<point>
			<X>41</X>
			<Y>239</Y>
		</point>
		<point>
			<X>41</X>
			<Y>239</Y>
		</point>
		<point>
			<X>41</X>
			<Y>239</Y>
		</point>
		<point>
			<X>41</X>
			<Y>239</Y>
		</point>
		<point>
			<X>41</X>
			<Y>239</Y>
		</point>
		<point>
			<X>41</X>
			<Y>239</Y>
		</point>
		<point>
			<X>41</X>
			<Y>239</Y>
		</point>
		<point>
			<X>40</X>
			<Y>239</Y>
		</point>
		<point>
			<X>40</X>
			<Y>239</Y>
		</point>
		<point>
			<X>40</X>
			<Y>239</Y>
		</point>
		<point>
			<X>39</X>
			<Y>239</Y>
		</point>
		<point>
			<X>39</X>
			<Y>239</Y>
		</point>
		<point>
			<X>37</X>
			<Y>239</Y>
		</point>
		<point>
			<X>37</X>
			<Y>239</Y>
		</point>
		<point>
			<X>36</X>
			<Y>239</Y>
		</point>
		<point>
			<X>36</X>
			<Y>239</Y>
		</point>
		<point>
			<X>35</X>
			<Y>239</Y>
		</point>
		<point>
			<X>35</X>
			<Y>239</Y>
		</point>
		<point>
			<X>35</X>
			<Y>239</Y>
		</point>
		<point>
			<X>35</X>
			<Y>239</Y>
		</point>
		<point>
			<X>34</X>
			<Y>239</Y>
		</point>
		<point>
			<X>34</X>
			<Y>239</Y>
		</point>
		<point>
			<X>33</X>
			<Y>239</Y>
		</point>
		<point>
			<X>33</X>
			<Y>239</Y>
		</point>
		<point>
			<X>32</X>
			<Y>238</Y>
		</point>
		<point>
			<X>32</X>
			<Y>238</Y>
		</point>
		<point>
			<X>32</X>
			<Y>238</Y>
		</point>
	</polygon>
</annotation>