<annotation>
	<folder>anno</folder>
	<filename>2010_004570.jpg</filename>
	<source>
		<database>The anno Database</database>
		<annotation>VC anno</annotation>
		<image>Unknow</image>
		<flickrid>Unknow</flickrid>
	</source>
	<owner>
		<flickrid>Unknow</flickrid>
		<name>Unknow</name>
	</owner>
	<size>
		<width>500</width>
		<height>333</height>
		<depth>3</depth>
	</size>
	<segmented>1</segmented>
	<polygon>
		<tag>background</tag>
		<point>
			<X>66</X>
			<Y>137</Y>
		</point>
		<point>
			<X>66</X>
			<Y>136</Y>
		</point>
		<point>
			<X>66</X>
			<Y>136</Y>
		</point>
		<point>
			<X>66</X>
			<Y>133</Y>
		</point>
		<point>
			<X>66</X>
			<Y>133</Y>
		</point>
		<point>
			<X>66</X>
			<Y>130</Y>
		</point>
		<point>
			<X>66</X>
			<Y>130</Y>
		</point>
		<point>
			<X>67</X>
			<Y>126</Y>
		</point>
		<point>
			<X>67</X>
			<Y>126</Y>
		</point>
		<point>
			<X>68</X>
			<Y>122</Y>
		</point>
		<point>
			<X>68</X>
			<Y>122</Y>
		</point>
		<point>
			<X>70</X>
			<Y>118</Y>
		</point>
		<point>
			<X>70</X>
			<Y>118</Y>
		</point>
		<point>
			<X>71</X>
			<Y>113</Y>
		</point>
		<point>
			<X>71</X>
			<Y>113</Y>
		</point>
		<point>
			<X>73</X>
			<Y>108</Y>
		</point>
		<point>
			<X>73</X>
			<Y>108</Y>
		</point>
		<point>
			<X>75</X>
			<Y>104</Y>
		</point>
		<point>
			<X>75</X>
			<Y>104</Y>
		</point>
		<point>
			<X>78</X>
			<Y>99</Y>
		</point>
		<point>
			<X>78</X>
			<Y>99</Y>
		</point>
		<point>
			<X>80</X>
			<Y>92</Y>
		</point>
		<point>
			<X>80</X>
			<Y>92</Y>
		</point>
		<point>
			<X>85</X>
			<Y>85</Y>
		</point>
		<point>
			<X>85</X>
			<Y>85</Y>
		</point>
		<point>
			<X>93</X>
			<Y>78</Y>
		</point>
		<point>
			<X>93</X>
			<Y>78</Y>
		</point>
		<point>
			<X>100</X>
			<Y>72</Y>
		</point>
		<point>
			<X>100</X>
			<Y>72</Y>
		</point>
		<point>
			<X>107</X>
			<Y>64</Y>
		</point>
		<point>
			<X>107</X>
			<Y>64</Y>
		</point>
		<point>
			<X>116</X>
			<Y>58</Y>
		</point>
		<point>
			<X>116</X>
			<Y>58</Y>
		</point>
		<point>
			<X>125</X>
			<Y>53</Y>
		</point>
		<point>
			<X>125</X>
			<Y>53</Y>
		</point>
		<point>
			<X>134</X>
			<Y>48</Y>
		</point>
		<point>
			<X>134</X>
			<Y>48</Y>
		</point>
		<point>
			<X>145</X>
			<Y>42</Y>
		</point>
		<point>
			<X>153</X>
			<Y>38</Y>
		</point>
		<point>
			<X>153</X>
			<Y>38</Y>
		</point>
		<point>
			<X>160</X>
			<Y>34</Y>
		</point>
		<point>
			<X>160</X>
			<Y>34</Y>
		</point>
		<point>
			<X>168</X>
			<Y>32</Y>
		</point>
		<point>
			<X>168</X>
			<Y>32</Y>
		</point>
		<point>
			<X>174</X>
			<Y>29</Y>
		</point>
		<point>
			<X>174</X>
			<Y>29</Y>
		</point>
		<point>
			<X>176</X>
			<Y>29</Y>
		</point>
		<point>
			<X>176</X>
			<Y>29</Y>
		</point>
		<point>
			<X>179</X>
			<Y>28</Y>
		</point>
		<point>
			<X>179</X>
			<Y>28</Y>
		</point>
		<point>
			<X>180</X>
			<Y>28</Y>
		</point>
		<point>
			<X>180</X>
			<Y>28</Y>
		</point>
		<point>
			<X>181</X>
			<Y>28</Y>
		</point>
		<point>
			<X>181</X>
			<Y>28</Y>
		</point>
		<point>
			<X>184</X>
			<Y>28</Y>
		</point>
		<point>
			<X>184</X>
			<Y>28</Y>
		</point>
		<point>
			<X>186</X>
			<Y>29</Y>
		</point>
		<point>
			<X>186</X>
			<Y>29</Y>
		</point>
		<point>
			<X>193</X>
			<Y>30</Y>
		</point>
		<point>
			<X>193</X>
			<Y>30</Y>
		</point>
		<point>
			<X>200</X>
			<Y>32</Y>
		</point>
		<point>
			<X>200</X>
			<Y>32</Y>
		</point>
		<point>
			<X>208</X>
			<Y>33</Y>
		</point>
		<point>
			<X>208</X>
			<Y>33</Y>
		</point>
		<point>
			<X>217</X>
			<Y>33</Y>
		</point>
		<point>
			<X>217</X>
			<Y>33</Y>
		</point>
		<point>
			<X>227</X>
			<Y>36</Y>
		</point>
		<point>
			<X>227</X>
			<Y>36</Y>
		</point>
		<point>
			<X>237</X>
			<Y>37</Y>
		</point>
		<point>
			<X>237</X>
			<Y>37</Y>
		</point>
		<point>
			<X>246</X>
			<Y>38</Y>
		</point>
		<point>
			<X>246</X>
			<Y>38</Y>
		</point>
		<point>
			<X>256</X>
			<Y>39</Y>
		</point>
		<point>
			<X>256</X>
			<Y>39</Y>
		</point>
		<point>
			<X>265</X>
			<Y>40</Y>
		</point>
		<point>
			<X>265</X>
			<Y>40</Y>
		</point>
		<point>
			<X>273</X>
			<Y>41</Y>
		</point>
		<point>
			<X>273</X>
			<Y>41</Y>
		</point>
		<point>
			<X>278</X>
			<Y>42</Y>
		</point>
		<point>
			<X>278</X>
			<Y>42</Y>
		</point>
		<point>
			<X>284</X>
			<Y>42</Y>
		</point>
		<point>
			<X>284</X>
			<Y>42</Y>
		</point>
		<point>
			<X>289</X>
			<Y>42</Y>
		</point>
		<point>
			<X>289</X>
			<Y>42</Y>
		</point>
		<point>
			<X>294</X>
			<Y>45</Y>
		</point>
		<point>
			<X>294</X>
			<Y>45</Y>
		</point>
		<point>
			<X>300</X>
			<Y>46</Y>
		</point>
		<point>
			<X>300</X>
			<Y>46</Y>
		</point>
		<point>
			<X>304</X>
			<Y>48</Y>
		</point>
		<point>
			<X>304</X>
			<Y>48</Y>
		</point>
		<point>
			<X>309</X>
			<Y>50</Y>
		</point>
		<point>
			<X>309</X>
			<Y>50</Y>
		</point>
		<point>
			<X>314</X>
			<Y>52</Y>
		</point>
		<point>
			<X>314</X>
			<Y>52</Y>
		</point>
		<point>
			<X>319</X>
			<Y>53</Y>
		</point>
		<point>
			<X>319</X>
			<Y>53</Y>
		</point>
		<point>
			<X>323</X>
			<Y>56</Y>
		</point>
		<point>
			<X>323</X>
			<Y>56</Y>
		</point>
		<point>
			<X>326</X>
			<Y>56</Y>
		</point>
		<point>
			<X>326</X>
			<Y>56</Y>
		</point>
		<point>
			<X>331</X>
			<Y>60</Y>
		</point>
		<point>
			<X>331</X>
			<Y>60</Y>
		</point>
		<point>
			<X>333</X>
			<Y>61</Y>
		</point>
		<point>
			<X>333</X>
			<Y>61</Y>
		</point>
		<point>
			<X>337</X>
			<Y>65</Y>
		</point>
		<point>
			<X>337</X>
			<Y>65</Y>
		</point>
		<point>
			<X>341</X>
			<Y>68</Y>
		</point>
		<point>
			<X>341</X>
			<Y>68</Y>
		</point>
		<point>
			<X>346</X>
			<Y>72</Y>
		</point>
		<point>
			<X>346</X>
			<Y>72</Y>
		</point>
		<point>
			<X>348</X>
			<Y>74</Y>
		</point>
		<point>
			<X>348</X>
			<Y>74</Y>
		</point>
		<point>
			<X>353</X>
			<Y>80</Y>
		</point>
		<point>
			<X>353</X>
			<Y>80</Y>
		</point>
		<point>
			<X>361</X>
			<Y>85</Y>
		</point>
		<point>
			<X>361</X>
			<Y>85</Y>
		</point>
		<point>
			<X>366</X>
			<Y>93</Y>
		</point>
		<point>
			<X>366</X>
			<Y>93</Y>
		</point>
		<point>
			<X>371</X>
			<Y>100</Y>
		</point>
		<point>
			<X>371</X>
			<Y>100</Y>
		</point>
		<point>
			<X>375</X>
			<Y>106</Y>
		</point>
		<point>
			<X>375</X>
			<Y>106</Y>
		</point>
		<point>
			<X>380</X>
			<Y>113</Y>
		</point>
		<point>
			<X>380</X>
			<Y>113</Y>
		</point>
		<point>
			<X>386</X>
			<Y>120</Y>
		</point>
		<point>
			<X>386</X>
			<Y>120</Y>
		</point>
		<point>
			<X>389</X>
			<Y>126</Y>
		</point>
		<point>
			<X>389</X>
			<Y>126</Y>
		</point>
		<point>
			<X>393</X>
			<Y>133</Y>
		</point>
		<point>
			<X>393</X>
			<Y>133</Y>
		</point>
		<point>
			<X>397</X>
			<Y>140</Y>
		</point>
		<point>
			<X>397</X>
			<Y>140</Y>
		</point>
		<point>
			<X>399</X>
			<Y>144</Y>
		</point>
		<point>
			<X>399</X>
			<Y>144</Y>
		</point>
		<point>
			<X>401</X>
			<Y>151</Y>
		</point>
		<point>
			<X>401</X>
			<Y>151</Y>
		</point>
		<point>
			<X>404</X>
			<Y>157</Y>
		</point>
		<point>
			<X>404</X>
			<Y>157</Y>
		</point>
		<point>
			<X>406</X>
			<Y>163</Y>
		</point>
		<point>
			<X>406</X>
			<Y>163</Y>
		</point>
		<point>
			<X>409</X>
			<Y>169</Y>
		</point>
		<point>
			<X>409</X>
			<Y>169</Y>
		</point>
		<point>
			<X>412</X>
			<Y>176</Y>
		</point>
		<point>
			<X>412</X>
			<Y>176</Y>
		</point>
		<point>
			<X>413</X>
			<Y>183</Y>
		</point>
		<point>
			<X>413</X>
			<Y>183</Y>
		</point>
		<point>
			<X>416</X>
			<Y>188</Y>
		</point>
		<point>
			<X>416</X>
			<Y>188</Y>
		</point>
		<point>
			<X>417</X>
			<Y>194</Y>
		</point>
		<point>
			<X>417</X>
			<Y>194</Y>
		</point>
		<point>
			<X>419</X>
			<Y>199</Y>
		</point>
		<point>
			<X>419</X>
			<Y>199</Y>
		</point>
		<point>
			<X>420</X>
			<Y>202</Y>
		</point>
		<point>
			<X>420</X>
			<Y>202</Y>
		</point>
		<point>
			<X>420</X>
			<Y>206</Y>
		</point>
		<point>
			<X>420</X>
			<Y>206</Y>
		</point>
		<point>
			<X>421</X>
			<Y>208</Y>
		</point>
		<point>
			<X>421</X>
			<Y>208</Y>
		</point>
		<point>
			<X>421</X>
			<Y>210</Y>
		</point>
		<point>
			<X>421</X>
			<Y>210</Y>
		</point>
		<point>
			<X>421</X>
			<Y>212</Y>
		</point>
		<point>
			<X>421</X>
			<Y>212</Y>
		</point>
		<point>
			<X>421</X>
			<Y>213</Y>
		</point>
		<point>
			<X>421</X>
			<Y>213</Y>
		</point>
		<point>
			<X>421</X>
			<Y>215</Y>
		</point>
		<point>
			<X>421</X>
			<Y>215</Y>
		</point>
		<point>
			<X>421</X>
			<Y>217</Y>
		</point>
		<point>
			<X>421</X>
			<Y>217</Y>
		</point>
		<point>
			<X>421</X>
			<Y>219</Y>
		</point>
		<point>
			<X>421</X>
			<Y>219</Y>
		</point>
		<point>
			<X>421</X>
			<Y>220</Y>
		</point>
		<point>
			<X>421</X>
			<Y>220</Y>
		</point>
		<point>
			<X>421</X>
			<Y>222</Y>
		</point>
		<point>
			<X>421</X>
			<Y>222</Y>
		</point>
		<point>
			<X>420</X>
			<Y>222</Y>
		</point>
		<point>
			<X>420</X>
			<Y>222</Y>
		</point>
		<point>
			<X>420</X>
			<Y>224</Y>
		</point>
		<point>
			<X>420</X>
			<Y>224</Y>
		</point>
		<point>
			<X>419</X>
			<Y>226</Y>
		</point>
		<point>
			<X>419</X>
			<Y>226</Y>
		</point>
		<point>
			<X>417</X>
			<Y>226</Y>
		</point>
		<point>
			<X>417</X>
			<Y>226</Y>
		</point>
		<point>
			<X>414</X>
			<Y>229</Y>
		</point>
		<point>
			<X>414</X>
			<Y>229</Y>
		</point>
		<point>
			<X>411</X>
			<Y>232</Y>
		</point>
		<point>
			<X>411</X>
			<Y>232</Y>
		</point>
		<point>
			<X>408</X>
			<Y>232</Y>
		</point>
		<point>
			<X>408</X>
			<Y>232</Y>
		</point>
		<point>
			<X>403</X>
			<Y>236</Y>
		</point>
		<point>
			<X>403</X>
			<Y>236</Y>
		</point>
		<point>
			<X>398</X>
			<Y>237</Y>
		</point>
		<point>
			<X>398</X>
			<Y>237</Y>
		</point>
		<point>
			<X>390</X>
			<Y>242</Y>
		</point>
		<point>
			<X>390</X>
			<Y>242</Y>
		</point>
		<point>
			<X>384</X>
			<Y>245</Y>
		</point>
		<point>
			<X>384</X>
			<Y>245</Y>
		</point>
		<point>
			<X>376</X>
			<Y>247</Y>
		</point>
		<point>
			<X>376</X>
			<Y>247</Y>
		</point>
		<point>
			<X>367</X>
			<Y>252</Y>
		</point>
		<point>
			<X>367</X>
			<Y>252</Y>
		</point>
		<point>
			<X>358</X>
			<Y>255</Y>
		</point>
		<point>
			<X>358</X>
			<Y>255</Y>
		</point>
		<point>
			<X>348</X>
			<Y>259</Y>
		</point>
		<point>
			<X>348</X>
			<Y>259</Y>
		</point>
		<point>
			<X>340</X>
			<Y>263</Y>
		</point>
		<point>
			<X>340</X>
			<Y>263</Y>
		</point>
		<point>
			<X>331</X>
			<Y>266</Y>
		</point>
		<point>
			<X>331</X>
			<Y>266</Y>
		</point>
		<point>
			<X>321</X>
			<Y>270</Y>
		</point>
		<point>
			<X>321</X>
			<Y>270</Y>
		</point>
		<point>
			<X>313</X>
			<Y>273</Y>
		</point>
		<point>
			<X>313</X>
			<Y>273</Y>
		</point>
		<point>
			<X>303</X>
			<Y>274</Y>
		</point>
		<point>
			<X>303</X>
			<Y>274</Y>
		</point>
		<point>
			<X>293</X>
			<Y>278</Y>
		</point>
		<point>
			<X>293</X>
			<Y>278</Y>
		</point>
		<point>
			<X>285</X>
			<Y>280</Y>
		</point>
		<point>
			<X>285</X>
			<Y>280</Y>
		</point>
		<point>
			<X>276</X>
			<Y>281</Y>
		</point>
		<point>
			<X>276</X>
			<Y>281</Y>
		</point>
		<point>
			<X>266</X>
			<Y>283</Y>
		</point>
		<point>
			<X>266</X>
			<Y>283</Y>
		</point>
		<point>
			<X>258</X>
			<Y>284</Y>
		</point>
		<point>
			<X>258</X>
			<Y>284</Y>
		</point>
		<point>
			<X>249</X>
			<Y>285</Y>
		</point>
		<point>
			<X>249</X>
			<Y>285</Y>
		</point>
		<point>
			<X>241</X>
			<Y>286</Y>
		</point>
		<point>
			<X>241</X>
			<Y>286</Y>
		</point>
		<point>
			<X>232</X>
			<Y>288</Y>
		</point>
		<point>
			<X>232</X>
			<Y>288</Y>
		</point>
		<point>
			<X>224</X>
			<Y>289</Y>
		</point>
		<point>
			<X>224</X>
			<Y>289</Y>
		</point>
		<point>
			<X>217</X>
			<Y>290</Y>
		</point>
		<point>
			<X>217</X>
			<Y>290</Y>
		</point>
		<point>
			<X>210</X>
			<Y>290</Y>
		</point>
		<point>
			<X>210</X>
			<Y>290</Y>
		</point>
		<point>
			<X>204</X>
			<Y>290</Y>
		</point>
		<point>
			<X>204</X>
			<Y>290</Y>
		</point>
		<point>
			<X>198</X>
			<Y>290</Y>
		</point>
		<point>
			<X>198</X>
			<Y>290</Y>
		</point>
		<point>
			<X>192</X>
			<Y>290</Y>
		</point>
		<point>
			<X>192</X>
			<Y>290</Y>
		</point>
		<point>
			<X>188</X>
			<Y>290</Y>
		</point>
		<point>
			<X>188</X>
			<Y>290</Y>
		</point>
		<point>
			<X>184</X>
			<Y>290</Y>
		</point>
		<point>
			<X>184</X>
			<Y>290</Y>
		</point>
		<point>
			<X>181</X>
			<Y>290</Y>
		</point>
		<point>
			<X>181</X>
			<Y>290</Y>
		</point>
		<point>
			<X>180</X>
			<Y>290</Y>
		</point>
		<point>
			<X>180</X>
			<Y>290</Y>
		</point>
		<point>
			<X>179</X>
			<Y>290</Y>
		</point>
		<point>
			<X>179</X>
			<Y>290</Y>
		</point>
		<point>
			<X>176</X>
			<Y>290</Y>
		</point>
		<point>
			<X>176</X>
			<Y>290</Y>
		</point>
		<point>
			<X>175</X>
			<Y>290</Y>
		</point>
		<point>
			<X>175</X>
			<Y>290</Y>
		</point>
		<point>
			<X>173</X>
			<Y>290</Y>
		</point>
		<point>
			<X>173</X>
			<Y>290</Y>
		</point>
		<point>
			<X>171</X>
			<Y>290</Y>
		</point>
		<point>
			<X>170</X>
			<Y>290</Y>
		</point>
		<point>
			<X>170</X>
			<Y>290</Y>
		</point>
		<point>
			<X>168</X>
			<Y>290</Y>
		</point>
		<point>
			<X>168</X>
			<Y>290</Y>
		</point>
		<point>
			<X>166</X>
			<Y>290</Y>
		</point>
		<point>
			<X>166</X>
			<Y>290</Y>
		</point>
		<point>
			<X>166</X>
			<Y>290</Y>
		</point>
		<point>
			<X>165</X>
			<Y>290</Y>
		</point>
		<point>
			<X>165</X>
			<Y>290</Y>
		</point>
		<point>
			<X>163</X>
			<Y>290</Y>
		</point>
		<point>
			<X>163</X>
			<Y>290</Y>
		</point>
		<point>
			<X>161</X>
			<Y>290</Y>
		</point>
		<point>
			<X>161</X>
			<Y>290</Y>
		</point>
		<point>
			<X>161</X>
			<Y>290</Y>
		</point>
		<point>
			<X>161</X>
			<Y>290</Y>
		</point>
		<point>
			<X>160</X>
			<Y>290</Y>
		</point>
		<point>
			<X>160</X>
			<Y>290</Y>
		</point>
		<point>
			<X>159</X>
			<Y>290</Y>
		</point>
		<point>
			<X>159</X>
			<Y>290</Y>
		</point>
		<point>
			<X>157</X>
			<Y>290</Y>
		</point>
		<point>
			<X>157</X>
			<Y>290</Y>
		</point>
		<point>
			<X>156</X>
			<Y>290</Y>
		</point>
		<point>
			<X>156</X>
			<Y>290</Y>
		</point>
		<point>
			<X>154</X>
			<Y>290</Y>
		</point>
		<point>
			<X>154</X>
			<Y>290</Y>
		</point>
		<point>
			<X>153</X>
			<Y>290</Y>
		</point>
		<point>
			<X>153</X>
			<Y>290</Y>
		</point>
		<point>
			<X>153</X>
			<Y>290</Y>
		</point>
		<point>
			<X>153</X>
			<Y>290</Y>
		</point>
		<point>
			<X>152</X>
			<Y>290</Y>
		</point>
		<point>
			<X>152</X>
			<Y>290</Y>
		</point>
		<point>
			<X>151</X>
			<Y>290</Y>
		</point>
		<point>
			<X>151</X>
			<Y>290</Y>
		</point>
		<point>
			<X>150</X>
			<Y>290</Y>
		</point>
		<point>
			<X>150</X>
			<Y>290</Y>
		</point>
		<point>
			<X>148</X>
			<Y>290</Y>
		</point>
		<point>
			<X>148</X>
			<Y>290</Y>
		</point>
		<point>
			<X>147</X>
			<Y>290</Y>
		</point>
		<point>
			<X>147</X>
			<Y>290</Y>
		</point>
		<point>
			<X>146</X>
			<Y>290</Y>
		</point>
		<point>
			<X>146</X>
			<Y>290</Y>
		</point>
		<point>
			<X>145</X>
			<Y>290</Y>
		</point>
		<point>
			<X>145</X>
			<Y>290</Y>
		</point>
		<point>
			<X>144</X>
			<Y>289</Y>
		</point>
		<point>
			<X>144</X>
			<Y>289</Y>
		</point>
		<point>
			<X>143</X>
			<Y>289</Y>
		</point>
		<point>
			<X>143</X>
			<Y>289</Y>
		</point>
		<point>
			<X>142</X>
			<Y>289</Y>
		</point>
		<point>
			<X>142</X>
			<Y>289</Y>
		</point>
		<point>
			<X>140</X>
			<Y>289</Y>
		</point>
		<point>
			<X>140</X>
			<Y>289</Y>
		</point>
		<point>
			<X>140</X>
			<Y>288</Y>
		</point>
		<point>
			<X>140</X>
			<Y>288</Y>
		</point>
		<point>
			<X>139</X>
			<Y>288</Y>
		</point>
		<point>
			<X>139</X>
			<Y>288</Y>
		</point>
		<point>
			<X>136</X>
			<Y>288</Y>
		</point>
		<point>
			<X>136</X>
			<Y>288</Y>
		</point>
		<point>
			<X>134</X>
			<Y>287</Y>
		</point>
		<point>
			<X>134</X>
			<Y>287</Y>
		</point>
		<point>
			<X>133</X>
			<Y>287</Y>
		</point>
		<point>
			<X>133</X>
			<Y>287</Y>
		</point>
		<point>
			<X>133</X>
			<Y>287</Y>
		</point>
		<point>
			<X>133</X>
			<Y>287</Y>
		</point>
		<point>
			<X>131</X>
			<Y>287</Y>
		</point>
		<point>
			<X>131</X>
			<Y>287</Y>
		</point>
		<point>
			<X>130</X>
			<Y>287</Y>
		</point>
		<point>
			<X>130</X>
			<Y>287</Y>
		</point>
		<point>
			<X>129</X>
			<Y>287</Y>
		</point>
		<point>
			<X>129</X>
			<Y>287</Y>
		</point>
		<point>
			<X>128</X>
			<Y>287</Y>
		</point>
		<point>
			<X>128</X>
			<Y>287</Y>
		</point>
		<point>
			<X>127</X>
			<Y>287</Y>
		</point>
		<point>
			<X>127</X>
			<Y>287</Y>
		</point>
		<point>
			<X>126</X>
			<Y>287</Y>
		</point>
		<point>
			<X>126</X>
			<Y>287</Y>
		</point>
		<point>
			<X>126</X>
			<Y>287</Y>
		</point>
		<point>
			<X>126</X>
			<Y>287</Y>
		</point>
		<point>
			<X>126</X>
			<Y>287</Y>
		</point>
	</polygon>
	<polygon>
		<tag>bird</tag>
		<point>
			<X>166</X>
			<Y>205</Y>
		</point>
		<point>
			<X>166</X>
			<Y>206</Y>
		</point>
		<point>
			<X>166</X>
			<Y>206</Y>
		</point>
		<point>
			<X>166</X>
			<Y>205</Y>
		</point>
		<point>
			<X>166</X>
			<Y>205</Y>
		</point>
		<point>
			<X>169</X>
			<Y>204</Y>
		</point>
		<point>
			<X>169</X>
			<Y>204</Y>
		</point>
		<point>
			<X>170</X>
			<Y>203</Y>
		</point>
		<point>
			<X>170</X>
			<Y>203</Y>
		</point>
		<point>
			<X>171</X>
			<Y>202</Y>
		</point>
		<point>
			<X>171</X>
			<Y>202</Y>
		</point>
		<point>
			<X>173</X>
			<Y>201</Y>
		</point>
		<point>
			<X>173</X>
			<Y>201</Y>
		</point>
		<point>
			<X>175</X>
			<Y>200</Y>
		</point>
		<point>
			<X>175</X>
			<Y>200</Y>
		</point>
		<point>
			<X>176</X>
			<Y>200</Y>
		</point>
		<point>
			<X>176</X>
			<Y>200</Y>
		</point>
		<point>
			<X>179</X>
			<Y>199</Y>
		</point>
		<point>
			<X>179</X>
			<Y>199</Y>
		</point>
		<point>
			<X>180</X>
			<Y>199</Y>
		</point>
		<point>
			<X>180</X>
			<Y>199</Y>
		</point>
		<point>
			<X>181</X>
			<Y>197</Y>
		</point>
		<point>
			<X>181</X>
			<Y>197</Y>
		</point>
		<point>
			<X>184</X>
			<Y>196</Y>
		</point>
		<point>
			<X>184</X>
			<Y>196</Y>
		</point>
		<point>
			<X>186</X>
			<Y>194</Y>
		</point>
		<point>
			<X>186</X>
			<Y>194</Y>
		</point>
		<point>
			<X>186</X>
			<Y>194</Y>
		</point>
		<point>
			<X>186</X>
			<Y>194</Y>
		</point>
		<point>
			<X>189</X>
			<Y>193</Y>
		</point>
		<point>
			<X>189</X>
			<Y>193</Y>
		</point>
		<point>
			<X>191</X>
			<Y>192</Y>
		</point>
		<point>
			<X>191</X>
			<Y>192</Y>
		</point>
		<point>
			<X>193</X>
			<Y>191</Y>
		</point>
		<point>
			<X>193</X>
			<Y>191</Y>
		</point>
		<point>
			<X>195</X>
			<Y>190</Y>
		</point>
		<point>
			<X>195</X>
			<Y>190</Y>
		</point>
		<point>
			<X>196</X>
			<Y>188</Y>
		</point>
		<point>
			<X>196</X>
			<Y>188</Y>
		</point>
		<point>
			<X>197</X>
			<Y>188</Y>
		</point>
		<point>
			<X>197</X>
			<Y>188</Y>
		</point>
		<point>
			<X>199</X>
			<Y>186</Y>
		</point>
		<point>
			<X>199</X>
			<Y>186</Y>
		</point>
		<point>
			<X>199</X>
			<Y>186</Y>
		</point>
		<point>
			<X>199</X>
			<Y>186</Y>
		</point>
		<point>
			<X>200</X>
			<Y>186</Y>
		</point>
		<point>
			<X>200</X>
			<Y>186</Y>
		</point>
		<point>
			<X>201</X>
			<Y>186</Y>
		</point>
		<point>
			<X>201</X>
			<Y>186</Y>
		</point>
		<point>
			<X>202</X>
			<Y>185</Y>
		</point>
		<point>
			<X>202</X>
			<Y>185</Y>
		</point>
		<point>
			<X>203</X>
			<Y>185</Y>
		</point>
		<point>
			<X>203</X>
			<Y>185</Y>
		</point>
		<point>
			<X>204</X>
			<Y>184</Y>
		</point>
		<point>
			<X>204</X>
			<Y>184</Y>
		</point>
		<point>
			<X>206</X>
			<Y>184</Y>
		</point>
		<point>
			<X>206</X>
			<Y>184</Y>
		</point>
		<point>
			<X>206</X>
			<Y>183</Y>
		</point>
		<point>
			<X>206</X>
			<Y>183</Y>
		</point>
		<point>
			<X>207</X>
			<Y>181</Y>
		</point>
		<point>
			<X>207</X>
			<Y>181</Y>
		</point>
		<point>
			<X>207</X>
			<Y>180</Y>
		</point>
		<point>
			<X>207</X>
			<Y>180</Y>
		</point>
		<point>
			<X>208</X>
			<Y>180</Y>
		</point>
		<point>
			<X>208</X>
			<Y>180</Y>
		</point>
		<point>
			<X>209</X>
			<Y>179</Y>
		</point>
		<point>
			<X>209</X>
			<Y>179</Y>
		</point>
		<point>
			<X>209</X>
			<Y>176</Y>
		</point>
		<point>
			<X>209</X>
			<Y>176</Y>
		</point>
		<point>
			<X>209</X>
			<Y>176</Y>
		</point>
		<point>
			<X>209</X>
			<Y>176</Y>
		</point>
		<point>
			<X>210</X>
			<Y>174</Y>
		</point>
		<point>
			<X>210</X>
			<Y>174</Y>
		</point>
		<point>
			<X>210</X>
			<Y>173</Y>
		</point>
		<point>
			<X>210</X>
			<Y>173</Y>
		</point>
		<point>
			<X>211</X>
			<Y>171</Y>
		</point>
		<point>
			<X>211</X>
			<Y>171</Y>
		</point>
		<point>
			<X>212</X>
			<Y>170</Y>
		</point>
		<point>
			<X>212</X>
			<Y>170</Y>
		</point>
		<point>
			<X>212</X>
			<Y>169</Y>
		</point>
		<point>
			<X>212</X>
			<Y>169</Y>
		</point>
		<point>
			<X>212</X>
			<Y>166</Y>
		</point>
		<point>
			<X>212</X>
			<Y>166</Y>
		</point>
		<point>
			<X>213</X>
			<Y>166</Y>
		</point>
		<point>
			<X>213</X>
			<Y>166</Y>
		</point>
		<point>
			<X>213</X>
			<Y>165</Y>
		</point>
		<point>
			<X>213</X>
			<Y>165</Y>
		</point>
		<point>
			<X>213</X>
			<Y>163</Y>
		</point>
		<point>
			<X>213</X>
			<Y>163</Y>
		</point>
		<point>
			<X>213</X>
			<Y>161</Y>
		</point>
		<point>
			<X>213</X>
			<Y>161</Y>
		</point>
		<point>
			<X>214</X>
			<Y>160</Y>
		</point>
		<point>
			<X>214</X>
			<Y>160</Y>
		</point>
		<point>
			<X>215</X>
			<Y>160</Y>
		</point>
		<point>
			<X>215</X>
			<Y>160</Y>
		</point>
		<point>
			<X>217</X>
			<Y>158</Y>
		</point>
		<point>
			<X>217</X>
			<Y>158</Y>
		</point>
		<point>
			<X>217</X>
			<Y>156</Y>
		</point>
		<point>
			<X>217</X>
			<Y>156</Y>
		</point>
		<point>
			<X>217</X>
			<Y>155</Y>
		</point>
		<point>
			<X>217</X>
			<Y>155</Y>
		</point>
		<point>
			<X>220</X>
			<Y>153</Y>
		</point>
		<point>
			<X>220</X>
			<Y>153</Y>
		</point>
		<point>
			<X>220</X>
			<Y>153</Y>
		</point>
		<point>
			<X>220</X>
			<Y>153</Y>
		</point>
		<point>
			<X>220</X>
			<Y>152</Y>
		</point>
		<point>
			<X>220</X>
			<Y>152</Y>
		</point>
		<point>
			<X>221</X>
			<Y>149</Y>
		</point>
		<point>
			<X>221</X>
			<Y>149</Y>
		</point>
		<point>
			<X>222</X>
			<Y>149</Y>
		</point>
		<point>
			<X>222</X>
			<Y>149</Y>
		</point>
		<point>
			<X>222</X>
			<Y>148</Y>
		</point>
		<point>
			<X>222</X>
			<Y>147</Y>
		</point>
		<point>
			<X>222</X>
			<Y>147</Y>
		</point>
		<point>
			<X>222</X>
			<Y>146</Y>
		</point>
		<point>
			<X>222</X>
			<Y>146</Y>
		</point>
		<point>
			<X>222</X>
			<Y>146</Y>
		</point>
		<point>
			<X>222</X>
			<Y>146</Y>
		</point>
		<point>
			<X>224</X>
			<Y>145</Y>
		</point>
		<point>
			<X>224</X>
			<Y>145</Y>
		</point>
		<point>
			<X>224</X>
			<Y>144</Y>
		</point>
		<point>
			<X>224</X>
			<Y>144</Y>
		</point>
		<point>
			<X>224</X>
			<Y>143</Y>
		</point>
		<point>
			<X>224</X>
			<Y>143</Y>
		</point>
		<point>
			<X>224</X>
			<Y>142</Y>
		</point>
		<point>
			<X>224</X>
			<Y>142</Y>
		</point>
		<point>
			<X>224</X>
			<Y>141</Y>
		</point>
		<point>
			<X>224</X>
			<Y>141</Y>
		</point>
		<point>
			<X>224</X>
			<Y>140</Y>
		</point>
		<point>
			<X>224</X>
			<Y>140</Y>
		</point>
		<point>
			<X>225</X>
			<Y>140</Y>
		</point>
		<point>
			<X>225</X>
			<Y>140</Y>
		</point>
		<point>
			<X>226</X>
			<Y>138</Y>
		</point>
		<point>
			<X>226</X>
			<Y>138</Y>
		</point>
		<point>
			<X>226</X>
			<Y>137</Y>
		</point>
		<point>
			<X>226</X>
			<Y>137</Y>
		</point>
		<point>
			<X>226</X>
			<Y>136</Y>
		</point>
		<point>
			<X>226</X>
			<Y>136</Y>
		</point>
		<point>
			<X>227</X>
			<Y>134</Y>
		</point>
		<point>
			<X>227</X>
			<Y>134</Y>
		</point>
		<point>
			<X>227</X>
			<Y>133</Y>
		</point>
		<point>
			<X>227</X>
			<Y>133</Y>
		</point>
		<point>
			<X>227</X>
			<Y>133</Y>
		</point>
		<point>
			<X>227</X>
			<Y>133</Y>
		</point>
		<point>
			<X>227</X>
			<Y>132</Y>
		</point>
		<point>
			<X>227</X>
			<Y>132</Y>
		</point>
		<point>
			<X>227</X>
			<Y>131</Y>
		</point>
		<point>
			<X>227</X>
			<Y>131</Y>
		</point>
		<point>
			<X>227</X>
			<Y>130</Y>
		</point>
		<point>
			<X>227</X>
			<Y>130</Y>
		</point>
		<point>
			<X>229</X>
			<Y>129</Y>
		</point>
		<point>
			<X>229</X>
			<Y>129</Y>
		</point>
		<point>
			<X>229</X>
			<Y>128</Y>
		</point>
		<point>
			<X>229</X>
			<Y>128</Y>
		</point>
		<point>
			<X>230</X>
			<Y>126</Y>
		</point>
		<point>
			<X>230</X>
			<Y>126</Y>
		</point>
		<point>
			<X>230</X>
			<Y>126</Y>
		</point>
		<point>
			<X>230</X>
			<Y>126</Y>
		</point>
		<point>
			<X>230</X>
			<Y>125</Y>
		</point>
		<point>
			<X>230</X>
			<Y>125</Y>
		</point>
		<point>
			<X>230</X>
			<Y>125</Y>
		</point>
	</polygon>
</annotation>