<annotation>
	<folder>anno</folder>
	<filename>2010_002303.jpg</filename>
	<source>
		<database>The anno Database</database>
		<annotation>VC anno</annotation>
		<image>Unknow</image>
		<flickrid>Unknow</flickrid>
	</source>
	<owner>
		<flickrid>Unknow</flickrid>
		<name>Unknow</name>
	</owner>
	<size>
		<width>342</width>
		<height>500</height>
		<depth>3</depth>
	</size>
	<segmented>1</segmented>
	<polygon>
		<tag>person</tag>
		<point>
			<X>281</X>
			<Y>130</Y>
		</point>
		<point>
			<X>280</X>
			<Y>131</Y>
		</point>
		<point>
			<X>280</X>
			<Y>131</Y>
		</point>
		<point>
			<X>279</X>
			<Y>133</Y>
		</point>
		<point>
			<X>279</X>
			<Y>133</Y>
		</point>
		<point>
			<X>278</X>
			<Y>136</Y>
		</point>
		<point>
			<X>278</X>
			<Y>136</Y>
		</point>
		<point>
			<X>278</X>
			<Y>139</Y>
		</point>
		<point>
			<X>278</X>
			<Y>139</Y>
		</point>
		<point>
			<X>278</X>
			<Y>142</Y>
		</point>
		<point>
			<X>278</X>
			<Y>142</Y>
		</point>
		<point>
			<X>277</X>
			<Y>147</Y>
		</point>
		<point>
			<X>277</X>
			<Y>147</Y>
		</point>
		<point>
			<X>276</X>
			<Y>154</Y>
		</point>
		<point>
			<X>276</X>
			<Y>154</Y>
		</point>
		<point>
			<X>274</X>
			<Y>160</Y>
		</point>
		<point>
			<X>274</X>
			<Y>160</Y>
		</point>
		<point>
			<X>273</X>
			<Y>166</Y>
		</point>
		<point>
			<X>273</X>
			<Y>166</Y>
		</point>
		<point>
			<X>272</X>
			<Y>172</Y>
		</point>
		<point>
			<X>272</X>
			<Y>172</Y>
		</point>
		<point>
			<X>271</X>
			<Y>179</Y>
		</point>
		<point>
			<X>271</X>
			<Y>179</Y>
		</point>
		<point>
			<X>271</X>
			<Y>182</Y>
		</point>
		<point>
			<X>271</X>
			<Y>182</Y>
		</point>
		<point>
			<X>271</X>
			<Y>187</Y>
		</point>
		<point>
			<X>271</X>
			<Y>187</Y>
		</point>
		<point>
			<X>271</X>
			<Y>192</Y>
		</point>
		<point>
			<X>271</X>
			<Y>192</Y>
		</point>
		<point>
			<X>271</X>
			<Y>197</Y>
		</point>
		<point>
			<X>271</X>
			<Y>197</Y>
		</point>
		<point>
			<X>271</X>
			<Y>204</Y>
		</point>
		<point>
			<X>271</X>
			<Y>204</Y>
		</point>
		<point>
			<X>271</X>
			<Y>207</Y>
		</point>
		<point>
			<X>271</X>
			<Y>207</Y>
		</point>
		<point>
			<X>271</X>
			<Y>212</Y>
		</point>
		<point>
			<X>271</X>
			<Y>212</Y>
		</point>
		<point>
			<X>271</X>
			<Y>217</Y>
		</point>
		<point>
			<X>271</X>
			<Y>217</Y>
		</point>
		<point>
			<X>271</X>
			<Y>224</Y>
		</point>
		<point>
			<X>271</X>
			<Y>224</Y>
		</point>
		<point>
			<X>271</X>
			<Y>232</Y>
		</point>
		<point>
			<X>271</X>
			<Y>232</Y>
		</point>
		<point>
			<X>271</X>
			<Y>239</Y>
		</point>
		<point>
			<X>271</X>
			<Y>239</Y>
		</point>
		<point>
			<X>271</X>
			<Y>247</Y>
		</point>
		<point>
			<X>271</X>
			<Y>247</Y>
		</point>
		<point>
			<X>270</X>
			<Y>257</Y>
		</point>
		<point>
			<X>270</X>
			<Y>257</Y>
		</point>
		<point>
			<X>268</X>
			<Y>265</Y>
		</point>
		<point>
			<X>268</X>
			<Y>265</Y>
		</point>
		<point>
			<X>265</X>
			<Y>274</Y>
		</point>
		<point>
			<X>265</X>
			<Y>274</Y>
		</point>
		<point>
			<X>264</X>
			<Y>281</Y>
		</point>
		<point>
			<X>264</X>
			<Y>281</Y>
		</point>
		<point>
			<X>263</X>
			<Y>288</Y>
		</point>
		<point>
			<X>263</X>
			<Y>288</Y>
		</point>
		<point>
			<X>262</X>
			<Y>295</Y>
		</point>
		<point>
			<X>261</X>
			<Y>301</Y>
		</point>
		<point>
			<X>261</X>
			<Y>301</Y>
		</point>
		<point>
			<X>261</X>
			<Y>305</Y>
		</point>
		<point>
			<X>261</X>
			<Y>305</Y>
		</point>
		<point>
			<X>260</X>
			<Y>312</Y>
		</point>
		<point>
			<X>260</X>
			<Y>312</Y>
		</point>
		<point>
			<X>258</X>
			<Y>318</Y>
		</point>
		<point>
			<X>258</X>
			<Y>318</Y>
		</point>
		<point>
			<X>257</X>
			<Y>324</Y>
		</point>
		<point>
			<X>257</X>
			<Y>324</Y>
		</point>
		<point>
			<X>254</X>
			<Y>330</Y>
		</point>
		<point>
			<X>254</X>
			<Y>330</Y>
		</point>
		<point>
			<X>254</X>
			<Y>335</Y>
		</point>
		<point>
			<X>254</X>
			<Y>335</Y>
		</point>
		<point>
			<X>253</X>
			<Y>340</Y>
		</point>
		<point>
			<X>253</X>
			<Y>340</Y>
		</point>
		<point>
			<X>253</X>
			<Y>344</Y>
		</point>
		<point>
			<X>253</X>
			<Y>344</Y>
		</point>
		<point>
			<X>253</X>
			<Y>349</Y>
		</point>
		<point>
			<X>253</X>
			<Y>349</Y>
		</point>
		<point>
			<X>253</X>
			<Y>354</Y>
		</point>
		<point>
			<X>253</X>
			<Y>354</Y>
		</point>
		<point>
			<X>253</X>
			<Y>360</Y>
		</point>
		<point>
			<X>253</X>
			<Y>360</Y>
		</point>
		<point>
			<X>253</X>
			<Y>364</Y>
		</point>
		<point>
			<X>253</X>
			<Y>364</Y>
		</point>
		<point>
			<X>253</X>
			<Y>370</Y>
		</point>
		<point>
			<X>253</X>
			<Y>370</Y>
		</point>
		<point>
			<X>253</X>
			<Y>373</Y>
		</point>
		<point>
			<X>253</X>
			<Y>373</Y>
		</point>
		<point>
			<X>253</X>
			<Y>375</Y>
		</point>
		<point>
			<X>253</X>
			<Y>375</Y>
		</point>
		<point>
			<X>253</X>
			<Y>380</Y>
		</point>
		<point>
			<X>253</X>
			<Y>380</Y>
		</point>
		<point>
			<X>253</X>
			<Y>384</Y>
		</point>
		<point>
			<X>253</X>
			<Y>384</Y>
		</point>
		<point>
			<X>254</X>
			<Y>388</Y>
		</point>
		<point>
			<X>254</X>
			<Y>388</Y>
		</point>
		<point>
			<X>254</X>
			<Y>392</Y>
		</point>
		<point>
			<X>254</X>
			<Y>392</Y>
		</point>
		<point>
			<X>254</X>
			<Y>394</Y>
		</point>
		<point>
			<X>254</X>
			<Y>394</Y>
		</point>
		<point>
			<X>254</X>
			<Y>397</Y>
		</point>
		<point>
			<X>254</X>
			<Y>397</Y>
		</point>
		<point>
			<X>254</X>
			<Y>400</Y>
		</point>
		<point>
			<X>254</X>
			<Y>400</Y>
		</point>
		<point>
			<X>254</X>
			<Y>403</Y>
		</point>
		<point>
			<X>254</X>
			<Y>403</Y>
		</point>
		<point>
			<X>254</X>
			<Y>405</Y>
		</point>
		<point>
			<X>254</X>
			<Y>405</Y>
		</point>
		<point>
			<X>254</X>
			<Y>409</Y>
		</point>
		<point>
			<X>254</X>
			<Y>409</Y>
		</point>
		<point>
			<X>254</X>
			<Y>412</Y>
		</point>
		<point>
			<X>254</X>
			<Y>412</Y>
		</point>
		<point>
			<X>254</X>
			<Y>414</Y>
		</point>
		<point>
			<X>254</X>
			<Y>414</Y>
		</point>
		<point>
			<X>254</X>
			<Y>417</Y>
		</point>
		<point>
			<X>254</X>
			<Y>417</Y>
		</point>
		<point>
			<X>254</X>
			<Y>420</Y>
		</point>
		<point>
			<X>254</X>
			<Y>420</Y>
		</point>
		<point>
			<X>254</X>
			<Y>424</Y>
		</point>
		<point>
			<X>254</X>
			<Y>424</Y>
		</point>
		<point>
			<X>254</X>
			<Y>427</Y>
		</point>
		<point>
			<X>254</X>
			<Y>427</Y>
		</point>
		<point>
			<X>254</X>
			<Y>432</Y>
		</point>
		<point>
			<X>254</X>
			<Y>432</Y>
		</point>
		<point>
			<X>254</X>
			<Y>435</Y>
		</point>
		<point>
			<X>254</X>
			<Y>435</Y>
		</point>
		<point>
			<X>253</X>
			<Y>440</Y>
		</point>
		<point>
			<X>253</X>
			<Y>440</Y>
		</point>
		<point>
			<X>253</X>
			<Y>444</Y>
		</point>
		<point>
			<X>253</X>
			<Y>444</Y>
		</point>
		<point>
			<X>253</X>
			<Y>449</Y>
		</point>
		<point>
			<X>253</X>
			<Y>449</Y>
		</point>
		<point>
			<X>252</X>
			<Y>453</Y>
		</point>
		<point>
			<X>252</X>
			<Y>453</Y>
		</point>
		<point>
			<X>252</X>
			<Y>455</Y>
		</point>
		<point>
			<X>252</X>
			<Y>455</Y>
		</point>
		<point>
			<X>251</X>
			<Y>459</Y>
		</point>
		<point>
			<X>251</X>
			<Y>459</Y>
		</point>
		<point>
			<X>249</X>
			<Y>462</Y>
		</point>
		<point>
			<X>249</X>
			<Y>462</Y>
		</point>
		<point>
			<X>249</X>
			<Y>464</Y>
		</point>
		<point>
			<X>249</X>
			<Y>464</Y>
		</point>
		<point>
			<X>249</X>
			<Y>464</Y>
		</point>
		<point>
			<X>249</X>
			<Y>464</Y>
		</point>
		<point>
			<X>249</X>
			<Y>467</Y>
		</point>
		<point>
			<X>249</X>
			<Y>467</Y>
		</point>
		<point>
			<X>249</X>
			<Y>469</Y>
		</point>
		<point>
			<X>249</X>
			<Y>469</Y>
		</point>
		<point>
			<X>248</X>
			<Y>472</Y>
		</point>
		<point>
			<X>248</X>
			<Y>472</Y>
		</point>
		<point>
			<X>247</X>
			<Y>474</Y>
		</point>
		<point>
			<X>247</X>
			<Y>474</Y>
		</point>
		<point>
			<X>247</X>
			<Y>474</Y>
		</point>
		<point>
			<X>247</X>
			<Y>474</Y>
		</point>
		<point>
			<X>247</X>
			<Y>477</Y>
		</point>
		<point>
			<X>247</X>
			<Y>477</Y>
		</point>
		<point>
			<X>246</X>
			<Y>479</Y>
		</point>
		<point>
			<X>246</X>
			<Y>479</Y>
		</point>
		<point>
			<X>244</X>
			<Y>481</Y>
		</point>
		<point>
			<X>244</X>
			<Y>481</Y>
		</point>
		<point>
			<X>244</X>
			<Y>482</Y>
		</point>
		<point>
			<X>244</X>
			<Y>482</Y>
		</point>
		<point>
			<X>244</X>
			<Y>483</Y>
		</point>
		<point>
			<X>244</X>
			<Y>483</Y>
		</point>
		<point>
			<X>243</X>
			<Y>484</Y>
		</point>
		<point>
			<X>243</X>
			<Y>484</Y>
		</point>
		<point>
			<X>243</X>
			<Y>484</Y>
		</point>
		<point>
			<X>243</X>
			<Y>484</Y>
		</point>
		<point>
			<X>243</X>
			<Y>486</Y>
		</point>
		<point>
			<X>243</X>
			<Y>486</Y>
		</point>
		<point>
			<X>243</X>
			<Y>487</Y>
		</point>
		<point>
			<X>243</X>
			<Y>487</Y>
		</point>
	</polygon>
	<polygon>
		<tag>cat</tag>
		<point>
			<X>143</X>
			<Y>49</Y>
		</point>
		<point>
			<X>142</X>
			<Y>50</Y>
		</point>
		<point>
			<X>142</X>
			<Y>50</Y>
		</point>
		<point>
			<X>141</X>
			<Y>51</Y>
		</point>
		<point>
			<X>141</X>
			<Y>51</Y>
		</point>
		<point>
			<X>141</X>
			<Y>54</Y>
		</point>
		<point>
			<X>141</X>
			<Y>54</Y>
		</point>
		<point>
			<X>139</X>
			<Y>56</Y>
		</point>
		<point>
			<X>139</X>
			<Y>56</Y>
		</point>
		<point>
			<X>138</X>
			<Y>59</Y>
		</point>
		<point>
			<X>138</X>
			<Y>59</Y>
		</point>
		<point>
			<X>137</X>
			<Y>61</Y>
		</point>
		<point>
			<X>137</X>
			<Y>61</Y>
		</point>
		<point>
			<X>136</X>
			<Y>64</Y>
		</point>
		<point>
			<X>136</X>
			<Y>64</Y>
		</point>
		<point>
			<X>136</X>
			<Y>66</Y>
		</point>
		<point>
			<X>136</X>
			<Y>66</Y>
		</point>
		<point>
			<X>135</X>
			<Y>71</Y>
		</point>
		<point>
			<X>135</X>
			<Y>71</Y>
		</point>
		<point>
			<X>134</X>
			<Y>75</Y>
		</point>
		<point>
			<X>134</X>
			<Y>75</Y>
		</point>
		<point>
			<X>133</X>
			<Y>78</Y>
		</point>
		<point>
			<X>133</X>
			<Y>78</Y>
		</point>
		<point>
			<X>133</X>
			<Y>83</Y>
		</point>
		<point>
			<X>133</X>
			<Y>83</Y>
		</point>
		<point>
			<X>133</X>
			<Y>87</Y>
		</point>
		<point>
			<X>133</X>
			<Y>87</Y>
		</point>
		<point>
			<X>132</X>
			<Y>92</Y>
		</point>
		<point>
			<X>132</X>
			<Y>92</Y>
		</point>
		<point>
			<X>131</X>
			<Y>95</Y>
		</point>
		<point>
			<X>131</X>
			<Y>95</Y>
		</point>
		<point>
			<X>130</X>
			<Y>101</Y>
		</point>
		<point>
			<X>130</X>
			<Y>101</Y>
		</point>
		<point>
			<X>128</X>
			<Y>106</Y>
		</point>
		<point>
			<X>128</X>
			<Y>106</Y>
		</point>
		<point>
			<X>127</X>
			<Y>111</Y>
		</point>
		<point>
			<X>127</X>
			<Y>111</Y>
		</point>
		<point>
			<X>126</X>
			<Y>116</Y>
		</point>
		<point>
			<X>126</X>
			<Y>116</Y>
		</point>
		<point>
			<X>124</X>
			<Y>122</Y>
		</point>
		<point>
			<X>124</X>
			<Y>122</Y>
		</point>
		<point>
			<X>124</X>
			<Y>126</Y>
		</point>
		<point>
			<X>124</X>
			<Y>126</Y>
		</point>
		<point>
			<X>123</X>
			<Y>132</Y>
		</point>
		<point>
			<X>123</X>
			<Y>132</Y>
		</point>
		<point>
			<X>123</X>
			<Y>135</Y>
		</point>
		<point>
			<X>123</X>
			<Y>135</Y>
		</point>
		<point>
			<X>123</X>
			<Y>140</Y>
		</point>
		<point>
			<X>123</X>
			<Y>140</Y>
		</point>
		<point>
			<X>123</X>
			<Y>145</Y>
		</point>
		<point>
			<X>123</X>
			<Y>145</Y>
		</point>
		<point>
			<X>123</X>
			<Y>150</Y>
		</point>
		<point>
			<X>123</X>
			<Y>150</Y>
		</point>
		<point>
			<X>123</X>
			<Y>155</Y>
		</point>
		<point>
			<X>123</X>
			<Y>155</Y>
		</point>
		<point>
			<X>123</X>
			<Y>161</Y>
		</point>
		<point>
			<X>123</X>
			<Y>161</Y>
		</point>
		<point>
			<X>123</X>
			<Y>167</Y>
		</point>
		<point>
			<X>123</X>
			<Y>167</Y>
		</point>
		<point>
			<X>123</X>
			<Y>175</Y>
		</point>
		<point>
			<X>123</X>
			<Y>175</Y>
		</point>
		<point>
			<X>124</X>
			<Y>182</Y>
		</point>
		<point>
			<X>124</X>
			<Y>182</Y>
		</point>
		<point>
			<X>124</X>
			<Y>187</Y>
		</point>
		<point>
			<X>124</X>
			<Y>187</Y>
		</point>
		<point>
			<X>127</X>
			<Y>194</Y>
		</point>
		<point>
			<X>127</X>
			<Y>194</Y>
		</point>
		<point>
			<X>128</X>
			<Y>201</Y>
		</point>
		<point>
			<X>128</X>
			<Y>201</Y>
		</point>
		<point>
			<X>129</X>
			<Y>207</Y>
		</point>
		<point>
			<X>129</X>
			<Y>207</Y>
		</point>
		<point>
			<X>130</X>
			<Y>212</Y>
		</point>
		<point>
			<X>130</X>
			<Y>212</Y>
		</point>
		<point>
			<X>131</X>
			<Y>219</Y>
		</point>
		<point>
			<X>131</X>
			<Y>219</Y>
		</point>
		<point>
			<X>133</X>
			<Y>225</Y>
		</point>
		<point>
			<X>133</X>
			<Y>225</Y>
		</point>
		<point>
			<X>133</X>
			<Y>233</Y>
		</point>
		<point>
			<X>133</X>
			<Y>233</Y>
		</point>
		<point>
			<X>135</X>
			<Y>239</Y>
		</point>
		<point>
			<X>135</X>
			<Y>239</Y>
		</point>
		<point>
			<X>138</X>
			<Y>249</Y>
		</point>
		<point>
			<X>138</X>
			<Y>249</Y>
		</point>
		<point>
			<X>140</X>
			<Y>257</Y>
		</point>
		<point>
			<X>140</X>
			<Y>257</Y>
		</point>
		<point>
			<X>142</X>
			<Y>267</Y>
		</point>
		<point>
			<X>142</X>
			<Y>267</Y>
		</point>
		<point>
			<X>143</X>
			<Y>278</Y>
		</point>
		<point>
			<X>143</X>
			<Y>278</Y>
		</point>
		<point>
			<X>145</X>
			<Y>289</Y>
		</point>
		<point>
			<X>145</X>
			<Y>289</Y>
		</point>
		<point>
			<X>147</X>
			<Y>299</Y>
		</point>
		<point>
			<X>147</X>
			<Y>299</Y>
		</point>
		<point>
			<X>150</X>
			<Y>309</Y>
		</point>
		<point>
			<X>150</X>
			<Y>309</Y>
		</point>
		<point>
			<X>152</X>
			<Y>318</Y>
		</point>
		<point>
			<X>152</X>
			<Y>318</Y>
		</point>
		<point>
			<X>152</X>
			<Y>325</Y>
		</point>
		<point>
			<X>152</X>
			<Y>325</Y>
		</point>
		<point>
			<X>154</X>
			<Y>333</Y>
		</point>
		<point>
			<X>154</X>
			<Y>333</Y>
		</point>
		<point>
			<X>156</X>
			<Y>339</Y>
		</point>
		<point>
			<X>156</X>
			<Y>339</Y>
		</point>
		<point>
			<X>157</X>
			<Y>345</Y>
		</point>
		<point>
			<X>157</X>
			<Y>345</Y>
		</point>
		<point>
			<X>157</X>
			<Y>350</Y>
		</point>
		<point>
			<X>157</X>
			<Y>350</Y>
		</point>
		<point>
			<X>159</X>
			<Y>355</Y>
		</point>
		<point>
			<X>159</X>
			<Y>355</Y>
		</point>
		<point>
			<X>159</X>
			<Y>358</Y>
		</point>
		<point>
			<X>159</X>
			<Y>358</Y>
		</point>
		<point>
			<X>160</X>
			<Y>363</Y>
		</point>
		<point>
			<X>160</X>
			<Y>363</Y>
		</point>
		<point>
			<X>160</X>
			<Y>364</Y>
		</point>
		<point>
			<X>160</X>
			<Y>364</Y>
		</point>
		<point>
			<X>161</X>
			<Y>369</Y>
		</point>
		<point>
			<X>161</X>
			<Y>369</Y>
		</point>
		<point>
			<X>162</X>
			<Y>372</Y>
		</point>
		<point>
			<X>162</X>
			<Y>372</Y>
		</point>
		<point>
			<X>162</X>
			<Y>374</Y>
		</point>
		<point>
			<X>162</X>
			<Y>374</Y>
		</point>
		<point>
			<X>162</X>
			<Y>377</Y>
		</point>
		<point>
			<X>162</X>
			<Y>377</Y>
		</point>
		<point>
			<X>162</X>
			<Y>380</Y>
		</point>
		<point>
			<X>162</X>
			<Y>380</Y>
		</point>
		<point>
			<X>162</X>
			<Y>383</Y>
		</point>
		<point>
			<X>162</X>
			<Y>383</Y>
		</point>
		<point>
			<X>162</X>
			<Y>385</Y>
		</point>
		<point>
			<X>162</X>
			<Y>385</Y>
		</point>
		<point>
			<X>162</X>
			<Y>388</Y>
		</point>
		<point>
			<X>162</X>
			<Y>388</Y>
		</point>
		<point>
			<X>162</X>
			<Y>390</Y>
		</point>
		<point>
			<X>162</X>
			<Y>390</Y>
		</point>
		<point>
			<X>162</X>
			<Y>394</Y>
		</point>
		<point>
			<X>162</X>
			<Y>394</Y>
		</point>
		<point>
			<X>162</X>
			<Y>395</Y>
		</point>
		<point>
			<X>162</X>
			<Y>395</Y>
		</point>
		<point>
			<X>162</X>
			<Y>398</Y>
		</point>
		<point>
			<X>162</X>
			<Y>398</Y>
		</point>
		<point>
			<X>162</X>
			<Y>400</Y>
		</point>
		<point>
			<X>162</X>
			<Y>400</Y>
		</point>
		<point>
			<X>162</X>
			<Y>402</Y>
		</point>
		<point>
			<X>162</X>
			<Y>402</Y>
		</point>
		<point>
			<X>162</X>
			<Y>404</Y>
		</point>
		<point>
			<X>162</X>
			<Y>404</Y>
		</point>
		<point>
			<X>162</X>
			<Y>407</Y>
		</point>
		<point>
			<X>162</X>
			<Y>407</Y>
		</point>
		<point>
			<X>162</X>
			<Y>409</Y>
		</point>
		<point>
			<X>162</X>
			<Y>409</Y>
		</point>
		<point>
			<X>162</X>
			<Y>412</Y>
		</point>
		<point>
			<X>162</X>
			<Y>412</Y>
		</point>
		<point>
			<X>162</X>
			<Y>414</Y>
		</point>
		<point>
			<X>162</X>
			<Y>414</Y>
		</point>
		<point>
			<X>162</X>
			<Y>415</Y>
		</point>
		<point>
			<X>162</X>
			<Y>415</Y>
		</point>
		<point>
			<X>162</X>
			<Y>418</Y>
		</point>
		<point>
			<X>162</X>
			<Y>418</Y>
		</point>
		<point>
			<X>162</X>
			<Y>419</Y>
		</point>
		<point>
			<X>162</X>
			<Y>419</Y>
		</point>
		<point>
			<X>164</X>
			<Y>422</Y>
		</point>
		<point>
			<X>164</X>
			<Y>422</Y>
		</point>
		<point>
			<X>164</X>
			<Y>424</Y>
		</point>
		<point>
			<X>164</X>
			<Y>424</Y>
		</point>
		<point>
			<X>164</X>
			<Y>424</Y>
		</point>
		<point>
			<X>164</X>
			<Y>424</Y>
		</point>
		<point>
			<X>165</X>
			<Y>425</Y>
		</point>
		<point>
			<X>165</X>
			<Y>425</Y>
		</point>
		<point>
			<X>165</X>
			<Y>427</Y>
		</point>
		<point>
			<X>165</X>
			<Y>427</Y>
		</point>
		<point>
			<X>165</X>
			<Y>428</Y>
		</point>
		<point>
			<X>165</X>
			<Y>428</Y>
		</point>
		<point>
			<X>165</X>
			<Y>429</Y>
		</point>
		<point>
			<X>165</X>
			<Y>429</Y>
		</point>
		<point>
			<X>166</X>
			<Y>430</Y>
		</point>
		<point>
			<X>166</X>
			<Y>430</Y>
		</point>
		<point>
			<X>166</X>
			<Y>430</Y>
		</point>
		<point>
			<X>166</X>
			<Y>430</Y>
		</point>
		<point>
			<X>166</X>
			<Y>432</Y>
		</point>
		<point>
			<X>166</X>
			<Y>432</Y>
		</point>
		<point>
			<X>166</X>
			<Y>433</Y>
		</point>
		<point>
			<X>166</X>
			<Y>433</Y>
		</point>
		<point>
			<X>166</X>
			<Y>434</Y>
		</point>
		<point>
			<X>166</X>
			<Y>434</Y>
		</point>
		<point>
			<X>167</X>
			<Y>434</Y>
		</point>
		<point>
			<X>167</X>
			<Y>434</Y>
		</point>
		<point>
			<X>167</X>
			<Y>434</Y>
		</point>
	</polygon>
	<polygon>
		<tag>background</tag>
		<point>
			<X>315</X>
			<Y>45</Y>
		</point>
		<point>
			<X>315</X>
			<Y>45</Y>
		</point>
		<point>
			<X>315</X>
			<Y>45</Y>
		</point>
		<point>
			<X>315</X>
			<Y>44</Y>
		</point>
		<point>
			<X>315</X>
			<Y>44</Y>
		</point>
		<point>
			<X>315</X>
			<Y>44</Y>
		</point>
		<point>
			<X>315</X>
			<Y>43</Y>
		</point>
		<point>
			<X>315</X>
			<Y>43</Y>
		</point>
		<point>
			<X>315</X>
			<Y>41</Y>
		</point>
		<point>
			<X>315</X>
			<Y>41</Y>
		</point>
		<point>
			<X>315</X>
			<Y>38</Y>
		</point>
		<point>
			<X>315</X>
			<Y>38</Y>
		</point>
		<point>
			<X>313</X>
			<Y>36</Y>
		</point>
		<point>
			<X>313</X>
			<Y>36</Y>
		</point>
		<point>
			<X>312</X>
			<Y>35</Y>
		</point>
		<point>
			<X>312</X>
			<Y>35</Y>
		</point>
		<point>
			<X>308</X>
			<Y>32</Y>
		</point>
		<point>
			<X>308</X>
			<Y>32</Y>
		</point>
		<point>
			<X>304</X>
			<Y>29</Y>
		</point>
		<point>
			<X>304</X>
			<Y>29</Y>
		</point>
		<point>
			<X>300</X>
			<Y>27</Y>
		</point>
		<point>
			<X>300</X>
			<Y>27</Y>
		</point>
		<point>
			<X>294</X>
			<Y>24</Y>
		</point>
		<point>
			<X>294</X>
			<Y>24</Y>
		</point>
		<point>
			<X>289</X>
			<Y>22</Y>
		</point>
		<point>
			<X>289</X>
			<Y>22</Y>
		</point>
		<point>
			<X>285</X>
			<Y>20</Y>
		</point>
		<point>
			<X>285</X>
			<Y>20</Y>
		</point>
		<point>
			<X>281</X>
			<Y>18</Y>
		</point>
		<point>
			<X>281</X>
			<Y>18</Y>
		</point>
		<point>
			<X>278</X>
			<Y>17</Y>
		</point>
		<point>
			<X>278</X>
			<Y>17</Y>
		</point>
		<point>
			<X>275</X>
			<Y>17</Y>
		</point>
		<point>
			<X>275</X>
			<Y>17</Y>
		</point>
		<point>
			<X>273</X>
			<Y>17</Y>
		</point>
		<point>
			<X>273</X>
			<Y>17</Y>
		</point>
		<point>
			<X>271</X>
			<Y>16</Y>
		</point>
		<point>
			<X>271</X>
			<Y>16</Y>
		</point>
		<point>
			<X>268</X>
			<Y>14</Y>
		</point>
		<point>
			<X>268</X>
			<Y>14</Y>
		</point>
		<point>
			<X>267</X>
			<Y>14</Y>
		</point>
		<point>
			<X>267</X>
			<Y>14</Y>
		</point>
		<point>
			<X>263</X>
			<Y>14</Y>
		</point>
		<point>
			<X>263</X>
			<Y>14</Y>
		</point>
		<point>
			<X>261</X>
			<Y>14</Y>
		</point>
		<point>
			<X>261</X>
			<Y>14</Y>
		</point>
		<point>
			<X>258</X>
			<Y>14</Y>
		</point>
		<point>
			<X>258</X>
			<Y>14</Y>
		</point>
		<point>
			<X>254</X>
			<Y>14</Y>
		</point>
		<point>
			<X>254</X>
			<Y>14</Y>
		</point>
		<point>
			<X>252</X>
			<Y>14</Y>
		</point>
		<point>
			<X>252</X>
			<Y>14</Y>
		</point>
		<point>
			<X>248</X>
			<Y>14</Y>
		</point>
		<point>
			<X>248</X>
			<Y>14</Y>
		</point>
		<point>
			<X>244</X>
			<Y>14</Y>
		</point>
		<point>
			<X>244</X>
			<Y>14</Y>
		</point>
		<point>
			<X>239</X>
			<Y>14</Y>
		</point>
		<point>
			<X>239</X>
			<Y>14</Y>
		</point>
		<point>
			<X>234</X>
			<Y>14</Y>
		</point>
		<point>
			<X>234</X>
			<Y>14</Y>
		</point>
		<point>
			<X>229</X>
			<Y>14</Y>
		</point>
		<point>
			<X>229</X>
			<Y>14</Y>
		</point>
		<point>
			<X>222</X>
			<Y>14</Y>
		</point>
		<point>
			<X>222</X>
			<Y>14</Y>
		</point>
		<point>
			<X>215</X>
			<Y>14</Y>
		</point>
		<point>
			<X>215</X>
			<Y>14</Y>
		</point>
		<point>
			<X>206</X>
			<Y>12</Y>
		</point>
		<point>
			<X>206</X>
			<Y>12</Y>
		</point>
		<point>
			<X>199</X>
			<Y>11</Y>
		</point>
		<point>
			<X>199</X>
			<Y>11</Y>
		</point>
		<point>
			<X>192</X>
			<Y>10</Y>
		</point>
		<point>
			<X>192</X>
			<Y>10</Y>
		</point>
		<point>
			<X>187</X>
			<Y>9</Y>
		</point>
		<point>
			<X>187</X>
			<Y>9</Y>
		</point>
		<point>
			<X>182</X>
			<Y>8</Y>
		</point>
		<point>
			<X>182</X>
			<Y>8</Y>
		</point>
		<point>
			<X>182</X>
			<Y>8</Y>
		</point>
		<point>
			<X>182</X>
			<Y>8</Y>
		</point>
		<point>
			<X>181</X>
			<Y>8</Y>
		</point>
		<point>
			<X>181</X>
			<Y>8</Y>
		</point>
		<point>
			<X>180</X>
			<Y>8</Y>
		</point>
		<point>
			<X>180</X>
			<Y>8</Y>
		</point>
		<point>
			<X>177</X>
			<Y>7</Y>
		</point>
		<point>
			<X>177</X>
			<Y>7</Y>
		</point>
		<point>
			<X>177</X>
			<Y>7</Y>
		</point>
		<point>
			<X>177</X>
			<Y>7</Y>
		</point>
		<point>
			<X>176</X>
			<Y>7</Y>
		</point>
		<point>
			<X>176</X>
			<Y>7</Y>
		</point>
		<point>
			<X>174</X>
			<Y>7</Y>
		</point>
		<point>
			<X>174</X>
			<Y>7</Y>
		</point>
		<point>
			<X>172</X>
			<Y>7</Y>
		</point>
		<point>
			<X>172</X>
			<Y>7</Y>
		</point>
		<point>
			<X>171</X>
			<Y>7</Y>
		</point>
		<point>
			<X>171</X>
			<Y>7</Y>
		</point>
		<point>
			<X>170</X>
			<Y>7</Y>
		</point>
		<point>
			<X>170</X>
			<Y>7</Y>
		</point>
		<point>
			<X>169</X>
			<Y>7</Y>
		</point>
		<point>
			<X>169</X>
			<Y>7</Y>
		</point>
		<point>
			<X>167</X>
			<Y>7</Y>
		</point>
		<point>
			<X>167</X>
			<Y>7</Y>
		</point>
	</polygon>
	<polygon>
		<tag>background</tag>
		<point>
			<X>46</X>
			<Y>12</Y>
		</point>
		<point>
			<X>44</X>
			<Y>12</Y>
		</point>
		<point>
			<X>44</X>
			<Y>12</Y>
		</point>
		<point>
			<X>43</X>
			<Y>14</Y>
		</point>
		<point>
			<X>43</X>
			<Y>14</Y>
		</point>
		<point>
			<X>41</X>
			<Y>14</Y>
		</point>
		<point>
			<X>41</X>
			<Y>14</Y>
		</point>
		<point>
			<X>39</X>
			<Y>16</Y>
		</point>
		<point>
			<X>39</X>
			<Y>16</Y>
		</point>
		<point>
			<X>37</X>
			<Y>16</Y>
		</point>
		<point>
			<X>37</X>
			<Y>16</Y>
		</point>
		<point>
			<X>36</X>
			<Y>18</Y>
		</point>
		<point>
			<X>36</X>
			<Y>18</Y>
		</point>
		<point>
			<X>33</X>
			<Y>19</Y>
		</point>
		<point>
			<X>33</X>
			<Y>19</Y>
		</point>
		<point>
			<X>33</X>
			<Y>20</Y>
		</point>
		<point>
			<X>33</X>
			<Y>20</Y>
		</point>
		<point>
			<X>32</X>
			<Y>20</Y>
		</point>
		<point>
			<X>32</X>
			<Y>20</Y>
		</point>
		<point>
			<X>29</X>
			<Y>24</Y>
		</point>
		<point>
			<X>29</X>
			<Y>24</Y>
		</point>
		<point>
			<X>27</X>
			<Y>25</Y>
		</point>
		<point>
			<X>27</X>
			<Y>25</Y>
		</point>
		<point>
			<X>25</X>
			<Y>28</Y>
		</point>
		<point>
			<X>25</X>
			<Y>28</Y>
		</point>
		<point>
			<X>23</X>
			<Y>32</Y>
		</point>
		<point>
			<X>23</X>
			<Y>32</Y>
		</point>
		<point>
			<X>20</X>
			<Y>35</Y>
		</point>
		<point>
			<X>20</X>
			<Y>35</Y>
		</point>
		<point>
			<X>19</X>
			<Y>39</Y>
		</point>
		<point>
			<X>19</X>
			<Y>39</Y>
		</point>
		<point>
			<X>17</X>
			<Y>43</Y>
		</point>
		<point>
			<X>17</X>
			<Y>43</Y>
		</point>
		<point>
			<X>16</X>
			<Y>46</Y>
		</point>
		<point>
			<X>16</X>
			<Y>46</Y>
		</point>
		<point>
			<X>12</X>
			<Y>53</Y>
		</point>
		<point>
			<X>12</X>
			<Y>53</Y>
		</point>
		<point>
			<X>12</X>
			<Y>57</Y>
		</point>
		<point>
			<X>12</X>
			<Y>57</Y>
		</point>
		<point>
			<X>12</X>
			<Y>62</Y>
		</point>
		<point>
			<X>12</X>
			<Y>62</Y>
		</point>
		<point>
			<X>10</X>
			<Y>65</Y>
		</point>
		<point>
			<X>10</X>
			<Y>65</Y>
		</point>
		<point>
			<X>9</X>
			<Y>70</Y>
		</point>
		<point>
			<X>9</X>
			<Y>70</Y>
		</point>
		<point>
			<X>8</X>
			<Y>74</Y>
		</point>
		<point>
			<X>8</X>
			<Y>74</Y>
		</point>
		<point>
			<X>8</X>
			<Y>76</Y>
		</point>
		<point>
			<X>8</X>
			<Y>76</Y>
		</point>
		<point>
			<X>8</X>
			<Y>78</Y>
		</point>
		<point>
			<X>8</X>
			<Y>78</Y>
		</point>
		<point>
			<X>8</X>
			<Y>82</Y>
		</point>
		<point>
			<X>8</X>
			<Y>82</Y>
		</point>
		<point>
			<X>7</X>
			<Y>85</Y>
		</point>
		<point>
			<X>7</X>
			<Y>85</Y>
		</point>
		<point>
			<X>7</X>
			<Y>85</Y>
		</point>
		<point>
			<X>7</X>
			<Y>85</Y>
		</point>
		<point>
			<X>7</X>
			<Y>88</Y>
		</point>
		<point>
			<X>7</X>
			<Y>88</Y>
		</point>
		<point>
			<X>7</X>
			<Y>91</Y>
		</point>
		<point>
			<X>7</X>
			<Y>91</Y>
		</point>
		<point>
			<X>7</X>
			<Y>93</Y>
		</point>
		<point>
			<X>7</X>
			<Y>93</Y>
		</point>
		<point>
			<X>7</X>
			<Y>100</Y>
		</point>
		<point>
			<X>7</X>
			<Y>100</Y>
		</point>
		<point>
			<X>8</X>
			<Y>106</Y>
		</point>
		<point>
			<X>8</X>
			<Y>106</Y>
		</point>
		<point>
			<X>10</X>
			<Y>112</Y>
		</point>
		<point>
			<X>10</X>
			<Y>112</Y>
		</point>
		<point>
			<X>12</X>
			<Y>116</Y>
		</point>
		<point>
			<X>12</X>
			<Y>116</Y>
		</point>
		<point>
			<X>12</X>
			<Y>121</Y>
		</point>
		<point>
			<X>12</X>
			<Y>121</Y>
		</point>
		<point>
			<X>16</X>
			<Y>124</Y>
		</point>
		<point>
			<X>16</X>
			<Y>124</Y>
		</point>
		<point>
			<X>19</X>
			<Y>129</Y>
		</point>
		<point>
			<X>19</X>
			<Y>129</Y>
		</point>
		<point>
			<X>22</X>
			<Y>133</Y>
		</point>
		<point>
			<X>22</X>
			<Y>133</Y>
		</point>
		<point>
			<X>23</X>
			<Y>136</Y>
		</point>
		<point>
			<X>23</X>
			<Y>136</Y>
		</point>
		<point>
			<X>24</X>
			<Y>140</Y>
		</point>
		<point>
			<X>24</X>
			<Y>140</Y>
		</point>
		<point>
			<X>25</X>
			<Y>143</Y>
		</point>
		<point>
			<X>25</X>
			<Y>143</Y>
		</point>
		<point>
			<X>27</X>
			<Y>145</Y>
		</point>
		<point>
			<X>27</X>
			<Y>145</Y>
		</point>
		<point>
			<X>29</X>
			<Y>149</Y>
		</point>
		<point>
			<X>29</X>
			<Y>149</Y>
		</point>
		<point>
			<X>29</X>
			<Y>152</Y>
		</point>
		<point>
			<X>29</X>
			<Y>152</Y>
		</point>
		<point>
			<X>32</X>
			<Y>155</Y>
		</point>
		<point>
			<X>32</X>
			<Y>155</Y>
		</point>
		<point>
			<X>33</X>
			<Y>159</Y>
		</point>
		<point>
			<X>33</X>
			<Y>159</Y>
		</point>
		<point>
			<X>33</X>
			<Y>165</Y>
		</point>
		<point>
			<X>33</X>
			<Y>165</Y>
		</point>
		<point>
			<X>33</X>
			<Y>170</Y>
		</point>
		<point>
			<X>33</X>
			<Y>170</Y>
		</point>
		<point>
			<X>34</X>
			<Y>176</Y>
		</point>
		<point>
			<X>34</X>
			<Y>176</Y>
		</point>
		<point>
			<X>36</X>
			<Y>181</Y>
		</point>
		<point>
			<X>36</X>
			<Y>181</Y>
		</point>
		<point>
			<X>37</X>
			<Y>186</Y>
		</point>
		<point>
			<X>37</X>
			<Y>186</Y>
		</point>
		<point>
			<X>38</X>
			<Y>192</Y>
		</point>
		<point>
			<X>38</X>
			<Y>192</Y>
		</point>
		<point>
			<X>39</X>
			<Y>196</Y>
		</point>
		<point>
			<X>39</X>
			<Y>196</Y>
		</point>
		<point>
			<X>40</X>
			<Y>201</Y>
		</point>
		<point>
			<X>40</X>
			<Y>201</Y>
		</point>
		<point>
			<X>40</X>
			<Y>204</Y>
		</point>
		<point>
			<X>40</X>
			<Y>204</Y>
		</point>
		<point>
			<X>40</X>
			<Y>209</Y>
		</point>
		<point>
			<X>40</X>
			<Y>209</Y>
		</point>
		<point>
			<X>40</X>
			<Y>214</Y>
		</point>
		<point>
			<X>40</X>
			<Y>214</Y>
		</point>
		<point>
			<X>40</X>
			<Y>219</Y>
		</point>
		<point>
			<X>40</X>
			<Y>219</Y>
		</point>
		<point>
			<X>40</X>
			<Y>222</Y>
		</point>
		<point>
			<X>40</X>
			<Y>222</Y>
		</point>
		<point>
			<X>40</X>
			<Y>227</Y>
		</point>
		<point>
			<X>40</X>
			<Y>227</Y>
		</point>
		<point>
			<X>40</X>
			<Y>233</Y>
		</point>
		<point>
			<X>40</X>
			<Y>233</Y>
		</point>
		<point>
			<X>40</X>
			<Y>237</Y>
		</point>
		<point>
			<X>40</X>
			<Y>237</Y>
		</point>
		<point>
			<X>40</X>
			<Y>243</Y>
		</point>
		<point>
			<X>40</X>
			<Y>243</Y>
		</point>
		<point>
			<X>40</X>
			<Y>246</Y>
		</point>
		<point>
			<X>40</X>
			<Y>246</Y>
		</point>
		<point>
			<X>40</X>
			<Y>249</Y>
		</point>
		<point>
			<X>40</X>
			<Y>249</Y>
		</point>
		<point>
			<X>40</X>
			<Y>254</Y>
		</point>
		<point>
			<X>40</X>
			<Y>254</Y>
		</point>
		<point>
			<X>39</X>
			<Y>260</Y>
		</point>
		<point>
			<X>39</X>
			<Y>260</Y>
		</point>
		<point>
			<X>37</X>
			<Y>265</Y>
		</point>
		<point>
			<X>37</X>
			<Y>265</Y>
		</point>
		<point>
			<X>36</X>
			<Y>268</Y>
		</point>
		<point>
			<X>36</X>
			<Y>268</Y>
		</point>
		<point>
			<X>35</X>
			<Y>274</Y>
		</point>
		<point>
			<X>35</X>
			<Y>274</Y>
		</point>
		<point>
			<X>35</X>
			<Y>278</Y>
		</point>
		<point>
			<X>35</X>
			<Y>278</Y>
		</point>
		<point>
			<X>34</X>
			<Y>284</Y>
		</point>
		<point>
			<X>34</X>
			<Y>284</Y>
		</point>
		<point>
			<X>33</X>
			<Y>289</Y>
		</point>
		<point>
			<X>33</X>
			<Y>289</Y>
		</point>
		<point>
			<X>32</X>
			<Y>294</Y>
		</point>
		<point>
			<X>32</X>
			<Y>294</Y>
		</point>
		<point>
			<X>31</X>
			<Y>298</Y>
		</point>
		<point>
			<X>31</X>
			<Y>298</Y>
		</point>
		<point>
			<X>29</X>
			<Y>302</Y>
		</point>
		<point>
			<X>29</X>
			<Y>302</Y>
		</point>
		<point>
			<X>27</X>
			<Y>305</Y>
		</point>
		<point>
			<X>27</X>
			<Y>305</Y>
		</point>
		<point>
			<X>25</X>
			<Y>309</Y>
		</point>
		<point>
			<X>25</X>
			<Y>309</Y>
		</point>
		<point>
			<X>25</X>
			<Y>313</Y>
		</point>
		<point>
			<X>25</X>
			<Y>313</Y>
		</point>
		<point>
			<X>25</X>
			<Y>318</Y>
		</point>
		<point>
			<X>25</X>
			<Y>318</Y>
		</point>
		<point>
			<X>24</X>
			<Y>323</Y>
		</point>
		<point>
			<X>24</X>
			<Y>323</Y>
		</point>
		<point>
			<X>23</X>
			<Y>329</Y>
		</point>
		<point>
			<X>23</X>
			<Y>329</Y>
		</point>
		<point>
			<X>23</X>
			<Y>333</Y>
		</point>
		<point>
			<X>23</X>
			<Y>333</Y>
		</point>
		<point>
			<X>23</X>
			<Y>339</Y>
		</point>
		<point>
			<X>23</X>
			<Y>339</Y>
		</point>
		<point>
			<X>23</X>
			<Y>344</Y>
		</point>
		<point>
			<X>23</X>
			<Y>344</Y>
		</point>
		<point>
			<X>23</X>
			<Y>352</Y>
		</point>
		<point>
			<X>23</X>
			<Y>352</Y>
		</point>
		<point>
			<X>22</X>
			<Y>357</Y>
		</point>
		<point>
			<X>22</X>
			<Y>357</Y>
		</point>
		<point>
			<X>20</X>
			<Y>364</Y>
		</point>
		<point>
			<X>20</X>
			<Y>364</Y>
		</point>
		<point>
			<X>20</X>
			<Y>369</Y>
		</point>
		<point>
			<X>20</X>
			<Y>369</Y>
		</point>
		<point>
			<X>19</X>
			<Y>374</Y>
		</point>
		<point>
			<X>19</X>
			<Y>374</Y>
		</point>
		<point>
			<X>18</X>
			<Y>379</Y>
		</point>
		<point>
			<X>18</X>
			<Y>379</Y>
		</point>
		<point>
			<X>18</X>
			<Y>383</Y>
		</point>
		<point>
			<X>18</X>
			<Y>383</Y>
		</point>
		<point>
			<X>18</X>
			<Y>389</Y>
		</point>
		<point>
			<X>18</X>
			<Y>389</Y>
		</point>
		<point>
			<X>18</X>
			<Y>395</Y>
		</point>
		<point>
			<X>18</X>
			<Y>395</Y>
		</point>
		<point>
			<X>18</X>
			<Y>400</Y>
		</point>
		<point>
			<X>18</X>
			<Y>400</Y>
		</point>
		<point>
			<X>18</X>
			<Y>405</Y>
		</point>
		<point>
			<X>18</X>
			<Y>405</Y>
		</point>
		<point>
			<X>18</X>
			<Y>410</Y>
		</point>
		<point>
			<X>18</X>
			<Y>410</Y>
		</point>
		<point>
			<X>18</X>
			<Y>414</Y>
		</point>
		<point>
			<X>18</X>
			<Y>414</Y>
		</point>
		<point>
			<X>18</X>
			<Y>420</Y>
		</point>
		<point>
			<X>18</X>
			<Y>420</Y>
		</point>
		<point>
			<X>18</X>
			<Y>424</Y>
		</point>
		<point>
			<X>18</X>
			<Y>424</Y>
		</point>
		<point>
			<X>17</X>
			<Y>430</Y>
		</point>
		<point>
			<X>17</X>
			<Y>430</Y>
		</point>
		<point>
			<X>16</X>
			<Y>434</Y>
		</point>
		<point>
			<X>16</X>
			<Y>434</Y>
		</point>
		<point>
			<X>14</X>
			<Y>438</Y>
		</point>
		<point>
			<X>14</X>
			<Y>438</Y>
		</point>
		<point>
			<X>14</X>
			<Y>442</Y>
		</point>
		<point>
			<X>14</X>
			<Y>442</Y>
		</point>
		<point>
			<X>14</X>
			<Y>445</Y>
		</point>
		<point>
			<X>14</X>
			<Y>445</Y>
		</point>
		<point>
			<X>12</X>
			<Y>451</Y>
		</point>
		<point>
			<X>12</X>
			<Y>451</Y>
		</point>
		<point>
			<X>12</X>
			<Y>454</Y>
		</point>
		<point>
			<X>12</X>
			<Y>454</Y>
		</point>
		<point>
			<X>12</X>
			<Y>461</Y>
		</point>
		<point>
			<X>12</X>
			<Y>461</Y>
		</point>
		<point>
			<X>12</X>
			<Y>466</Y>
		</point>
		<point>
			<X>12</X>
			<Y>466</Y>
		</point>
		<point>
			<X>12</X>
			<Y>473</Y>
		</point>
		<point>
			<X>12</X>
			<Y>473</Y>
		</point>
		<point>
			<X>12</X>
			<Y>478</Y>
		</point>
		<point>
			<X>12</X>
			<Y>478</Y>
		</point>
		<point>
			<X>12</X>
			<Y>484</Y>
		</point>
		<point>
			<X>12</X>
			<Y>484</Y>
		</point>
		<point>
			<X>12</X>
			<Y>489</Y>
		</point>
		<point>
			<X>12</X>
			<Y>489</Y>
		</point>
		<point>
			<X>12</X>
			<Y>493</Y>
		</point>
		<point>
			<X>12</X>
			<Y>493</Y>
		</point>
		<point>
			<X>12</X>
			<Y>494</Y>
		</point>
		<point>
			<X>12</X>
			<Y>494</Y>
		</point>
		<point>
			<X>12</X>
			<Y>498</Y>
		</point>
		<point>
			<X>12</X>
			<Y>498</Y>
		</point>
		<point>
			<X>12</X>
			<Y>499</Y>
		</point>
		<point>
			<X>12</X>
			<Y>499</Y>
		</point>
	</polygon>
</annotation>