<annotation>
	<folder>anno</folder>
	<filename>2011_000791.jpg</filename>
	<source>
		<database>The anno Database</database>
		<annotation>VC anno</annotation>
		<image>Unknow</image>
		<flickrid>Unknow</flickrid>
	</source>
	<owner>
		<flickrid>Unknow</flickrid>
		<name>Unknow</name>
	</owner>
	<size>
		<width>500</width>
		<height>375</height>
		<depth>4</depth>
	</size>
	<segmented>1</segmented>
	<polygon>
		<tag>background</tag>
		<point>
			<X>463</X>
			<Y>316</Y>
		</point>
		<point>
			<X>462</X>
			<Y>318</Y>
		</point>
		<point>
			<X>462</X>
			<Y>318</Y>
		</point>
		<point>
			<X>460</X>
			<Y>318</Y>
		</point>
		<point>
			<X>460</X>
			<Y>318</Y>
		</point>
		<point>
			<X>455</X>
			<Y>322</Y>
		</point>
		<point>
			<X>455</X>
			<Y>322</Y>
		</point>
		<point>
			<X>453</X>
			<Y>323</Y>
		</point>
		<point>
			<X>453</X>
			<Y>323</Y>
		</point>
		<point>
			<X>452</X>
			<Y>323</Y>
		</point>
		<point>
			<X>452</X>
			<Y>323</Y>
		</point>
		<point>
			<X>451</X>
			<Y>325</Y>
		</point>
		<point>
			<X>451</X>
			<Y>325</Y>
		</point>
		<point>
			<X>448</X>
			<Y>325</Y>
		</point>
		<point>
			<X>448</X>
			<Y>325</Y>
		</point>
		<point>
			<X>447</X>
			<Y>326</Y>
		</point>
		<point>
			<X>447</X>
			<Y>326</Y>
		</point>
		<point>
			<X>445</X>
			<Y>327</Y>
		</point>
		<point>
			<X>445</X>
			<Y>327</Y>
		</point>
		<point>
			<X>442</X>
			<Y>328</Y>
		</point>
		<point>
			<X>442</X>
			<Y>328</Y>
		</point>
		<point>
			<X>441</X>
			<Y>328</Y>
		</point>
		<point>
			<X>441</X>
			<Y>328</Y>
		</point>
		<point>
			<X>440</X>
			<Y>328</Y>
		</point>
		<point>
			<X>440</X>
			<Y>328</Y>
		</point>
		<point>
			<X>437</X>
			<Y>330</Y>
		</point>
		<point>
			<X>437</X>
			<Y>330</Y>
		</point>
		<point>
			<X>434</X>
			<Y>330</Y>
		</point>
		<point>
			<X>434</X>
			<Y>330</Y>
		</point>
		<point>
			<X>433</X>
			<Y>330</Y>
		</point>
		<point>
			<X>433</X>
			<Y>330</Y>
		</point>
		<point>
			<X>430</X>
			<Y>331</Y>
		</point>
		<point>
			<X>430</X>
			<Y>331</Y>
		</point>
		<point>
			<X>426</X>
			<Y>332</Y>
		</point>
		<point>
			<X>426</X>
			<Y>332</Y>
		</point>
		<point>
			<X>423</X>
			<Y>333</Y>
		</point>
		<point>
			<X>423</X>
			<Y>333</Y>
		</point>
		<point>
			<X>419</X>
			<Y>333</Y>
		</point>
		<point>
			<X>419</X>
			<Y>333</Y>
		</point>
		<point>
			<X>414</X>
			<Y>335</Y>
		</point>
		<point>
			<X>414</X>
			<Y>335</Y>
		</point>
		<point>
			<X>412</X>
			<Y>335</Y>
		</point>
		<point>
			<X>412</X>
			<Y>335</Y>
		</point>
		<point>
			<X>408</X>
			<Y>335</Y>
		</point>
		<point>
			<X>408</X>
			<Y>335</Y>
		</point>
		<point>
			<X>405</X>
			<Y>336</Y>
		</point>
		<point>
			<X>405</X>
			<Y>336</Y>
		</point>
		<point>
			<X>402</X>
			<Y>337</Y>
		</point>
		<point>
			<X>402</X>
			<Y>337</Y>
		</point>
		<point>
			<X>398</X>
			<Y>338</Y>
		</point>
		<point>
			<X>398</X>
			<Y>338</Y>
		</point>
		<point>
			<X>396</X>
			<Y>338</Y>
		</point>
		<point>
			<X>396</X>
			<Y>338</Y>
		</point>
		<point>
			<X>392</X>
			<Y>338</Y>
		</point>
		<point>
			<X>392</X>
			<Y>338</Y>
		</point>
		<point>
			<X>390</X>
			<Y>338</Y>
		</point>
		<point>
			<X>390</X>
			<Y>338</Y>
		</point>
		<point>
			<X>386</X>
			<Y>338</Y>
		</point>
		<point>
			<X>386</X>
			<Y>338</Y>
		</point>
		<point>
			<X>382</X>
			<Y>340</Y>
		</point>
		<point>
			<X>382</X>
			<Y>340</Y>
		</point>
		<point>
			<X>378</X>
			<Y>341</Y>
		</point>
		<point>
			<X>378</X>
			<Y>341</Y>
		</point>
		<point>
			<X>375</X>
			<Y>342</Y>
		</point>
		<point>
			<X>375</X>
			<Y>342</Y>
		</point>
		<point>
			<X>373</X>
			<Y>342</Y>
		</point>
		<point>
			<X>373</X>
			<Y>342</Y>
		</point>
		<point>
			<X>370</X>
			<Y>342</Y>
		</point>
		<point>
			<X>370</X>
			<Y>342</Y>
		</point>
		<point>
			<X>367</X>
			<Y>342</Y>
		</point>
		<point>
			<X>367</X>
			<Y>342</Y>
		</point>
		<point>
			<X>351</X>
			<Y>345</Y>
		</point>
		<point>
			<X>351</X>
			<Y>345</Y>
		</point>
		<point>
			<X>348</X>
			<Y>345</Y>
		</point>
		<point>
			<X>348</X>
			<Y>345</Y>
		</point>
		<point>
			<X>345</X>
			<Y>345</Y>
		</point>
		<point>
			<X>345</X>
			<Y>345</Y>
		</point>
		<point>
			<X>340</X>
			<Y>345</Y>
		</point>
		<point>
			<X>336</X>
			<Y>345</Y>
		</point>
		<point>
			<X>336</X>
			<Y>345</Y>
		</point>
		<point>
			<X>333</X>
			<Y>345</Y>
		</point>
		<point>
			<X>333</X>
			<Y>345</Y>
		</point>
		<point>
			<X>330</X>
			<Y>345</Y>
		</point>
		<point>
			<X>330</X>
			<Y>345</Y>
		</point>
		<point>
			<X>327</X>
			<Y>345</Y>
		</point>
		<point>
			<X>327</X>
			<Y>345</Y>
		</point>
		<point>
			<X>323</X>
			<Y>345</Y>
		</point>
		<point>
			<X>323</X>
			<Y>345</Y>
		</point>
		<point>
			<X>321</X>
			<Y>345</Y>
		</point>
		<point>
			<X>321</X>
			<Y>345</Y>
		</point>
		<point>
			<X>317</X>
			<Y>345</Y>
		</point>
		<point>
			<X>317</X>
			<Y>345</Y>
		</point>
		<point>
			<X>313</X>
			<Y>345</Y>
		</point>
		<point>
			<X>313</X>
			<Y>345</Y>
		</point>
		<point>
			<X>309</X>
			<Y>345</Y>
		</point>
		<point>
			<X>309</X>
			<Y>345</Y>
		</point>
		<point>
			<X>306</X>
			<Y>345</Y>
		</point>
		<point>
			<X>306</X>
			<Y>345</Y>
		</point>
		<point>
			<X>303</X>
			<Y>345</Y>
		</point>
		<point>
			<X>300</X>
			<Y>345</Y>
		</point>
		<point>
			<X>300</X>
			<Y>345</Y>
		</point>
		<point>
			<X>296</X>
			<Y>345</Y>
		</point>
		<point>
			<X>296</X>
			<Y>345</Y>
		</point>
		<point>
			<X>292</X>
			<Y>345</Y>
		</point>
		<point>
			<X>292</X>
			<Y>345</Y>
		</point>
		<point>
			<X>288</X>
			<Y>345</Y>
		</point>
		<point>
			<X>288</X>
			<Y>345</Y>
		</point>
		<point>
			<X>284</X>
			<Y>345</Y>
		</point>
		<point>
			<X>284</X>
			<Y>345</Y>
		</point>
		<point>
			<X>279</X>
			<Y>345</Y>
		</point>
		<point>
			<X>279</X>
			<Y>345</Y>
		</point>
		<point>
			<X>274</X>
			<Y>345</Y>
		</point>
		<point>
			<X>274</X>
			<Y>345</Y>
		</point>
		<point>
			<X>258</X>
			<Y>345</Y>
		</point>
		<point>
			<X>258</X>
			<Y>345</Y>
		</point>
		<point>
			<X>253</X>
			<Y>345</Y>
		</point>
		<point>
			<X>253</X>
			<Y>345</Y>
		</point>
		<point>
			<X>249</X>
			<Y>345</Y>
		</point>
		<point>
			<X>249</X>
			<Y>345</Y>
		</point>
		<point>
			<X>244</X>
			<Y>345</Y>
		</point>
		<point>
			<X>244</X>
			<Y>345</Y>
		</point>
		<point>
			<X>240</X>
			<Y>345</Y>
		</point>
		<point>
			<X>240</X>
			<Y>345</Y>
		</point>
		<point>
			<X>236</X>
			<Y>345</Y>
		</point>
		<point>
			<X>236</X>
			<Y>345</Y>
		</point>
		<point>
			<X>232</X>
			<Y>345</Y>
		</point>
		<point>
			<X>232</X>
			<Y>345</Y>
		</point>
		<point>
			<X>228</X>
			<Y>345</Y>
		</point>
		<point>
			<X>228</X>
			<Y>345</Y>
		</point>
		<point>
			<X>223</X>
			<Y>345</Y>
		</point>
		<point>
			<X>223</X>
			<Y>345</Y>
		</point>
		<point>
			<X>219</X>
			<Y>345</Y>
		</point>
		<point>
			<X>219</X>
			<Y>345</Y>
		</point>
		<point>
			<X>215</X>
			<Y>345</Y>
		</point>
		<point>
			<X>215</X>
			<Y>345</Y>
		</point>
		<point>
			<X>211</X>
			<Y>345</Y>
		</point>
		<point>
			<X>211</X>
			<Y>345</Y>
		</point>
		<point>
			<X>206</X>
			<Y>345</Y>
		</point>
		<point>
			<X>206</X>
			<Y>345</Y>
		</point>
		<point>
			<X>201</X>
			<Y>345</Y>
		</point>
		<point>
			<X>197</X>
			<Y>345</Y>
		</point>
		<point>
			<X>191</X>
			<Y>345</Y>
		</point>
		<point>
			<X>191</X>
			<Y>345</Y>
		</point>
		<point>
			<X>186</X>
			<Y>345</Y>
		</point>
		<point>
			<X>186</X>
			<Y>345</Y>
		</point>
		<point>
			<X>183</X>
			<Y>345</Y>
		</point>
		<point>
			<X>183</X>
			<Y>345</Y>
		</point>
		<point>
			<X>178</X>
			<Y>345</Y>
		</point>
		<point>
			<X>178</X>
			<Y>345</Y>
		</point>
		<point>
			<X>174</X>
			<Y>345</Y>
		</point>
		<point>
			<X>174</X>
			<Y>345</Y>
		</point>
		<point>
			<X>169</X>
			<Y>345</Y>
		</point>
		<point>
			<X>169</X>
			<Y>345</Y>
		</point>
		<point>
			<X>163</X>
			<Y>345</Y>
		</point>
		<point>
			<X>163</X>
			<Y>345</Y>
		</point>
		<point>
			<X>157</X>
			<Y>345</Y>
		</point>
		<point>
			<X>157</X>
			<Y>345</Y>
		</point>
		<point>
			<X>152</X>
			<Y>345</Y>
		</point>
		<point>
			<X>152</X>
			<Y>345</Y>
		</point>
		<point>
			<X>145</X>
			<Y>345</Y>
		</point>
		<point>
			<X>145</X>
			<Y>345</Y>
		</point>
		<point>
			<X>138</X>
			<Y>345</Y>
		</point>
		<point>
			<X>138</X>
			<Y>345</Y>
		</point>
		<point>
			<X>133</X>
			<Y>345</Y>
		</point>
		<point>
			<X>133</X>
			<Y>345</Y>
		</point>
		<point>
			<X>127</X>
			<Y>345</Y>
		</point>
		<point>
			<X>127</X>
			<Y>345</Y>
		</point>
		<point>
			<X>122</X>
			<Y>345</Y>
		</point>
		<point>
			<X>122</X>
			<Y>345</Y>
		</point>
		<point>
			<X>116</X>
			<Y>345</Y>
		</point>
		<point>
			<X>116</X>
			<Y>345</Y>
		</point>
		<point>
			<X>112</X>
			<Y>345</Y>
		</point>
		<point>
			<X>112</X>
			<Y>345</Y>
		</point>
		<point>
			<X>108</X>
			<Y>345</Y>
		</point>
		<point>
			<X>108</X>
			<Y>345</Y>
		</point>
		<point>
			<X>104</X>
			<Y>345</Y>
		</point>
		<point>
			<X>104</X>
			<Y>345</Y>
		</point>
		<point>
			<X>100</X>
			<Y>345</Y>
		</point>
		<point>
			<X>100</X>
			<Y>345</Y>
		</point>
		<point>
			<X>98</X>
			<Y>345</Y>
		</point>
		<point>
			<X>98</X>
			<Y>345</Y>
		</point>
		<point>
			<X>94</X>
			<Y>343</Y>
		</point>
		<point>
			<X>94</X>
			<Y>343</Y>
		</point>
		<point>
			<X>92</X>
			<Y>343</Y>
		</point>
		<point>
			<X>92</X>
			<Y>343</Y>
		</point>
		<point>
			<X>89</X>
			<Y>343</Y>
		</point>
		<point>
			<X>89</X>
			<Y>343</Y>
		</point>
		<point>
			<X>85</X>
			<Y>343</Y>
		</point>
		<point>
			<X>85</X>
			<Y>343</Y>
		</point>
		<point>
			<X>82</X>
			<Y>343</Y>
		</point>
		<point>
			<X>82</X>
			<Y>343</Y>
		</point>
		<point>
			<X>80</X>
			<Y>343</Y>
		</point>
		<point>
			<X>80</X>
			<Y>343</Y>
		</point>
		<point>
			<X>78</X>
			<Y>343</Y>
		</point>
		<point>
			<X>78</X>
			<Y>343</Y>
		</point>
		<point>
			<X>75</X>
			<Y>343</Y>
		</point>
		<point>
			<X>75</X>
			<Y>343</Y>
		</point>
		<point>
			<X>73</X>
			<Y>343</Y>
		</point>
		<point>
			<X>73</X>
			<Y>343</Y>
		</point>
		<point>
			<X>71</X>
			<Y>343</Y>
		</point>
		<point>
			<X>71</X>
			<Y>343</Y>
		</point>
		<point>
			<X>68</X>
			<Y>343</Y>
		</point>
		<point>
			<X>68</X>
			<Y>343</Y>
		</point>
		<point>
			<X>65</X>
			<Y>343</Y>
		</point>
		<point>
			<X>65</X>
			<Y>343</Y>
		</point>
		<point>
			<X>62</X>
			<Y>343</Y>
		</point>
		<point>
			<X>62</X>
			<Y>343</Y>
		</point>
		<point>
			<X>60</X>
			<Y>343</Y>
		</point>
		<point>
			<X>60</X>
			<Y>343</Y>
		</point>
		<point>
			<X>58</X>
			<Y>343</Y>
		</point>
		<point>
			<X>58</X>
			<Y>343</Y>
		</point>
		<point>
			<X>56</X>
			<Y>343</Y>
		</point>
		<point>
			<X>54</X>
			<Y>343</Y>
		</point>
		<point>
			<X>54</X>
			<Y>343</Y>
		</point>
		<point>
			<X>53</X>
			<Y>343</Y>
		</point>
		<point>
			<X>53</X>
			<Y>343</Y>
		</point>
		<point>
			<X>52</X>
			<Y>343</Y>
		</point>
		<point>
			<X>52</X>
			<Y>343</Y>
		</point>
		<point>
			<X>51</X>
			<Y>343</Y>
		</point>
		<point>
			<X>51</X>
			<Y>343</Y>
		</point>
		<point>
			<X>48</X>
			<Y>343</Y>
		</point>
		<point>
			<X>48</X>
			<Y>343</Y>
		</point>
		<point>
			<X>42</X>
			<Y>343</Y>
		</point>
		<point>
			<X>42</X>
			<Y>343</Y>
		</point>
		<point>
			<X>42</X>
			<Y>343</Y>
		</point>
		<point>
			<X>42</X>
			<Y>343</Y>
		</point>
		<point>
			<X>40</X>
			<Y>343</Y>
		</point>
		<point>
			<X>40</X>
			<Y>343</Y>
		</point>
		<point>
			<X>38</X>
			<Y>343</Y>
		</point>
		<point>
			<X>38</X>
			<Y>343</Y>
		</point>
		<point>
			<X>37</X>
			<Y>343</Y>
		</point>
		<point>
			<X>36</X>
			<Y>343</Y>
		</point>
		<point>
			<X>36</X>
			<Y>343</Y>
		</point>
		<point>
			<X>35</X>
			<Y>343</Y>
		</point>
		<point>
			<X>35</X>
			<Y>343</Y>
		</point>
		<point>
			<X>35</X>
			<Y>342</Y>
		</point>
		<point>
			<X>35</X>
			<Y>342</Y>
		</point>
		<point>
			<X>33</X>
			<Y>342</Y>
		</point>
		<point>
			<X>33</X>
			<Y>342</Y>
		</point>
		<point>
			<X>31</X>
			<Y>342</Y>
		</point>
		<point>
			<X>31</X>
			<Y>342</Y>
		</point>
		<point>
			<X>28</X>
			<Y>341</Y>
		</point>
		<point>
			<X>28</X>
			<Y>341</Y>
		</point>
		<point>
			<X>27</X>
			<Y>341</Y>
		</point>
		<point>
			<X>27</X>
			<Y>341</Y>
		</point>
		<point>
			<X>26</X>
			<Y>341</Y>
		</point>
		<point>
			<X>26</X>
			<Y>341</Y>
		</point>
		<point>
			<X>24</X>
			<Y>340</Y>
		</point>
		<point>
			<X>24</X>
			<Y>340</Y>
		</point>
		<point>
			<X>23</X>
			<Y>340</Y>
		</point>
		<point>
			<X>23</X>
			<Y>340</Y>
		</point>
		<point>
			<X>23</X>
			<Y>340</Y>
		</point>
	</polygon>
	<polygon>
		<tag>background</tag>
		<point>
			<X>25</X>
			<Y>41</Y>
		</point>
		<point>
			<X>28</X>
			<Y>40</Y>
		</point>
		<point>
			<X>28</X>
			<Y>40</Y>
		</point>
		<point>
			<X>31</X>
			<Y>39</Y>
		</point>
		<point>
			<X>37</X>
			<Y>39</Y>
		</point>
		<point>
			<X>37</X>
			<Y>39</Y>
		</point>
		<point>
			<X>40</X>
			<Y>37</Y>
		</point>
		<point>
			<X>40</X>
			<Y>37</Y>
		</point>
		<point>
			<X>42</X>
			<Y>37</Y>
		</point>
		<point>
			<X>42</X>
			<Y>37</Y>
		</point>
		<point>
			<X>44</X>
			<Y>36</Y>
		</point>
		<point>
			<X>44</X>
			<Y>36</Y>
		</point>
		<point>
			<X>46</X>
			<Y>35</Y>
		</point>
		<point>
			<X>46</X>
			<Y>35</Y>
		</point>
		<point>
			<X>49</X>
			<Y>33</Y>
		</point>
		<point>
			<X>49</X>
			<Y>33</Y>
		</point>
		<point>
			<X>53</X>
			<Y>33</Y>
		</point>
		<point>
			<X>53</X>
			<Y>33</Y>
		</point>
		<point>
			<X>57</X>
			<Y>32</Y>
		</point>
		<point>
			<X>82</X>
			<Y>27</Y>
		</point>
		<point>
			<X>82</X>
			<Y>27</Y>
		</point>
		<point>
			<X>87</X>
			<Y>26</Y>
		</point>
		<point>
			<X>87</X>
			<Y>26</Y>
		</point>
		<point>
			<X>90</X>
			<Y>25</Y>
		</point>
		<point>
			<X>90</X>
			<Y>25</Y>
		</point>
		<point>
			<X>93</X>
			<Y>24</Y>
		</point>
		<point>
			<X>93</X>
			<Y>24</Y>
		</point>
		<point>
			<X>96</X>
			<Y>24</Y>
		</point>
		<point>
			<X>96</X>
			<Y>24</Y>
		</point>
		<point>
			<X>97</X>
			<Y>24</Y>
		</point>
		<point>
			<X>97</X>
			<Y>24</Y>
		</point>
		<point>
			<X>101</X>
			<Y>24</Y>
		</point>
		<point>
			<X>101</X>
			<Y>24</Y>
		</point>
		<point>
			<X>105</X>
			<Y>23</Y>
		</point>
		<point>
			<X>105</X>
			<Y>23</Y>
		</point>
		<point>
			<X>108</X>
			<Y>22</Y>
		</point>
		<point>
			<X>108</X>
			<Y>22</Y>
		</point>
		<point>
			<X>111</X>
			<Y>21</Y>
		</point>
		<point>
			<X>111</X>
			<Y>21</Y>
		</point>
		<point>
			<X>114</X>
			<Y>20</Y>
		</point>
		<point>
			<X>114</X>
			<Y>20</Y>
		</point>
		<point>
			<X>118</X>
			<Y>20</Y>
		</point>
		<point>
			<X>118</X>
			<Y>20</Y>
		</point>
		<point>
			<X>123</X>
			<Y>20</Y>
		</point>
		<point>
			<X>123</X>
			<Y>20</Y>
		</point>
		<point>
			<X>127</X>
			<Y>20</Y>
		</point>
		<point>
			<X>127</X>
			<Y>20</Y>
		</point>
		<point>
			<X>131</X>
			<Y>20</Y>
		</point>
		<point>
			<X>131</X>
			<Y>20</Y>
		</point>
		<point>
			<X>134</X>
			<Y>20</Y>
		</point>
		<point>
			<X>134</X>
			<Y>20</Y>
		</point>
		<point>
			<X>137</X>
			<Y>20</Y>
		</point>
		<point>
			<X>137</X>
			<Y>20</Y>
		</point>
		<point>
			<X>140</X>
			<Y>20</Y>
		</point>
		<point>
			<X>140</X>
			<Y>20</Y>
		</point>
		<point>
			<X>143</X>
			<Y>20</Y>
		</point>
		<point>
			<X>143</X>
			<Y>20</Y>
		</point>
		<point>
			<X>145</X>
			<Y>20</Y>
		</point>
		<point>
			<X>145</X>
			<Y>20</Y>
		</point>
		<point>
			<X>146</X>
			<Y>20</Y>
		</point>
		<point>
			<X>146</X>
			<Y>20</Y>
		</point>
		<point>
			<X>148</X>
			<Y>20</Y>
		</point>
		<point>
			<X>148</X>
			<Y>20</Y>
		</point>
		<point>
			<X>150</X>
			<Y>20</Y>
		</point>
		<point>
			<X>150</X>
			<Y>20</Y>
		</point>
		<point>
			<X>153</X>
			<Y>20</Y>
		</point>
		<point>
			<X>153</X>
			<Y>20</Y>
		</point>
		<point>
			<X>156</X>
			<Y>20</Y>
		</point>
		<point>
			<X>156</X>
			<Y>20</Y>
		</point>
		<point>
			<X>159</X>
			<Y>20</Y>
		</point>
		<point>
			<X>159</X>
			<Y>20</Y>
		</point>
		<point>
			<X>161</X>
			<Y>20</Y>
		</point>
		<point>
			<X>161</X>
			<Y>20</Y>
		</point>
		<point>
			<X>166</X>
			<Y>20</Y>
		</point>
		<point>
			<X>166</X>
			<Y>20</Y>
		</point>
		<point>
			<X>169</X>
			<Y>20</Y>
		</point>
		<point>
			<X>169</X>
			<Y>20</Y>
		</point>
		<point>
			<X>171</X>
			<Y>20</Y>
		</point>
		<point>
			<X>171</X>
			<Y>20</Y>
		</point>
		<point>
			<X>175</X>
			<Y>20</Y>
		</point>
		<point>
			<X>178</X>
			<Y>20</Y>
		</point>
		<point>
			<X>178</X>
			<Y>20</Y>
		</point>
		<point>
			<X>181</X>
			<Y>20</Y>
		</point>
		<point>
			<X>184</X>
			<Y>20</Y>
		</point>
		<point>
			<X>184</X>
			<Y>20</Y>
		</point>
		<point>
			<X>186</X>
			<Y>20</Y>
		</point>
		<point>
			<X>186</X>
			<Y>20</Y>
		</point>
		<point>
			<X>192</X>
			<Y>20</Y>
		</point>
		<point>
			<X>192</X>
			<Y>20</Y>
		</point>
		<point>
			<X>198</X>
			<Y>20</Y>
		</point>
		<point>
			<X>198</X>
			<Y>20</Y>
		</point>
		<point>
			<X>202</X>
			<Y>20</Y>
		</point>
		<point>
			<X>202</X>
			<Y>20</Y>
		</point>
		<point>
			<X>206</X>
			<Y>20</Y>
		</point>
		<point>
			<X>206</X>
			<Y>20</Y>
		</point>
		<point>
			<X>211</X>
			<Y>20</Y>
		</point>
		<point>
			<X>211</X>
			<Y>20</Y>
		</point>
		<point>
			<X>213</X>
			<Y>20</Y>
		</point>
		<point>
			<X>213</X>
			<Y>20</Y>
		</point>
		<point>
			<X>215</X>
			<Y>20</Y>
		</point>
		<point>
			<X>215</X>
			<Y>20</Y>
		</point>
		<point>
			<X>217</X>
			<Y>20</Y>
		</point>
		<point>
			<X>217</X>
			<Y>20</Y>
		</point>
		<point>
			<X>218</X>
			<Y>20</Y>
		</point>
		<point>
			<X>218</X>
			<Y>20</Y>
		</point>
		<point>
			<X>219</X>
			<Y>20</Y>
		</point>
		<point>
			<X>219</X>
			<Y>20</Y>
		</point>
		<point>
			<X>220</X>
			<Y>20</Y>
		</point>
		<point>
			<X>220</X>
			<Y>20</Y>
		</point>
		<point>
			<X>221</X>
			<Y>20</Y>
		</point>
		<point>
			<X>221</X>
			<Y>20</Y>
		</point>
		<point>
			<X>222</X>
			<Y>20</Y>
		</point>
		<point>
			<X>222</X>
			<Y>20</Y>
		</point>
		<point>
			<X>223</X>
			<Y>20</Y>
		</point>
		<point>
			<X>223</X>
			<Y>20</Y>
		</point>
		<point>
			<X>225</X>
			<Y>20</Y>
		</point>
		<point>
			<X>225</X>
			<Y>20</Y>
		</point>
		<point>
			<X>226</X>
			<Y>20</Y>
		</point>
		<point>
			<X>227</X>
			<Y>20</Y>
		</point>
		<point>
			<X>229</X>
			<Y>20</Y>
		</point>
		<point>
			<X>229</X>
			<Y>20</Y>
		</point>
		<point>
			<X>230</X>
			<Y>20</Y>
		</point>
		<point>
			<X>230</X>
			<Y>20</Y>
		</point>
		<point>
			<X>232</X>
			<Y>20</Y>
		</point>
		<point>
			<X>232</X>
			<Y>20</Y>
		</point>
		<point>
			<X>234</X>
			<Y>20</Y>
		</point>
		<point>
			<X>234</X>
			<Y>20</Y>
		</point>
		<point>
			<X>239</X>
			<Y>20</Y>
		</point>
		<point>
			<X>239</X>
			<Y>20</Y>
		</point>
		<point>
			<X>241</X>
			<Y>20</Y>
		</point>
		<point>
			<X>247</X>
			<Y>20</Y>
		</point>
		<point>
			<X>248</X>
			<Y>20</Y>
		</point>
		<point>
			<X>248</X>
			<Y>20</Y>
		</point>
		<point>
			<X>250</X>
			<Y>20</Y>
		</point>
		<point>
			<X>250</X>
			<Y>20</Y>
		</point>
		<point>
			<X>253</X>
			<Y>21</Y>
		</point>
		<point>
			<X>253</X>
			<Y>21</Y>
		</point>
		<point>
			<X>255</X>
			<Y>22</Y>
		</point>
		<point>
			<X>255</X>
			<Y>22</Y>
		</point>
		<point>
			<X>257</X>
			<Y>22</Y>
		</point>
		<point>
			<X>257</X>
			<Y>22</Y>
		</point>
		<point>
			<X>263</X>
			<Y>22</Y>
		</point>
		<point>
			<X>271</X>
			<Y>22</Y>
		</point>
		<point>
			<X>271</X>
			<Y>22</Y>
		</point>
		<point>
			<X>274</X>
			<Y>22</Y>
		</point>
		<point>
			<X>274</X>
			<Y>22</Y>
		</point>
		<point>
			<X>276</X>
			<Y>22</Y>
		</point>
		<point>
			<X>276</X>
			<Y>22</Y>
		</point>
		<point>
			<X>278</X>
			<Y>22</Y>
		</point>
		<point>
			<X>278</X>
			<Y>22</Y>
		</point>
		<point>
			<X>279</X>
			<Y>22</Y>
		</point>
		<point>
			<X>279</X>
			<Y>22</Y>
		</point>
		<point>
			<X>281</X>
			<Y>22</Y>
		</point>
		<point>
			<X>281</X>
			<Y>22</Y>
		</point>
		<point>
			<X>283</X>
			<Y>22</Y>
		</point>
		<point>
			<X>283</X>
			<Y>22</Y>
		</point>
		<point>
			<X>284</X>
			<Y>22</Y>
		</point>
		<point>
			<X>284</X>
			<Y>22</Y>
		</point>
		<point>
			<X>285</X>
			<Y>22</Y>
		</point>
		<point>
			<X>285</X>
			<Y>22</Y>
		</point>
		<point>
			<X>285</X>
			<Y>22</Y>
		</point>
	</polygon>
	<polygon>
		<tag>bike</tag>
		<point>
			<X>481</X>
			<Y>190</Y>
		</point>
		<point>
			<X>481</X>
			<Y>189</Y>
		</point>
		<point>
			<X>481</X>
			<Y>189</Y>
		</point>
		<point>
			<X>480</X>
			<Y>189</Y>
		</point>
		<point>
			<X>462</X>
			<Y>191</Y>
		</point>
		<point>
			<X>455</X>
			<Y>192</Y>
		</point>
		<point>
			<X>455</X>
			<Y>192</Y>
		</point>
		<point>
			<X>448</X>
			<Y>193</Y>
		</point>
		<point>
			<X>448</X>
			<Y>193</Y>
		</point>
		<point>
			<X>440</X>
			<Y>195</Y>
		</point>
		<point>
			<X>440</X>
			<Y>195</Y>
		</point>
		<point>
			<X>433</X>
			<Y>196</Y>
		</point>
		<point>
			<X>433</X>
			<Y>196</Y>
		</point>
		<point>
			<X>424</X>
			<Y>197</Y>
		</point>
		<point>
			<X>417</X>
			<Y>199</Y>
		</point>
		<point>
			<X>417</X>
			<Y>199</Y>
		</point>
		<point>
			<X>410</X>
			<Y>200</Y>
		</point>
		<point>
			<X>410</X>
			<Y>200</Y>
		</point>
		<point>
			<X>404</X>
			<Y>201</Y>
		</point>
		<point>
			<X>404</X>
			<Y>201</Y>
		</point>
		<point>
			<X>399</X>
			<Y>202</Y>
		</point>
		<point>
			<X>399</X>
			<Y>202</Y>
		</point>
		<point>
			<X>393</X>
			<Y>204</Y>
		</point>
		<point>
			<X>393</X>
			<Y>204</Y>
		</point>
		<point>
			<X>387</X>
			<Y>205</Y>
		</point>
		<point>
			<X>387</X>
			<Y>205</Y>
		</point>
		<point>
			<X>381</X>
			<Y>206</Y>
		</point>
		<point>
			<X>377</X>
			<Y>207</Y>
		</point>
		<point>
			<X>377</X>
			<Y>207</Y>
		</point>
		<point>
			<X>372</X>
			<Y>209</Y>
		</point>
		<point>
			<X>372</X>
			<Y>209</Y>
		</point>
		<point>
			<X>366</X>
			<Y>210</Y>
		</point>
		<point>
			<X>366</X>
			<Y>210</Y>
		</point>
		<point>
			<X>361</X>
			<Y>211</Y>
		</point>
		<point>
			<X>361</X>
			<Y>211</Y>
		</point>
		<point>
			<X>356</X>
			<Y>212</Y>
		</point>
		<point>
			<X>356</X>
			<Y>212</Y>
		</point>
		<point>
			<X>352</X>
			<Y>213</Y>
		</point>
		<point>
			<X>352</X>
			<Y>213</Y>
		</point>
		<point>
			<X>347</X>
			<Y>213</Y>
		</point>
		<point>
			<X>347</X>
			<Y>213</Y>
		</point>
		<point>
			<X>342</X>
			<Y>214</Y>
		</point>
		<point>
			<X>342</X>
			<Y>214</Y>
		</point>
		<point>
			<X>337</X>
			<Y>215</Y>
		</point>
		<point>
			<X>337</X>
			<Y>215</Y>
		</point>
		<point>
			<X>331</X>
			<Y>216</Y>
		</point>
		<point>
			<X>331</X>
			<Y>216</Y>
		</point>
		<point>
			<X>325</X>
			<Y>218</Y>
		</point>
		<point>
			<X>325</X>
			<Y>218</Y>
		</point>
		<point>
			<X>321</X>
			<Y>219</Y>
		</point>
		<point>
			<X>321</X>
			<Y>219</Y>
		</point>
		<point>
			<X>315</X>
			<Y>220</Y>
		</point>
		<point>
			<X>315</X>
			<Y>220</Y>
		</point>
		<point>
			<X>310</X>
			<Y>221</Y>
		</point>
		<point>
			<X>310</X>
			<Y>221</Y>
		</point>
		<point>
			<X>304</X>
			<Y>222</Y>
		</point>
		<point>
			<X>304</X>
			<Y>222</Y>
		</point>
		<point>
			<X>298</X>
			<Y>223</Y>
		</point>
		<point>
			<X>298</X>
			<Y>223</Y>
		</point>
		<point>
			<X>294</X>
			<Y>224</Y>
		</point>
		<point>
			<X>294</X>
			<Y>224</Y>
		</point>
		<point>
			<X>289</X>
			<Y>225</Y>
		</point>
		<point>
			<X>289</X>
			<Y>225</Y>
		</point>
		<point>
			<X>285</X>
			<Y>226</Y>
		</point>
		<point>
			<X>285</X>
			<Y>226</Y>
		</point>
		<point>
			<X>280</X>
			<Y>226</Y>
		</point>
		<point>
			<X>280</X>
			<Y>226</Y>
		</point>
		<point>
			<X>276</X>
			<Y>227</Y>
		</point>
		<point>
			<X>276</X>
			<Y>227</Y>
		</point>
		<point>
			<X>271</X>
			<Y>228</Y>
		</point>
		<point>
			<X>271</X>
			<Y>228</Y>
		</point>
		<point>
			<X>267</X>
			<Y>229</Y>
		</point>
		<point>
			<X>267</X>
			<Y>229</Y>
		</point>
		<point>
			<X>264</X>
			<Y>229</Y>
		</point>
		<point>
			<X>264</X>
			<Y>229</Y>
		</point>
		<point>
			<X>261</X>
			<Y>229</Y>
		</point>
		<point>
			<X>261</X>
			<Y>229</Y>
		</point>
		<point>
			<X>258</X>
			<Y>229</Y>
		</point>
		<point>
			<X>258</X>
			<Y>229</Y>
		</point>
		<point>
			<X>255</X>
			<Y>229</Y>
		</point>
		<point>
			<X>255</X>
			<Y>229</Y>
		</point>
		<point>
			<X>252</X>
			<Y>229</Y>
		</point>
		<point>
			<X>252</X>
			<Y>229</Y>
		</point>
		<point>
			<X>249</X>
			<Y>229</Y>
		</point>
		<point>
			<X>249</X>
			<Y>229</Y>
		</point>
		<point>
			<X>245</X>
			<Y>229</Y>
		</point>
		<point>
			<X>245</X>
			<Y>229</Y>
		</point>
		<point>
			<X>242</X>
			<Y>229</Y>
		</point>
		<point>
			<X>242</X>
			<Y>229</Y>
		</point>
		<point>
			<X>239</X>
			<Y>229</Y>
		</point>
		<point>
			<X>239</X>
			<Y>229</Y>
		</point>
		<point>
			<X>235</X>
			<Y>229</Y>
		</point>
		<point>
			<X>235</X>
			<Y>229</Y>
		</point>
		<point>
			<X>232</X>
			<Y>229</Y>
		</point>
		<point>
			<X>232</X>
			<Y>229</Y>
		</point>
		<point>
			<X>228</X>
			<Y>229</Y>
		</point>
		<point>
			<X>228</X>
			<Y>229</Y>
		</point>
		<point>
			<X>224</X>
			<Y>229</Y>
		</point>
		<point>
			<X>224</X>
			<Y>229</Y>
		</point>
		<point>
			<X>220</X>
			<Y>229</Y>
		</point>
		<point>
			<X>215</X>
			<Y>229</Y>
		</point>
		<point>
			<X>215</X>
			<Y>229</Y>
		</point>
		<point>
			<X>211</X>
			<Y>229</Y>
		</point>
		<point>
			<X>211</X>
			<Y>229</Y>
		</point>
		<point>
			<X>207</X>
			<Y>229</Y>
		</point>
		<point>
			<X>207</X>
			<Y>229</Y>
		</point>
		<point>
			<X>203</X>
			<Y>229</Y>
		</point>
		<point>
			<X>199</X>
			<Y>229</Y>
		</point>
		<point>
			<X>199</X>
			<Y>229</Y>
		</point>
		<point>
			<X>194</X>
			<Y>229</Y>
		</point>
		<point>
			<X>194</X>
			<Y>229</Y>
		</point>
		<point>
			<X>190</X>
			<Y>229</Y>
		</point>
		<point>
			<X>190</X>
			<Y>229</Y>
		</point>
		<point>
			<X>185</X>
			<Y>229</Y>
		</point>
		<point>
			<X>185</X>
			<Y>229</Y>
		</point>
		<point>
			<X>179</X>
			<Y>229</Y>
		</point>
		<point>
			<X>179</X>
			<Y>229</Y>
		</point>
		<point>
			<X>173</X>
			<Y>229</Y>
		</point>
		<point>
			<X>168</X>
			<Y>229</Y>
		</point>
		<point>
			<X>168</X>
			<Y>229</Y>
		</point>
		<point>
			<X>154</X>
			<Y>229</Y>
		</point>
		<point>
			<X>150</X>
			<Y>229</Y>
		</point>
		<point>
			<X>150</X>
			<Y>229</Y>
		</point>
		<point>
			<X>145</X>
			<Y>229</Y>
		</point>
		<point>
			<X>145</X>
			<Y>229</Y>
		</point>
		<point>
			<X>141</X>
			<Y>229</Y>
		</point>
		<point>
			<X>141</X>
			<Y>229</Y>
		</point>
		<point>
			<X>137</X>
			<Y>229</Y>
		</point>
		<point>
			<X>133</X>
			<Y>229</Y>
		</point>
		<point>
			<X>127</X>
			<Y>229</Y>
		</point>
		<point>
			<X>127</X>
			<Y>229</Y>
		</point>
		<point>
			<X>122</X>
			<Y>229</Y>
		</point>
		<point>
			<X>122</X>
			<Y>229</Y>
		</point>
		<point>
			<X>117</X>
			<Y>229</Y>
		</point>
		<point>
			<X>117</X>
			<Y>229</Y>
		</point>
		<point>
			<X>113</X>
			<Y>229</Y>
		</point>
		<point>
			<X>113</X>
			<Y>229</Y>
		</point>
		<point>
			<X>109</X>
			<Y>229</Y>
		</point>
		<point>
			<X>109</X>
			<Y>229</Y>
		</point>
		<point>
			<X>106</X>
			<Y>229</Y>
		</point>
		<point>
			<X>106</X>
			<Y>229</Y>
		</point>
		<point>
			<X>102</X>
			<Y>229</Y>
		</point>
		<point>
			<X>102</X>
			<Y>229</Y>
		</point>
		<point>
			<X>99</X>
			<Y>229</Y>
		</point>
		<point>
			<X>95</X>
			<Y>229</Y>
		</point>
		<point>
			<X>90</X>
			<Y>229</Y>
		</point>
		<point>
			<X>90</X>
			<Y>229</Y>
		</point>
		<point>
			<X>85</X>
			<Y>229</Y>
		</point>
		<point>
			<X>80</X>
			<Y>229</Y>
		</point>
		<point>
			<X>80</X>
			<Y>229</Y>
		</point>
		<point>
			<X>75</X>
			<Y>229</Y>
		</point>
		<point>
			<X>72</X>
			<Y>229</Y>
		</point>
		<point>
			<X>72</X>
			<Y>229</Y>
		</point>
		<point>
			<X>69</X>
			<Y>229</Y>
		</point>
		<point>
			<X>69</X>
			<Y>229</Y>
		</point>
		<point>
			<X>66</X>
			<Y>229</Y>
		</point>
		<point>
			<X>66</X>
			<Y>229</Y>
		</point>
		<point>
			<X>63</X>
			<Y>229</Y>
		</point>
		<point>
			<X>63</X>
			<Y>229</Y>
		</point>
		<point>
			<X>59</X>
			<Y>229</Y>
		</point>
		<point>
			<X>59</X>
			<Y>229</Y>
		</point>
		<point>
			<X>53</X>
			<Y>229</Y>
		</point>
		<point>
			<X>53</X>
			<Y>229</Y>
		</point>
		<point>
			<X>50</X>
			<Y>229</Y>
		</point>
		<point>
			<X>50</X>
			<Y>229</Y>
		</point>
		<point>
			<X>46</X>
			<Y>229</Y>
		</point>
		<point>
			<X>46</X>
			<Y>229</Y>
		</point>
		<point>
			<X>42</X>
			<Y>229</Y>
		</point>
		<point>
			<X>42</X>
			<Y>229</Y>
		</point>
		<point>
			<X>38</X>
			<Y>229</Y>
		</point>
		<point>
			<X>38</X>
			<Y>229</Y>
		</point>
		<point>
			<X>36</X>
			<Y>229</Y>
		</point>
		<point>
			<X>36</X>
			<Y>229</Y>
		</point>
		<point>
			<X>33</X>
			<Y>229</Y>
		</point>
		<point>
			<X>33</X>
			<Y>229</Y>
		</point>
		<point>
			<X>32</X>
			<Y>229</Y>
		</point>
		<point>
			<X>32</X>
			<Y>229</Y>
		</point>
		<point>
			<X>30</X>
			<Y>229</Y>
		</point>
		<point>
			<X>30</X>
			<Y>229</Y>
		</point>
		<point>
			<X>28</X>
			<Y>229</Y>
		</point>
		<point>
			<X>28</X>
			<Y>229</Y>
		</point>
		<point>
			<X>27</X>
			<Y>229</Y>
		</point>
		<point>
			<X>27</X>
			<Y>229</Y>
		</point>
		<point>
			<X>26</X>
			<Y>229</Y>
		</point>
		<point>
			<X>26</X>
			<Y>229</Y>
		</point>
		<point>
			<X>24</X>
			<Y>229</Y>
		</point>
		<point>
			<X>24</X>
			<Y>229</Y>
		</point>
		<point>
			<X>22</X>
			<Y>229</Y>
		</point>
		<point>
			<X>22</X>
			<Y>229</Y>
		</point>
		<point>
			<X>21</X>
			<Y>229</Y>
		</point>
		<point>
			<X>21</X>
			<Y>229</Y>
		</point>
		<point>
			<X>20</X>
			<Y>229</Y>
		</point>
		<point>
			<X>20</X>
			<Y>229</Y>
		</point>
		<point>
			<X>16</X>
			<Y>229</Y>
		</point>
		<point>
			<X>16</X>
			<Y>229</Y>
		</point>
		<point>
			<X>15</X>
			<Y>229</Y>
		</point>
		<point>
			<X>15</X>
			<Y>229</Y>
		</point>
		<point>
			<X>14</X>
			<Y>229</Y>
		</point>
		<point>
			<X>14</X>
			<Y>229</Y>
		</point>
		<point>
			<X>12</X>
			<Y>229</Y>
		</point>
		<point>
			<X>12</X>
			<Y>229</Y>
		</point>
		<point>
			<X>11</X>
			<Y>229</Y>
		</point>
		<point>
			<X>10</X>
			<Y>229</Y>
		</point>
		<point>
			<X>9</X>
			<Y>229</Y>
		</point>
		<point>
			<X>6</X>
			<Y>229</Y>
		</point>
		<point>
			<X>6</X>
			<Y>229</Y>
		</point>
		<point>
			<X>3</X>
			<Y>229</Y>
		</point>
		<point>
			<X>2</X>
			<Y>229</Y>
		</point>
		<point>
			<X>2</X>
			<Y>229</Y>
		</point>
		<point>
			<X>0</X>
			<Y>229</Y>
		</point>
		<point>
			<X>0</X>
			<Y>229</Y>
		</point>
	</polygon>
</annotation>