<annotation>
	<folder>anno</folder>
	<filename>2011_002421.jpg</filename>
	<source>
		<database>The anno Database</database>
		<annotation>VC anno</annotation>
		<image>Unknow</image>
		<flickrid>Unknow</flickrid>
	</source>
	<owner>
		<flickrid>Unknow</flickrid>
		<name>Unknow</name>
	</owner>
	<size>
		<width>500</width>
		<height>333</height>
		<depth>4</depth>
	</size>
	<segmented>1</segmented>
	<polygon>
		<tag>background</tag>
		<point>
			<X>452</X>
			<Y>26</Y>
		</point>
		<point>
			<X>453</X>
			<Y>26</Y>
		</point>
		<point>
			<X>453</X>
			<Y>26</Y>
		</point>
		<point>
			<X>453</X>
			<Y>27</Y>
		</point>
		<point>
			<X>453</X>
			<Y>32</Y>
		</point>
		<point>
			<X>453</X>
			<Y>32</Y>
		</point>
		<point>
			<X>454</X>
			<Y>35</Y>
		</point>
		<point>
			<X>455</X>
			<Y>38</Y>
		</point>
		<point>
			<X>455</X>
			<Y>38</Y>
		</point>
		<point>
			<X>455</X>
			<Y>40</Y>
		</point>
		<point>
			<X>455</X>
			<Y>40</Y>
		</point>
		<point>
			<X>455</X>
			<Y>44</Y>
		</point>
		<point>
			<X>455</X>
			<Y>44</Y>
		</point>
		<point>
			<X>455</X>
			<Y>48</Y>
		</point>
		<point>
			<X>455</X>
			<Y>48</Y>
		</point>
		<point>
			<X>455</X>
			<Y>51</Y>
		</point>
		<point>
			<X>455</X>
			<Y>51</Y>
		</point>
		<point>
			<X>455</X>
			<Y>55</Y>
		</point>
		<point>
			<X>455</X>
			<Y>55</Y>
		</point>
		<point>
			<X>455</X>
			<Y>59</Y>
		</point>
		<point>
			<X>455</X>
			<Y>59</Y>
		</point>
		<point>
			<X>455</X>
			<Y>61</Y>
		</point>
		<point>
			<X>455</X>
			<Y>61</Y>
		</point>
		<point>
			<X>455</X>
			<Y>66</Y>
		</point>
		<point>
			<X>455</X>
			<Y>66</Y>
		</point>
		<point>
			<X>455</X>
			<Y>68</Y>
		</point>
		<point>
			<X>455</X>
			<Y>68</Y>
		</point>
		<point>
			<X>455</X>
			<Y>72</Y>
		</point>
		<point>
			<X>455</X>
			<Y>72</Y>
		</point>
		<point>
			<X>454</X>
			<Y>76</Y>
		</point>
		<point>
			<X>454</X>
			<Y>76</Y>
		</point>
		<point>
			<X>454</X>
			<Y>80</Y>
		</point>
		<point>
			<X>454</X>
			<Y>80</Y>
		</point>
		<point>
			<X>454</X>
			<Y>85</Y>
		</point>
		<point>
			<X>454</X>
			<Y>85</Y>
		</point>
		<point>
			<X>452</X>
			<Y>92</Y>
		</point>
		<point>
			<X>452</X>
			<Y>92</Y>
		</point>
		<point>
			<X>449</X>
			<Y>98</Y>
		</point>
		<point>
			<X>449</X>
			<Y>98</Y>
		</point>
		<point>
			<X>448</X>
			<Y>104</Y>
		</point>
		<point>
			<X>448</X>
			<Y>104</Y>
		</point>
		<point>
			<X>445</X>
			<Y>110</Y>
		</point>
		<point>
			<X>445</X>
			<Y>110</Y>
		</point>
		<point>
			<X>442</X>
			<Y>116</Y>
		</point>
		<point>
			<X>442</X>
			<Y>116</Y>
		</point>
		<point>
			<X>440</X>
			<Y>122</Y>
		</point>
		<point>
			<X>440</X>
			<Y>122</Y>
		</point>
		<point>
			<X>440</X>
			<Y>128</Y>
		</point>
		<point>
			<X>440</X>
			<Y>128</Y>
		</point>
		<point>
			<X>437</X>
			<Y>136</Y>
		</point>
		<point>
			<X>434</X>
			<Y>144</Y>
		</point>
		<point>
			<X>434</X>
			<Y>144</Y>
		</point>
		<point>
			<X>433</X>
			<Y>154</Y>
		</point>
		<point>
			<X>429</X>
			<Y>163</Y>
		</point>
		<point>
			<X>429</X>
			<Y>163</Y>
		</point>
		<point>
			<X>428</X>
			<Y>170</Y>
		</point>
		<point>
			<X>428</X>
			<Y>170</Y>
		</point>
		<point>
			<X>426</X>
			<Y>175</Y>
		</point>
		<point>
			<X>426</X>
			<Y>175</Y>
		</point>
		<point>
			<X>422</X>
			<Y>181</Y>
		</point>
		<point>
			<X>422</X>
			<Y>181</Y>
		</point>
		<point>
			<X>420</X>
			<Y>188</Y>
		</point>
		<point>
			<X>420</X>
			<Y>188</Y>
		</point>
		<point>
			<X>416</X>
			<Y>194</Y>
		</point>
		<point>
			<X>416</X>
			<Y>194</Y>
		</point>
		<point>
			<X>413</X>
			<Y>200</Y>
		</point>
		<point>
			<X>413</X>
			<Y>200</Y>
		</point>
		<point>
			<X>409</X>
			<Y>207</Y>
		</point>
		<point>
			<X>409</X>
			<Y>207</Y>
		</point>
		<point>
			<X>409</X>
			<Y>211</Y>
		</point>
		<point>
			<X>409</X>
			<Y>211</Y>
		</point>
		<point>
			<X>405</X>
			<Y>217</Y>
		</point>
		<point>
			<X>405</X>
			<Y>217</Y>
		</point>
		<point>
			<X>402</X>
			<Y>222</Y>
		</point>
		<point>
			<X>400</X>
			<Y>226</Y>
		</point>
		<point>
			<X>400</X>
			<Y>226</Y>
		</point>
		<point>
			<X>398</X>
			<Y>230</Y>
		</point>
		<point>
			<X>398</X>
			<Y>230</Y>
		</point>
		<point>
			<X>396</X>
			<Y>234</Y>
		</point>
		<point>
			<X>396</X>
			<Y>234</Y>
		</point>
		<point>
			<X>393</X>
			<Y>237</Y>
		</point>
		<point>
			<X>393</X>
			<Y>237</Y>
		</point>
		<point>
			<X>392</X>
			<Y>242</Y>
		</point>
		<point>
			<X>392</X>
			<Y>242</Y>
		</point>
		<point>
			<X>388</X>
			<Y>247</Y>
		</point>
		<point>
			<X>388</X>
			<Y>247</Y>
		</point>
		<point>
			<X>386</X>
			<Y>250</Y>
		</point>
		<point>
			<X>386</X>
			<Y>250</Y>
		</point>
		<point>
			<X>385</X>
			<Y>255</Y>
		</point>
		<point>
			<X>385</X>
			<Y>255</Y>
		</point>
		<point>
			<X>382</X>
			<Y>256</Y>
		</point>
		<point>
			<X>382</X>
			<Y>256</Y>
		</point>
		<point>
			<X>380</X>
			<Y>259</Y>
		</point>
		<point>
			<X>380</X>
			<Y>259</Y>
		</point>
		<point>
			<X>378</X>
			<Y>262</Y>
		</point>
		<point>
			<X>378</X>
			<Y>262</Y>
		</point>
		<point>
			<X>377</X>
			<Y>263</Y>
		</point>
		<point>
			<X>377</X>
			<Y>263</Y>
		</point>
		<point>
			<X>373</X>
			<Y>267</Y>
		</point>
		<point>
			<X>373</X>
			<Y>267</Y>
		</point>
		<point>
			<X>373</X>
			<Y>268</Y>
		</point>
		<point>
			<X>373</X>
			<Y>268</Y>
		</point>
		<point>
			<X>372</X>
			<Y>270</Y>
		</point>
		<point>
			<X>372</X>
			<Y>270</Y>
		</point>
		<point>
			<X>368</X>
			<Y>275</Y>
		</point>
		<point>
			<X>368</X>
			<Y>275</Y>
		</point>
		<point>
			<X>365</X>
			<Y>275</Y>
		</point>
		<point>
			<X>365</X>
			<Y>275</Y>
		</point>
		<point>
			<X>362</X>
			<Y>279</Y>
		</point>
		<point>
			<X>362</X>
			<Y>279</Y>
		</point>
		<point>
			<X>360</X>
			<Y>279</Y>
		</point>
		<point>
			<X>360</X>
			<Y>279</Y>
		</point>
		<point>
			<X>357</X>
			<Y>279</Y>
		</point>
		<point>
			<X>357</X>
			<Y>279</Y>
		</point>
		<point>
			<X>356</X>
			<Y>279</Y>
		</point>
		<point>
			<X>356</X>
			<Y>279</Y>
		</point>
		<point>
			<X>353</X>
			<Y>280</Y>
		</point>
		<point>
			<X>353</X>
			<Y>280</Y>
		</point>
		<point>
			<X>353</X>
			<Y>282</Y>
		</point>
		<point>
			<X>353</X>
			<Y>282</Y>
		</point>
		<point>
			<X>350</X>
			<Y>282</Y>
		</point>
		<point>
			<X>350</X>
			<Y>282</Y>
		</point>
		<point>
			<X>348</X>
			<Y>282</Y>
		</point>
		<point>
			<X>348</X>
			<Y>282</Y>
		</point>
		<point>
			<X>346</X>
			<Y>282</Y>
		</point>
		<point>
			<X>346</X>
			<Y>282</Y>
		</point>
		<point>
			<X>345</X>
			<Y>282</Y>
		</point>
		<point>
			<X>342</X>
			<Y>282</Y>
		</point>
		<point>
			<X>342</X>
			<Y>282</Y>
		</point>
		<point>
			<X>338</X>
			<Y>282</Y>
		</point>
		<point>
			<X>338</X>
			<Y>282</Y>
		</point>
		<point>
			<X>333</X>
			<Y>282</Y>
		</point>
		<point>
			<X>333</X>
			<Y>282</Y>
		</point>
		<point>
			<X>328</X>
			<Y>282</Y>
		</point>
		<point>
			<X>328</X>
			<Y>282</Y>
		</point>
		<point>
			<X>325</X>
			<Y>282</Y>
		</point>
		<point>
			<X>325</X>
			<Y>282</Y>
		</point>
		<point>
			<X>321</X>
			<Y>282</Y>
		</point>
		<point>
			<X>321</X>
			<Y>282</Y>
		</point>
		<point>
			<X>318</X>
			<Y>282</Y>
		</point>
		<point>
			<X>318</X>
			<Y>282</Y>
		</point>
		<point>
			<X>316</X>
			<Y>280</Y>
		</point>
		<point>
			<X>316</X>
			<Y>280</Y>
		</point>
		<point>
			<X>312</X>
			<Y>279</Y>
		</point>
		<point>
			<X>312</X>
			<Y>279</Y>
		</point>
		<point>
			<X>305</X>
			<Y>279</Y>
		</point>
		<point>
			<X>305</X>
			<Y>279</Y>
		</point>
		<point>
			<X>301</X>
			<Y>278</Y>
		</point>
		<point>
			<X>301</X>
			<Y>278</Y>
		</point>
		<point>
			<X>298</X>
			<Y>278</Y>
		</point>
		<point>
			<X>298</X>
			<Y>278</Y>
		</point>
		<point>
			<X>296</X>
			<Y>276</Y>
		</point>
		<point>
			<X>296</X>
			<Y>276</Y>
		</point>
		<point>
			<X>292</X>
			<Y>276</Y>
		</point>
		<point>
			<X>289</X>
			<Y>276</Y>
		</point>
		<point>
			<X>289</X>
			<Y>276</Y>
		</point>
		<point>
			<X>286</X>
			<Y>276</Y>
		</point>
		<point>
			<X>286</X>
			<Y>276</Y>
		</point>
		<point>
			<X>282</X>
			<Y>275</Y>
		</point>
		<point>
			<X>282</X>
			<Y>275</Y>
		</point>
		<point>
			<X>281</X>
			<Y>275</Y>
		</point>
		<point>
			<X>281</X>
			<Y>275</Y>
		</point>
		<point>
			<X>278</X>
			<Y>275</Y>
		</point>
		<point>
			<X>278</X>
			<Y>275</Y>
		</point>
		<point>
			<X>272</X>
			<Y>275</Y>
		</point>
		<point>
			<X>272</X>
			<Y>275</Y>
		</point>
		<point>
			<X>269</X>
			<Y>275</Y>
		</point>
		<point>
			<X>269</X>
			<Y>275</Y>
		</point>
		<point>
			<X>265</X>
			<Y>275</Y>
		</point>
		<point>
			<X>265</X>
			<Y>275</Y>
		</point>
		<point>
			<X>260</X>
			<Y>275</Y>
		</point>
		<point>
			<X>260</X>
			<Y>275</Y>
		</point>
		<point>
			<X>256</X>
			<Y>276</Y>
		</point>
		<point>
			<X>256</X>
			<Y>276</Y>
		</point>
		<point>
			<X>252</X>
			<Y>276</Y>
		</point>
		<point>
			<X>252</X>
			<Y>276</Y>
		</point>
		<point>
			<X>249</X>
			<Y>276</Y>
		</point>
		<point>
			<X>249</X>
			<Y>276</Y>
		</point>
		<point>
			<X>244</X>
			<Y>276</Y>
		</point>
		<point>
			<X>240</X>
			<Y>276</Y>
		</point>
		<point>
			<X>240</X>
			<Y>276</Y>
		</point>
		<point>
			<X>236</X>
			<Y>278</Y>
		</point>
		<point>
			<X>232</X>
			<Y>278</Y>
		</point>
		<point>
			<X>232</X>
			<Y>278</Y>
		</point>
		<point>
			<X>227</X>
			<Y>279</Y>
		</point>
		<point>
			<X>221</X>
			<Y>280</Y>
		</point>
		<point>
			<X>221</X>
			<Y>280</Y>
		</point>
		<point>
			<X>217</X>
			<Y>282</Y>
		</point>
		<point>
			<X>217</X>
			<Y>282</Y>
		</point>
		<point>
			<X>214</X>
			<Y>282</Y>
		</point>
		<point>
			<X>214</X>
			<Y>282</Y>
		</point>
		<point>
			<X>212</X>
			<Y>283</Y>
		</point>
		<point>
			<X>212</X>
			<Y>283</Y>
		</point>
		<point>
			<X>204</X>
			<Y>283</Y>
		</point>
		<point>
			<X>204</X>
			<Y>283</Y>
		</point>
		<point>
			<X>200</X>
			<Y>284</Y>
		</point>
		<point>
			<X>200</X>
			<Y>284</Y>
		</point>
		<point>
			<X>196</X>
			<Y>284</Y>
		</point>
		<point>
			<X>196</X>
			<Y>284</Y>
		</point>
		<point>
			<X>190</X>
			<Y>286</Y>
		</point>
		<point>
			<X>190</X>
			<Y>286</Y>
		</point>
		<point>
			<X>186</X>
			<Y>287</Y>
		</point>
		<point>
			<X>181</X>
			<Y>287</Y>
		</point>
		<point>
			<X>181</X>
			<Y>287</Y>
		</point>
		<point>
			<X>178</X>
			<Y>287</Y>
		</point>
		<point>
			<X>174</X>
			<Y>288</Y>
		</point>
		<point>
			<X>174</X>
			<Y>288</Y>
		</point>
		<point>
			<X>170</X>
			<Y>288</Y>
		</point>
		<point>
			<X>166</X>
			<Y>288</Y>
		</point>
		<point>
			<X>166</X>
			<Y>288</Y>
		</point>
		<point>
			<X>164</X>
			<Y>288</Y>
		</point>
		<point>
			<X>160</X>
			<Y>288</Y>
		</point>
		<point>
			<X>160</X>
			<Y>288</Y>
		</point>
		<point>
			<X>154</X>
			<Y>288</Y>
		</point>
		<point>
			<X>154</X>
			<Y>288</Y>
		</point>
		<point>
			<X>150</X>
			<Y>288</Y>
		</point>
		<point>
			<X>150</X>
			<Y>288</Y>
		</point>
		<point>
			<X>145</X>
			<Y>288</Y>
		</point>
		<point>
			<X>145</X>
			<Y>288</Y>
		</point>
		<point>
			<X>138</X>
			<Y>288</Y>
		</point>
		<point>
			<X>138</X>
			<Y>288</Y>
		</point>
		<point>
			<X>133</X>
			<Y>288</Y>
		</point>
		<point>
			<X>133</X>
			<Y>288</Y>
		</point>
		<point>
			<X>130</X>
			<Y>288</Y>
		</point>
		<point>
			<X>128</X>
			<Y>288</Y>
		</point>
		<point>
			<X>128</X>
			<Y>288</Y>
		</point>
		<point>
			<X>123</X>
			<Y>288</Y>
		</point>
		<point>
			<X>120</X>
			<Y>288</Y>
		</point>
		<point>
			<X>120</X>
			<Y>288</Y>
		</point>
		<point>
			<X>117</X>
			<Y>288</Y>
		</point>
		<point>
			<X>113</X>
			<Y>288</Y>
		</point>
		<point>
			<X>113</X>
			<Y>288</Y>
		</point>
		<point>
			<X>108</X>
			<Y>288</Y>
		</point>
		<point>
			<X>108</X>
			<Y>288</Y>
		</point>
		<point>
			<X>106</X>
			<Y>288</Y>
		</point>
		<point>
			<X>106</X>
			<Y>288</Y>
		</point>
		<point>
			<X>102</X>
			<Y>286</Y>
		</point>
		<point>
			<X>98</X>
			<Y>284</Y>
		</point>
		<point>
			<X>98</X>
			<Y>284</Y>
		</point>
		<point>
			<X>90</X>
			<Y>284</Y>
		</point>
		<point>
			<X>90</X>
			<Y>284</Y>
		</point>
		<point>
			<X>82</X>
			<Y>283</Y>
		</point>
		<point>
			<X>78</X>
			<Y>282</Y>
		</point>
		<point>
			<X>78</X>
			<Y>282</Y>
		</point>
		<point>
			<X>74</X>
			<Y>282</Y>
		</point>
		<point>
			<X>70</X>
			<Y>282</Y>
		</point>
		<point>
			<X>70</X>
			<Y>282</Y>
		</point>
		<point>
			<X>68</X>
			<Y>280</Y>
		</point>
		<point>
			<X>64</X>
			<Y>279</Y>
		</point>
		<point>
			<X>64</X>
			<Y>279</Y>
		</point>
		<point>
			<X>61</X>
			<Y>279</Y>
		</point>
		<point>
			<X>60</X>
			<Y>278</Y>
		</point>
		<point>
			<X>60</X>
			<Y>278</Y>
		</point>
		<point>
			<X>56</X>
			<Y>278</Y>
		</point>
		<point>
			<X>56</X>
			<Y>278</Y>
		</point>
		<point>
			<X>56</X>
			<Y>276</Y>
		</point>
		<point>
			<X>56</X>
			<Y>276</Y>
		</point>
		<point>
			<X>53</X>
			<Y>276</Y>
		</point>
		<point>
			<X>50</X>
			<Y>275</Y>
		</point>
		<point>
			<X>50</X>
			<Y>275</Y>
		</point>
		<point>
			<X>49</X>
			<Y>275</Y>
		</point>
		<point>
			<X>49</X>
			<Y>275</Y>
		</point>
		<point>
			<X>46</X>
			<Y>274</Y>
		</point>
		<point>
			<X>46</X>
			<Y>274</Y>
		</point>
		<point>
			<X>46</X>
			<Y>272</Y>
		</point>
		<point>
			<X>46</X>
			<Y>272</Y>
		</point>
		<point>
			<X>44</X>
			<Y>272</Y>
		</point>
		<point>
			<X>42</X>
			<Y>271</Y>
		</point>
		<point>
			<X>42</X>
			<Y>271</Y>
		</point>
		<point>
			<X>41</X>
			<Y>270</Y>
		</point>
		<point>
			<X>38</X>
			<Y>270</Y>
		</point>
		<point>
			<X>38</X>
			<Y>270</Y>
		</point>
		<point>
			<X>36</X>
			<Y>266</Y>
		</point>
		<point>
			<X>36</X>
			<Y>266</Y>
		</point>
		<point>
			<X>33</X>
			<Y>264</Y>
		</point>
		<point>
			<X>32</X>
			<Y>263</Y>
		</point>
		<point>
			<X>29</X>
			<Y>260</Y>
		</point>
		<point>
			<X>29</X>
			<Y>260</Y>
		</point>
		<point>
			<X>28</X>
			<Y>259</Y>
		</point>
		<point>
			<X>28</X>
			<Y>259</Y>
		</point>
		<point>
			<X>28</X>
			<Y>258</Y>
		</point>
		<point>
			<X>28</X>
			<Y>258</Y>
		</point>
		<point>
			<X>28</X>
			<Y>256</Y>
		</point>
		<point>
			<X>28</X>
			<Y>256</Y>
		</point>
		<point>
			<X>28</X>
			<Y>255</Y>
		</point>
		<point>
			<X>28</X>
			<Y>255</Y>
		</point>
		<point>
			<X>28</X>
			<Y>254</Y>
		</point>
		<point>
			<X>28</X>
			<Y>251</Y>
		</point>
		<point>
			<X>28</X>
			<Y>251</Y>
		</point>
		<point>
			<X>26</X>
			<Y>250</Y>
		</point>
		<point>
			<X>26</X>
			<Y>250</Y>
		</point>
		<point>
			<X>25</X>
			<Y>247</Y>
		</point>
		<point>
			<X>25</X>
			<Y>247</Y>
		</point>
		<point>
			<X>25</X>
			<Y>246</Y>
		</point>
		<point>
			<X>25</X>
			<Y>246</Y>
		</point>
		<point>
			<X>25</X>
			<Y>244</Y>
		</point>
		<point>
			<X>24</X>
			<Y>242</Y>
		</point>
		<point>
			<X>24</X>
			<Y>242</Y>
		</point>
		<point>
			<X>24</X>
			<Y>240</Y>
		</point>
		<point>
			<X>24</X>
			<Y>240</Y>
		</point>
		<point>
			<X>24</X>
			<Y>237</Y>
		</point>
		<point>
			<X>24</X>
			<Y>237</Y>
		</point>
		<point>
			<X>24</X>
			<Y>236</Y>
		</point>
		<point>
			<X>24</X>
			<Y>236</Y>
		</point>
		<point>
			<X>22</X>
			<Y>235</Y>
		</point>
		<point>
			<X>22</X>
			<Y>232</Y>
		</point>
		<point>
			<X>22</X>
			<Y>232</Y>
		</point>
		<point>
			<X>22</X>
			<Y>230</Y>
		</point>
		<point>
			<X>22</X>
			<Y>227</Y>
		</point>
		<point>
			<X>22</X>
			<Y>227</Y>
		</point>
		<point>
			<X>22</X>
			<Y>219</Y>
		</point>
		<point>
			<X>22</X>
			<Y>219</Y>
		</point>
		<point>
			<X>22</X>
			<Y>217</Y>
		</point>
		<point>
			<X>22</X>
			<Y>217</Y>
		</point>
		<point>
			<X>22</X>
			<Y>215</Y>
		</point>
		<point>
			<X>22</X>
			<Y>215</Y>
		</point>
		<point>
			<X>22</X>
			<Y>214</Y>
		</point>
		<point>
			<X>22</X>
			<Y>214</Y>
		</point>
		<point>
			<X>22</X>
			<Y>208</Y>
		</point>
		<point>
			<X>22</X>
			<Y>208</Y>
		</point>
		<point>
			<X>24</X>
			<Y>204</Y>
		</point>
		<point>
			<X>24</X>
			<Y>204</Y>
		</point>
		<point>
			<X>24</X>
			<Y>202</Y>
		</point>
		<point>
			<X>24</X>
			<Y>202</Y>
		</point>
		<point>
			<X>24</X>
			<Y>199</Y>
		</point>
		<point>
			<X>24</X>
			<Y>199</Y>
		</point>
		<point>
			<X>24</X>
			<Y>196</Y>
		</point>
		<point>
			<X>24</X>
			<Y>194</Y>
		</point>
		<point>
			<X>24</X>
			<Y>194</Y>
		</point>
		<point>
			<X>24</X>
			<Y>190</Y>
		</point>
		<point>
			<X>24</X>
			<Y>188</Y>
		</point>
		<point>
			<X>24</X>
			<Y>188</Y>
		</point>
		<point>
			<X>24</X>
			<Y>181</Y>
		</point>
		<point>
			<X>24</X>
			<Y>181</Y>
		</point>
		<point>
			<X>24</X>
			<Y>178</Y>
		</point>
		<point>
			<X>25</X>
			<Y>174</Y>
		</point>
		<point>
			<X>25</X>
			<Y>174</Y>
		</point>
		<point>
			<X>25</X>
			<Y>168</Y>
		</point>
		<point>
			<X>26</X>
			<Y>164</Y>
		</point>
		<point>
			<X>26</X>
			<Y>161</Y>
		</point>
		<point>
			<X>26</X>
			<Y>161</Y>
		</point>
		<point>
			<X>28</X>
			<Y>156</Y>
		</point>
		<point>
			<X>28</X>
			<Y>151</Y>
		</point>
		<point>
			<X>28</X>
			<Y>151</Y>
		</point>
		<point>
			<X>29</X>
			<Y>144</Y>
		</point>
		<point>
			<X>32</X>
			<Y>139</Y>
		</point>
		<point>
			<X>32</X>
			<Y>139</Y>
		</point>
		<point>
			<X>33</X>
			<Y>134</Y>
		</point>
		<point>
			<X>36</X>
			<Y>128</Y>
		</point>
		<point>
			<X>36</X>
			<Y>128</Y>
		</point>
		<point>
			<X>41</X>
			<Y>115</Y>
		</point>
		<point>
			<X>41</X>
			<Y>115</Y>
		</point>
		<point>
			<X>44</X>
			<Y>111</Y>
		</point>
		<point>
			<X>44</X>
			<Y>111</Y>
		</point>
		<point>
			<X>48</X>
			<Y>106</Y>
		</point>
		<point>
			<X>48</X>
			<Y>106</Y>
		</point>
		<point>
			<X>52</X>
			<Y>102</Y>
		</point>
		<point>
			<X>53</X>
			<Y>98</Y>
		</point>
		<point>
			<X>53</X>
			<Y>98</Y>
		</point>
		<point>
			<X>56</X>
			<Y>92</Y>
		</point>
		<point>
			<X>58</X>
			<Y>88</Y>
		</point>
		<point>
			<X>58</X>
			<Y>88</Y>
		</point>
		<point>
			<X>61</X>
			<Y>83</Y>
		</point>
		<point>
			<X>65</X>
			<Y>80</Y>
		</point>
		<point>
			<X>65</X>
			<Y>80</Y>
		</point>
		<point>
			<X>68</X>
			<Y>76</Y>
		</point>
		<point>
			<X>68</X>
			<Y>76</Y>
		</point>
		<point>
			<X>72</X>
			<Y>72</Y>
		</point>
		<point>
			<X>74</X>
			<Y>70</Y>
		</point>
		<point>
			<X>74</X>
			<Y>70</Y>
		</point>
		<point>
			<X>80</X>
			<Y>64</Y>
		</point>
		<point>
			<X>80</X>
			<Y>64</Y>
		</point>
		<point>
			<X>80</X>
			<Y>63</Y>
		</point>
		<point>
			<X>82</X>
			<Y>61</Y>
		</point>
		<point>
			<X>82</X>
			<Y>61</Y>
		</point>
		<point>
			<X>85</X>
			<Y>60</Y>
		</point>
		<point>
			<X>85</X>
			<Y>59</Y>
		</point>
		<point>
			<X>85</X>
			<Y>59</Y>
		</point>
		<point>
			<X>89</X>
			<Y>58</Y>
		</point>
		<point>
			<X>89</X>
			<Y>58</Y>
		</point>
		<point>
			<X>89</X>
			<Y>56</Y>
		</point>
		<point>
			<X>89</X>
			<Y>56</Y>
		</point>
		<point>
			<X>92</X>
			<Y>55</Y>
		</point>
		<point>
			<X>92</X>
			<Y>55</Y>
		</point>
		<point>
			<X>94</X>
			<Y>54</Y>
		</point>
		<point>
			<X>94</X>
			<Y>54</Y>
		</point>
		<point>
			<X>96</X>
			<Y>52</Y>
		</point>
		<point>
			<X>96</X>
			<Y>52</Y>
		</point>
		<point>
			<X>100</X>
			<Y>52</Y>
		</point>
		<point>
			<X>101</X>
			<Y>50</Y>
		</point>
		<point>
			<X>101</X>
			<Y>50</Y>
		</point>
		<point>
			<X>108</X>
			<Y>48</Y>
		</point>
		<point>
			<X>108</X>
			<Y>48</Y>
		</point>
		<point>
			<X>112</X>
			<Y>47</Y>
		</point>
		<point>
			<X>112</X>
			<Y>47</Y>
		</point>
		<point>
			<X>113</X>
			<Y>44</Y>
		</point>
		<point>
			<X>116</X>
			<Y>44</Y>
		</point>
		<point>
			<X>116</X>
			<Y>44</Y>
		</point>
		<point>
			<X>122</X>
			<Y>42</Y>
		</point>
		<point>
			<X>122</X>
			<Y>42</Y>
		</point>
		<point>
			<X>125</X>
			<Y>42</Y>
		</point>
		<point>
			<X>129</X>
			<Y>42</Y>
		</point>
		<point>
			<X>133</X>
			<Y>39</Y>
		</point>
		<point>
			<X>138</X>
			<Y>38</Y>
		</point>
		<point>
			<X>144</X>
			<Y>38</Y>
		</point>
		<point>
			<X>148</X>
			<Y>38</Y>
		</point>
		<point>
			<X>153</X>
			<Y>38</Y>
		</point>
		<point>
			<X>157</X>
			<Y>36</Y>
		</point>
		<point>
			<X>161</X>
			<Y>35</Y>
		</point>
		<point>
			<X>161</X>
			<Y>35</Y>
		</point>
		<point>
			<X>165</X>
			<Y>34</Y>
		</point>
		<point>
			<X>165</X>
			<Y>34</Y>
		</point>
		<point>
			<X>169</X>
			<Y>32</Y>
		</point>
		<point>
			<X>169</X>
			<Y>32</Y>
		</point>
		<point>
			<X>171</X>
			<Y>32</Y>
		</point>
		<point>
			<X>173</X>
			<Y>32</Y>
		</point>
		<point>
			<X>173</X>
			<Y>32</Y>
		</point>
		<point>
			<X>178</X>
			<Y>30</Y>
		</point>
		<point>
			<X>180</X>
			<Y>28</Y>
		</point>
		<point>
			<X>180</X>
			<Y>28</Y>
		</point>
		<point>
			<X>184</X>
			<Y>28</Y>
		</point>
		<point>
			<X>185</X>
			<Y>28</Y>
		</point>
		<point>
			<X>185</X>
			<Y>28</Y>
		</point>
		<point>
			<X>188</X>
			<Y>27</Y>
		</point>
		<point>
			<X>188</X>
			<Y>27</Y>
		</point>
		<point>
			<X>190</X>
			<Y>27</Y>
		</point>
		<point>
			<X>190</X>
			<Y>27</Y>
		</point>
		<point>
			<X>194</X>
			<Y>27</Y>
		</point>
		<point>
			<X>194</X>
			<Y>27</Y>
		</point>
		<point>
			<X>197</X>
			<Y>26</Y>
		</point>
		<point>
			<X>201</X>
			<Y>26</Y>
		</point>
		<point>
			<X>204</X>
			<Y>24</Y>
		</point>
		<point>
			<X>208</X>
			<Y>23</Y>
		</point>
		<point>
			<X>208</X>
			<Y>23</Y>
		</point>
		<point>
			<X>213</X>
			<Y>23</Y>
		</point>
		<point>
			<X>213</X>
			<Y>23</Y>
		</point>
		<point>
			<X>217</X>
			<Y>22</Y>
		</point>
		<point>
			<X>217</X>
			<Y>22</Y>
		</point>
		<point>
			<X>217</X>
			<Y>22</Y>
		</point>
		<point>
			<X>217</X>
			<Y>22</Y>
		</point>
		<point>
			<X>222</X>
			<Y>22</Y>
		</point>
		<point>
			<X>225</X>
			<Y>22</Y>
		</point>
		<point>
			<X>227</X>
			<Y>22</Y>
		</point>
		<point>
			<X>232</X>
			<Y>20</Y>
		</point>
		<point>
			<X>232</X>
			<Y>20</Y>
		</point>
		<point>
			<X>234</X>
			<Y>20</Y>
		</point>
		<point>
			<X>237</X>
			<Y>20</Y>
		</point>
		<point>
			<X>240</X>
			<Y>19</Y>
		</point>
		<point>
			<X>244</X>
			<Y>19</Y>
		</point>
		<point>
			<X>247</X>
			<Y>19</Y>
		</point>
		<point>
			<X>249</X>
			<Y>19</Y>
		</point>
		<point>
			<X>249</X>
			<Y>19</Y>
		</point>
		<point>
			<X>250</X>
			<Y>19</Y>
		</point>
		<point>
			<X>252</X>
			<Y>19</Y>
		</point>
		<point>
			<X>252</X>
			<Y>19</Y>
		</point>
		<point>
			<X>254</X>
			<Y>19</Y>
		</point>
		<point>
			<X>254</X>
			<Y>19</Y>
		</point>
		<point>
			<X>256</X>
			<Y>19</Y>
		</point>
		<point>
			<X>258</X>
			<Y>19</Y>
		</point>
		<point>
			<X>260</X>
			<Y>19</Y>
		</point>
		<point>
			<X>260</X>
			<Y>19</Y>
		</point>
		<point>
			<X>262</X>
			<Y>19</Y>
		</point>
		<point>
			<X>265</X>
			<Y>19</Y>
		</point>
		<point>
			<X>268</X>
			<Y>19</Y>
		</point>
		<point>
			<X>269</X>
			<Y>19</Y>
		</point>
		<point>
			<X>270</X>
			<Y>19</Y>
		</point>
		<point>
			<X>274</X>
			<Y>19</Y>
		</point>
		<point>
			<X>274</X>
			<Y>19</Y>
		</point>
		<point>
			<X>277</X>
			<Y>19</Y>
		</point>
		<point>
			<X>277</X>
			<Y>19</Y>
		</point>
		<point>
			<X>278</X>
			<Y>19</Y>
		</point>
		<point>
			<X>278</X>
			<Y>19</Y>
		</point>
		<point>
			<X>280</X>
			<Y>19</Y>
		</point>
		<point>
			<X>282</X>
			<Y>19</Y>
		</point>
		<point>
			<X>282</X>
			<Y>19</Y>
		</point>
		<point>
			<X>284</X>
			<Y>19</Y>
		</point>
		<point>
			<X>286</X>
			<Y>19</Y>
		</point>
		<point>
			<X>286</X>
			<Y>19</Y>
		</point>
		<point>
			<X>288</X>
			<Y>19</Y>
		</point>
		<point>
			<X>288</X>
			<Y>19</Y>
		</point>
		<point>
			<X>290</X>
			<Y>19</Y>
		</point>
		<point>
			<X>290</X>
			<Y>19</Y>
		</point>
		<point>
			<X>292</X>
			<Y>19</Y>
		</point>
		<point>
			<X>293</X>
			<Y>19</Y>
		</point>
		<point>
			<X>296</X>
			<Y>19</Y>
		</point>
		<point>
			<X>297</X>
			<Y>19</Y>
		</point>
		<point>
			<X>300</X>
			<Y>19</Y>
		</point>
		<point>
			<X>301</X>
			<Y>19</Y>
		</point>
		<point>
			<X>304</X>
			<Y>19</Y>
		</point>
		<point>
			<X>304</X>
			<Y>19</Y>
		</point>
		<point>
			<X>306</X>
			<Y>19</Y>
		</point>
		<point>
			<X>306</X>
			<Y>19</Y>
		</point>
		<point>
			<X>309</X>
			<Y>19</Y>
		</point>
		<point>
			<X>310</X>
			<Y>19</Y>
		</point>
		<point>
			<X>312</X>
			<Y>19</Y>
		</point>
		<point>
			<X>312</X>
			<Y>19</Y>
		</point>
		<point>
			<X>314</X>
			<Y>19</Y>
		</point>
		<point>
			<X>316</X>
			<Y>19</Y>
		</point>
		<point>
			<X>317</X>
			<Y>19</Y>
		</point>
		<point>
			<X>317</X>
			<Y>19</Y>
		</point>
		<point>
			<X>320</X>
			<Y>19</Y>
		</point>
		<point>
			<X>320</X>
			<Y>19</Y>
		</point>
		<point>
			<X>322</X>
			<Y>19</Y>
		</point>
		<point>
			<X>322</X>
			<Y>19</Y>
		</point>
		<point>
			<X>325</X>
			<Y>19</Y>
		</point>
		<point>
			<X>328</X>
			<Y>19</Y>
		</point>
		<point>
			<X>328</X>
			<Y>19</Y>
		</point>
		<point>
			<X>332</X>
			<Y>19</Y>
		</point>
		<point>
			<X>332</X>
			<Y>19</Y>
		</point>
		<point>
			<X>333</X>
			<Y>19</Y>
		</point>
		<point>
			<X>333</X>
			<Y>19</Y>
		</point>
		<point>
			<X>337</X>
			<Y>19</Y>
		</point>
		<point>
			<X>340</X>
			<Y>19</Y>
		</point>
		<point>
			<X>340</X>
			<Y>19</Y>
		</point>
		<point>
			<X>342</X>
			<Y>19</Y>
		</point>
		<point>
			<X>346</X>
			<Y>19</Y>
		</point>
		<point>
			<X>346</X>
			<Y>19</Y>
		</point>
		<point>
			<X>348</X>
			<Y>19</Y>
		</point>
		<point>
			<X>348</X>
			<Y>19</Y>
		</point>
		<point>
			<X>352</X>
			<Y>19</Y>
		</point>
		<point>
			<X>352</X>
			<Y>19</Y>
		</point>
		<point>
			<X>353</X>
			<Y>19</Y>
		</point>
		<point>
			<X>356</X>
			<Y>19</Y>
		</point>
		<point>
			<X>356</X>
			<Y>19</Y>
		</point>
		<point>
			<X>360</X>
			<Y>19</Y>
		</point>
		<point>
			<X>360</X>
			<Y>19</Y>
		</point>
		<point>
			<X>361</X>
			<Y>19</Y>
		</point>
		<point>
			<X>362</X>
			<Y>19</Y>
		</point>
		<point>
			<X>362</X>
			<Y>19</Y>
		</point>
		<point>
			<X>365</X>
			<Y>19</Y>
		</point>
		<point>
			<X>365</X>
			<Y>19</Y>
		</point>
		<point>
			<X>368</X>
			<Y>19</Y>
		</point>
		<point>
			<X>368</X>
			<Y>19</Y>
		</point>
		<point>
			<X>368</X>
			<Y>19</Y>
		</point>
		<point>
			<X>368</X>
			<Y>19</Y>
		</point>
		<point>
			<X>372</X>
			<Y>18</Y>
		</point>
		<point>
			<X>372</X>
			<Y>18</Y>
		</point>
		<point>
			<X>372</X>
			<Y>18</Y>
		</point>
	</polygon>
	<polygon>
		<tag>boat</tag>
		<point>
			<X>61</X>
			<Y>208</Y>
		</point>
		<point>
			<X>64</X>
			<Y>208</Y>
		</point>
		<point>
			<X>64</X>
			<Y>208</Y>
		</point>
		<point>
			<X>65</X>
			<Y>208</Y>
		</point>
		<point>
			<X>65</X>
			<Y>208</Y>
		</point>
		<point>
			<X>66</X>
			<Y>208</Y>
		</point>
		<point>
			<X>66</X>
			<Y>208</Y>
		</point>
		<point>
			<X>68</X>
			<Y>208</Y>
		</point>
		<point>
			<X>68</X>
			<Y>208</Y>
		</point>
		<point>
			<X>69</X>
			<Y>208</Y>
		</point>
		<point>
			<X>69</X>
			<Y>208</Y>
		</point>
		<point>
			<X>70</X>
			<Y>208</Y>
		</point>
		<point>
			<X>70</X>
			<Y>208</Y>
		</point>
		<point>
			<X>72</X>
			<Y>208</Y>
		</point>
		<point>
			<X>72</X>
			<Y>208</Y>
		</point>
		<point>
			<X>73</X>
			<Y>208</Y>
		</point>
		<point>
			<X>73</X>
			<Y>208</Y>
		</point>
		<point>
			<X>74</X>
			<Y>208</Y>
		</point>
		<point>
			<X>74</X>
			<Y>208</Y>
		</point>
		<point>
			<X>76</X>
			<Y>208</Y>
		</point>
		<point>
			<X>76</X>
			<Y>208</Y>
		</point>
		<point>
			<X>77</X>
			<Y>208</Y>
		</point>
		<point>
			<X>77</X>
			<Y>208</Y>
		</point>
		<point>
			<X>78</X>
			<Y>208</Y>
		</point>
		<point>
			<X>80</X>
			<Y>208</Y>
		</point>
		<point>
			<X>80</X>
			<Y>208</Y>
		</point>
		<point>
			<X>80</X>
			<Y>208</Y>
		</point>
		<point>
			<X>80</X>
			<Y>208</Y>
		</point>
		<point>
			<X>82</X>
			<Y>208</Y>
		</point>
		<point>
			<X>82</X>
			<Y>208</Y>
		</point>
		<point>
			<X>84</X>
			<Y>208</Y>
		</point>
		<point>
			<X>84</X>
			<Y>208</Y>
		</point>
		<point>
			<X>85</X>
			<Y>208</Y>
		</point>
		<point>
			<X>85</X>
			<Y>208</Y>
		</point>
		<point>
			<X>88</X>
			<Y>208</Y>
		</point>
		<point>
			<X>88</X>
			<Y>208</Y>
		</point>
		<point>
			<X>89</X>
			<Y>208</Y>
		</point>
		<point>
			<X>89</X>
			<Y>208</Y>
		</point>
		<point>
			<X>90</X>
			<Y>208</Y>
		</point>
		<point>
			<X>90</X>
			<Y>208</Y>
		</point>
		<point>
			<X>93</X>
			<Y>210</Y>
		</point>
		<point>
			<X>93</X>
			<Y>210</Y>
		</point>
		<point>
			<X>94</X>
			<Y>210</Y>
		</point>
		<point>
			<X>94</X>
			<Y>210</Y>
		</point>
		<point>
			<X>96</X>
			<Y>210</Y>
		</point>
		<point>
			<X>96</X>
			<Y>210</Y>
		</point>
		<point>
			<X>97</X>
			<Y>210</Y>
		</point>
		<point>
			<X>97</X>
			<Y>210</Y>
		</point>
		<point>
			<X>98</X>
			<Y>210</Y>
		</point>
		<point>
			<X>98</X>
			<Y>210</Y>
		</point>
		<point>
			<X>100</X>
			<Y>210</Y>
		</point>
		<point>
			<X>101</X>
			<Y>210</Y>
		</point>
		<point>
			<X>101</X>
			<Y>210</Y>
		</point>
		<point>
			<X>102</X>
			<Y>210</Y>
		</point>
		<point>
			<X>102</X>
			<Y>210</Y>
		</point>
		<point>
			<X>104</X>
			<Y>210</Y>
		</point>
		<point>
			<X>104</X>
			<Y>210</Y>
		</point>
		<point>
			<X>105</X>
			<Y>210</Y>
		</point>
		<point>
			<X>105</X>
			<Y>210</Y>
		</point>
		<point>
			<X>106</X>
			<Y>210</Y>
		</point>
		<point>
			<X>106</X>
			<Y>210</Y>
		</point>
		<point>
			<X>108</X>
			<Y>210</Y>
		</point>
		<point>
			<X>108</X>
			<Y>210</Y>
		</point>
		<point>
			<X>110</X>
			<Y>211</Y>
		</point>
		<point>
			<X>110</X>
			<Y>211</Y>
		</point>
		<point>
			<X>112</X>
			<Y>211</Y>
		</point>
		<point>
			<X>112</X>
			<Y>211</Y>
		</point>
		<point>
			<X>113</X>
			<Y>211</Y>
		</point>
		<point>
			<X>113</X>
			<Y>211</Y>
		</point>
		<point>
			<X>113</X>
			<Y>211</Y>
		</point>
		<point>
			<X>113</X>
			<Y>211</Y>
		</point>
		<point>
			<X>116</X>
			<Y>211</Y>
		</point>
		<point>
			<X>116</X>
			<Y>211</Y>
		</point>
		<point>
			<X>117</X>
			<Y>212</Y>
		</point>
		<point>
			<X>117</X>
			<Y>212</Y>
		</point>
		<point>
			<X>120</X>
			<Y>212</Y>
		</point>
		<point>
			<X>120</X>
			<Y>212</Y>
		</point>
		<point>
			<X>123</X>
			<Y>212</Y>
		</point>
		<point>
			<X>125</X>
			<Y>212</Y>
		</point>
		<point>
			<X>125</X>
			<Y>212</Y>
		</point>
		<point>
			<X>128</X>
			<Y>214</Y>
		</point>
		<point>
			<X>128</X>
			<Y>214</Y>
		</point>
		<point>
			<X>132</X>
			<Y>214</Y>
		</point>
		<point>
			<X>132</X>
			<Y>214</Y>
		</point>
		<point>
			<X>136</X>
			<Y>214</Y>
		</point>
		<point>
			<X>136</X>
			<Y>214</Y>
		</point>
		<point>
			<X>140</X>
			<Y>214</Y>
		</point>
		<point>
			<X>140</X>
			<Y>214</Y>
		</point>
		<point>
			<X>142</X>
			<Y>215</Y>
		</point>
		<point>
			<X>142</X>
			<Y>215</Y>
		</point>
		<point>
			<X>144</X>
			<Y>215</Y>
		</point>
		<point>
			<X>144</X>
			<Y>215</Y>
		</point>
		<point>
			<X>148</X>
			<Y>215</Y>
		</point>
		<point>
			<X>148</X>
			<Y>215</Y>
		</point>
		<point>
			<X>149</X>
			<Y>216</Y>
		</point>
		<point>
			<X>149</X>
			<Y>216</Y>
		</point>
		<point>
			<X>150</X>
			<Y>216</Y>
		</point>
		<point>
			<X>150</X>
			<Y>216</Y>
		</point>
		<point>
			<X>153</X>
			<Y>216</Y>
		</point>
		<point>
			<X>153</X>
			<Y>216</Y>
		</point>
		<point>
			<X>154</X>
			<Y>216</Y>
		</point>
		<point>
			<X>154</X>
			<Y>216</Y>
		</point>
		<point>
			<X>156</X>
			<Y>216</Y>
		</point>
		<point>
			<X>156</X>
			<Y>216</Y>
		</point>
		<point>
			<X>157</X>
			<Y>216</Y>
		</point>
		<point>
			<X>157</X>
			<Y>216</Y>
		</point>
		<point>
			<X>160</X>
			<Y>216</Y>
		</point>
		<point>
			<X>160</X>
			<Y>216</Y>
		</point>
		<point>
			<X>161</X>
			<Y>216</Y>
		</point>
		<point>
			<X>161</X>
			<Y>216</Y>
		</point>
		<point>
			<X>165</X>
			<Y>216</Y>
		</point>
		<point>
			<X>165</X>
			<Y>216</Y>
		</point>
		<point>
			<X>168</X>
			<Y>216</Y>
		</point>
		<point>
			<X>168</X>
			<Y>216</Y>
		</point>
		<point>
			<X>171</X>
			<Y>216</Y>
		</point>
		<point>
			<X>174</X>
			<Y>216</Y>
		</point>
		<point>
			<X>174</X>
			<Y>216</Y>
		</point>
		<point>
			<X>176</X>
			<Y>216</Y>
		</point>
		<point>
			<X>176</X>
			<Y>216</Y>
		</point>
		<point>
			<X>178</X>
			<Y>216</Y>
		</point>
		<point>
			<X>178</X>
			<Y>216</Y>
		</point>
		<point>
			<X>181</X>
			<Y>216</Y>
		</point>
		<point>
			<X>181</X>
			<Y>216</Y>
		</point>
		<point>
			<X>185</X>
			<Y>216</Y>
		</point>
		<point>
			<X>185</X>
			<Y>216</Y>
		</point>
		<point>
			<X>186</X>
			<Y>216</Y>
		</point>
		<point>
			<X>186</X>
			<Y>216</Y>
		</point>
		<point>
			<X>188</X>
			<Y>216</Y>
		</point>
		<point>
			<X>188</X>
			<Y>216</Y>
		</point>
		<point>
			<X>190</X>
			<Y>216</Y>
		</point>
		<point>
			<X>190</X>
			<Y>216</Y>
		</point>
		<point>
			<X>192</X>
			<Y>216</Y>
		</point>
		<point>
			<X>192</X>
			<Y>216</Y>
		</point>
		<point>
			<X>193</X>
			<Y>216</Y>
		</point>
		<point>
			<X>193</X>
			<Y>216</Y>
		</point>
		<point>
			<X>194</X>
			<Y>216</Y>
		</point>
		<point>
			<X>197</X>
			<Y>216</Y>
		</point>
		<point>
			<X>197</X>
			<Y>216</Y>
		</point>
		<point>
			<X>200</X>
			<Y>216</Y>
		</point>
		<point>
			<X>202</X>
			<Y>216</Y>
		</point>
		<point>
			<X>202</X>
			<Y>216</Y>
		</point>
		<point>
			<X>206</X>
			<Y>216</Y>
		</point>
		<point>
			<X>206</X>
			<Y>216</Y>
		</point>
		<point>
			<X>210</X>
			<Y>216</Y>
		</point>
		<point>
			<X>210</X>
			<Y>216</Y>
		</point>
		<point>
			<X>214</X>
			<Y>216</Y>
		</point>
		<point>
			<X>220</X>
			<Y>216</Y>
		</point>
		<point>
			<X>220</X>
			<Y>216</Y>
		</point>
		<point>
			<X>222</X>
			<Y>216</Y>
		</point>
		<point>
			<X>222</X>
			<Y>216</Y>
		</point>
		<point>
			<X>226</X>
			<Y>216</Y>
		</point>
		<point>
			<X>226</X>
			<Y>216</Y>
		</point>
		<point>
			<X>230</X>
			<Y>216</Y>
		</point>
		<point>
			<X>230</X>
			<Y>216</Y>
		</point>
		<point>
			<X>234</X>
			<Y>216</Y>
		</point>
		<point>
			<X>234</X>
			<Y>216</Y>
		</point>
		<point>
			<X>237</X>
			<Y>216</Y>
		</point>
		<point>
			<X>237</X>
			<Y>216</Y>
		</point>
		<point>
			<X>240</X>
			<Y>216</Y>
		</point>
		<point>
			<X>240</X>
			<Y>216</Y>
		</point>
		<point>
			<X>244</X>
			<Y>216</Y>
		</point>
		<point>
			<X>244</X>
			<Y>216</Y>
		</point>
		<point>
			<X>247</X>
			<Y>216</Y>
		</point>
		<point>
			<X>247</X>
			<Y>216</Y>
		</point>
		<point>
			<X>252</X>
			<Y>215</Y>
		</point>
		<point>
			<X>252</X>
			<Y>215</Y>
		</point>
		<point>
			<X>256</X>
			<Y>215</Y>
		</point>
		<point>
			<X>256</X>
			<Y>215</Y>
		</point>
		<point>
			<X>258</X>
			<Y>215</Y>
		</point>
		<point>
			<X>258</X>
			<Y>215</Y>
		</point>
		<point>
			<X>261</X>
			<Y>214</Y>
		</point>
		<point>
			<X>261</X>
			<Y>214</Y>
		</point>
		<point>
			<X>265</X>
			<Y>214</Y>
		</point>
		<point>
			<X>265</X>
			<Y>214</Y>
		</point>
		<point>
			<X>268</X>
			<Y>214</Y>
		</point>
		<point>
			<X>268</X>
			<Y>214</Y>
		</point>
		<point>
			<X>270</X>
			<Y>214</Y>
		</point>
		<point>
			<X>270</X>
			<Y>214</Y>
		</point>
		<point>
			<X>273</X>
			<Y>214</Y>
		</point>
		<point>
			<X>273</X>
			<Y>214</Y>
		</point>
		<point>
			<X>274</X>
			<Y>212</Y>
		</point>
		<point>
			<X>274</X>
			<Y>212</Y>
		</point>
		<point>
			<X>277</X>
			<Y>212</Y>
		</point>
		<point>
			<X>277</X>
			<Y>212</Y>
		</point>
		<point>
			<X>280</X>
			<Y>212</Y>
		</point>
		<point>
			<X>280</X>
			<Y>212</Y>
		</point>
		<point>
			<X>282</X>
			<Y>212</Y>
		</point>
		<point>
			<X>282</X>
			<Y>212</Y>
		</point>
		<point>
			<X>285</X>
			<Y>212</Y>
		</point>
		<point>
			<X>285</X>
			<Y>212</Y>
		</point>
		<point>
			<X>289</X>
			<Y>212</Y>
		</point>
		<point>
			<X>289</X>
			<Y>212</Y>
		</point>
		<point>
			<X>292</X>
			<Y>212</Y>
		</point>
		<point>
			<X>292</X>
			<Y>212</Y>
		</point>
		<point>
			<X>296</X>
			<Y>212</Y>
		</point>
		<point>
			<X>296</X>
			<Y>212</Y>
		</point>
		<point>
			<X>298</X>
			<Y>212</Y>
		</point>
		<point>
			<X>300</X>
			<Y>212</Y>
		</point>
		<point>
			<X>300</X>
			<Y>212</Y>
		</point>
		<point>
			<X>302</X>
			<Y>211</Y>
		</point>
		<point>
			<X>302</X>
			<Y>211</Y>
		</point>
		<point>
			<X>305</X>
			<Y>210</Y>
		</point>
		<point>
			<X>305</X>
			<Y>210</Y>
		</point>
		<point>
			<X>308</X>
			<Y>210</Y>
		</point>
		<point>
			<X>308</X>
			<Y>210</Y>
		</point>
		<point>
			<X>309</X>
			<Y>210</Y>
		</point>
		<point>
			<X>309</X>
			<Y>210</Y>
		</point>
		<point>
			<X>310</X>
			<Y>210</Y>
		</point>
		<point>
			<X>310</X>
			<Y>210</Y>
		</point>
		<point>
			<X>312</X>
			<Y>210</Y>
		</point>
		<point>
			<X>316</X>
			<Y>208</Y>
		</point>
		<point>
			<X>316</X>
			<Y>208</Y>
		</point>
		<point>
			<X>318</X>
			<Y>208</Y>
		</point>
		<point>
			<X>320</X>
			<Y>208</Y>
		</point>
		<point>
			<X>320</X>
			<Y>208</Y>
		</point>
		<point>
			<X>321</X>
			<Y>208</Y>
		</point>
		<point>
			<X>323</X>
			<Y>208</Y>
		</point>
		<point>
			<X>323</X>
			<Y>208</Y>
		</point>
		<point>
			<X>325</X>
			<Y>207</Y>
		</point>
		<point>
			<X>325</X>
			<Y>207</Y>
		</point>
		<point>
			<X>328</X>
			<Y>207</Y>
		</point>
		<point>
			<X>328</X>
			<Y>207</Y>
		</point>
		<point>
			<X>328</X>
			<Y>207</Y>
		</point>
		<point>
			<X>328</X>
			<Y>207</Y>
		</point>
		<point>
			<X>332</X>
			<Y>207</Y>
		</point>
		<point>
			<X>332</X>
			<Y>207</Y>
		</point>
		<point>
			<X>333</X>
			<Y>206</Y>
		</point>
		<point>
			<X>333</X>
			<Y>206</Y>
		</point>
		<point>
			<X>333</X>
			<Y>206</Y>
		</point>
		<point>
			<X>336</X>
			<Y>206</Y>
		</point>
		<point>
			<X>336</X>
			<Y>206</Y>
		</point>
		<point>
			<X>337</X>
			<Y>206</Y>
		</point>
		<point>
			<X>337</X>
			<Y>206</Y>
		</point>
		<point>
			<X>340</X>
			<Y>206</Y>
		</point>
		<point>
			<X>340</X>
			<Y>206</Y>
		</point>
		<point>
			<X>341</X>
			<Y>204</Y>
		</point>
		<point>
			<X>341</X>
			<Y>204</Y>
		</point>
		<point>
			<X>343</X>
			<Y>204</Y>
		</point>
		<point>
			<X>343</X>
			<Y>204</Y>
		</point>
		<point>
			<X>345</X>
			<Y>204</Y>
		</point>
		<point>
			<X>345</X>
			<Y>204</Y>
		</point>
		<point>
			<X>346</X>
			<Y>204</Y>
		</point>
		<point>
			<X>346</X>
			<Y>204</Y>
		</point>
		<point>
			<X>348</X>
			<Y>204</Y>
		</point>
		<point>
			<X>348</X>
			<Y>204</Y>
		</point>
		<point>
			<X>348</X>
			<Y>202</Y>
		</point>
		<point>
			<X>348</X>
			<Y>202</Y>
		</point>
		<point>
			<X>350</X>
			<Y>202</Y>
		</point>
		<point>
			<X>350</X>
			<Y>202</Y>
		</point>
		<point>
			<X>353</X>
			<Y>200</Y>
		</point>
		<point>
			<X>353</X>
			<Y>200</Y>
		</point>
		<point>
			<X>353</X>
			<Y>200</Y>
		</point>
		<point>
			<X>353</X>
			<Y>200</Y>
		</point>
		<point>
			<X>356</X>
			<Y>200</Y>
		</point>
		<point>
			<X>357</X>
			<Y>199</Y>
		</point>
		<point>
			<X>357</X>
			<Y>199</Y>
		</point>
		<point>
			<X>358</X>
			<Y>199</Y>
		</point>
		<point>
			<X>358</X>
			<Y>199</Y>
		</point>
		<point>
			<X>360</X>
			<Y>199</Y>
		</point>
		<point>
			<X>360</X>
			<Y>199</Y>
		</point>
		<point>
			<X>361</X>
			<Y>199</Y>
		</point>
		<point>
			<X>361</X>
			<Y>199</Y>
		</point>
		<point>
			<X>362</X>
			<Y>199</Y>
		</point>
		<point>
			<X>362</X>
			<Y>199</Y>
		</point>
		<point>
			<X>362</X>
			<Y>198</Y>
		</point>
		<point>
			<X>363</X>
			<Y>198</Y>
		</point>
		<point>
			<X>365</X>
			<Y>198</Y>
		</point>
		<point>
			<X>365</X>
			<Y>198</Y>
		</point>
		<point>
			<X>366</X>
			<Y>198</Y>
		</point>
		<point>
			<X>366</X>
			<Y>198</Y>
		</point>
		<point>
			<X>368</X>
			<Y>198</Y>
		</point>
		<point>
			<X>368</X>
			<Y>198</Y>
		</point>
		<point>
			<X>368</X>
			<Y>196</Y>
		</point>
		<point>
			<X>370</X>
			<Y>196</Y>
		</point>
		<point>
			<X>370</X>
			<Y>196</Y>
		</point>
	</polygon>
</annotation>