<annotation>
	<folder>anno</folder>
	<filename>2011_001510.jpg</filename>
	<source>
		<database>The anno Database</database>
		<annotation>VC anno</annotation>
		<image>Unknow</image>
		<flickrid>Unknow</flickrid>
	</source>
	<owner>
		<flickrid>Unknow</flickrid>
		<name>Unknow</name>
	</owner>
	<size>
		<width>500</width>
		<height>335</height>
		<depth>4</depth>
	</size>
	<segmented>1</segmented>
	<polygon>
		<tag>background</tag>
		<point>
			<X>24</X>
			<Y>321</Y>
		</point>
		<point>
			<X>24</X>
			<Y>320</Y>
		</point>
		<point>
			<X>24</X>
			<Y>320</Y>
		</point>
		<point>
			<X>24</X>
			<Y>319</Y>
		</point>
		<point>
			<X>24</X>
			<Y>319</Y>
		</point>
		<point>
			<X>24</X>
			<Y>318</Y>
		</point>
		<point>
			<X>24</X>
			<Y>318</Y>
		</point>
		<point>
			<X>26</X>
			<Y>315</Y>
		</point>
		<point>
			<X>26</X>
			<Y>315</Y>
		</point>
		<point>
			<X>27</X>
			<Y>312</Y>
		</point>
		<point>
			<X>27</X>
			<Y>312</Y>
		</point>
		<point>
			<X>27</X>
			<Y>309</Y>
		</point>
		<point>
			<X>27</X>
			<Y>309</Y>
		</point>
		<point>
			<X>28</X>
			<Y>307</Y>
		</point>
		<point>
			<X>28</X>
			<Y>307</Y>
		</point>
		<point>
			<X>30</X>
			<Y>304</Y>
		</point>
		<point>
			<X>30</X>
			<Y>304</Y>
		</point>
		<point>
			<X>30</X>
			<Y>300</Y>
		</point>
		<point>
			<X>30</X>
			<Y>300</Y>
		</point>
		<point>
			<X>32</X>
			<Y>297</Y>
		</point>
		<point>
			<X>32</X>
			<Y>297</Y>
		</point>
		<point>
			<X>34</X>
			<Y>294</Y>
		</point>
		<point>
			<X>34</X>
			<Y>294</Y>
		</point>
		<point>
			<X>35</X>
			<Y>290</Y>
		</point>
		<point>
			<X>35</X>
			<Y>290</Y>
		</point>
		<point>
			<X>36</X>
			<Y>287</Y>
		</point>
		<point>
			<X>36</X>
			<Y>287</Y>
		</point>
		<point>
			<X>38</X>
			<Y>284</Y>
		</point>
		<point>
			<X>38</X>
			<Y>284</Y>
		</point>
		<point>
			<X>39</X>
			<Y>281</Y>
		</point>
		<point>
			<X>39</X>
			<Y>281</Y>
		</point>
		<point>
			<X>41</X>
			<Y>277</Y>
		</point>
		<point>
			<X>41</X>
			<Y>277</Y>
		</point>
		<point>
			<X>41</X>
			<Y>275</Y>
		</point>
		<point>
			<X>41</X>
			<Y>275</Y>
		</point>
		<point>
			<X>42</X>
			<Y>272</Y>
		</point>
		<point>
			<X>42</X>
			<Y>272</Y>
		</point>
		<point>
			<X>42</X>
			<Y>269</Y>
		</point>
		<point>
			<X>42</X>
			<Y>269</Y>
		</point>
		<point>
			<X>44</X>
			<Y>265</Y>
		</point>
		<point>
			<X>44</X>
			<Y>265</Y>
		</point>
		<point>
			<X>44</X>
			<Y>263</Y>
		</point>
		<point>
			<X>44</X>
			<Y>263</Y>
		</point>
		<point>
			<X>44</X>
			<Y>260</Y>
		</point>
		<point>
			<X>44</X>
			<Y>260</Y>
		</point>
		<point>
			<X>44</X>
			<Y>257</Y>
		</point>
		<point>
			<X>44</X>
			<Y>257</Y>
		</point>
		<point>
			<X>44</X>
			<Y>254</Y>
		</point>
		<point>
			<X>44</X>
			<Y>254</Y>
		</point>
		<point>
			<X>44</X>
			<Y>251</Y>
		</point>
		<point>
			<X>44</X>
			<Y>251</Y>
		</point>
		<point>
			<X>44</X>
			<Y>249</Y>
		</point>
		<point>
			<X>44</X>
			<Y>249</Y>
		</point>
		<point>
			<X>45</X>
			<Y>245</Y>
		</point>
		<point>
			<X>45</X>
			<Y>245</Y>
		</point>
		<point>
			<X>45</X>
			<Y>242</Y>
		</point>
		<point>
			<X>45</X>
			<Y>242</Y>
		</point>
		<point>
			<X>45</X>
			<Y>240</Y>
		</point>
		<point>
			<X>45</X>
			<Y>240</Y>
		</point>
		<point>
			<X>45</X>
			<Y>237</Y>
		</point>
		<point>
			<X>45</X>
			<Y>237</Y>
		</point>
		<point>
			<X>45</X>
			<Y>234</Y>
		</point>
		<point>
			<X>45</X>
			<Y>234</Y>
		</point>
		<point>
			<X>45</X>
			<Y>231</Y>
		</point>
		<point>
			<X>45</X>
			<Y>231</Y>
		</point>
		<point>
			<X>45</X>
			<Y>229</Y>
		</point>
		<point>
			<X>45</X>
			<Y>229</Y>
		</point>
		<point>
			<X>45</X>
			<Y>226</Y>
		</point>
		<point>
			<X>45</X>
			<Y>226</Y>
		</point>
		<point>
			<X>45</X>
			<Y>222</Y>
		</point>
		<point>
			<X>45</X>
			<Y>222</Y>
		</point>
		<point>
			<X>45</X>
			<Y>220</Y>
		</point>
		<point>
			<X>45</X>
			<Y>220</Y>
		</point>
		<point>
			<X>45</X>
			<Y>217</Y>
		</point>
		<point>
			<X>45</X>
			<Y>217</Y>
		</point>
		<point>
			<X>45</X>
			<Y>214</Y>
		</point>
		<point>
			<X>45</X>
			<Y>214</Y>
		</point>
		<point>
			<X>45</X>
			<Y>211</Y>
		</point>
		<point>
			<X>45</X>
			<Y>211</Y>
		</point>
		<point>
			<X>45</X>
			<Y>209</Y>
		</point>
		<point>
			<X>45</X>
			<Y>209</Y>
		</point>
		<point>
			<X>45</X>
			<Y>207</Y>
		</point>
		<point>
			<X>45</X>
			<Y>207</Y>
		</point>
		<point>
			<X>45</X>
			<Y>204</Y>
		</point>
		<point>
			<X>45</X>
			<Y>204</Y>
		</point>
		<point>
			<X>45</X>
			<Y>200</Y>
		</point>
		<point>
			<X>45</X>
			<Y>200</Y>
		</point>
		<point>
			<X>45</X>
			<Y>196</Y>
		</point>
		<point>
			<X>45</X>
			<Y>196</Y>
		</point>
		<point>
			<X>44</X>
			<Y>193</Y>
		</point>
		<point>
			<X>44</X>
			<Y>193</Y>
		</point>
		<point>
			<X>42</X>
			<Y>190</Y>
		</point>
		<point>
			<X>42</X>
			<Y>190</Y>
		</point>
		<point>
			<X>41</X>
			<Y>186</Y>
		</point>
		<point>
			<X>41</X>
			<Y>186</Y>
		</point>
		<point>
			<X>40</X>
			<Y>183</Y>
		</point>
		<point>
			<X>40</X>
			<Y>183</Y>
		</point>
		<point>
			<X>38</X>
			<Y>181</Y>
		</point>
		<point>
			<X>38</X>
			<Y>181</Y>
		</point>
		<point>
			<X>37</X>
			<Y>178</Y>
		</point>
		<point>
			<X>37</X>
			<Y>178</Y>
		</point>
		<point>
			<X>36</X>
			<Y>176</Y>
		</point>
		<point>
			<X>36</X>
			<Y>176</Y>
		</point>
		<point>
			<X>35</X>
			<Y>173</Y>
		</point>
		<point>
			<X>35</X>
			<Y>173</Y>
		</point>
		<point>
			<X>34</X>
			<Y>170</Y>
		</point>
		<point>
			<X>34</X>
			<Y>170</Y>
		</point>
		<point>
			<X>33</X>
			<Y>166</Y>
		</point>
		<point>
			<X>33</X>
			<Y>166</Y>
		</point>
		<point>
			<X>32</X>
			<Y>164</Y>
		</point>
		<point>
			<X>32</X>
			<Y>164</Y>
		</point>
		<point>
			<X>30</X>
			<Y>161</Y>
		</point>
		<point>
			<X>30</X>
			<Y>161</Y>
		</point>
		<point>
			<X>30</X>
			<Y>158</Y>
		</point>
		<point>
			<X>30</X>
			<Y>158</Y>
		</point>
		<point>
			<X>30</X>
			<Y>157</Y>
		</point>
		<point>
			<X>30</X>
			<Y>157</Y>
		</point>
		<point>
			<X>29</X>
			<Y>154</Y>
		</point>
		<point>
			<X>29</X>
			<Y>154</Y>
		</point>
		<point>
			<X>29</X>
			<Y>151</Y>
		</point>
		<point>
			<X>29</X>
			<Y>151</Y>
		</point>
		<point>
			<X>28</X>
			<Y>148</Y>
		</point>
		<point>
			<X>28</X>
			<Y>148</Y>
		</point>
		<point>
			<X>27</X>
			<Y>144</Y>
		</point>
		<point>
			<X>27</X>
			<Y>144</Y>
		</point>
		<point>
			<X>26</X>
			<Y>142</Y>
		</point>
		<point>
			<X>26</X>
			<Y>142</Y>
		</point>
		<point>
			<X>26</X>
			<Y>141</Y>
		</point>
		<point>
			<X>26</X>
			<Y>141</Y>
		</point>
		<point>
			<X>25</X>
			<Y>136</Y>
		</point>
		<point>
			<X>24</X>
			<Y>134</Y>
		</point>
		<point>
			<X>24</X>
			<Y>134</Y>
		</point>
		<point>
			<X>23</X>
			<Y>131</Y>
		</point>
		<point>
			<X>23</X>
			<Y>131</Y>
		</point>
		<point>
			<X>23</X>
			<Y>129</Y>
		</point>
		<point>
			<X>23</X>
			<Y>129</Y>
		</point>
		<point>
			<X>22</X>
			<Y>125</Y>
		</point>
		<point>
			<X>22</X>
			<Y>125</Y>
		</point>
		<point>
			<X>21</X>
			<Y>122</Y>
		</point>
		<point>
			<X>21</X>
			<Y>122</Y>
		</point>
		<point>
			<X>21</X>
			<Y>118</Y>
		</point>
		<point>
			<X>21</X>
			<Y>118</Y>
		</point>
		<point>
			<X>21</X>
			<Y>115</Y>
		</point>
		<point>
			<X>21</X>
			<Y>115</Y>
		</point>
		<point>
			<X>21</X>
			<Y>112</Y>
		</point>
		<point>
			<X>21</X>
			<Y>112</Y>
		</point>
		<point>
			<X>21</X>
			<Y>108</Y>
		</point>
		<point>
			<X>21</X>
			<Y>108</Y>
		</point>
		<point>
			<X>21</X>
			<Y>106</Y>
		</point>
		<point>
			<X>21</X>
			<Y>106</Y>
		</point>
		<point>
			<X>21</X>
			<Y>103</Y>
		</point>
		<point>
			<X>21</X>
			<Y>103</Y>
		</point>
		<point>
			<X>21</X>
			<Y>100</Y>
		</point>
		<point>
			<X>21</X>
			<Y>100</Y>
		</point>
		<point>
			<X>21</X>
			<Y>98</Y>
		</point>
		<point>
			<X>21</X>
			<Y>98</Y>
		</point>
		<point>
			<X>21</X>
			<Y>95</Y>
		</point>
		<point>
			<X>21</X>
			<Y>95</Y>
		</point>
		<point>
			<X>21</X>
			<Y>93</Y>
		</point>
		<point>
			<X>21</X>
			<Y>93</Y>
		</point>
		<point>
			<X>21</X>
			<Y>89</Y>
		</point>
		<point>
			<X>21</X>
			<Y>89</Y>
		</point>
		<point>
			<X>21</X>
			<Y>87</Y>
		</point>
		<point>
			<X>21</X>
			<Y>87</Y>
		</point>
		<point>
			<X>21</X>
			<Y>85</Y>
		</point>
		<point>
			<X>21</X>
			<Y>85</Y>
		</point>
		<point>
			<X>21</X>
			<Y>83</Y>
		</point>
		<point>
			<X>21</X>
			<Y>83</Y>
		</point>
		<point>
			<X>21</X>
			<Y>80</Y>
		</point>
		<point>
			<X>21</X>
			<Y>80</Y>
		</point>
		<point>
			<X>21</X>
			<Y>78</Y>
		</point>
		<point>
			<X>21</X>
			<Y>78</Y>
		</point>
		<point>
			<X>21</X>
			<Y>75</Y>
		</point>
		<point>
			<X>21</X>
			<Y>75</Y>
		</point>
		<point>
			<X>21</X>
			<Y>74</Y>
		</point>
		<point>
			<X>21</X>
			<Y>74</Y>
		</point>
		<point>
			<X>21</X>
			<Y>71</Y>
		</point>
		<point>
			<X>21</X>
			<Y>71</Y>
		</point>
		<point>
			<X>22</X>
			<Y>69</Y>
		</point>
		<point>
			<X>22</X>
			<Y>69</Y>
		</point>
		<point>
			<X>23</X>
			<Y>67</Y>
		</point>
		<point>
			<X>23</X>
			<Y>67</Y>
		</point>
		<point>
			<X>23</X>
			<Y>64</Y>
		</point>
		<point>
			<X>23</X>
			<Y>64</Y>
		</point>
		<point>
			<X>24</X>
			<Y>61</Y>
		</point>
		<point>
			<X>26</X>
			<Y>59</Y>
		</point>
		<point>
			<X>26</X>
			<Y>59</Y>
		</point>
		<point>
			<X>27</X>
			<Y>56</Y>
		</point>
		<point>
			<X>27</X>
			<Y>56</Y>
		</point>
		<point>
			<X>27</X>
			<Y>54</Y>
		</point>
		<point>
			<X>27</X>
			<Y>54</Y>
		</point>
		<point>
			<X>28</X>
			<Y>51</Y>
		</point>
		<point>
			<X>28</X>
			<Y>51</Y>
		</point>
		<point>
			<X>30</X>
			<Y>49</Y>
		</point>
		<point>
			<X>30</X>
			<Y>49</Y>
		</point>
		<point>
			<X>30</X>
			<Y>47</Y>
		</point>
		<point>
			<X>30</X>
			<Y>47</Y>
		</point>
		<point>
			<X>30</X>
			<Y>44</Y>
		</point>
		<point>
			<X>30</X>
			<Y>44</Y>
		</point>
		<point>
			<X>32</X>
			<Y>41</Y>
		</point>
		<point>
			<X>32</X>
			<Y>41</Y>
		</point>
		<point>
			<X>32</X>
			<Y>40</Y>
		</point>
		<point>
			<X>32</X>
			<Y>40</Y>
		</point>
		<point>
			<X>33</X>
			<Y>38</Y>
		</point>
		<point>
			<X>33</X>
			<Y>38</Y>
		</point>
		<point>
			<X>34</X>
			<Y>37</Y>
		</point>
		<point>
			<X>34</X>
			<Y>37</Y>
		</point>
		<point>
			<X>35</X>
			<Y>36</Y>
		</point>
		<point>
			<X>35</X>
			<Y>36</Y>
		</point>
		<point>
			<X>35</X>
			<Y>33</Y>
		</point>
		<point>
			<X>35</X>
			<Y>33</Y>
		</point>
		<point>
			<X>36</X>
			<Y>33</Y>
		</point>
		<point>
			<X>36</X>
			<Y>32</Y>
		</point>
		<point>
			<X>37</X>
			<Y>30</Y>
		</point>
		<point>
			<X>37</X>
			<Y>30</Y>
		</point>
		<point>
			<X>37</X>
			<Y>30</Y>
		</point>
		<point>
			<X>37</X>
			<Y>30</Y>
		</point>
		<point>
			<X>38</X>
			<Y>30</Y>
		</point>
		<point>
			<X>38</X>
			<Y>29</Y>
		</point>
		<point>
			<X>40</X>
			<Y>28</Y>
		</point>
		<point>
			<X>40</X>
			<Y>28</Y>
		</point>
		<point>
			<X>41</X>
			<Y>27</Y>
		</point>
		<point>
			<X>41</X>
			<Y>27</Y>
		</point>
		<point>
			<X>42</X>
			<Y>26</Y>
		</point>
		<point>
			<X>44</X>
			<Y>26</Y>
		</point>
		<point>
			<X>44</X>
			<Y>26</Y>
		</point>
		<point>
			<X>46</X>
			<Y>25</Y>
		</point>
		<point>
			<X>46</X>
			<Y>25</Y>
		</point>
		<point>
			<X>48</X>
			<Y>23</Y>
		</point>
		<point>
			<X>48</X>
			<Y>23</Y>
		</point>
		<point>
			<X>49</X>
			<Y>23</Y>
		</point>
		<point>
			<X>49</X>
			<Y>23</Y>
		</point>
		<point>
			<X>50</X>
			<Y>22</Y>
		</point>
		<point>
			<X>50</X>
			<Y>22</Y>
		</point>
		<point>
			<X>52</X>
			<Y>21</Y>
		</point>
		<point>
			<X>52</X>
			<Y>21</Y>
		</point>
		<point>
			<X>53</X>
			<Y>21</Y>
		</point>
		<point>
			<X>53</X>
			<Y>21</Y>
		</point>
		<point>
			<X>54</X>
			<Y>21</Y>
		</point>
		<point>
			<X>54</X>
			<Y>21</Y>
		</point>
		<point>
			<X>56</X>
			<Y>21</Y>
		</point>
		<point>
			<X>56</X>
			<Y>21</Y>
		</point>
		<point>
			<X>58</X>
			<Y>20</Y>
		</point>
		<point>
			<X>58</X>
			<Y>20</Y>
		</point>
		<point>
			<X>60</X>
			<Y>19</Y>
		</point>
		<point>
			<X>60</X>
			<Y>19</Y>
		</point>
		<point>
			<X>61</X>
			<Y>19</Y>
		</point>
		<point>
			<X>61</X>
			<Y>19</Y>
		</point>
		<point>
			<X>66</X>
			<Y>18</Y>
		</point>
		<point>
			<X>66</X>
			<Y>18</Y>
		</point>
		<point>
			<X>69</X>
			<Y>17</Y>
		</point>
		<point>
			<X>69</X>
			<Y>17</Y>
		</point>
		<point>
			<X>71</X>
			<Y>17</Y>
		</point>
		<point>
			<X>71</X>
			<Y>17</Y>
		</point>
		<point>
			<X>74</X>
			<Y>17</Y>
		</point>
		<point>
			<X>74</X>
			<Y>17</Y>
		</point>
		<point>
			<X>78</X>
			<Y>17</Y>
		</point>
		<point>
			<X>78</X>
			<Y>17</Y>
		</point>
		<point>
			<X>80</X>
			<Y>17</Y>
		</point>
		<point>
			<X>80</X>
			<Y>17</Y>
		</point>
		<point>
			<X>85</X>
			<Y>17</Y>
		</point>
		<point>
			<X>85</X>
			<Y>17</Y>
		</point>
		<point>
			<X>90</X>
			<Y>17</Y>
		</point>
		<point>
			<X>94</X>
			<Y>17</Y>
		</point>
		<point>
			<X>94</X>
			<Y>17</Y>
		</point>
		<point>
			<X>98</X>
			<Y>17</Y>
		</point>
		<point>
			<X>98</X>
			<Y>17</Y>
		</point>
		<point>
			<X>104</X>
			<Y>17</Y>
		</point>
		<point>
			<X>104</X>
			<Y>17</Y>
		</point>
		<point>
			<X>110</X>
			<Y>17</Y>
		</point>
		<point>
			<X>110</X>
			<Y>17</Y>
		</point>
		<point>
			<X>117</X>
			<Y>17</Y>
		</point>
		<point>
			<X>117</X>
			<Y>17</Y>
		</point>
		<point>
			<X>123</X>
			<Y>17</Y>
		</point>
		<point>
			<X>123</X>
			<Y>17</Y>
		</point>
		<point>
			<X>132</X>
			<Y>17</Y>
		</point>
		<point>
			<X>132</X>
			<Y>17</Y>
		</point>
		<point>
			<X>141</X>
			<Y>17</Y>
		</point>
		<point>
			<X>141</X>
			<Y>17</Y>
		</point>
		<point>
			<X>148</X>
			<Y>17</Y>
		</point>
		<point>
			<X>148</X>
			<Y>17</Y>
		</point>
		<point>
			<X>156</X>
			<Y>17</Y>
		</point>
		<point>
			<X>156</X>
			<Y>17</Y>
		</point>
		<point>
			<X>164</X>
			<Y>17</Y>
		</point>
		<point>
			<X>164</X>
			<Y>17</Y>
		</point>
		<point>
			<X>171</X>
			<Y>17</Y>
		</point>
		<point>
			<X>171</X>
			<Y>17</Y>
		</point>
		<point>
			<X>180</X>
			<Y>17</Y>
		</point>
		<point>
			<X>180</X>
			<Y>17</Y>
		</point>
		<point>
			<X>186</X>
			<Y>17</Y>
		</point>
		<point>
			<X>186</X>
			<Y>17</Y>
		</point>
		<point>
			<X>194</X>
			<Y>17</Y>
		</point>
		<point>
			<X>194</X>
			<Y>17</Y>
		</point>
		<point>
			<X>201</X>
			<Y>17</Y>
		</point>
		<point>
			<X>201</X>
			<Y>17</Y>
		</point>
		<point>
			<X>207</X>
			<Y>17</Y>
		</point>
		<point>
			<X>207</X>
			<Y>17</Y>
		</point>
		<point>
			<X>211</X>
			<Y>17</Y>
		</point>
		<point>
			<X>211</X>
			<Y>17</Y>
		</point>
		<point>
			<X>214</X>
			<Y>17</Y>
		</point>
		<point>
			<X>214</X>
			<Y>17</Y>
		</point>
		<point>
			<X>217</X>
			<Y>17</Y>
		</point>
		<point>
			<X>217</X>
			<Y>17</Y>
		</point>
		<point>
			<X>220</X>
			<Y>17</Y>
		</point>
		<point>
			<X>220</X>
			<Y>17</Y>
		</point>
		<point>
			<X>222</X>
			<Y>17</Y>
		</point>
		<point>
			<X>222</X>
			<Y>17</Y>
		</point>
		<point>
			<X>225</X>
			<Y>17</Y>
		</point>
		<point>
			<X>225</X>
			<Y>17</Y>
		</point>
		<point>
			<X>227</X>
			<Y>17</Y>
		</point>
		<point>
			<X>227</X>
			<Y>17</Y>
		</point>
		<point>
			<X>231</X>
			<Y>17</Y>
		</point>
		<point>
			<X>231</X>
			<Y>17</Y>
		</point>
		<point>
			<X>236</X>
			<Y>17</Y>
		</point>
		<point>
			<X>236</X>
			<Y>17</Y>
		</point>
		<point>
			<X>239</X>
			<Y>17</Y>
		</point>
		<point>
			<X>239</X>
			<Y>17</Y>
		</point>
		<point>
			<X>245</X>
			<Y>18</Y>
		</point>
		<point>
			<X>245</X>
			<Y>18</Y>
		</point>
		<point>
			<X>250</X>
			<Y>19</Y>
		</point>
		<point>
			<X>250</X>
			<Y>19</Y>
		</point>
		<point>
			<X>257</X>
			<Y>20</Y>
		</point>
		<point>
			<X>257</X>
			<Y>20</Y>
		</point>
		<point>
			<X>261</X>
			<Y>20</Y>
		</point>
		<point>
			<X>261</X>
			<Y>20</Y>
		</point>
		<point>
			<X>268</X>
			<Y>20</Y>
		</point>
		<point>
			<X>268</X>
			<Y>20</Y>
		</point>
		<point>
			<X>276</X>
			<Y>21</Y>
		</point>
		<point>
			<X>276</X>
			<Y>21</Y>
		</point>
		<point>
			<X>283</X>
			<Y>22</Y>
		</point>
		<point>
			<X>283</X>
			<Y>22</Y>
		</point>
		<point>
			<X>292</X>
			<Y>23</Y>
		</point>
		<point>
			<X>292</X>
			<Y>23</Y>
		</point>
		<point>
			<X>299</X>
			<Y>23</Y>
		</point>
		<point>
			<X>299</X>
			<Y>23</Y>
		</point>
		<point>
			<X>307</X>
			<Y>23</Y>
		</point>
		<point>
			<X>307</X>
			<Y>23</Y>
		</point>
		<point>
			<X>315</X>
			<Y>24</Y>
		</point>
		<point>
			<X>322</X>
			<Y>25</Y>
		</point>
		<point>
			<X>322</X>
			<Y>25</Y>
		</point>
		<point>
			<X>326</X>
			<Y>25</Y>
		</point>
		<point>
			<X>326</X>
			<Y>25</Y>
		</point>
		<point>
			<X>332</X>
			<Y>25</Y>
		</point>
		<point>
			<X>332</X>
			<Y>25</Y>
		</point>
		<point>
			<X>338</X>
			<Y>26</Y>
		</point>
		<point>
			<X>338</X>
			<Y>26</Y>
		</point>
		<point>
			<X>343</X>
			<Y>27</Y>
		</point>
		<point>
			<X>348</X>
			<Y>28</Y>
		</point>
		<point>
			<X>348</X>
			<Y>28</Y>
		</point>
		<point>
			<X>352</X>
			<Y>29</Y>
		</point>
		<point>
			<X>352</X>
			<Y>29</Y>
		</point>
		<point>
			<X>357</X>
			<Y>30</Y>
		</point>
		<point>
			<X>357</X>
			<Y>30</Y>
		</point>
		<point>
			<X>363</X>
			<Y>32</Y>
		</point>
		<point>
			<X>363</X>
			<Y>32</Y>
		</point>
		<point>
			<X>368</X>
			<Y>33</Y>
		</point>
		<point>
			<X>368</X>
			<Y>33</Y>
		</point>
		<point>
			<X>373</X>
			<Y>34</Y>
		</point>
		<point>
			<X>373</X>
			<Y>34</Y>
		</point>
		<point>
			<X>380</X>
			<Y>35</Y>
		</point>
		<point>
			<X>386</X>
			<Y>37</Y>
		</point>
		<point>
			<X>386</X>
			<Y>37</Y>
		</point>
		<point>
			<X>392</X>
			<Y>38</Y>
		</point>
		<point>
			<X>392</X>
			<Y>38</Y>
		</point>
		<point>
			<X>397</X>
			<Y>39</Y>
		</point>
		<point>
			<X>397</X>
			<Y>39</Y>
		</point>
		<point>
			<X>403</X>
			<Y>40</Y>
		</point>
		<point>
			<X>403</X>
			<Y>40</Y>
		</point>
		<point>
			<X>406</X>
			<Y>40</Y>
		</point>
		<point>
			<X>406</X>
			<Y>40</Y>
		</point>
		<point>
			<X>409</X>
			<Y>41</Y>
		</point>
		<point>
			<X>409</X>
			<Y>41</Y>
		</point>
		<point>
			<X>413</X>
			<Y>42</Y>
		</point>
		<point>
			<X>413</X>
			<Y>42</Y>
		</point>
		<point>
			<X>415</X>
			<Y>42</Y>
		</point>
		<point>
			<X>415</X>
			<Y>42</Y>
		</point>
		<point>
			<X>416</X>
			<Y>42</Y>
		</point>
		<point>
			<X>416</X>
			<Y>42</Y>
		</point>
		<point>
			<X>419</X>
			<Y>42</Y>
		</point>
		<point>
			<X>419</X>
			<Y>42</Y>
		</point>
		<point>
			<X>421</X>
			<Y>44</Y>
		</point>
		<point>
			<X>421</X>
			<Y>44</Y>
		</point>
		<point>
			<X>423</X>
			<Y>45</Y>
		</point>
		<point>
			<X>423</X>
			<Y>45</Y>
		</point>
		<point>
			<X>425</X>
			<Y>46</Y>
		</point>
		<point>
			<X>425</X>
			<Y>46</Y>
		</point>
		<point>
			<X>427</X>
			<Y>46</Y>
		</point>
		<point>
			<X>427</X>
			<Y>46</Y>
		</point>
		<point>
			<X>429</X>
			<Y>48</Y>
		</point>
		<point>
			<X>429</X>
			<Y>48</Y>
		</point>
		<point>
			<X>430</X>
			<Y>49</Y>
		</point>
		<point>
			<X>433</X>
			<Y>51</Y>
		</point>
		<point>
			<X>433</X>
			<Y>51</Y>
		</point>
		<point>
			<X>434</X>
			<Y>52</Y>
		</point>
		<point>
			<X>435</X>
			<Y>55</Y>
		</point>
		<point>
			<X>435</X>
			<Y>55</Y>
		</point>
		<point>
			<X>438</X>
			<Y>56</Y>
		</point>
		<point>
			<X>438</X>
			<Y>56</Y>
		</point>
		<point>
			<X>439</X>
			<Y>56</Y>
		</point>
		<point>
			<X>439</X>
			<Y>56</Y>
		</point>
		<point>
			<X>440</X>
			<Y>58</Y>
		</point>
		<point>
			<X>440</X>
			<Y>58</Y>
		</point>
		<point>
			<X>440</X>
			<Y>60</Y>
		</point>
		<point>
			<X>442</X>
			<Y>61</Y>
		</point>
		<point>
			<X>442</X>
			<Y>61</Y>
		</point>
		<point>
			<X>444</X>
			<Y>63</Y>
		</point>
		<point>
			<X>444</X>
			<Y>63</Y>
		</point>
		<point>
			<X>445</X>
			<Y>66</Y>
		</point>
		<point>
			<X>445</X>
			<Y>66</Y>
		</point>
		<point>
			<X>447</X>
			<Y>68</Y>
		</point>
		<point>
			<X>447</X>
			<Y>68</Y>
		</point>
		<point>
			<X>449</X>
			<Y>70</Y>
		</point>
		<point>
			<X>449</X>
			<Y>70</Y>
		</point>
		<point>
			<X>450</X>
			<Y>73</Y>
		</point>
		<point>
			<X>450</X>
			<Y>75</Y>
		</point>
		<point>
			<X>450</X>
			<Y>75</Y>
		</point>
		<point>
			<X>453</X>
			<Y>78</Y>
		</point>
		<point>
			<X>454</X>
			<Y>80</Y>
		</point>
		<point>
			<X>454</X>
			<Y>80</Y>
		</point>
		<point>
			<X>455</X>
			<Y>83</Y>
		</point>
		<point>
			<X>455</X>
			<Y>83</Y>
		</point>
		<point>
			<X>455</X>
			<Y>85</Y>
		</point>
		<point>
			<X>457</X>
			<Y>88</Y>
		</point>
		<point>
			<X>458</X>
			<Y>90</Y>
		</point>
		<point>
			<X>458</X>
			<Y>90</Y>
		</point>
		<point>
			<X>458</X>
			<Y>94</Y>
		</point>
		<point>
			<X>458</X>
			<Y>94</Y>
		</point>
		<point>
			<X>458</X>
			<Y>96</Y>
		</point>
		<point>
			<X>458</X>
			<Y>96</Y>
		</point>
		<point>
			<X>460</X>
			<Y>101</Y>
		</point>
		<point>
			<X>460</X>
			<Y>101</Y>
		</point>
		<point>
			<X>460</X>
			<Y>106</Y>
		</point>
		<point>
			<X>463</X>
			<Y>110</Y>
		</point>
		<point>
			<X>463</X>
			<Y>110</Y>
		</point>
		<point>
			<X>465</X>
			<Y>116</Y>
		</point>
		<point>
			<X>465</X>
			<Y>116</Y>
		</point>
		<point>
			<X>465</X>
			<Y>122</Y>
		</point>
		<point>
			<X>465</X>
			<Y>122</Y>
		</point>
		<point>
			<X>468</X>
			<Y>126</Y>
		</point>
		<point>
			<X>468</X>
			<Y>126</Y>
		</point>
		<point>
			<X>469</X>
			<Y>131</Y>
		</point>
		<point>
			<X>470</X>
			<Y>134</Y>
		</point>
		<point>
			<X>470</X>
			<Y>134</Y>
		</point>
		<point>
			<X>473</X>
			<Y>139</Y>
		</point>
		<point>
			<X>473</X>
			<Y>139</Y>
		</point>
		<point>
			<X>475</X>
			<Y>144</Y>
		</point>
		<point>
			<X>475</X>
			<Y>144</Y>
		</point>
		<point>
			<X>475</X>
			<Y>148</Y>
		</point>
		<point>
			<X>475</X>
			<Y>148</Y>
		</point>
		<point>
			<X>477</X>
			<Y>152</Y>
		</point>
		<point>
			<X>477</X>
			<Y>152</Y>
		</point>
		<point>
			<X>479</X>
			<Y>156</Y>
		</point>
		<point>
			<X>480</X>
			<Y>161</Y>
		</point>
		<point>
			<X>480</X>
			<Y>161</Y>
		</point>
		<point>
			<X>482</X>
			<Y>165</Y>
		</point>
		<point>
			<X>482</X>
			<Y>165</Y>
		</point>
		<point>
			<X>484</X>
			<Y>170</Y>
		</point>
		<point>
			<X>484</X>
			<Y>170</Y>
		</point>
		<point>
			<X>485</X>
			<Y>174</Y>
		</point>
		<point>
			<X>485</X>
			<Y>174</Y>
		</point>
		<point>
			<X>487</X>
			<Y>179</Y>
		</point>
		<point>
			<X>487</X>
			<Y>179</Y>
		</point>
		<point>
			<X>488</X>
			<Y>183</Y>
		</point>
		<point>
			<X>488</X>
			<Y>183</Y>
		</point>
		<point>
			<X>488</X>
			<Y>188</Y>
		</point>
		<point>
			<X>488</X>
			<Y>190</Y>
		</point>
		<point>
			<X>488</X>
			<Y>194</Y>
		</point>
		<point>
			<X>488</X>
			<Y>198</Y>
		</point>
		<point>
			<X>488</X>
			<Y>198</Y>
		</point>
		<point>
			<X>489</X>
			<Y>204</Y>
		</point>
		<point>
			<X>489</X>
			<Y>204</Y>
		</point>
		<point>
			<X>489</X>
			<Y>207</Y>
		</point>
		<point>
			<X>489</X>
			<Y>211</Y>
		</point>
		<point>
			<X>489</X>
			<Y>211</Y>
		</point>
		<point>
			<X>489</X>
			<Y>215</Y>
		</point>
		<point>
			<X>489</X>
			<Y>215</Y>
		</point>
		<point>
			<X>489</X>
			<Y>220</Y>
		</point>
		<point>
			<X>489</X>
			<Y>220</Y>
		</point>
		<point>
			<X>489</X>
			<Y>224</Y>
		</point>
		<point>
			<X>489</X>
			<Y>224</Y>
		</point>
		<point>
			<X>489</X>
			<Y>230</Y>
		</point>
		<point>
			<X>489</X>
			<Y>234</Y>
		</point>
		<point>
			<X>488</X>
			<Y>239</Y>
		</point>
		<point>
			<X>487</X>
			<Y>242</Y>
		</point>
		<point>
			<X>487</X>
			<Y>242</Y>
		</point>
		<point>
			<X>484</X>
			<Y>251</Y>
		</point>
		<point>
			<X>484</X>
			<Y>251</Y>
		</point>
		<point>
			<X>483</X>
			<Y>255</Y>
		</point>
		<point>
			<X>483</X>
			<Y>255</Y>
		</point>
		<point>
			<X>480</X>
			<Y>260</Y>
		</point>
		<point>
			<X>480</X>
			<Y>262</Y>
		</point>
		<point>
			<X>477</X>
			<Y>266</Y>
		</point>
		<point>
			<X>477</X>
			<Y>266</Y>
		</point>
		<point>
			<X>475</X>
			<Y>269</Y>
		</point>
		<point>
			<X>475</X>
			<Y>269</Y>
		</point>
		<point>
			<X>473</X>
			<Y>271</Y>
		</point>
		<point>
			<X>473</X>
			<Y>271</Y>
		</point>
		<point>
			<X>468</X>
			<Y>277</Y>
		</point>
		<point>
			<X>468</X>
			<Y>277</Y>
		</point>
		<point>
			<X>465</X>
			<Y>279</Y>
		</point>
		<point>
			<X>465</X>
			<Y>279</Y>
		</point>
		<point>
			<X>464</X>
			<Y>281</Y>
		</point>
		<point>
			<X>464</X>
			<Y>281</Y>
		</point>
		<point>
			<X>462</X>
			<Y>283</Y>
		</point>
		<point>
			<X>459</X>
			<Y>285</Y>
		</point>
		<point>
			<X>459</X>
			<Y>285</Y>
		</point>
		<point>
			<X>457</X>
			<Y>287</Y>
		</point>
		<point>
			<X>453</X>
			<Y>290</Y>
		</point>
		<point>
			<X>453</X>
			<Y>290</Y>
		</point>
		<point>
			<X>450</X>
			<Y>290</Y>
		</point>
		<point>
			<X>450</X>
			<Y>290</Y>
		</point>
		<point>
			<X>447</X>
			<Y>291</Y>
		</point>
		<point>
			<X>445</X>
			<Y>292</Y>
		</point>
		<point>
			<X>445</X>
			<Y>292</Y>
		</point>
		<point>
			<X>443</X>
			<Y>294</Y>
		</point>
		<point>
			<X>443</X>
			<Y>294</Y>
		</point>
		<point>
			<X>440</X>
			<Y>294</Y>
		</point>
		<point>
			<X>437</X>
			<Y>295</Y>
		</point>
		<point>
			<X>437</X>
			<Y>295</Y>
		</point>
		<point>
			<X>435</X>
			<Y>296</Y>
		</point>
		<point>
			<X>433</X>
			<Y>296</Y>
		</point>
		<point>
			<X>429</X>
			<Y>296</Y>
		</point>
		<point>
			<X>422</X>
			<Y>297</Y>
		</point>
		<point>
			<X>417</X>
			<Y>298</Y>
		</point>
		<point>
			<X>414</X>
			<Y>298</Y>
		</point>
		<point>
			<X>410</X>
			<Y>299</Y>
		</point>
		<point>
			<X>410</X>
			<Y>299</Y>
		</point>
		<point>
			<X>407</X>
			<Y>300</Y>
		</point>
		<point>
			<X>405</X>
			<Y>300</Y>
		</point>
		<point>
			<X>405</X>
			<Y>300</Y>
		</point>
		<point>
			<X>402</X>
			<Y>300</Y>
		</point>
		<point>
			<X>402</X>
			<Y>300</Y>
		</point>
		<point>
			<X>398</X>
			<Y>300</Y>
		</point>
		<point>
			<X>394</X>
			<Y>300</Y>
		</point>
		<point>
			<X>394</X>
			<Y>300</Y>
		</point>
		<point>
			<X>390</X>
			<Y>300</Y>
		</point>
		<point>
			<X>385</X>
			<Y>300</Y>
		</point>
		<point>
			<X>385</X>
			<Y>300</Y>
		</point>
		<point>
			<X>381</X>
			<Y>300</Y>
		</point>
		<point>
			<X>381</X>
			<Y>300</Y>
		</point>
		<point>
			<X>375</X>
			<Y>301</Y>
		</point>
		<point>
			<X>375</X>
			<Y>301</Y>
		</point>
		<point>
			<X>371</X>
			<Y>302</Y>
		</point>
		<point>
			<X>366</X>
			<Y>303</Y>
		</point>
		<point>
			<X>366</X>
			<Y>303</Y>
		</point>
		<point>
			<X>362</X>
			<Y>304</Y>
		</point>
		<point>
			<X>358</X>
			<Y>304</Y>
		</point>
		<point>
			<X>358</X>
			<Y>304</Y>
		</point>
		<point>
			<X>353</X>
			<Y>304</Y>
		</point>
		<point>
			<X>353</X>
			<Y>304</Y>
		</point>
		<point>
			<X>348</X>
			<Y>305</Y>
		</point>
		<point>
			<X>348</X>
			<Y>305</Y>
		</point>
		<point>
			<X>345</X>
			<Y>306</Y>
		</point>
		<point>
			<X>340</X>
			<Y>307</Y>
		</point>
		<point>
			<X>340</X>
			<Y>307</Y>
		</point>
		<point>
			<X>336</X>
			<Y>308</Y>
		</point>
		<point>
			<X>331</X>
			<Y>309</Y>
		</point>
		<point>
			<X>331</X>
			<Y>309</Y>
		</point>
		<point>
			<X>327</X>
			<Y>310</Y>
		</point>
		<point>
			<X>327</X>
			<Y>310</Y>
		</point>
		<point>
			<X>323</X>
			<Y>311</Y>
		</point>
		<point>
			<X>319</X>
			<Y>311</Y>
		</point>
		<point>
			<X>319</X>
			<Y>311</Y>
		</point>
		<point>
			<X>316</X>
			<Y>312</Y>
		</point>
		<point>
			<X>312</X>
			<Y>313</Y>
		</point>
		<point>
			<X>312</X>
			<Y>313</Y>
		</point>
		<point>
			<X>310</X>
			<Y>313</Y>
		</point>
		<point>
			<X>310</X>
			<Y>313</Y>
		</point>
		<point>
			<X>306</X>
			<Y>313</Y>
		</point>
		<point>
			<X>306</X>
			<Y>313</Y>
		</point>
		<point>
			<X>300</X>
			<Y>314</Y>
		</point>
		<point>
			<X>300</X>
			<Y>314</Y>
		</point>
		<point>
			<X>295</X>
			<Y>315</Y>
		</point>
		<point>
			<X>290</X>
			<Y>316</Y>
		</point>
		<point>
			<X>290</X>
			<Y>316</Y>
		</point>
		<point>
			<X>285</X>
			<Y>316</Y>
		</point>
		<point>
			<X>281</X>
			<Y>316</Y>
		</point>
		<point>
			<X>281</X>
			<Y>316</Y>
		</point>
		<point>
			<X>277</X>
			<Y>316</Y>
		</point>
		<point>
			<X>277</X>
			<Y>316</Y>
		</point>
		<point>
			<X>271</X>
			<Y>316</Y>
		</point>
		<point>
			<X>271</X>
			<Y>316</Y>
		</point>
		<point>
			<X>267</X>
			<Y>316</Y>
		</point>
		<point>
			<X>263</X>
			<Y>316</Y>
		</point>
		<point>
			<X>263</X>
			<Y>316</Y>
		</point>
		<point>
			<X>252</X>
			<Y>316</Y>
		</point>
		<point>
			<X>252</X>
			<Y>316</Y>
		</point>
		<point>
			<X>249</X>
			<Y>316</Y>
		</point>
		<point>
			<X>245</X>
			<Y>316</Y>
		</point>
		<point>
			<X>245</X>
			<Y>316</Y>
		</point>
		<point>
			<X>240</X>
			<Y>316</Y>
		</point>
		<point>
			<X>236</X>
			<Y>316</Y>
		</point>
		<point>
			<X>236</X>
			<Y>316</Y>
		</point>
		<point>
			<X>232</X>
			<Y>316</Y>
		</point>
		<point>
			<X>232</X>
			<Y>316</Y>
		</point>
		<point>
			<X>229</X>
			<Y>316</Y>
		</point>
		<point>
			<X>225</X>
			<Y>316</Y>
		</point>
		<point>
			<X>225</X>
			<Y>316</Y>
		</point>
		<point>
			<X>221</X>
			<Y>316</Y>
		</point>
		<point>
			<X>216</X>
			<Y>316</Y>
		</point>
		<point>
			<X>216</X>
			<Y>316</Y>
		</point>
		<point>
			<X>213</X>
			<Y>316</Y>
		</point>
		<point>
			<X>210</X>
			<Y>316</Y>
		</point>
		<point>
			<X>210</X>
			<Y>316</Y>
		</point>
		<point>
			<X>206</X>
			<Y>316</Y>
		</point>
		<point>
			<X>202</X>
			<Y>316</Y>
		</point>
		<point>
			<X>202</X>
			<Y>316</Y>
		</point>
		<point>
			<X>198</X>
			<Y>316</Y>
		</point>
		<point>
			<X>195</X>
			<Y>316</Y>
		</point>
		<point>
			<X>195</X>
			<Y>316</Y>
		</point>
		<point>
			<X>193</X>
			<Y>316</Y>
		</point>
		<point>
			<X>190</X>
			<Y>316</Y>
		</point>
		<point>
			<X>190</X>
			<Y>316</Y>
		</point>
		<point>
			<X>188</X>
			<Y>316</Y>
		</point>
		<point>
			<X>188</X>
			<Y>316</Y>
		</point>
		<point>
			<X>186</X>
			<Y>316</Y>
		</point>
		<point>
			<X>186</X>
			<Y>316</Y>
		</point>
		<point>
			<X>186</X>
			<Y>316</Y>
		</point>
		<point>
			<X>186</X>
			<Y>316</Y>
		</point>
	</polygon>
	<polygon>
		<tag>bike</tag>
		<point>
			<X>175</X>
			<Y>134</Y>
		</point>
		<point>
			<X>174</X>
			<Y>134</Y>
		</point>
		<point>
			<X>174</X>
			<Y>134</Y>
		</point>
		<point>
			<X>173</X>
			<Y>134</Y>
		</point>
		<point>
			<X>173</X>
			<Y>134</Y>
		</point>
		<point>
			<X>171</X>
			<Y>134</Y>
		</point>
		<point>
			<X>171</X>
			<Y>134</Y>
		</point>
		<point>
			<X>171</X>
			<Y>134</Y>
		</point>
		<point>
			<X>171</X>
			<Y>134</Y>
		</point>
		<point>
			<X>170</X>
			<Y>134</Y>
		</point>
		<point>
			<X>170</X>
			<Y>134</Y>
		</point>
		<point>
			<X>169</X>
			<Y>134</Y>
		</point>
		<point>
			<X>169</X>
			<Y>134</Y>
		</point>
		<point>
			<X>168</X>
			<Y>134</Y>
		</point>
		<point>
			<X>168</X>
			<Y>134</Y>
		</point>
		<point>
			<X>166</X>
			<Y>134</Y>
		</point>
		<point>
			<X>166</X>
			<Y>134</Y>
		</point>
		<point>
			<X>166</X>
			<Y>134</Y>
		</point>
		<point>
			<X>166</X>
			<Y>134</Y>
		</point>
		<point>
			<X>165</X>
			<Y>134</Y>
		</point>
		<point>
			<X>165</X>
			<Y>134</Y>
		</point>
		<point>
			<X>164</X>
			<Y>134</Y>
		</point>
		<point>
			<X>164</X>
			<Y>134</Y>
		</point>
		<point>
			<X>164</X>
			<Y>134</Y>
		</point>
	</polygon>
	<polygon>
		<tag>person</tag>
		<point>
			<X>157</X>
			<Y>104</Y>
		</point>
		<point>
			<X>157</X>
			<Y>105</Y>
		</point>
		<point>
			<X>157</X>
			<Y>105</Y>
		</point>
		<point>
			<X>157</X>
			<Y>107</Y>
		</point>
		<point>
			<X>157</X>
			<Y>108</Y>
		</point>
		<point>
			<X>157</X>
			<Y>108</Y>
		</point>
		<point>
			<X>157</X>
			<Y>110</Y>
		</point>
		<point>
			<X>157</X>
			<Y>110</Y>
		</point>
		<point>
			<X>158</X>
			<Y>111</Y>
		</point>
		<point>
			<X>158</X>
			<Y>111</Y>
		</point>
		<point>
			<X>158</X>
			<Y>112</Y>
		</point>
		<point>
			<X>158</X>
			<Y>112</Y>
		</point>
		<point>
			<X>158</X>
			<Y>113</Y>
		</point>
		<point>
			<X>158</X>
			<Y>113</Y>
		</point>
		<point>
			<X>159</X>
			<Y>115</Y>
		</point>
		<point>
			<X>159</X>
			<Y>115</Y>
		</point>
		<point>
			<X>160</X>
			<Y>116</Y>
		</point>
		<point>
			<X>160</X>
			<Y>116</Y>
		</point>
		<point>
			<X>160</X>
			<Y>117</Y>
		</point>
		<point>
			<X>160</X>
			<Y>117</Y>
		</point>
		<point>
			<X>161</X>
			<Y>118</Y>
		</point>
		<point>
			<X>161</X>
			<Y>118</Y>
		</point>
		<point>
			<X>161</X>
			<Y>118</Y>
		</point>
		<point>
			<X>161</X>
			<Y>118</Y>
		</point>
		<point>
			<X>161</X>
			<Y>120</Y>
		</point>
		<point>
			<X>161</X>
			<Y>120</Y>
		</point>
		<point>
			<X>161</X>
			<Y>121</Y>
		</point>
		<point>
			<X>161</X>
			<Y>121</Y>
		</point>
		<point>
			<X>161</X>
			<Y>122</Y>
		</point>
		<point>
			<X>161</X>
			<Y>122</Y>
		</point>
		<point>
			<X>161</X>
			<Y>123</Y>
		</point>
		<point>
			<X>161</X>
			<Y>123</Y>
		</point>
		<point>
			<X>161</X>
			<Y>123</Y>
		</point>
		<point>
			<X>161</X>
			<Y>123</Y>
		</point>
		<point>
			<X>161</X>
			<Y>125</Y>
		</point>
		<point>
			<X>161</X>
			<Y>125</Y>
		</point>
		<point>
			<X>161</X>
			<Y>126</Y>
		</point>
		<point>
			<X>161</X>
			<Y>126</Y>
		</point>
		<point>
			<X>161</X>
			<Y>127</Y>
		</point>
		<point>
			<X>161</X>
			<Y>127</Y>
		</point>
		<point>
			<X>161</X>
			<Y>128</Y>
		</point>
		<point>
			<X>161</X>
			<Y>128</Y>
		</point>
		<point>
			<X>161</X>
			<Y>129</Y>
		</point>
		<point>
			<X>161</X>
			<Y>129</Y>
		</point>
		<point>
			<X>161</X>
			<Y>130</Y>
		</point>
		<point>
			<X>161</X>
			<Y>130</Y>
		</point>
		<point>
			<X>160</X>
			<Y>131</Y>
		</point>
		<point>
			<X>160</X>
			<Y>131</Y>
		</point>
		<point>
			<X>160</X>
			<Y>132</Y>
		</point>
		<point>
			<X>160</X>
			<Y>132</Y>
		</point>
		<point>
			<X>160</X>
			<Y>133</Y>
		</point>
		<point>
			<X>160</X>
			<Y>133</Y>
		</point>
		<point>
			<X>160</X>
			<Y>134</Y>
		</point>
		<point>
			<X>160</X>
			<Y>134</Y>
		</point>
		<point>
			<X>160</X>
			<Y>135</Y>
		</point>
		<point>
			<X>160</X>
			<Y>135</Y>
		</point>
		<point>
			<X>160</X>
			<Y>136</Y>
		</point>
		<point>
			<X>160</X>
			<Y>136</Y>
		</point>
		<point>
			<X>160</X>
			<Y>137</Y>
		</point>
		<point>
			<X>160</X>
			<Y>137</Y>
		</point>
		<point>
			<X>160</X>
			<Y>137</Y>
		</point>
	</polygon>
	<polygon>
		<tag>bike</tag>
		<point>
			<X>150</X>
			<Y>132</Y>
		</point>
		<point>
			<X>149</X>
			<Y>132</Y>
		</point>
		<point>
			<X>149</X>
			<Y>132</Y>
		</point>
		<point>
			<X>148</X>
			<Y>133</Y>
		</point>
		<point>
			<X>148</X>
			<Y>133</Y>
		</point>
		<point>
			<X>146</X>
			<Y>134</Y>
		</point>
		<point>
			<X>146</X>
			<Y>134</Y>
		</point>
		<point>
			<X>144</X>
			<Y>135</Y>
		</point>
		<point>
			<X>144</X>
			<Y>135</Y>
		</point>
		<point>
			<X>144</X>
			<Y>136</Y>
		</point>
		<point>
			<X>144</X>
			<Y>136</Y>
		</point>
		<point>
			<X>143</X>
			<Y>136</Y>
		</point>
		<point>
			<X>142</X>
			<Y>137</Y>
		</point>
		<point>
			<X>142</X>
			<Y>137</Y>
		</point>
		<point>
			<X>141</X>
			<Y>137</Y>
		</point>
		<point>
			<X>141</X>
			<Y>137</Y>
		</point>
		<point>
			<X>140</X>
			<Y>137</Y>
		</point>
		<point>
			<X>140</X>
			<Y>137</Y>
		</point>
		<point>
			<X>140</X>
			<Y>138</Y>
		</point>
		<point>
			<X>139</X>
			<Y>139</Y>
		</point>
		<point>
			<X>139</X>
			<Y>139</Y>
		</point>
		<point>
			<X>139</X>
			<Y>139</Y>
		</point>
	</polygon>
</annotation>